﻿ID_Processo7;DT_Solicitacao8;NM_Usuario_Solicitacao8;NM_Tipo_Processo8;NM_Processo8;CD_Inscricao_Nacional8;NM_Pessoa8;Usuário;Grupo_Cota_Outros8;ST_Status8;CD_Comissionado2;NM_Fantasia_Comissionado2;CD_Tipo_Ponto_Venda3;NM_Fantasia_Ponto_Venda2;CD_Tipo_Ponto_Venda4;NM_Tipo_Ponto_Venda2;NM_Filial_Venda2;Nivel_Servico8;Tempo_Processo8;DH_Conclusao8;NM_Atividade1;Nivel_Servico_Atividade1;DT_Inicio_Atividade1;DT_Fim_Atividade1;NM_Usuario_Atividade1;Tempo_Processo_Atividade1
0000363229;16/11/2023 14:11:16;" REGIANA GABRIELA POSSEBON";" Pagamento de crédito";" 299 - PAGAMENTO EM ESPÉCIE-MÓVEIS";02.871.742/0001-18;" S & M TRANSPORTES LTDA ME";010299/0294-00;;" Concluído";021732;Capinzal;104;SICREDI UNIESTADOS;104;SUREG Erechim RS;CENTRAL SICREDI SUL/SUDESTE;28.0 Hora(s);21h07m;17/11/2023 11:45:31;LIBERAR PAGAMENTO;0h00m;17/11/2023 10:57:04;17/11/2023 11:45:31;Kelen Hahn Paulo;0h00m
0000363229;16/11/2023 14:11:16;" REGIANA GABRIELA POSSEBON";" Pagamento de crédito";" 299 - PAGAMENTO EM ESPÉCIE-MÓVEIS";02.871.742/0001-18;" S & M TRANSPORTES LTDA ME";010299/0294-00;;" Concluído";021732;Capinzal;104;SICREDI UNIESTADOS;104;SUREG Erechim RS;CENTRAL SICREDI SUL/SUDESTE;28.0 Hora(s);21h07m;17/11/2023 10:57:04;APROVAR PAGAMENTO;1h00m;17/11/2023 10:57:00;17/11/2023 10:57:04;LARISSA JAENISCH DUTRA PINTO;0h00m
0000363229;16/11/2023 14:11:16;" REGIANA GABRIELA POSSEBON";" Pagamento de crédito";" 299 - PAGAMENTO EM ESPÉCIE-MÓVEIS";02.871.742/0001-18;" S & M TRANSPORTES LTDA ME";010299/0294-00;;" Concluído";021732;Capinzal;104;SICREDI UNIESTADOS;104;SUREG Erechim RS;CENTRAL SICREDI SUL/SUDESTE;28.0 Hora(s);21h07m;17/11/2023 10:57:00;ANALISAR DOCUMENTOS ESPECIE;18h00m;16/11/2023 16:10:35;17/11/2023 10:57:00;LARISSA JAENISCH DUTRA PINTO;0h01m
0000363229;16/11/2023 14:11:16;" REGIANA GABRIELA POSSEBON";" Pagamento de crédito";" 299 - PAGAMENTO EM ESPÉCIE-MÓVEIS";02.871.742/0001-18;" S & M TRANSPORTES LTDA ME";010299/0294-00;;" Concluído";021732;Capinzal;104;SICREDI UNIESTADOS;104;SUREG Erechim RS;CENTRAL SICREDI SUL/SUDESTE;28.0 Hora(s);21h07m;16/11/2023 16:10:35;ENVIAR DOCUMENTOS;1h00m;16/11/2023 14:40:18;16/11/2023 16:10:35;REGIANA GABRIELA POSSEBON;0h00m
0000363229;16/11/2023 14:11:16;" REGIANA GABRIELA POSSEBON";" Pagamento de crédito";" 299 - PAGAMENTO EM ESPÉCIE-MÓVEIS";02.871.742/0001-18;" S & M TRANSPORTES LTDA ME";010299/0294-00;;" Concluído";021732;Capinzal;104;SICREDI UNIESTADOS;104;SUREG Erechim RS;CENTRAL SICREDI SUL/SUDESTE;28.0 Hora(s);21h07m;16/11/2023 14:40:18;EMISSÃO SOLICITAÇÃO DE PAGAMENTO;1d21h00m;16/11/2023 14:38:21;16/11/2023 14:40:18;;0h00m
0000363229;16/11/2023 14:11:16;" REGIANA GABRIELA POSSEBON";" Pagamento de crédito";" 299 - PAGAMENTO EM ESPÉCIE-MÓVEIS";02.871.742/0001-18;" S & M TRANSPORTES LTDA ME";010299/0294-00;;" Concluído";021732;Capinzal;104;SICREDI UNIESTADOS;104;SUREG Erechim RS;CENTRAL SICREDI SUL/SUDESTE;28.0 Hora(s);21h07m;17/11/2023 11:45:31;;;;;;
0000363229;16/11/2023 14:11:16;" REGIANA GABRIELA POSSEBON";" Pagamento de crédito";" 299 - PAGAMENTO EM ESPÉCIE-MÓVEIS";02.871.742/0001-18;" S & M TRANSPORTES LTDA ME";010299/0294-00;;" Concluído";021732;Capinzal;104;SICREDI UNIESTADOS;104;SUREG Erechim RS;CENTRAL SICREDI SUL/SUDESTE;28.0 Hora(s);21h07m;17/11/2023 10:57:04;;;;;;
0000363229;16/11/2023 14:11:16;" REGIANA GABRIELA POSSEBON";" Pagamento de crédito";" 299 - PAGAMENTO EM ESPÉCIE-MÓVEIS";02.871.742/0001-18;" S & M TRANSPORTES LTDA ME";010299/0294-00;;" Concluído";021732;Capinzal;104;SICREDI UNIESTADOS;104;SUREG Erechim RS;CENTRAL SICREDI SUL/SUDESTE;28.0 Hora(s);21h07m;17/11/2023 10:57:00;;;;;;
0000363229;16/11/2023 14:11:16;" REGIANA GABRIELA POSSEBON";" Pagamento de crédito";" 299 - PAGAMENTO EM ESPÉCIE-MÓVEIS";02.871.742/0001-18;" S & M TRANSPORTES LTDA ME";010299/0294-00;;" Concluído";021732;Capinzal;104;SICREDI UNIESTADOS;104;SUREG Erechim RS;CENTRAL SICREDI SUL/SUDESTE;28.0 Hora(s);21h07m;16/11/2023 16:10:35;;;;;;
0000363229;16/11/2023 14:11:16;" REGIANA GABRIELA POSSEBON";" Pagamento de crédito";" 299 - PAGAMENTO EM ESPÉCIE-MÓVEIS";02.871.742/0001-18;" S & M TRANSPORTES LTDA ME";010299/0294-00;;" Concluído";021732;Capinzal;104;SICREDI UNIESTADOS;104;SUREG Erechim RS;CENTRAL SICREDI SUL/SUDESTE;28.0 Hora(s);21h07m;16/11/2023 14:40:18;;;;;;
