﻿ID_Processo7;DT_Solicitacao8;NM_Usuario_Solicitacao8;NM_Tipo_Processo8;NM_Processo8;CD_Inscricao_Nacional8;NM_Pessoa8;Usuário;Grupo_Cota_Outros8;ST_Status8;CD_Comissionado2;NM_Fantasia_Comissionado2;CD_Tipo_Ponto_Venda3;NM_Fantasia_Ponto_Venda2;CD_Tipo_Ponto_Venda4;NM_Tipo_Ponto_Venda2;NM_Filial_Venda2;Nivel_Servico8;Tempo_Processo8;DH_Conclusao8;NM_Atividade1;Nivel_Servico_Atividade1;DT_Inicio_Atividade1;DT_Fim_Atividade1;NM_Usuario_Atividade1;Tempo_Processo_Atividade1
0000356536;10/11/2023 10:11:19;" DANIELY MENDONCA DE FREITAS";" Pagamento de crédito";" 258- AQUISIÇÃO E REEMBOLSO-MÓVEL COM REGISTRO";032.449.939-66;" JOSUEL PEREIRA";010324/0210-00;010324/0364-00;" Concluído";072626;Braganey;207;SICREDI VALE DO PIQUIRI ABCD P;207;SUREG Vale do Piquiri PR;CENTRAL SICREDI PR/SP/RJ;105.0 Hora(s);7d1h43m;17/11/2023 11:45:22;LIBERAR PAGAMENTOS;0h00m;16/11/2023 18:20:35;17/11/2023 11:45:22;Kelen Hahn Paulo;0h00m
0000356536;10/11/2023 10:11:19;" DANIELY MENDONCA DE FREITAS";" Pagamento de crédito";" 258- AQUISIÇÃO E REEMBOLSO-MÓVEL COM REGISTRO";032.449.939-66;" JOSUEL PEREIRA";010324/0210-00;010324/0364-00;" Concluído";072626;Braganey;207;SICREDI VALE DO PIQUIRI ABCD P;207;SUREG Vale do Piquiri PR;CENTRAL SICREDI PR/SP/RJ;105.0 Hora(s);7d1h43m;16/11/2023 18:20:35;APROVAR PAGAMENTO;1h00m;16/11/2023 18:20:19;16/11/2023 18:20:35;KELLY DA ROCHA KASPER;0h00m
0000356536;10/11/2023 10:11:19;" DANIELY MENDONCA DE FREITAS";" Pagamento de crédito";" 258- AQUISIÇÃO E REEMBOLSO-MÓVEL COM REGISTRO";032.449.939-66;" JOSUEL PEREIRA";010324/0210-00;010324/0364-00;" Concluído";072626;Braganey;207;SICREDI VALE DO PIQUIRI ABCD P;207;SUREG Vale do Piquiri PR;CENTRAL SICREDI PR/SP/RJ;105.0 Hora(s);7d1h43m;16/11/2023 18:20:19;PROGRAMAR PAGAMENTO;1h00m;16/11/2023 18:18:47;16/11/2023 18:20:19;KELLY DA ROCHA KASPER;0h02m
0000356536;10/11/2023 10:11:19;" DANIELY MENDONCA DE FREITAS";" Pagamento de crédito";" 258- AQUISIÇÃO E REEMBOLSO-MÓVEL COM REGISTRO";032.449.939-66;" JOSUEL PEREIRA";010324/0210-00;010324/0364-00;" Concluído";072626;Braganey;207;SICREDI VALE DO PIQUIRI ABCD P;207;SUREG Vale do Piquiri PR;CENTRAL SICREDI PR/SP/RJ;105.0 Hora(s);7d1h43m;16/11/2023 18:18:47;ANALISAR DOCUMENTOS PARA LIBERAÇÃO 2ª ETAPA;18h00m;16/11/2023 11:10:18;16/11/2023 18:18:47;KELLY DA ROCHA KASPER;0h13m
0000356536;10/11/2023 10:11:19;" DANIELY MENDONCA DE FREITAS";" Pagamento de crédito";" 258- AQUISIÇÃO E REEMBOLSO-MÓVEL COM REGISTRO";032.449.939-66;" JOSUEL PEREIRA";010324/0210-00;010324/0364-00;" Concluído";072626;Braganey;207;SICREDI VALE DO PIQUIRI ABCD P;207;SUREG Vale do Piquiri PR;CENTRAL SICREDI PR/SP/RJ;105.0 Hora(s);7d1h43m;16/11/2023 11:10:18;EMITIR DOCUMENTOS PARA LIBERAÇÃO;18h00m;10/11/2023 17:55:59;16/11/2023 11:10:18;DANIELY MENDONCA DE FREITAS;0h00m
0000356536;10/11/2023 10:11:19;" DANIELY MENDONCA DE FREITAS";" Pagamento de crédito";" 258- AQUISIÇÃO E REEMBOLSO-MÓVEL COM REGISTRO";032.449.939-66;" JOSUEL PEREIRA";010324/0210-00;010324/0364-00;" Concluído";072626;Braganey;207;SICREDI VALE DO PIQUIRI ABCD P;207;SUREG Vale do Piquiri PR;CENTRAL SICREDI PR/SP/RJ;105.0 Hora(s);7d1h43m;10/11/2023 17:55:58;REGISTRAR CONTRATO MANUALMENTE;1h00m;10/11/2023 17:55:52;10/11/2023 17:55:58;PAOLA MENEZES DA COSTA;0h00m
0000356536;10/11/2023 10:11:19;" DANIELY MENDONCA DE FREITAS";" Pagamento de crédito";" 258- AQUISIÇÃO E REEMBOLSO-MÓVEL COM REGISTRO";032.449.939-66;" JOSUEL PEREIRA";010324/0210-00;010324/0364-00;" Concluído";072626;Braganey;207;SICREDI VALE DO PIQUIRI ABCD P;207;SUREG Vale do Piquiri PR;CENTRAL SICREDI PR/SP/RJ;105.0 Hora(s);7d1h43m;10/11/2023 17:55:52;ALIENAR O BEM;1h00m;10/11/2023 17:55:06;10/11/2023 17:55:52;PAOLA MENEZES DA COSTA;0h00m
0000356536;10/11/2023 10:11:19;" DANIELY MENDONCA DE FREITAS";" Pagamento de crédito";" 258- AQUISIÇÃO E REEMBOLSO-MÓVEL COM REGISTRO";032.449.939-66;" JOSUEL PEREIRA";010324/0210-00;010324/0364-00;" Concluído";072626;Braganey;207;SICREDI VALE DO PIQUIRI ABCD P;207;SUREG Vale do Piquiri PR;CENTRAL SICREDI PR/SP/RJ;105.0 Hora(s);7d1h43m;10/11/2023 17:55:06;FINALIZAR CADASTRO DO BEM;1h00m;10/11/2023 17:54:59;10/11/2023 17:55:06;PAOLA MENEZES DA COSTA;0h00m
0000356536;10/11/2023 10:11:19;" DANIELY MENDONCA DE FREITAS";" Pagamento de crédito";" 258- AQUISIÇÃO E REEMBOLSO-MÓVEL COM REGISTRO";032.449.939-66;" JOSUEL PEREIRA";010324/0210-00;010324/0364-00;" Concluído";072626;Braganey;207;SICREDI VALE DO PIQUIRI ABCD P;207;SUREG Vale do Piquiri PR;CENTRAL SICREDI PR/SP/RJ;105.0 Hora(s);7d1h43m;10/11/2023 17:54:59;ANÁLISE DE DOCUMENTOS 1ª ETAPA;18h00m;10/11/2023 10:03:50;10/11/2023 17:54:59;PAOLA MENEZES DA COSTA;0h06m
0000356536;10/11/2023 10:11:19;" DANIELY MENDONCA DE FREITAS";" Pagamento de crédito";" 258- AQUISIÇÃO E REEMBOLSO-MÓVEL COM REGISTRO";032.449.939-66;" JOSUEL PEREIRA";010324/0210-00;010324/0364-00;" Concluído";072626;Braganey;207;SICREDI VALE DO PIQUIRI ABCD P;207;SUREG Vale do Piquiri PR;CENTRAL SICREDI PR/SP/RJ;105.0 Hora(s);7d1h43m;10/11/2023 10:03:50;ENVIAR DOCUMENTOS;1d21h00m;10/11/2023 10:02:44;10/11/2023 10:03:50;DANIELY MENDONCA DE FREITAS;0h00m
0000356536;10/11/2023 10:11:19;" DANIELY MENDONCA DE FREITAS";" Pagamento de crédito";" 258- AQUISIÇÃO E REEMBOLSO-MÓVEL COM REGISTRO";032.449.939-66;" JOSUEL PEREIRA";010324/0210-00;010324/0364-00;" Concluído";072626;Braganey;207;SICREDI VALE DO PIQUIRI ABCD P;207;SUREG Vale do Piquiri PR;CENTRAL SICREDI PR/SP/RJ;105.0 Hora(s);7d1h43m;10/11/2023 10:02:44;AUTORIZAÇÃO DE FATURAMENTO;0h00m;10/11/2023 10:02:39;10/11/2023 10:02:44;;0h00m
0000356536;10/11/2023 10:11:19;" DANIELY MENDONCA DE FREITAS";" Pagamento de crédito";" 258- AQUISIÇÃO E REEMBOLSO-MÓVEL COM REGISTRO";032.449.939-66;" JOSUEL PEREIRA";010324/0210-00;010324/0364-00;" Concluído";072626;Braganey;207;SICREDI VALE DO PIQUIRI ABCD P;207;SUREG Vale do Piquiri PR;CENTRAL SICREDI PR/SP/RJ;105.0 Hora(s);7d1h43m;17/11/2023 11:45:22;;;;;;
0000356536;10/11/2023 10:11:19;" DANIELY MENDONCA DE FREITAS";" Pagamento de crédito";" 258- AQUISIÇÃO E REEMBOLSO-MÓVEL COM REGISTRO";032.449.939-66;" JOSUEL PEREIRA";010324/0210-00;010324/0364-00;" Concluído";072626;Braganey;207;SICREDI VALE DO PIQUIRI ABCD P;207;SUREG Vale do Piquiri PR;CENTRAL SICREDI PR/SP/RJ;105.0 Hora(s);7d1h43m;16/11/2023 18:20:35;;;;;;
0000356536;10/11/2023 10:11:19;" DANIELY MENDONCA DE FREITAS";" Pagamento de crédito";" 258- AQUISIÇÃO E REEMBOLSO-MÓVEL COM REGISTRO";032.449.939-66;" JOSUEL PEREIRA";010324/0210-00;010324/0364-00;" Concluído";072626;Braganey;207;SICREDI VALE DO PIQUIRI ABCD P;207;SUREG Vale do Piquiri PR;CENTRAL SICREDI PR/SP/RJ;105.0 Hora(s);7d1h43m;16/11/2023 18:20:19;;;;;;
0000356536;10/11/2023 10:11:19;" DANIELY MENDONCA DE FREITAS";" Pagamento de crédito";" 258- AQUISIÇÃO E REEMBOLSO-MÓVEL COM REGISTRO";032.449.939-66;" JOSUEL PEREIRA";010324/0210-00;010324/0364-00;" Concluído";072626;Braganey;207;SICREDI VALE DO PIQUIRI ABCD P;207;SUREG Vale do Piquiri PR;CENTRAL SICREDI PR/SP/RJ;105.0 Hora(s);7d1h43m;16/11/2023 18:18:47;;;;;;
0000356536;10/11/2023 10:11:19;" DANIELY MENDONCA DE FREITAS";" Pagamento de crédito";" 258- AQUISIÇÃO E REEMBOLSO-MÓVEL COM REGISTRO";032.449.939-66;" JOSUEL PEREIRA";010324/0210-00;010324/0364-00;" Concluído";072626;Braganey;207;SICREDI VALE DO PIQUIRI ABCD P;207;SUREG Vale do Piquiri PR;CENTRAL SICREDI PR/SP/RJ;105.0 Hora(s);7d1h43m;16/11/2023 11:10:18;;;;;;
0000356536;10/11/2023 10:11:19;" DANIELY MENDONCA DE FREITAS";" Pagamento de crédito";" 258- AQUISIÇÃO E REEMBOLSO-MÓVEL COM REGISTRO";032.449.939-66;" JOSUEL PEREIRA";010324/0210-00;010324/0364-00;" Concluído";072626;Braganey;207;SICREDI VALE DO PIQUIRI ABCD P;207;SUREG Vale do Piquiri PR;CENTRAL SICREDI PR/SP/RJ;105.0 Hora(s);7d1h43m;10/11/2023 17:55:58;;;;;;
0000356536;10/11/2023 10:11:19;" DANIELY MENDONCA DE FREITAS";" Pagamento de crédito";" 258- AQUISIÇÃO E REEMBOLSO-MÓVEL COM REGISTRO";032.449.939-66;" JOSUEL PEREIRA";010324/0210-00;010324/0364-00;" Concluído";072626;Braganey;207;SICREDI VALE DO PIQUIRI ABCD P;207;SUREG Vale do Piquiri PR;CENTRAL SICREDI PR/SP/RJ;105.0 Hora(s);7d1h43m;10/11/2023 17:55:52;;;;;;
0000356536;10/11/2023 10:11:19;" DANIELY MENDONCA DE FREITAS";" Pagamento de crédito";" 258- AQUISIÇÃO E REEMBOLSO-MÓVEL COM REGISTRO";032.449.939-66;" JOSUEL PEREIRA";010324/0210-00;010324/0364-00;" Concluído";072626;Braganey;207;SICREDI VALE DO PIQUIRI ABCD P;207;SUREG Vale do Piquiri PR;CENTRAL SICREDI PR/SP/RJ;105.0 Hora(s);7d1h43m;10/11/2023 17:55:06;;;;;;
0000356536;10/11/2023 10:11:19;" DANIELY MENDONCA DE FREITAS";" Pagamento de crédito";" 258- AQUISIÇÃO E REEMBOLSO-MÓVEL COM REGISTRO";032.449.939-66;" JOSUEL PEREIRA";010324/0210-00;010324/0364-00;" Concluído";072626;Braganey;207;SICREDI VALE DO PIQUIRI ABCD P;207;SUREG Vale do Piquiri PR;CENTRAL SICREDI PR/SP/RJ;105.0 Hora(s);7d1h43m;10/11/2023 17:54:59;;;;;;
0000356536;10/11/2023 10:11:19;" DANIELY MENDONCA DE FREITAS";" Pagamento de crédito";" 258- AQUISIÇÃO E REEMBOLSO-MÓVEL COM REGISTRO";032.449.939-66;" JOSUEL PEREIRA";010324/0210-00;010324/0364-00;" Concluído";072626;Braganey;207;SICREDI VALE DO PIQUIRI ABCD P;207;SUREG Vale do Piquiri PR;CENTRAL SICREDI PR/SP/RJ;105.0 Hora(s);7d1h43m;10/11/2023 10:03:50;;;;;;
0000356536;10/11/2023 10:11:19;" DANIELY MENDONCA DE FREITAS";" Pagamento de crédito";" 258- AQUISIÇÃO E REEMBOLSO-MÓVEL COM REGISTRO";032.449.939-66;" JOSUEL PEREIRA";010324/0210-00;010324/0364-00;" Concluído";072626;Braganey;207;SICREDI VALE DO PIQUIRI ABCD P;207;SUREG Vale do Piquiri PR;CENTRAL SICREDI PR/SP/RJ;105.0 Hora(s);7d1h43m;10/11/2023 10:02:44;;;;;;
