﻿ID_Processo7;DT_Solicitacao8;NM_Usuario_Solicitacao8;NM_Tipo_Processo8;NM_Processo8;CD_Inscricao_Nacional8;NM_Pessoa8;Usuário;Grupo_Cota_Outros8;ST_Status8;CD_Comissionado2;NM_Fantasia_Comissionado2;CD_Tipo_Ponto_Venda3;NM_Fantasia_Ponto_Venda2;CD_Tipo_Ponto_Venda4;NM_Tipo_Ponto_Venda2;NM_Filial_Venda2;Nivel_Servico8;Tempo_Processo8;DH_Conclusao8;NM_Atividade1;Nivel_Servico_Atividade1;DT_Inicio_Atividade1;DT_Fim_Atividade1;NM_Usuario_Atividade1;Tempo_Processo_Atividade1
0000364031;20/11/2023 13:11:56;" Viviane Marca Ciarini";" Pagamento de crédito";" 258- AQUISIÇÃO E REEMBOLSO-MÓVEL COM REGISTRO";020.875.580-27;" RODRIGO ANTONIO CARMINATTI VALSOLER";010331/0102-00;;" Andamento";021708;Erval Grande;104;SICREDI UNIESTADOS;104;SUREG Erechim RS;CENTRAL SICREDI SUL/SUDESTE;105.0 Hora(s);6d20h19m;"                   ";ANALISAR DOCUMENTOS PARA LIBERAÇÃO 2ª ETAPA;18h05m;27/11/2023 09:22:42;"                   ";;0h05m
0000364031;20/11/2023 13:11:56;" Viviane Marca Ciarini";" Pagamento de crédito";" 258- AQUISIÇÃO E REEMBOLSO-MÓVEL COM REGISTRO";020.875.580-27;" RODRIGO ANTONIO CARMINATTI VALSOLER";010331/0102-00;;" Andamento";021708;Erval Grande;104;SICREDI UNIESTADOS;104;SUREG Erechim RS;CENTRAL SICREDI SUL/SUDESTE;105.0 Hora(s);6d20h19m;27/11/2023 09:22:42;REGULARIZAR DOCUMENTOS DE PAGAMENTO;0h00m;24/11/2023 17:34:45;27/11/2023 09:22:42;Viviane Marca Ciarini;0h00m
0000364031;20/11/2023 13:11:56;" Viviane Marca Ciarini";" Pagamento de crédito";" 258- AQUISIÇÃO E REEMBOLSO-MÓVEL COM REGISTRO";020.875.580-27;" RODRIGO ANTONIO CARMINATTI VALSOLER";010331/0102-00;;" Andamento";021708;Erval Grande;104;SICREDI UNIESTADOS;104;SUREG Erechim RS;CENTRAL SICREDI SUL/SUDESTE;105.0 Hora(s);6d20h19m;24/11/2023 17:34:45;ANALISAR DOCUMENTOS PARA LIBERAÇÃO 2ª ETAPA;18h05m;23/11/2023 10:00:54;24/11/2023 17:34:45;LARISSA JAENISCH DUTRA PINTO;0h05m
0000364031;20/11/2023 13:11:56;" Viviane Marca Ciarini";" Pagamento de crédito";" 258- AQUISIÇÃO E REEMBOLSO-MÓVEL COM REGISTRO";020.875.580-27;" RODRIGO ANTONIO CARMINATTI VALSOLER";010331/0102-00;;" Andamento";021708;Erval Grande;104;SICREDI UNIESTADOS;104;SUREG Erechim RS;CENTRAL SICREDI SUL/SUDESTE;105.0 Hora(s);6d20h19m;23/11/2023 10:00:54;EMITIR DOCUMENTOS PARA LIBERAÇÃO;18h00m;22/11/2023 13:09:21;23/11/2023 10:00:54;Viviane Marca Ciarini;0h00m
0000364031;20/11/2023 13:11:56;" Viviane Marca Ciarini";" Pagamento de crédito";" 258- AQUISIÇÃO E REEMBOLSO-MÓVEL COM REGISTRO";020.875.580-27;" RODRIGO ANTONIO CARMINATTI VALSOLER";010331/0102-00;;" Andamento";021708;Erval Grande;104;SICREDI UNIESTADOS;104;SUREG Erechim RS;CENTRAL SICREDI SUL/SUDESTE;105.0 Hora(s);6d20h19m;22/11/2023 13:09:21;REGISTRAR CONTRATO MANUALMENTE;1h00m;22/11/2023 13:09:12;22/11/2023 13:09:21;João Pedro Pieluhowski Silva;0h00m
0000364031;20/11/2023 13:11:56;" Viviane Marca Ciarini";" Pagamento de crédito";" 258- AQUISIÇÃO E REEMBOLSO-MÓVEL COM REGISTRO";020.875.580-27;" RODRIGO ANTONIO CARMINATTI VALSOLER";010331/0102-00;;" Andamento";021708;Erval Grande;104;SICREDI UNIESTADOS;104;SUREG Erechim RS;CENTRAL SICREDI SUL/SUDESTE;105.0 Hora(s);6d20h19m;22/11/2023 13:09:12;ALIENAR O BEM;1h00m;22/11/2023 12:51:34;22/11/2023 13:09:12;João Pedro Pieluhowski Silva;0h15m
0000364031;20/11/2023 13:11:56;" Viviane Marca Ciarini";" Pagamento de crédito";" 258- AQUISIÇÃO E REEMBOLSO-MÓVEL COM REGISTRO";020.875.580-27;" RODRIGO ANTONIO CARMINATTI VALSOLER";010331/0102-00;;" Andamento";021708;Erval Grande;104;SICREDI UNIESTADOS;104;SUREG Erechim RS;CENTRAL SICREDI SUL/SUDESTE;105.0 Hora(s);6d20h19m;22/11/2023 12:51:33;FINALIZAR CADASTRO DO BEM;1h00m;22/11/2023 12:51:29;22/11/2023 12:51:33;João Pedro Pieluhowski Silva;0h00m
0000364031;20/11/2023 13:11:56;" Viviane Marca Ciarini";" Pagamento de crédito";" 258- AQUISIÇÃO E REEMBOLSO-MÓVEL COM REGISTRO";020.875.580-27;" RODRIGO ANTONIO CARMINATTI VALSOLER";010331/0102-00;;" Andamento";021708;Erval Grande;104;SICREDI UNIESTADOS;104;SUREG Erechim RS;CENTRAL SICREDI SUL/SUDESTE;105.0 Hora(s);6d20h19m;22/11/2023 12:51:29;ANÁLISE DE DOCUMENTOS 1ª ETAPA;18h04m;21/11/2023 16:15:42;22/11/2023 12:51:29;João Pedro Pieluhowski Silva;0h21m
0000364031;20/11/2023 13:11:56;" Viviane Marca Ciarini";" Pagamento de crédito";" 258- AQUISIÇÃO E REEMBOLSO-MÓVEL COM REGISTRO";020.875.580-27;" RODRIGO ANTONIO CARMINATTI VALSOLER";010331/0102-00;;" Andamento";021708;Erval Grande;104;SICREDI UNIESTADOS;104;SUREG Erechim RS;CENTRAL SICREDI SUL/SUDESTE;105.0 Hora(s);6d20h19m;21/11/2023 16:15:42;REGULARIZAR DOCUMENTOS INICIAIS;0h00m;21/11/2023 15:46:11;21/11/2023 16:15:42;Viviane Marca Ciarini;0h00m
0000364031;20/11/2023 13:11:56;" Viviane Marca Ciarini";" Pagamento de crédito";" 258- AQUISIÇÃO E REEMBOLSO-MÓVEL COM REGISTRO";020.875.580-27;" RODRIGO ANTONIO CARMINATTI VALSOLER";010331/0102-00;;" Andamento";021708;Erval Grande;104;SICREDI UNIESTADOS;104;SUREG Erechim RS;CENTRAL SICREDI SUL/SUDESTE;105.0 Hora(s);6d20h19m;21/11/2023 15:46:11;ANÁLISE DE DOCUMENTOS 1ª ETAPA;18h04m;20/11/2023 16:52:41;21/11/2023 15:46:11;João Pedro Pieluhowski Silva;0h21m
0000364031;20/11/2023 13:11:56;" Viviane Marca Ciarini";" Pagamento de crédito";" 258- AQUISIÇÃO E REEMBOLSO-MÓVEL COM REGISTRO";020.875.580-27;" RODRIGO ANTONIO CARMINATTI VALSOLER";010331/0102-00;;" Andamento";021708;Erval Grande;104;SICREDI UNIESTADOS;104;SUREG Erechim RS;CENTRAL SICREDI SUL/SUDESTE;105.0 Hora(s);6d20h19m;20/11/2023 16:52:41;ENVIAR DOCUMENTOS;1d21h00m;20/11/2023 13:03:16;20/11/2023 16:52:41;Viviane Marca Ciarini;0h00m
0000364031;20/11/2023 13:11:56;" Viviane Marca Ciarini";" Pagamento de crédito";" 258- AQUISIÇÃO E REEMBOLSO-MÓVEL COM REGISTRO";020.875.580-27;" RODRIGO ANTONIO CARMINATTI VALSOLER";010331/0102-00;;" Andamento";021708;Erval Grande;104;SICREDI UNIESTADOS;104;SUREG Erechim RS;CENTRAL SICREDI SUL/SUDESTE;105.0 Hora(s);6d20h19m;20/11/2023 13:03:16;AUTORIZAÇÃO DE FATURAMENTO;0h00m;20/11/2023 13:03:11;20/11/2023 13:03:16;;0h00m
0000364031;20/11/2023 13:11:56;" Viviane Marca Ciarini";" Pagamento de crédito";" 258- AQUISIÇÃO E REEMBOLSO-MÓVEL COM REGISTRO";020.875.580-27;" RODRIGO ANTONIO CARMINATTI VALSOLER";010331/0102-00;;" Andamento";021708;Erval Grande;104;SICREDI UNIESTADOS;104;SUREG Erechim RS;CENTRAL SICREDI SUL/SUDESTE;105.0 Hora(s);6d20h19m;"                   ";;;;;;
0000364031;20/11/2023 13:11:56;" Viviane Marca Ciarini";" Pagamento de crédito";" 258- AQUISIÇÃO E REEMBOLSO-MÓVEL COM REGISTRO";020.875.580-27;" RODRIGO ANTONIO CARMINATTI VALSOLER";010331/0102-00;;" Andamento";021708;Erval Grande;104;SICREDI UNIESTADOS;104;SUREG Erechim RS;CENTRAL SICREDI SUL/SUDESTE;105.0 Hora(s);6d20h19m;27/11/2023 09:22:42;;;;;;
0000364031;20/11/2023 13:11:56;" Viviane Marca Ciarini";" Pagamento de crédito";" 258- AQUISIÇÃO E REEMBOLSO-MÓVEL COM REGISTRO";020.875.580-27;" RODRIGO ANTONIO CARMINATTI VALSOLER";010331/0102-00;;" Andamento";021708;Erval Grande;104;SICREDI UNIESTADOS;104;SUREG Erechim RS;CENTRAL SICREDI SUL/SUDESTE;105.0 Hora(s);6d20h19m;24/11/2023 17:34:45;;;;;;
0000364031;20/11/2023 13:11:56;" Viviane Marca Ciarini";" Pagamento de crédito";" 258- AQUISIÇÃO E REEMBOLSO-MÓVEL COM REGISTRO";020.875.580-27;" RODRIGO ANTONIO CARMINATTI VALSOLER";010331/0102-00;;" Andamento";021708;Erval Grande;104;SICREDI UNIESTADOS;104;SUREG Erechim RS;CENTRAL SICREDI SUL/SUDESTE;105.0 Hora(s);6d20h19m;23/11/2023 10:00:54;;;;;;
0000364031;20/11/2023 13:11:56;" Viviane Marca Ciarini";" Pagamento de crédito";" 258- AQUISIÇÃO E REEMBOLSO-MÓVEL COM REGISTRO";020.875.580-27;" RODRIGO ANTONIO CARMINATTI VALSOLER";010331/0102-00;;" Andamento";021708;Erval Grande;104;SICREDI UNIESTADOS;104;SUREG Erechim RS;CENTRAL SICREDI SUL/SUDESTE;105.0 Hora(s);6d20h19m;22/11/2023 13:09:21;;;;;;
0000364031;20/11/2023 13:11:56;" Viviane Marca Ciarini";" Pagamento de crédito";" 258- AQUISIÇÃO E REEMBOLSO-MÓVEL COM REGISTRO";020.875.580-27;" RODRIGO ANTONIO CARMINATTI VALSOLER";010331/0102-00;;" Andamento";021708;Erval Grande;104;SICREDI UNIESTADOS;104;SUREG Erechim RS;CENTRAL SICREDI SUL/SUDESTE;105.0 Hora(s);6d20h19m;22/11/2023 13:09:12;;;;;;
0000364031;20/11/2023 13:11:56;" Viviane Marca Ciarini";" Pagamento de crédito";" 258- AQUISIÇÃO E REEMBOLSO-MÓVEL COM REGISTRO";020.875.580-27;" RODRIGO ANTONIO CARMINATTI VALSOLER";010331/0102-00;;" Andamento";021708;Erval Grande;104;SICREDI UNIESTADOS;104;SUREG Erechim RS;CENTRAL SICREDI SUL/SUDESTE;105.0 Hora(s);6d20h19m;22/11/2023 12:51:33;;;;;;
0000364031;20/11/2023 13:11:56;" Viviane Marca Ciarini";" Pagamento de crédito";" 258- AQUISIÇÃO E REEMBOLSO-MÓVEL COM REGISTRO";020.875.580-27;" RODRIGO ANTONIO CARMINATTI VALSOLER";010331/0102-00;;" Andamento";021708;Erval Grande;104;SICREDI UNIESTADOS;104;SUREG Erechim RS;CENTRAL SICREDI SUL/SUDESTE;105.0 Hora(s);6d20h19m;22/11/2023 12:51:29;;;;;;
0000364031;20/11/2023 13:11:56;" Viviane Marca Ciarini";" Pagamento de crédito";" 258- AQUISIÇÃO E REEMBOLSO-MÓVEL COM REGISTRO";020.875.580-27;" RODRIGO ANTONIO CARMINATTI VALSOLER";010331/0102-00;;" Andamento";021708;Erval Grande;104;SICREDI UNIESTADOS;104;SUREG Erechim RS;CENTRAL SICREDI SUL/SUDESTE;105.0 Hora(s);6d20h19m;21/11/2023 16:15:42;;;;;;
0000364031;20/11/2023 13:11:56;" Viviane Marca Ciarini";" Pagamento de crédito";" 258- AQUISIÇÃO E REEMBOLSO-MÓVEL COM REGISTRO";020.875.580-27;" RODRIGO ANTONIO CARMINATTI VALSOLER";010331/0102-00;;" Andamento";021708;Erval Grande;104;SICREDI UNIESTADOS;104;SUREG Erechim RS;CENTRAL SICREDI SUL/SUDESTE;105.0 Hora(s);6d20h19m;21/11/2023 15:46:11;;;;;;
0000364031;20/11/2023 13:11:56;" Viviane Marca Ciarini";" Pagamento de crédito";" 258- AQUISIÇÃO E REEMBOLSO-MÓVEL COM REGISTRO";020.875.580-27;" RODRIGO ANTONIO CARMINATTI VALSOLER";010331/0102-00;;" Andamento";021708;Erval Grande;104;SICREDI UNIESTADOS;104;SUREG Erechim RS;CENTRAL SICREDI SUL/SUDESTE;105.0 Hora(s);6d20h19m;20/11/2023 16:52:41;;;;;;
0000364031;20/11/2023 13:11:56;" Viviane Marca Ciarini";" Pagamento de crédito";" 258- AQUISIÇÃO E REEMBOLSO-MÓVEL COM REGISTRO";020.875.580-27;" RODRIGO ANTONIO CARMINATTI VALSOLER";010331/0102-00;;" Andamento";021708;Erval Grande;104;SICREDI UNIESTADOS;104;SUREG Erechim RS;CENTRAL SICREDI SUL/SUDESTE;105.0 Hora(s);6d20h19m;20/11/2023 13:03:16;;;;;;
