﻿ID_Processo7;DT_Solicitacao8;NM_Usuario_Solicitacao8;NM_Tipo_Processo8;NM_Processo8;CD_Inscricao_Nacional8;NM_Pessoa8;Usuário;Grupo_Cota_Outros8;ST_Status8;CD_Comissionado2;NM_Fantasia_Comissionado2;CD_Tipo_Ponto_Venda3;NM_Fantasia_Ponto_Venda2;CD_Tipo_Ponto_Venda4;NM_Tipo_Ponto_Venda2;NM_Filial_Venda2;Nivel_Servico8;Tempo_Processo8;DH_Conclusao8;NM_Atividade1;Nivel_Servico_Atividade1;DT_Inicio_Atividade1;DT_Fim_Atividade1;NM_Usuario_Atividade1;Tempo_Processo_Atividade1
0000355317;06/11/2023 14:11:19;" Karina Lucciette Bedin";" Pagamento de crédito";" 264- AQUISIÇÃO E REEMBOLSO-MÓVEL SEM  REGISTRO";067.305.479-95;" SANT STEVAN PIOVEZAN BONAMIGO";010353/0152-00;010505/0187-00;" Concluído";021730;Ouro;104;SICREDI UNIESTADOS;104;SUREG Erechim RS;CENTRAL SICREDI SUL/SUDESTE;103.0 Hora(s);14d20h54m;21/11/2023 11:40:43;LIBERAR PAGAMENTOS;0h00m;21/11/2023 11:09:04;21/11/2023 11:40:43;ELKIAYER FAGUNDES TRINDADE;0h00m
0000355317;06/11/2023 14:11:19;" Karina Lucciette Bedin";" Pagamento de crédito";" 264- AQUISIÇÃO E REEMBOLSO-MÓVEL SEM  REGISTRO";067.305.479-95;" SANT STEVAN PIOVEZAN BONAMIGO";010353/0152-00;010505/0187-00;" Concluído";021730;Ouro;104;SICREDI UNIESTADOS;104;SUREG Erechim RS;CENTRAL SICREDI SUL/SUDESTE;103.0 Hora(s);14d20h54m;21/11/2023 11:09:04;APROVAR PAGAMENTO;1h00m;21/11/2023 11:09:00;21/11/2023 11:09:04;Paola dos Santos Lima;0h00m
0000355317;06/11/2023 14:11:19;" Karina Lucciette Bedin";" Pagamento de crédito";" 264- AQUISIÇÃO E REEMBOLSO-MÓVEL SEM  REGISTRO";067.305.479-95;" SANT STEVAN PIOVEZAN BONAMIGO";010353/0152-00;010505/0187-00;" Concluído";021730;Ouro;104;SICREDI UNIESTADOS;104;SUREG Erechim RS;CENTRAL SICREDI SUL/SUDESTE;103.0 Hora(s);14d20h54m;21/11/2023 11:08:59;PROGRAMAR PAGAMENTO;1h00m;21/11/2023 11:07:35;21/11/2023 11:08:59;Paola dos Santos Lima;0h02m
0000355317;06/11/2023 14:11:19;" Karina Lucciette Bedin";" Pagamento de crédito";" 264- AQUISIÇÃO E REEMBOLSO-MÓVEL SEM  REGISTRO";067.305.479-95;" SANT STEVAN PIOVEZAN BONAMIGO";010353/0152-00;010505/0187-00;" Concluído";021730;Ouro;104;SICREDI UNIESTADOS;104;SUREG Erechim RS;CENTRAL SICREDI SUL/SUDESTE;103.0 Hora(s);14d20h54m;21/11/2023 11:07:35;ANALISAR DOCUMENTOS PARA LIBERAÇÃO 2ª ETAPA;18h00m;20/11/2023 15:46:00;21/11/2023 11:07:35;Paola dos Santos Lima;0h12m
0000355317;06/11/2023 14:11:19;" Karina Lucciette Bedin";" Pagamento de crédito";" 264- AQUISIÇÃO E REEMBOLSO-MÓVEL SEM  REGISTRO";067.305.479-95;" SANT STEVAN PIOVEZAN BONAMIGO";010353/0152-00;010505/0187-00;" Concluído";021730;Ouro;104;SICREDI UNIESTADOS;104;SUREG Erechim RS;CENTRAL SICREDI SUL/SUDESTE;103.0 Hora(s);14d20h54m;20/11/2023 15:46:00;EMITIR DOCUMENTOS PARA LIBERAÇÃO;18h00m;08/11/2023 18:13:41;20/11/2023 15:46:00;Karina Lucciette Bedin;0h00m
0000355317;06/11/2023 14:11:19;" Karina Lucciette Bedin";" Pagamento de crédito";" 264- AQUISIÇÃO E REEMBOLSO-MÓVEL SEM  REGISTRO";067.305.479-95;" SANT STEVAN PIOVEZAN BONAMIGO";010353/0152-00;010505/0187-00;" Concluído";021730;Ouro;104;SICREDI UNIESTADOS;104;SUREG Erechim RS;CENTRAL SICREDI SUL/SUDESTE;103.0 Hora(s);14d20h54m;08/11/2023 18:13:41;ALIENAÇÃO DE BENS;1h00m;08/11/2023 18:13:34;08/11/2023 18:13:41;NICOLAS PAULO DE SOUSA CUNHA;0h00m
0000355317;06/11/2023 14:11:19;" Karina Lucciette Bedin";" Pagamento de crédito";" 264- AQUISIÇÃO E REEMBOLSO-MÓVEL SEM  REGISTRO";067.305.479-95;" SANT STEVAN PIOVEZAN BONAMIGO";010353/0152-00;010505/0187-00;" Concluído";021730;Ouro;104;SICREDI UNIESTADOS;104;SUREG Erechim RS;CENTRAL SICREDI SUL/SUDESTE;103.0 Hora(s);14d20h54m;08/11/2023 18:13:34;FINALIZAR CADASTRO DO BEM;1h00m;08/11/2023 18:13:15;08/11/2023 18:13:34;NICOLAS PAULO DE SOUSA CUNHA;0h00m
0000355317;06/11/2023 14:11:19;" Karina Lucciette Bedin";" Pagamento de crédito";" 264- AQUISIÇÃO E REEMBOLSO-MÓVEL SEM  REGISTRO";067.305.479-95;" SANT STEVAN PIOVEZAN BONAMIGO";010353/0152-00;010505/0187-00;" Concluído";021730;Ouro;104;SICREDI UNIESTADOS;104;SUREG Erechim RS;CENTRAL SICREDI SUL/SUDESTE;103.0 Hora(s);14d20h54m;08/11/2023 18:13:15;ANÁLISE DE DOCUMENTOS 1ª ETAPA;18h03m;08/11/2023 13:49:24;08/11/2023 18:13:15;NICOLAS PAULO DE SOUSA CUNHA;0h07m
0000355317;06/11/2023 14:11:19;" Karina Lucciette Bedin";" Pagamento de crédito";" 264- AQUISIÇÃO E REEMBOLSO-MÓVEL SEM  REGISTRO";067.305.479-95;" SANT STEVAN PIOVEZAN BONAMIGO";010353/0152-00;010505/0187-00;" Concluído";021730;Ouro;104;SICREDI UNIESTADOS;104;SUREG Erechim RS;CENTRAL SICREDI SUL/SUDESTE;103.0 Hora(s);14d20h54m;08/11/2023 13:49:24;REGULARIZAR DOCUMENTOS INICIAIS;0h00m;07/11/2023 16:08:05;08/11/2023 13:49:24;Karina Lucciette Bedin;0h00m
0000355317;06/11/2023 14:11:19;" Karina Lucciette Bedin";" Pagamento de crédito";" 264- AQUISIÇÃO E REEMBOLSO-MÓVEL SEM  REGISTRO";067.305.479-95;" SANT STEVAN PIOVEZAN BONAMIGO";010353/0152-00;010505/0187-00;" Concluído";021730;Ouro;104;SICREDI UNIESTADOS;104;SUREG Erechim RS;CENTRAL SICREDI SUL/SUDESTE;103.0 Hora(s);14d20h54m;07/11/2023 16:08:05;ANÁLISE DE DOCUMENTOS 1ª ETAPA;18h03m;06/11/2023 14:52:26;07/11/2023 16:08:05;NICOLAS PAULO DE SOUSA CUNHA;0h07m
0000355317;06/11/2023 14:11:19;" Karina Lucciette Bedin";" Pagamento de crédito";" 264- AQUISIÇÃO E REEMBOLSO-MÓVEL SEM  REGISTRO";067.305.479-95;" SANT STEVAN PIOVEZAN BONAMIGO";010353/0152-00;010505/0187-00;" Concluído";021730;Ouro;104;SICREDI UNIESTADOS;104;SUREG Erechim RS;CENTRAL SICREDI SUL/SUDESTE;103.0 Hora(s);14d20h54m;06/11/2023 14:52:26;ENVIAR DOCUMENTOS;1d21h00m;06/11/2023 14:45:55;06/11/2023 14:52:26;Karina Lucciette Bedin;0h00m
0000355317;06/11/2023 14:11:19;" Karina Lucciette Bedin";" Pagamento de crédito";" 264- AQUISIÇÃO E REEMBOLSO-MÓVEL SEM  REGISTRO";067.305.479-95;" SANT STEVAN PIOVEZAN BONAMIGO";010353/0152-00;010505/0187-00;" Concluído";021730;Ouro;104;SICREDI UNIESTADOS;104;SUREG Erechim RS;CENTRAL SICREDI SUL/SUDESTE;103.0 Hora(s);14d20h54m;06/11/2023 14:45:55;AUTORIZAÇÃO DE FATURAMENTO;0h00m;06/11/2023 14:45:50;06/11/2023 14:45:55;;0h00m
0000355317;06/11/2023 14:11:19;" Karina Lucciette Bedin";" Pagamento de crédito";" 264- AQUISIÇÃO E REEMBOLSO-MÓVEL SEM  REGISTRO";067.305.479-95;" SANT STEVAN PIOVEZAN BONAMIGO";010353/0152-00;010505/0187-00;" Concluído";021730;Ouro;104;SICREDI UNIESTADOS;104;SUREG Erechim RS;CENTRAL SICREDI SUL/SUDESTE;103.0 Hora(s);14d20h54m;21/11/2023 11:40:43;;;;;;
0000355317;06/11/2023 14:11:19;" Karina Lucciette Bedin";" Pagamento de crédito";" 264- AQUISIÇÃO E REEMBOLSO-MÓVEL SEM  REGISTRO";067.305.479-95;" SANT STEVAN PIOVEZAN BONAMIGO";010353/0152-00;010505/0187-00;" Concluído";021730;Ouro;104;SICREDI UNIESTADOS;104;SUREG Erechim RS;CENTRAL SICREDI SUL/SUDESTE;103.0 Hora(s);14d20h54m;21/11/2023 11:09:04;;;;;;
0000355317;06/11/2023 14:11:19;" Karina Lucciette Bedin";" Pagamento de crédito";" 264- AQUISIÇÃO E REEMBOLSO-MÓVEL SEM  REGISTRO";067.305.479-95;" SANT STEVAN PIOVEZAN BONAMIGO";010353/0152-00;010505/0187-00;" Concluído";021730;Ouro;104;SICREDI UNIESTADOS;104;SUREG Erechim RS;CENTRAL SICREDI SUL/SUDESTE;103.0 Hora(s);14d20h54m;21/11/2023 11:08:59;;;;;;
0000355317;06/11/2023 14:11:19;" Karina Lucciette Bedin";" Pagamento de crédito";" 264- AQUISIÇÃO E REEMBOLSO-MÓVEL SEM  REGISTRO";067.305.479-95;" SANT STEVAN PIOVEZAN BONAMIGO";010353/0152-00;010505/0187-00;" Concluído";021730;Ouro;104;SICREDI UNIESTADOS;104;SUREG Erechim RS;CENTRAL SICREDI SUL/SUDESTE;103.0 Hora(s);14d20h54m;21/11/2023 11:07:35;;;;;;
0000355317;06/11/2023 14:11:19;" Karina Lucciette Bedin";" Pagamento de crédito";" 264- AQUISIÇÃO E REEMBOLSO-MÓVEL SEM  REGISTRO";067.305.479-95;" SANT STEVAN PIOVEZAN BONAMIGO";010353/0152-00;010505/0187-00;" Concluído";021730;Ouro;104;SICREDI UNIESTADOS;104;SUREG Erechim RS;CENTRAL SICREDI SUL/SUDESTE;103.0 Hora(s);14d20h54m;20/11/2023 15:46:00;;;;;;
0000355317;06/11/2023 14:11:19;" Karina Lucciette Bedin";" Pagamento de crédito";" 264- AQUISIÇÃO E REEMBOLSO-MÓVEL SEM  REGISTRO";067.305.479-95;" SANT STEVAN PIOVEZAN BONAMIGO";010353/0152-00;010505/0187-00;" Concluído";021730;Ouro;104;SICREDI UNIESTADOS;104;SUREG Erechim RS;CENTRAL SICREDI SUL/SUDESTE;103.0 Hora(s);14d20h54m;08/11/2023 18:13:41;;;;;;
0000355317;06/11/2023 14:11:19;" Karina Lucciette Bedin";" Pagamento de crédito";" 264- AQUISIÇÃO E REEMBOLSO-MÓVEL SEM  REGISTRO";067.305.479-95;" SANT STEVAN PIOVEZAN BONAMIGO";010353/0152-00;010505/0187-00;" Concluído";021730;Ouro;104;SICREDI UNIESTADOS;104;SUREG Erechim RS;CENTRAL SICREDI SUL/SUDESTE;103.0 Hora(s);14d20h54m;08/11/2023 18:13:34;;;;;;
0000355317;06/11/2023 14:11:19;" Karina Lucciette Bedin";" Pagamento de crédito";" 264- AQUISIÇÃO E REEMBOLSO-MÓVEL SEM  REGISTRO";067.305.479-95;" SANT STEVAN PIOVEZAN BONAMIGO";010353/0152-00;010505/0187-00;" Concluído";021730;Ouro;104;SICREDI UNIESTADOS;104;SUREG Erechim RS;CENTRAL SICREDI SUL/SUDESTE;103.0 Hora(s);14d20h54m;08/11/2023 18:13:15;;;;;;
0000355317;06/11/2023 14:11:19;" Karina Lucciette Bedin";" Pagamento de crédito";" 264- AQUISIÇÃO E REEMBOLSO-MÓVEL SEM  REGISTRO";067.305.479-95;" SANT STEVAN PIOVEZAN BONAMIGO";010353/0152-00;010505/0187-00;" Concluído";021730;Ouro;104;SICREDI UNIESTADOS;104;SUREG Erechim RS;CENTRAL SICREDI SUL/SUDESTE;103.0 Hora(s);14d20h54m;08/11/2023 13:49:24;;;;;;
0000355317;06/11/2023 14:11:19;" Karina Lucciette Bedin";" Pagamento de crédito";" 264- AQUISIÇÃO E REEMBOLSO-MÓVEL SEM  REGISTRO";067.305.479-95;" SANT STEVAN PIOVEZAN BONAMIGO";010353/0152-00;010505/0187-00;" Concluído";021730;Ouro;104;SICREDI UNIESTADOS;104;SUREG Erechim RS;CENTRAL SICREDI SUL/SUDESTE;103.0 Hora(s);14d20h54m;07/11/2023 16:08:05;;;;;;
0000355317;06/11/2023 14:11:19;" Karina Lucciette Bedin";" Pagamento de crédito";" 264- AQUISIÇÃO E REEMBOLSO-MÓVEL SEM  REGISTRO";067.305.479-95;" SANT STEVAN PIOVEZAN BONAMIGO";010353/0152-00;010505/0187-00;" Concluído";021730;Ouro;104;SICREDI UNIESTADOS;104;SUREG Erechim RS;CENTRAL SICREDI SUL/SUDESTE;103.0 Hora(s);14d20h54m;06/11/2023 14:52:26;;;;;;
0000355317;06/11/2023 14:11:19;" Karina Lucciette Bedin";" Pagamento de crédito";" 264- AQUISIÇÃO E REEMBOLSO-MÓVEL SEM  REGISTRO";067.305.479-95;" SANT STEVAN PIOVEZAN BONAMIGO";010353/0152-00;010505/0187-00;" Concluído";021730;Ouro;104;SICREDI UNIESTADOS;104;SUREG Erechim RS;CENTRAL SICREDI SUL/SUDESTE;103.0 Hora(s);14d20h54m;06/11/2023 14:45:55;;;;;;
