﻿ID_Processo7;DT_Solicitacao8;NM_Usuario_Solicitacao8;NM_Tipo_Processo8;NM_Processo8;CD_Inscricao_Nacional8;NM_Pessoa8;Usuário;Grupo_Cota_Outros8;ST_Status8;CD_Comissionado2;NM_Fantasia_Comissionado2;CD_Tipo_Ponto_Venda3;NM_Fantasia_Ponto_Venda2;CD_Tipo_Ponto_Venda4;NM_Tipo_Ponto_Venda2;NM_Filial_Venda2;Nivel_Servico8;Tempo_Processo8;DH_Conclusao8;NM_Atividade1;Nivel_Servico_Atividade1;DT_Inicio_Atividade1;DT_Fim_Atividade1;NM_Usuario_Atividade1;Tempo_Processo_Atividade1
0000367608;23/11/2023 16:11:16;" Iandra Dal Bello";" Pagamento de crédito";" 258- AQUISIÇÃO E REEMBOLSO-MÓVEL COM REGISTRO";067.171.989-07;" REGIS GIOVANI DEBONA";010399/0339-00;;" Aguardando Regularização";021733;Concórdia;104;SICREDI UNIESTADOS;104;SUREG Erechim RS;CENTRAL SICREDI SUL/SUDESTE;105.0 Hora(s);20h54m;"                   ";EMITIR DOCUMENTOS PARA LIBERAÇÃO;18h00m;24/11/2023 13:38:36;"                   ";;0h00m
0000367608;23/11/2023 16:11:16;" Iandra Dal Bello";" Pagamento de crédito";" 258- AQUISIÇÃO E REEMBOLSO-MÓVEL COM REGISTRO";067.171.989-07;" REGIS GIOVANI DEBONA";010399/0339-00;;" Aguardando Regularização";021733;Concórdia;104;SICREDI UNIESTADOS;104;SUREG Erechim RS;CENTRAL SICREDI SUL/SUDESTE;105.0 Hora(s);20h54m;24/11/2023 13:38:35;REGISTRAR CONTRATO MANUALMENTE;1h00m;24/11/2023 13:38:30;24/11/2023 13:38:35;João Pedro Pieluhowski Silva;0h00m
0000367608;23/11/2023 16:11:16;" Iandra Dal Bello";" Pagamento de crédito";" 258- AQUISIÇÃO E REEMBOLSO-MÓVEL COM REGISTRO";067.171.989-07;" REGIS GIOVANI DEBONA";010399/0339-00;;" Aguardando Regularização";021733;Concórdia;104;SICREDI UNIESTADOS;104;SUREG Erechim RS;CENTRAL SICREDI SUL/SUDESTE;105.0 Hora(s);20h54m;24/11/2023 13:38:29;ALIENAR O BEM;1h00m;24/11/2023 13:37:25;24/11/2023 13:38:29;João Pedro Pieluhowski Silva;0h01m
0000367608;23/11/2023 16:11:16;" Iandra Dal Bello";" Pagamento de crédito";" 258- AQUISIÇÃO E REEMBOLSO-MÓVEL COM REGISTRO";067.171.989-07;" REGIS GIOVANI DEBONA";010399/0339-00;;" Aguardando Regularização";021733;Concórdia;104;SICREDI UNIESTADOS;104;SUREG Erechim RS;CENTRAL SICREDI SUL/SUDESTE;105.0 Hora(s);20h54m;24/11/2023 13:37:25;FINALIZAR CADASTRO DO BEM;1h00m;24/11/2023 13:37:20;24/11/2023 13:37:25;João Pedro Pieluhowski Silva;0h00m
0000367608;23/11/2023 16:11:16;" Iandra Dal Bello";" Pagamento de crédito";" 258- AQUISIÇÃO E REEMBOLSO-MÓVEL COM REGISTRO";067.171.989-07;" REGIS GIOVANI DEBONA";010399/0339-00;;" Aguardando Regularização";021733;Concórdia;104;SICREDI UNIESTADOS;104;SUREG Erechim RS;CENTRAL SICREDI SUL/SUDESTE;105.0 Hora(s);20h54m;24/11/2023 13:37:20;ANÁLISE DE DOCUMENTOS 1ª ETAPA;18h00m;23/11/2023 16:46:08;24/11/2023 13:37:20;João Pedro Pieluhowski Silva;0h14m
0000367608;23/11/2023 16:11:16;" Iandra Dal Bello";" Pagamento de crédito";" 258- AQUISIÇÃO E REEMBOLSO-MÓVEL COM REGISTRO";067.171.989-07;" REGIS GIOVANI DEBONA";010399/0339-00;;" Aguardando Regularização";021733;Concórdia;104;SICREDI UNIESTADOS;104;SUREG Erechim RS;CENTRAL SICREDI SUL/SUDESTE;105.0 Hora(s);20h54m;23/11/2023 16:46:08;ENVIAR DOCUMENTOS;1d21h00m;23/11/2023 16:44:17;23/11/2023 16:46:08;Iandra Dal Bello;0h00m
0000367608;23/11/2023 16:11:16;" Iandra Dal Bello";" Pagamento de crédito";" 258- AQUISIÇÃO E REEMBOLSO-MÓVEL COM REGISTRO";067.171.989-07;" REGIS GIOVANI DEBONA";010399/0339-00;;" Aguardando Regularização";021733;Concórdia;104;SICREDI UNIESTADOS;104;SUREG Erechim RS;CENTRAL SICREDI SUL/SUDESTE;105.0 Hora(s);20h54m;23/11/2023 16:44:17;AUTORIZAÇÃO DE FATURAMENTO;0h00m;23/11/2023 16:44:16;23/11/2023 16:44:17;;0h00m
0000367608;23/11/2023 16:11:16;" Iandra Dal Bello";" Pagamento de crédito";" 258- AQUISIÇÃO E REEMBOLSO-MÓVEL COM REGISTRO";067.171.989-07;" REGIS GIOVANI DEBONA";010399/0339-00;;" Aguardando Regularização";021733;Concórdia;104;SICREDI UNIESTADOS;104;SUREG Erechim RS;CENTRAL SICREDI SUL/SUDESTE;105.0 Hora(s);20h54m;"                   ";;;;;;
0000367608;23/11/2023 16:11:16;" Iandra Dal Bello";" Pagamento de crédito";" 258- AQUISIÇÃO E REEMBOLSO-MÓVEL COM REGISTRO";067.171.989-07;" REGIS GIOVANI DEBONA";010399/0339-00;;" Aguardando Regularização";021733;Concórdia;104;SICREDI UNIESTADOS;104;SUREG Erechim RS;CENTRAL SICREDI SUL/SUDESTE;105.0 Hora(s);20h54m;24/11/2023 13:38:35;;;;;;
0000367608;23/11/2023 16:11:16;" Iandra Dal Bello";" Pagamento de crédito";" 258- AQUISIÇÃO E REEMBOLSO-MÓVEL COM REGISTRO";067.171.989-07;" REGIS GIOVANI DEBONA";010399/0339-00;;" Aguardando Regularização";021733;Concórdia;104;SICREDI UNIESTADOS;104;SUREG Erechim RS;CENTRAL SICREDI SUL/SUDESTE;105.0 Hora(s);20h54m;24/11/2023 13:38:29;;;;;;
0000367608;23/11/2023 16:11:16;" Iandra Dal Bello";" Pagamento de crédito";" 258- AQUISIÇÃO E REEMBOLSO-MÓVEL COM REGISTRO";067.171.989-07;" REGIS GIOVANI DEBONA";010399/0339-00;;" Aguardando Regularização";021733;Concórdia;104;SICREDI UNIESTADOS;104;SUREG Erechim RS;CENTRAL SICREDI SUL/SUDESTE;105.0 Hora(s);20h54m;24/11/2023 13:37:25;;;;;;
0000367608;23/11/2023 16:11:16;" Iandra Dal Bello";" Pagamento de crédito";" 258- AQUISIÇÃO E REEMBOLSO-MÓVEL COM REGISTRO";067.171.989-07;" REGIS GIOVANI DEBONA";010399/0339-00;;" Aguardando Regularização";021733;Concórdia;104;SICREDI UNIESTADOS;104;SUREG Erechim RS;CENTRAL SICREDI SUL/SUDESTE;105.0 Hora(s);20h54m;24/11/2023 13:37:20;;;;;;
0000367608;23/11/2023 16:11:16;" Iandra Dal Bello";" Pagamento de crédito";" 258- AQUISIÇÃO E REEMBOLSO-MÓVEL COM REGISTRO";067.171.989-07;" REGIS GIOVANI DEBONA";010399/0339-00;;" Aguardando Regularização";021733;Concórdia;104;SICREDI UNIESTADOS;104;SUREG Erechim RS;CENTRAL SICREDI SUL/SUDESTE;105.0 Hora(s);20h54m;23/11/2023 16:46:08;;;;;;
0000367608;23/11/2023 16:11:16;" Iandra Dal Bello";" Pagamento de crédito";" 258- AQUISIÇÃO E REEMBOLSO-MÓVEL COM REGISTRO";067.171.989-07;" REGIS GIOVANI DEBONA";010399/0339-00;;" Aguardando Regularização";021733;Concórdia;104;SICREDI UNIESTADOS;104;SUREG Erechim RS;CENTRAL SICREDI SUL/SUDESTE;105.0 Hora(s);20h54m;23/11/2023 16:44:17;;;;;;
