﻿ID_Processo7;DT_Solicitacao8;NM_Usuario_Solicitacao8;NM_Tipo_Processo8;NM_Processo8;CD_Inscricao_Nacional8;NM_Pessoa8;Usuário;Grupo_Cota_Outros8;ST_Status8;CD_Comissionado2;NM_Fantasia_Comissionado2;CD_Tipo_Ponto_Venda3;NM_Fantasia_Ponto_Venda2;CD_Tipo_Ponto_Venda4;NM_Tipo_Ponto_Venda2;NM_Filial_Venda2;Nivel_Servico8;Tempo_Processo8;DH_Conclusao8;NM_Atividade1;Nivel_Servico_Atividade1;DT_Inicio_Atividade1;DT_Fim_Atividade1;NM_Usuario_Atividade1;Tempo_Processo_Atividade1
0000357623;13/11/2023 15:11:14;" EDUARDO DO PRADO";" Pagamento de crédito";" 258- AQUISIÇÃO E REEMBOLSO-MÓVEL COM REGISTRO";018.995.930-47;" ANDRES AGUSTINHO AURELIO";010342/0329-00;;" Concluído";021709;Itatiba do Sul;104;SICREDI UNIESTADOS;104;SUREG Erechim RS;CENTRAL SICREDI SUL/SUDESTE;105.0 Hora(s);6d20h46m;20/11/2023 11:47:27;LIBERAR PAGAMENTOS;0h00m;18/11/2023 16:29:24;20/11/2023 11:47:27;Kelen Hahn Paulo;0h00m
0000357623;13/11/2023 15:11:14;" EDUARDO DO PRADO";" Pagamento de crédito";" 258- AQUISIÇÃO E REEMBOLSO-MÓVEL COM REGISTRO";018.995.930-47;" ANDRES AGUSTINHO AURELIO";010342/0329-00;;" Concluído";021709;Itatiba do Sul;104;SICREDI UNIESTADOS;104;SUREG Erechim RS;CENTRAL SICREDI SUL/SUDESTE;105.0 Hora(s);6d20h46m;18/11/2023 16:29:24;APROVAR PAGAMENTO;1h00m;18/11/2023 16:29:19;18/11/2023 16:29:24;Paola dos Santos Lima;0h00m
0000357623;13/11/2023 15:11:14;" EDUARDO DO PRADO";" Pagamento de crédito";" 258- AQUISIÇÃO E REEMBOLSO-MÓVEL COM REGISTRO";018.995.930-47;" ANDRES AGUSTINHO AURELIO";010342/0329-00;;" Concluído";021709;Itatiba do Sul;104;SICREDI UNIESTADOS;104;SUREG Erechim RS;CENTRAL SICREDI SUL/SUDESTE;105.0 Hora(s);6d20h46m;18/11/2023 16:29:19;PROGRAMAR PAGAMENTO;1h00m;18/11/2023 16:28:30;18/11/2023 16:29:19;Paola dos Santos Lima;0h01m
0000357623;13/11/2023 15:11:14;" EDUARDO DO PRADO";" Pagamento de crédito";" 258- AQUISIÇÃO E REEMBOLSO-MÓVEL COM REGISTRO";018.995.930-47;" ANDRES AGUSTINHO AURELIO";010342/0329-00;;" Concluído";021709;Itatiba do Sul;104;SICREDI UNIESTADOS;104;SUREG Erechim RS;CENTRAL SICREDI SUL/SUDESTE;105.0 Hora(s);6d20h46m;18/11/2023 16:28:30;ANALISAR DOCUMENTOS PARA LIBERAÇÃO 2ª ETAPA;18h00m;17/11/2023 15:32:51;18/11/2023 16:28:30;Paola dos Santos Lima;0h05m
0000357623;13/11/2023 15:11:14;" EDUARDO DO PRADO";" Pagamento de crédito";" 258- AQUISIÇÃO E REEMBOLSO-MÓVEL COM REGISTRO";018.995.930-47;" ANDRES AGUSTINHO AURELIO";010342/0329-00;;" Concluído";021709;Itatiba do Sul;104;SICREDI UNIESTADOS;104;SUREG Erechim RS;CENTRAL SICREDI SUL/SUDESTE;105.0 Hora(s);6d20h46m;17/11/2023 15:32:50;EMITIR DOCUMENTOS PARA LIBERAÇÃO;18h00m;14/11/2023 11:15:56;17/11/2023 15:32:50;EDUARDO DO PRADO;0h00m
0000357623;13/11/2023 15:11:14;" EDUARDO DO PRADO";" Pagamento de crédito";" 258- AQUISIÇÃO E REEMBOLSO-MÓVEL COM REGISTRO";018.995.930-47;" ANDRES AGUSTINHO AURELIO";010342/0329-00;;" Concluído";021709;Itatiba do Sul;104;SICREDI UNIESTADOS;104;SUREG Erechim RS;CENTRAL SICREDI SUL/SUDESTE;105.0 Hora(s);6d20h46m;14/11/2023 11:15:56;REGISTRAR CONTRATO MANUALMENTE;1h00m;14/11/2023 11:15:49;14/11/2023 11:15:56;Paola dos Santos Lima;0h00m
0000357623;13/11/2023 15:11:14;" EDUARDO DO PRADO";" Pagamento de crédito";" 258- AQUISIÇÃO E REEMBOLSO-MÓVEL COM REGISTRO";018.995.930-47;" ANDRES AGUSTINHO AURELIO";010342/0329-00;;" Concluído";021709;Itatiba do Sul;104;SICREDI UNIESTADOS;104;SUREG Erechim RS;CENTRAL SICREDI SUL/SUDESTE;105.0 Hora(s);6d20h46m;14/11/2023 11:15:49;ALIENAR O BEM;1h00m;14/11/2023 11:15:01;14/11/2023 11:15:49;Paola dos Santos Lima;0h00m
0000357623;13/11/2023 15:11:14;" EDUARDO DO PRADO";" Pagamento de crédito";" 258- AQUISIÇÃO E REEMBOLSO-MÓVEL COM REGISTRO";018.995.930-47;" ANDRES AGUSTINHO AURELIO";010342/0329-00;;" Concluído";021709;Itatiba do Sul;104;SICREDI UNIESTADOS;104;SUREG Erechim RS;CENTRAL SICREDI SUL/SUDESTE;105.0 Hora(s);6d20h46m;14/11/2023 11:15:01;FINALIZAR CADASTRO DO BEM;1h00m;14/11/2023 11:14:57;14/11/2023 11:15:01;Paola dos Santos Lima;0h01m
0000357623;13/11/2023 15:11:14;" EDUARDO DO PRADO";" Pagamento de crédito";" 258- AQUISIÇÃO E REEMBOLSO-MÓVEL COM REGISTRO";018.995.930-47;" ANDRES AGUSTINHO AURELIO";010342/0329-00;;" Concluído";021709;Itatiba do Sul;104;SICREDI UNIESTADOS;104;SUREG Erechim RS;CENTRAL SICREDI SUL/SUDESTE;105.0 Hora(s);6d20h46m;14/11/2023 11:14:57;ANÁLISE DE DOCUMENTOS 1ª ETAPA;18h00m;13/11/2023 15:07:07;14/11/2023 11:14:57;Paola dos Santos Lima;0h04m
0000357623;13/11/2023 15:11:14;" EDUARDO DO PRADO";" Pagamento de crédito";" 258- AQUISIÇÃO E REEMBOLSO-MÓVEL COM REGISTRO";018.995.930-47;" ANDRES AGUSTINHO AURELIO";010342/0329-00;;" Concluído";021709;Itatiba do Sul;104;SICREDI UNIESTADOS;104;SUREG Erechim RS;CENTRAL SICREDI SUL/SUDESTE;105.0 Hora(s);6d20h46m;13/11/2023 15:07:07;ENVIAR DOCUMENTOS;1d21h00m;13/11/2023 15:01:56;13/11/2023 15:07:07;EDUARDO DO PRADO;0h00m
0000357623;13/11/2023 15:11:14;" EDUARDO DO PRADO";" Pagamento de crédito";" 258- AQUISIÇÃO E REEMBOLSO-MÓVEL COM REGISTRO";018.995.930-47;" ANDRES AGUSTINHO AURELIO";010342/0329-00;;" Concluído";021709;Itatiba do Sul;104;SICREDI UNIESTADOS;104;SUREG Erechim RS;CENTRAL SICREDI SUL/SUDESTE;105.0 Hora(s);6d20h46m;13/11/2023 15:01:56;AUTORIZAÇÃO DE FATURAMENTO;0h00m;13/11/2023 15:01:49;13/11/2023 15:01:56;;0h00m
0000357623;13/11/2023 15:11:14;" EDUARDO DO PRADO";" Pagamento de crédito";" 258- AQUISIÇÃO E REEMBOLSO-MÓVEL COM REGISTRO";018.995.930-47;" ANDRES AGUSTINHO AURELIO";010342/0329-00;;" Concluído";021709;Itatiba do Sul;104;SICREDI UNIESTADOS;104;SUREG Erechim RS;CENTRAL SICREDI SUL/SUDESTE;105.0 Hora(s);6d20h46m;20/11/2023 11:47:27;;;;;;
0000357623;13/11/2023 15:11:14;" EDUARDO DO PRADO";" Pagamento de crédito";" 258- AQUISIÇÃO E REEMBOLSO-MÓVEL COM REGISTRO";018.995.930-47;" ANDRES AGUSTINHO AURELIO";010342/0329-00;;" Concluído";021709;Itatiba do Sul;104;SICREDI UNIESTADOS;104;SUREG Erechim RS;CENTRAL SICREDI SUL/SUDESTE;105.0 Hora(s);6d20h46m;18/11/2023 16:29:24;;;;;;
0000357623;13/11/2023 15:11:14;" EDUARDO DO PRADO";" Pagamento de crédito";" 258- AQUISIÇÃO E REEMBOLSO-MÓVEL COM REGISTRO";018.995.930-47;" ANDRES AGUSTINHO AURELIO";010342/0329-00;;" Concluído";021709;Itatiba do Sul;104;SICREDI UNIESTADOS;104;SUREG Erechim RS;CENTRAL SICREDI SUL/SUDESTE;105.0 Hora(s);6d20h46m;18/11/2023 16:29:19;;;;;;
0000357623;13/11/2023 15:11:14;" EDUARDO DO PRADO";" Pagamento de crédito";" 258- AQUISIÇÃO E REEMBOLSO-MÓVEL COM REGISTRO";018.995.930-47;" ANDRES AGUSTINHO AURELIO";010342/0329-00;;" Concluído";021709;Itatiba do Sul;104;SICREDI UNIESTADOS;104;SUREG Erechim RS;CENTRAL SICREDI SUL/SUDESTE;105.0 Hora(s);6d20h46m;18/11/2023 16:28:30;;;;;;
0000357623;13/11/2023 15:11:14;" EDUARDO DO PRADO";" Pagamento de crédito";" 258- AQUISIÇÃO E REEMBOLSO-MÓVEL COM REGISTRO";018.995.930-47;" ANDRES AGUSTINHO AURELIO";010342/0329-00;;" Concluído";021709;Itatiba do Sul;104;SICREDI UNIESTADOS;104;SUREG Erechim RS;CENTRAL SICREDI SUL/SUDESTE;105.0 Hora(s);6d20h46m;17/11/2023 15:32:50;;;;;;
0000357623;13/11/2023 15:11:14;" EDUARDO DO PRADO";" Pagamento de crédito";" 258- AQUISIÇÃO E REEMBOLSO-MÓVEL COM REGISTRO";018.995.930-47;" ANDRES AGUSTINHO AURELIO";010342/0329-00;;" Concluído";021709;Itatiba do Sul;104;SICREDI UNIESTADOS;104;SUREG Erechim RS;CENTRAL SICREDI SUL/SUDESTE;105.0 Hora(s);6d20h46m;14/11/2023 11:15:56;;;;;;
0000357623;13/11/2023 15:11:14;" EDUARDO DO PRADO";" Pagamento de crédito";" 258- AQUISIÇÃO E REEMBOLSO-MÓVEL COM REGISTRO";018.995.930-47;" ANDRES AGUSTINHO AURELIO";010342/0329-00;;" Concluído";021709;Itatiba do Sul;104;SICREDI UNIESTADOS;104;SUREG Erechim RS;CENTRAL SICREDI SUL/SUDESTE;105.0 Hora(s);6d20h46m;14/11/2023 11:15:49;;;;;;
0000357623;13/11/2023 15:11:14;" EDUARDO DO PRADO";" Pagamento de crédito";" 258- AQUISIÇÃO E REEMBOLSO-MÓVEL COM REGISTRO";018.995.930-47;" ANDRES AGUSTINHO AURELIO";010342/0329-00;;" Concluído";021709;Itatiba do Sul;104;SICREDI UNIESTADOS;104;SUREG Erechim RS;CENTRAL SICREDI SUL/SUDESTE;105.0 Hora(s);6d20h46m;14/11/2023 11:15:01;;;;;;
0000357623;13/11/2023 15:11:14;" EDUARDO DO PRADO";" Pagamento de crédito";" 258- AQUISIÇÃO E REEMBOLSO-MÓVEL COM REGISTRO";018.995.930-47;" ANDRES AGUSTINHO AURELIO";010342/0329-00;;" Concluído";021709;Itatiba do Sul;104;SICREDI UNIESTADOS;104;SUREG Erechim RS;CENTRAL SICREDI SUL/SUDESTE;105.0 Hora(s);6d20h46m;14/11/2023 11:14:57;;;;;;
0000357623;13/11/2023 15:11:14;" EDUARDO DO PRADO";" Pagamento de crédito";" 258- AQUISIÇÃO E REEMBOLSO-MÓVEL COM REGISTRO";018.995.930-47;" ANDRES AGUSTINHO AURELIO";010342/0329-00;;" Concluído";021709;Itatiba do Sul;104;SICREDI UNIESTADOS;104;SUREG Erechim RS;CENTRAL SICREDI SUL/SUDESTE;105.0 Hora(s);6d20h46m;13/11/2023 15:07:07;;;;;;
0000357623;13/11/2023 15:11:14;" EDUARDO DO PRADO";" Pagamento de crédito";" 258- AQUISIÇÃO E REEMBOLSO-MÓVEL COM REGISTRO";018.995.930-47;" ANDRES AGUSTINHO AURELIO";010342/0329-00;;" Concluído";021709;Itatiba do Sul;104;SICREDI UNIESTADOS;104;SUREG Erechim RS;CENTRAL SICREDI SUL/SUDESTE;105.0 Hora(s);6d20h46m;13/11/2023 15:01:56;;;;;;
