﻿ID_Processo7;DT_Solicitacao8;NM_Usuario_Solicitacao8;NM_Tipo_Processo8;NM_Processo8;CD_Inscricao_Nacional8;NM_Pessoa8;Usuário;Grupo_Cota_Outros8;ST_Status8;CD_Comissionado2;NM_Fantasia_Comissionado2;CD_Tipo_Ponto_Venda3;NM_Fantasia_Ponto_Venda2;CD_Tipo_Ponto_Venda4;NM_Tipo_Ponto_Venda2;NM_Filial_Venda2;Nivel_Servico8;Tempo_Processo8;DH_Conclusao8;NM_Atividade1;Nivel_Servico_Atividade1;DT_Inicio_Atividade1;DT_Fim_Atividade1;NM_Usuario_Atividade1;Tempo_Processo_Atividade1
0000357749;14/11/2023 09:11:40;" WESLEY LUCAS DA SILVA PEREIRA";" Pagamento de crédito";" 299 - PAGAMENTO EM ESPÉCIE-MÓVEIS";003.198.219-00;" IVAN ZANARDO";010357/0218-00;;" Concluído";021727;Joaçaba;104;SICREDI UNIESTADOS;104;SUREG Erechim RS;CENTRAL SICREDI SUL/SUDESTE;28.0 Hora(s);2d1h46m;16/11/2023 11:38:19;LIBERAR PAGAMENTO;0h00m;16/11/2023 10:43:36;16/11/2023 11:38:19;Kelen Hahn Paulo;0h00m
0000357749;14/11/2023 09:11:40;" WESLEY LUCAS DA SILVA PEREIRA";" Pagamento de crédito";" 299 - PAGAMENTO EM ESPÉCIE-MÓVEIS";003.198.219-00;" IVAN ZANARDO";010357/0218-00;;" Concluído";021727;Joaçaba;104;SICREDI UNIESTADOS;104;SUREG Erechim RS;CENTRAL SICREDI SUL/SUDESTE;28.0 Hora(s);2d1h46m;16/11/2023 10:43:35;APROVAR PAGAMENTO;1h00m;16/11/2023 10:43:14;16/11/2023 10:43:35;LARISSA JAENISCH DUTRA PINTO;0h00m
0000357749;14/11/2023 09:11:40;" WESLEY LUCAS DA SILVA PEREIRA";" Pagamento de crédito";" 299 - PAGAMENTO EM ESPÉCIE-MÓVEIS";003.198.219-00;" IVAN ZANARDO";010357/0218-00;;" Concluído";021727;Joaçaba;104;SICREDI UNIESTADOS;104;SUREG Erechim RS;CENTRAL SICREDI SUL/SUDESTE;28.0 Hora(s);2d1h46m;16/11/2023 10:43:14;ANALISAR DOCUMENTOS ESPECIE;18h00m;14/11/2023 14:31:34;16/11/2023 10:43:14;LARISSA JAENISCH DUTRA PINTO;0h01m
0000357749;14/11/2023 09:11:40;" WESLEY LUCAS DA SILVA PEREIRA";" Pagamento de crédito";" 299 - PAGAMENTO EM ESPÉCIE-MÓVEIS";003.198.219-00;" IVAN ZANARDO";010357/0218-00;;" Concluído";021727;Joaçaba;104;SICREDI UNIESTADOS;104;SUREG Erechim RS;CENTRAL SICREDI SUL/SUDESTE;28.0 Hora(s);2d1h46m;14/11/2023 14:31:34;ENVIAR DOCUMENTOS;1h00m;14/11/2023 09:53:04;14/11/2023 14:31:34;WESLEY LUCAS DA SILVA PEREIRA;0h00m
0000357749;14/11/2023 09:11:40;" WESLEY LUCAS DA SILVA PEREIRA";" Pagamento de crédito";" 299 - PAGAMENTO EM ESPÉCIE-MÓVEIS";003.198.219-00;" IVAN ZANARDO";010357/0218-00;;" Concluído";021727;Joaçaba;104;SICREDI UNIESTADOS;104;SUREG Erechim RS;CENTRAL SICREDI SUL/SUDESTE;28.0 Hora(s);2d1h46m;14/11/2023 09:53:03;EMISSÃO SOLICITAÇÃO DE PAGAMENTO;1d21h00m;14/11/2023 09:52:31;14/11/2023 09:53:03;WESLEY LUCAS DA SILVA PEREIRA;0h00m
0000357749;14/11/2023 09:11:40;" WESLEY LUCAS DA SILVA PEREIRA";" Pagamento de crédito";" 299 - PAGAMENTO EM ESPÉCIE-MÓVEIS";003.198.219-00;" IVAN ZANARDO";010357/0218-00;;" Concluído";021727;Joaçaba;104;SICREDI UNIESTADOS;104;SUREG Erechim RS;CENTRAL SICREDI SUL/SUDESTE;28.0 Hora(s);2d1h46m;16/11/2023 11:38:19;;;;;;
0000357749;14/11/2023 09:11:40;" WESLEY LUCAS DA SILVA PEREIRA";" Pagamento de crédito";" 299 - PAGAMENTO EM ESPÉCIE-MÓVEIS";003.198.219-00;" IVAN ZANARDO";010357/0218-00;;" Concluído";021727;Joaçaba;104;SICREDI UNIESTADOS;104;SUREG Erechim RS;CENTRAL SICREDI SUL/SUDESTE;28.0 Hora(s);2d1h46m;16/11/2023 10:43:35;;;;;;
0000357749;14/11/2023 09:11:40;" WESLEY LUCAS DA SILVA PEREIRA";" Pagamento de crédito";" 299 - PAGAMENTO EM ESPÉCIE-MÓVEIS";003.198.219-00;" IVAN ZANARDO";010357/0218-00;;" Concluído";021727;Joaçaba;104;SICREDI UNIESTADOS;104;SUREG Erechim RS;CENTRAL SICREDI SUL/SUDESTE;28.0 Hora(s);2d1h46m;16/11/2023 10:43:14;;;;;;
0000357749;14/11/2023 09:11:40;" WESLEY LUCAS DA SILVA PEREIRA";" Pagamento de crédito";" 299 - PAGAMENTO EM ESPÉCIE-MÓVEIS";003.198.219-00;" IVAN ZANARDO";010357/0218-00;;" Concluído";021727;Joaçaba;104;SICREDI UNIESTADOS;104;SUREG Erechim RS;CENTRAL SICREDI SUL/SUDESTE;28.0 Hora(s);2d1h46m;14/11/2023 14:31:34;;;;;;
0000357749;14/11/2023 09:11:40;" WESLEY LUCAS DA SILVA PEREIRA";" Pagamento de crédito";" 299 - PAGAMENTO EM ESPÉCIE-MÓVEIS";003.198.219-00;" IVAN ZANARDO";010357/0218-00;;" Concluído";021727;Joaçaba;104;SICREDI UNIESTADOS;104;SUREG Erechim RS;CENTRAL SICREDI SUL/SUDESTE;28.0 Hora(s);2d1h46m;14/11/2023 09:53:03;;;;;;
