﻿ID_Processo7;DT_Solicitacao8;NM_Usuario_Solicitacao8;NM_Tipo_Processo8;NM_Processo8;CD_Inscricao_Nacional8;NM_Pessoa8;Usuário;Grupo_Cota_Outros8;ST_Status8;CD_Comissionado2;NM_Fantasia_Comissionado2;CD_Tipo_Ponto_Venda3;NM_Fantasia_Ponto_Venda2;CD_Tipo_Ponto_Venda4;NM_Tipo_Ponto_Venda2;NM_Filial_Venda2;Nivel_Servico8;Tempo_Processo8;DH_Conclusao8;NM_Atividade1;Nivel_Servico_Atividade1;DT_Inicio_Atividade1;DT_Fim_Atividade1;NM_Usuario_Atividade1;Tempo_Processo_Atividade1
0000355151;06/11/2023 09:11:59;" LUCAS DA SILVA ESTANISLAU";" Pagamento de crédito";" 258- AQUISIÇÃO E REEMBOLSO-MÓVEL COM REGISTRO";02.037.327/0001-63;" CAUNETO COMBUSTIVEIS LTDA";010375/0130-00;"010384/0037-00&#x0D;
010422/0374-00";" Concluído";072605;Palotina;207;SICREDI VALE DO PIQUIRI ABCD P;207;SUREG Vale do Piquiri PR;CENTRAL SICREDI PR/SP/RJ;105.0 Hora(s);1d7h33m;07/11/2023 17:00:53;LIBERAR PAGAMENTOS;0h00m;07/11/2023 15:56:37;07/11/2023 17:00:53;Kelen Hahn Paulo;0h00m
0000355151;06/11/2023 09:11:59;" LUCAS DA SILVA ESTANISLAU";" Pagamento de crédito";" 258- AQUISIÇÃO E REEMBOLSO-MÓVEL COM REGISTRO";02.037.327/0001-63;" CAUNETO COMBUSTIVEIS LTDA";010375/0130-00;"010384/0037-00&#x0D;
010422/0374-00";" Concluído";072605;Palotina;207;SICREDI VALE DO PIQUIRI ABCD P;207;SUREG Vale do Piquiri PR;CENTRAL SICREDI PR/SP/RJ;105.0 Hora(s);1d7h33m;07/11/2023 15:56:37;APROVAR PAGAMENTO;1h00m;07/11/2023 15:56:31;07/11/2023 15:56:37;KELLY DA ROCHA KASPER;0h00m
0000355151;06/11/2023 09:11:59;" LUCAS DA SILVA ESTANISLAU";" Pagamento de crédito";" 258- AQUISIÇÃO E REEMBOLSO-MÓVEL COM REGISTRO";02.037.327/0001-63;" CAUNETO COMBUSTIVEIS LTDA";010375/0130-00;"010384/0037-00&#x0D;
010422/0374-00";" Concluído";072605;Palotina;207;SICREDI VALE DO PIQUIRI ABCD P;207;SUREG Vale do Piquiri PR;CENTRAL SICREDI PR/SP/RJ;105.0 Hora(s);1d7h33m;07/11/2023 15:56:31;PROGRAMAR PAGAMENTO;1h00m;07/11/2023 15:55:25;07/11/2023 15:56:31;KELLY DA ROCHA KASPER;0h01m
0000355151;06/11/2023 09:11:59;" LUCAS DA SILVA ESTANISLAU";" Pagamento de crédito";" 258- AQUISIÇÃO E REEMBOLSO-MÓVEL COM REGISTRO";02.037.327/0001-63;" CAUNETO COMBUSTIVEIS LTDA";010375/0130-00;"010384/0037-00&#x0D;
010422/0374-00";" Concluído";072605;Palotina;207;SICREDI VALE DO PIQUIRI ABCD P;207;SUREG Vale do Piquiri PR;CENTRAL SICREDI PR/SP/RJ;105.0 Hora(s);1d7h33m;07/11/2023 15:55:24;ANALISAR DOCUMENTOS PARA LIBERAÇÃO 2ª ETAPA;18h00m;07/11/2023 09:55:35;07/11/2023 15:55:24;KELLY DA ROCHA KASPER;0h06m
0000355151;06/11/2023 09:11:59;" LUCAS DA SILVA ESTANISLAU";" Pagamento de crédito";" 258- AQUISIÇÃO E REEMBOLSO-MÓVEL COM REGISTRO";02.037.327/0001-63;" CAUNETO COMBUSTIVEIS LTDA";010375/0130-00;"010384/0037-00&#x0D;
010422/0374-00";" Concluído";072605;Palotina;207;SICREDI VALE DO PIQUIRI ABCD P;207;SUREG Vale do Piquiri PR;CENTRAL SICREDI PR/SP/RJ;105.0 Hora(s);1d7h33m;07/11/2023 09:55:35;EMITIR DOCUMENTOS PARA LIBERAÇÃO;18h00m;06/11/2023 15:32:10;07/11/2023 09:55:35;LUCAS DA SILVA ESTANISLAU;0h00m
0000355151;06/11/2023 09:11:59;" LUCAS DA SILVA ESTANISLAU";" Pagamento de crédito";" 258- AQUISIÇÃO E REEMBOLSO-MÓVEL COM REGISTRO";02.037.327/0001-63;" CAUNETO COMBUSTIVEIS LTDA";010375/0130-00;"010384/0037-00&#x0D;
010422/0374-00";" Concluído";072605;Palotina;207;SICREDI VALE DO PIQUIRI ABCD P;207;SUREG Vale do Piquiri PR;CENTRAL SICREDI PR/SP/RJ;105.0 Hora(s);1d7h33m;06/11/2023 15:32:09;REGISTRAR CONTRATO MANUALMENTE;1h00m;06/11/2023 15:31:32;06/11/2023 15:32:09;Bianca Peck Berwanger;0h00m
0000355151;06/11/2023 09:11:59;" LUCAS DA SILVA ESTANISLAU";" Pagamento de crédito";" 258- AQUISIÇÃO E REEMBOLSO-MÓVEL COM REGISTRO";02.037.327/0001-63;" CAUNETO COMBUSTIVEIS LTDA";010375/0130-00;"010384/0037-00&#x0D;
010422/0374-00";" Concluído";072605;Palotina;207;SICREDI VALE DO PIQUIRI ABCD P;207;SUREG Vale do Piquiri PR;CENTRAL SICREDI PR/SP/RJ;105.0 Hora(s);1d7h33m;06/11/2023 15:31:32;ALIENAR O BEM;1h00m;06/11/2023 15:28:54;06/11/2023 15:31:32;Bianca Peck Berwanger;0h02m
0000355151;06/11/2023 09:11:59;" LUCAS DA SILVA ESTANISLAU";" Pagamento de crédito";" 258- AQUISIÇÃO E REEMBOLSO-MÓVEL COM REGISTRO";02.037.327/0001-63;" CAUNETO COMBUSTIVEIS LTDA";010375/0130-00;"010384/0037-00&#x0D;
010422/0374-00";" Concluído";072605;Palotina;207;SICREDI VALE DO PIQUIRI ABCD P;207;SUREG Vale do Piquiri PR;CENTRAL SICREDI PR/SP/RJ;105.0 Hora(s);1d7h33m;06/11/2023 15:28:54;FINALIZAR CADASTRO DO BEM;1h00m;06/11/2023 15:28:33;06/11/2023 15:28:54;Bianca Peck Berwanger;0h00m
0000355151;06/11/2023 09:11:59;" LUCAS DA SILVA ESTANISLAU";" Pagamento de crédito";" 258- AQUISIÇÃO E REEMBOLSO-MÓVEL COM REGISTRO";02.037.327/0001-63;" CAUNETO COMBUSTIVEIS LTDA";010375/0130-00;"010384/0037-00&#x0D;
010422/0374-00";" Concluído";072605;Palotina;207;SICREDI VALE DO PIQUIRI ABCD P;207;SUREG Vale do Piquiri PR;CENTRAL SICREDI PR/SP/RJ;105.0 Hora(s);1d7h33m;06/11/2023 15:28:32;ANÁLISE DE DOCUMENTOS 1ª ETAPA;18h00m;06/11/2023 09:43:59;06/11/2023 15:28:32;Bianca Peck Berwanger;0h24m
0000355151;06/11/2023 09:11:59;" LUCAS DA SILVA ESTANISLAU";" Pagamento de crédito";" 258- AQUISIÇÃO E REEMBOLSO-MÓVEL COM REGISTRO";02.037.327/0001-63;" CAUNETO COMBUSTIVEIS LTDA";010375/0130-00;"010384/0037-00&#x0D;
010422/0374-00";" Concluído";072605;Palotina;207;SICREDI VALE DO PIQUIRI ABCD P;207;SUREG Vale do Piquiri PR;CENTRAL SICREDI PR/SP/RJ;105.0 Hora(s);1d7h33m;06/11/2023 09:43:59;ENVIAR DOCUMENTOS;1d21h00m;06/11/2023 09:27:26;06/11/2023 09:43:59;LUCAS DA SILVA ESTANISLAU;0h00m
0000355151;06/11/2023 09:11:59;" LUCAS DA SILVA ESTANISLAU";" Pagamento de crédito";" 258- AQUISIÇÃO E REEMBOLSO-MÓVEL COM REGISTRO";02.037.327/0001-63;" CAUNETO COMBUSTIVEIS LTDA";010375/0130-00;"010384/0037-00&#x0D;
010422/0374-00";" Concluído";072605;Palotina;207;SICREDI VALE DO PIQUIRI ABCD P;207;SUREG Vale do Piquiri PR;CENTRAL SICREDI PR/SP/RJ;105.0 Hora(s);1d7h33m;06/11/2023 09:27:26;AUTORIZAÇÃO DE FATURAMENTO;0h00m;06/11/2023 09:27:03;06/11/2023 09:27:26;;0h00m
0000355151;06/11/2023 09:11:59;" LUCAS DA SILVA ESTANISLAU";" Pagamento de crédito";" 258- AQUISIÇÃO E REEMBOLSO-MÓVEL COM REGISTRO";02.037.327/0001-63;" CAUNETO COMBUSTIVEIS LTDA";010375/0130-00;"010384/0037-00&#x0D;
010422/0374-00";" Concluído";072605;Palotina;207;SICREDI VALE DO PIQUIRI ABCD P;207;SUREG Vale do Piquiri PR;CENTRAL SICREDI PR/SP/RJ;105.0 Hora(s);1d7h33m;07/11/2023 17:00:53;;;;;;
0000355151;06/11/2023 09:11:59;" LUCAS DA SILVA ESTANISLAU";" Pagamento de crédito";" 258- AQUISIÇÃO E REEMBOLSO-MÓVEL COM REGISTRO";02.037.327/0001-63;" CAUNETO COMBUSTIVEIS LTDA";010375/0130-00;"010384/0037-00&#x0D;
010422/0374-00";" Concluído";072605;Palotina;207;SICREDI VALE DO PIQUIRI ABCD P;207;SUREG Vale do Piquiri PR;CENTRAL SICREDI PR/SP/RJ;105.0 Hora(s);1d7h33m;07/11/2023 15:56:37;;;;;;
0000355151;06/11/2023 09:11:59;" LUCAS DA SILVA ESTANISLAU";" Pagamento de crédito";" 258- AQUISIÇÃO E REEMBOLSO-MÓVEL COM REGISTRO";02.037.327/0001-63;" CAUNETO COMBUSTIVEIS LTDA";010375/0130-00;"010384/0037-00&#x0D;
010422/0374-00";" Concluído";072605;Palotina;207;SICREDI VALE DO PIQUIRI ABCD P;207;SUREG Vale do Piquiri PR;CENTRAL SICREDI PR/SP/RJ;105.0 Hora(s);1d7h33m;07/11/2023 15:56:31;;;;;;
0000355151;06/11/2023 09:11:59;" LUCAS DA SILVA ESTANISLAU";" Pagamento de crédito";" 258- AQUISIÇÃO E REEMBOLSO-MÓVEL COM REGISTRO";02.037.327/0001-63;" CAUNETO COMBUSTIVEIS LTDA";010375/0130-00;"010384/0037-00&#x0D;
010422/0374-00";" Concluído";072605;Palotina;207;SICREDI VALE DO PIQUIRI ABCD P;207;SUREG Vale do Piquiri PR;CENTRAL SICREDI PR/SP/RJ;105.0 Hora(s);1d7h33m;07/11/2023 15:55:24;;;;;;
0000355151;06/11/2023 09:11:59;" LUCAS DA SILVA ESTANISLAU";" Pagamento de crédito";" 258- AQUISIÇÃO E REEMBOLSO-MÓVEL COM REGISTRO";02.037.327/0001-63;" CAUNETO COMBUSTIVEIS LTDA";010375/0130-00;"010384/0037-00&#x0D;
010422/0374-00";" Concluído";072605;Palotina;207;SICREDI VALE DO PIQUIRI ABCD P;207;SUREG Vale do Piquiri PR;CENTRAL SICREDI PR/SP/RJ;105.0 Hora(s);1d7h33m;07/11/2023 09:55:35;;;;;;
0000355151;06/11/2023 09:11:59;" LUCAS DA SILVA ESTANISLAU";" Pagamento de crédito";" 258- AQUISIÇÃO E REEMBOLSO-MÓVEL COM REGISTRO";02.037.327/0001-63;" CAUNETO COMBUSTIVEIS LTDA";010375/0130-00;"010384/0037-00&#x0D;
010422/0374-00";" Concluído";072605;Palotina;207;SICREDI VALE DO PIQUIRI ABCD P;207;SUREG Vale do Piquiri PR;CENTRAL SICREDI PR/SP/RJ;105.0 Hora(s);1d7h33m;06/11/2023 15:32:09;;;;;;
0000355151;06/11/2023 09:11:59;" LUCAS DA SILVA ESTANISLAU";" Pagamento de crédito";" 258- AQUISIÇÃO E REEMBOLSO-MÓVEL COM REGISTRO";02.037.327/0001-63;" CAUNETO COMBUSTIVEIS LTDA";010375/0130-00;"010384/0037-00&#x0D;
010422/0374-00";" Concluído";072605;Palotina;207;SICREDI VALE DO PIQUIRI ABCD P;207;SUREG Vale do Piquiri PR;CENTRAL SICREDI PR/SP/RJ;105.0 Hora(s);1d7h33m;06/11/2023 15:31:32;;;;;;
0000355151;06/11/2023 09:11:59;" LUCAS DA SILVA ESTANISLAU";" Pagamento de crédito";" 258- AQUISIÇÃO E REEMBOLSO-MÓVEL COM REGISTRO";02.037.327/0001-63;" CAUNETO COMBUSTIVEIS LTDA";010375/0130-00;"010384/0037-00&#x0D;
010422/0374-00";" Concluído";072605;Palotina;207;SICREDI VALE DO PIQUIRI ABCD P;207;SUREG Vale do Piquiri PR;CENTRAL SICREDI PR/SP/RJ;105.0 Hora(s);1d7h33m;06/11/2023 15:28:54;;;;;;
0000355151;06/11/2023 09:11:59;" LUCAS DA SILVA ESTANISLAU";" Pagamento de crédito";" 258- AQUISIÇÃO E REEMBOLSO-MÓVEL COM REGISTRO";02.037.327/0001-63;" CAUNETO COMBUSTIVEIS LTDA";010375/0130-00;"010384/0037-00&#x0D;
010422/0374-00";" Concluído";072605;Palotina;207;SICREDI VALE DO PIQUIRI ABCD P;207;SUREG Vale do Piquiri PR;CENTRAL SICREDI PR/SP/RJ;105.0 Hora(s);1d7h33m;06/11/2023 15:28:32;;;;;;
0000355151;06/11/2023 09:11:59;" LUCAS DA SILVA ESTANISLAU";" Pagamento de crédito";" 258- AQUISIÇÃO E REEMBOLSO-MÓVEL COM REGISTRO";02.037.327/0001-63;" CAUNETO COMBUSTIVEIS LTDA";010375/0130-00;"010384/0037-00&#x0D;
010422/0374-00";" Concluído";072605;Palotina;207;SICREDI VALE DO PIQUIRI ABCD P;207;SUREG Vale do Piquiri PR;CENTRAL SICREDI PR/SP/RJ;105.0 Hora(s);1d7h33m;06/11/2023 09:43:59;;;;;;
0000355151;06/11/2023 09:11:59;" LUCAS DA SILVA ESTANISLAU";" Pagamento de crédito";" 258- AQUISIÇÃO E REEMBOLSO-MÓVEL COM REGISTRO";02.037.327/0001-63;" CAUNETO COMBUSTIVEIS LTDA";010375/0130-00;"010384/0037-00&#x0D;
010422/0374-00";" Concluído";072605;Palotina;207;SICREDI VALE DO PIQUIRI ABCD P;207;SUREG Vale do Piquiri PR;CENTRAL SICREDI PR/SP/RJ;105.0 Hora(s);1d7h33m;06/11/2023 09:27:26;;;;;;
