﻿ID_Processo7;DT_Solicitacao8;NM_Usuario_Solicitacao8;NM_Tipo_Processo8;NM_Processo8;CD_Inscricao_Nacional8;NM_Pessoa8;Usuário;Grupo_Cota_Outros8;ST_Status8;CD_Comissionado2;NM_Fantasia_Comissionado2;CD_Tipo_Ponto_Venda3;NM_Fantasia_Ponto_Venda2;CD_Tipo_Ponto_Venda4;NM_Tipo_Ponto_Venda2;NM_Filial_Venda2;Nivel_Servico8;Tempo_Processo8;DH_Conclusao8;NM_Atividade1;Nivel_Servico_Atividade1;DT_Inicio_Atividade1;DT_Fim_Atividade1;NM_Usuario_Atividade1;Tempo_Processo_Atividade1
0000355867;08/11/2023 10:11:50;" Simone Aparecida Sulenta";" Pagamento de crédito";" 258- AQUISIÇÃO E REEMBOLSO-MÓVEL COM REGISTRO";493.488.250-20;" GIOVANI BORDIGNON DALLAGASPARINA";010372/0068-00;;" Concluído";021708;Erval Grande;104;SICREDI UNIESTADOS;104;SUREG Erechim RS;CENTRAL SICREDI SUL/SUDESTE;105.0 Hora(s);8d5h04m;16/11/2023 15:40:39;LIBERAR PAGAMENTOS;0h00m;16/11/2023 14:53:27;16/11/2023 15:40:39;Kelen Hahn Paulo;0h00m
0000355867;08/11/2023 10:11:50;" Simone Aparecida Sulenta";" Pagamento de crédito";" 258- AQUISIÇÃO E REEMBOLSO-MÓVEL COM REGISTRO";493.488.250-20;" GIOVANI BORDIGNON DALLAGASPARINA";010372/0068-00;;" Concluído";021708;Erval Grande;104;SICREDI UNIESTADOS;104;SUREG Erechim RS;CENTRAL SICREDI SUL/SUDESTE;105.0 Hora(s);8d5h04m;16/11/2023 14:53:27;APROVAR PAGAMENTO;1h00m;16/11/2023 14:53:23;16/11/2023 14:53:27;LARISSA JAENISCH DUTRA PINTO;0h00m
0000355867;08/11/2023 10:11:50;" Simone Aparecida Sulenta";" Pagamento de crédito";" 258- AQUISIÇÃO E REEMBOLSO-MÓVEL COM REGISTRO";493.488.250-20;" GIOVANI BORDIGNON DALLAGASPARINA";010372/0068-00;;" Concluído";021708;Erval Grande;104;SICREDI UNIESTADOS;104;SUREG Erechim RS;CENTRAL SICREDI SUL/SUDESTE;105.0 Hora(s);8d5h04m;16/11/2023 14:53:23;PROGRAMAR PAGAMENTO;1h00m;16/11/2023 14:53:02;16/11/2023 14:53:23;LARISSA JAENISCH DUTRA PINTO;0h00m
0000355867;08/11/2023 10:11:50;" Simone Aparecida Sulenta";" Pagamento de crédito";" 258- AQUISIÇÃO E REEMBOLSO-MÓVEL COM REGISTRO";493.488.250-20;" GIOVANI BORDIGNON DALLAGASPARINA";010372/0068-00;;" Concluído";021708;Erval Grande;104;SICREDI UNIESTADOS;104;SUREG Erechim RS;CENTRAL SICREDI SUL/SUDESTE;105.0 Hora(s);8d5h04m;16/11/2023 14:53:02;ANALISAR DOCUMENTOS PARA LIBERAÇÃO 2ª ETAPA;18h00m;16/11/2023 09:54:13;16/11/2023 14:53:02;LARISSA JAENISCH DUTRA PINTO;0h02m
0000355867;08/11/2023 10:11:50;" Simone Aparecida Sulenta";" Pagamento de crédito";" 258- AQUISIÇÃO E REEMBOLSO-MÓVEL COM REGISTRO";493.488.250-20;" GIOVANI BORDIGNON DALLAGASPARINA";010372/0068-00;;" Concluído";021708;Erval Grande;104;SICREDI UNIESTADOS;104;SUREG Erechim RS;CENTRAL SICREDI SUL/SUDESTE;105.0 Hora(s);8d5h04m;16/11/2023 09:54:13;EMITIR DOCUMENTOS PARA LIBERAÇÃO;18h00m;10/11/2023 12:00:57;16/11/2023 09:54:13;Simone Aparecida Sulenta;0h00m
0000355867;08/11/2023 10:11:50;" Simone Aparecida Sulenta";" Pagamento de crédito";" 258- AQUISIÇÃO E REEMBOLSO-MÓVEL COM REGISTRO";493.488.250-20;" GIOVANI BORDIGNON DALLAGASPARINA";010372/0068-00;;" Concluído";021708;Erval Grande;104;SICREDI UNIESTADOS;104;SUREG Erechim RS;CENTRAL SICREDI SUL/SUDESTE;105.0 Hora(s);8d5h04m;10/11/2023 12:00:57;REGISTRAR CONTRATO MANUALMENTE;1h00m;10/11/2023 12:00:53;10/11/2023 12:00:57;NICOLAS PAULO DE SOUSA CUNHA;0h00m
0000355867;08/11/2023 10:11:50;" Simone Aparecida Sulenta";" Pagamento de crédito";" 258- AQUISIÇÃO E REEMBOLSO-MÓVEL COM REGISTRO";493.488.250-20;" GIOVANI BORDIGNON DALLAGASPARINA";010372/0068-00;;" Concluído";021708;Erval Grande;104;SICREDI UNIESTADOS;104;SUREG Erechim RS;CENTRAL SICREDI SUL/SUDESTE;105.0 Hora(s);8d5h04m;10/11/2023 12:00:53;ALIENAR O BEM;1h00m;10/11/2023 11:59:46;10/11/2023 12:00:53;NICOLAS PAULO DE SOUSA CUNHA;0h01m
0000355867;08/11/2023 10:11:50;" Simone Aparecida Sulenta";" Pagamento de crédito";" 258- AQUISIÇÃO E REEMBOLSO-MÓVEL COM REGISTRO";493.488.250-20;" GIOVANI BORDIGNON DALLAGASPARINA";010372/0068-00;;" Concluído";021708;Erval Grande;104;SICREDI UNIESTADOS;104;SUREG Erechim RS;CENTRAL SICREDI SUL/SUDESTE;105.0 Hora(s);8d5h04m;10/11/2023 11:59:46;FINALIZAR CADASTRO DO BEM;1h00m;10/11/2023 11:59:39;10/11/2023 11:59:46;NICOLAS PAULO DE SOUSA CUNHA;0h00m
0000355867;08/11/2023 10:11:50;" Simone Aparecida Sulenta";" Pagamento de crédito";" 258- AQUISIÇÃO E REEMBOLSO-MÓVEL COM REGISTRO";493.488.250-20;" GIOVANI BORDIGNON DALLAGASPARINA";010372/0068-00;;" Concluído";021708;Erval Grande;104;SICREDI UNIESTADOS;104;SUREG Erechim RS;CENTRAL SICREDI SUL/SUDESTE;105.0 Hora(s);8d5h04m;10/11/2023 11:59:39;ANÁLISE DE DOCUMENTOS 1ª ETAPA;18h02m;10/11/2023 10:05:40;10/11/2023 11:59:39;NICOLAS PAULO DE SOUSA CUNHA;0h12m
0000355867;08/11/2023 10:11:50;" Simone Aparecida Sulenta";" Pagamento de crédito";" 258- AQUISIÇÃO E REEMBOLSO-MÓVEL COM REGISTRO";493.488.250-20;" GIOVANI BORDIGNON DALLAGASPARINA";010372/0068-00;;" Concluído";021708;Erval Grande;104;SICREDI UNIESTADOS;104;SUREG Erechim RS;CENTRAL SICREDI SUL/SUDESTE;105.0 Hora(s);8d5h04m;10/11/2023 10:05:40;REGULARIZAR DOCUMENTOS INICIAIS;0h00m;09/11/2023 15:54:59;10/11/2023 10:05:40;Simone Aparecida Sulenta;0h00m
0000355867;08/11/2023 10:11:50;" Simone Aparecida Sulenta";" Pagamento de crédito";" 258- AQUISIÇÃO E REEMBOLSO-MÓVEL COM REGISTRO";493.488.250-20;" GIOVANI BORDIGNON DALLAGASPARINA";010372/0068-00;;" Concluído";021708;Erval Grande;104;SICREDI UNIESTADOS;104;SUREG Erechim RS;CENTRAL SICREDI SUL/SUDESTE;105.0 Hora(s);8d5h04m;09/11/2023 15:54:59;ANÁLISE DE DOCUMENTOS 1ª ETAPA;18h02m;08/11/2023 10:39:22;09/11/2023 15:54:59;NICOLAS PAULO DE SOUSA CUNHA;0h12m
0000355867;08/11/2023 10:11:50;" Simone Aparecida Sulenta";" Pagamento de crédito";" 258- AQUISIÇÃO E REEMBOLSO-MÓVEL COM REGISTRO";493.488.250-20;" GIOVANI BORDIGNON DALLAGASPARINA";010372/0068-00;;" Concluído";021708;Erval Grande;104;SICREDI UNIESTADOS;104;SUREG Erechim RS;CENTRAL SICREDI SUL/SUDESTE;105.0 Hora(s);8d5h04m;08/11/2023 10:39:22;ENVIAR DOCUMENTOS;1d21h00m;08/11/2023 10:37:00;08/11/2023 10:39:22;Simone Aparecida Sulenta;0h00m
0000355867;08/11/2023 10:11:50;" Simone Aparecida Sulenta";" Pagamento de crédito";" 258- AQUISIÇÃO E REEMBOLSO-MÓVEL COM REGISTRO";493.488.250-20;" GIOVANI BORDIGNON DALLAGASPARINA";010372/0068-00;;" Concluído";021708;Erval Grande;104;SICREDI UNIESTADOS;104;SUREG Erechim RS;CENTRAL SICREDI SUL/SUDESTE;105.0 Hora(s);8d5h04m;08/11/2023 10:37:00;AUTORIZAÇÃO DE FATURAMENTO;0h00m;08/11/2023 10:36:40;08/11/2023 10:37:00;;0h00m
0000355867;08/11/2023 10:11:50;" Simone Aparecida Sulenta";" Pagamento de crédito";" 258- AQUISIÇÃO E REEMBOLSO-MÓVEL COM REGISTRO";493.488.250-20;" GIOVANI BORDIGNON DALLAGASPARINA";010372/0068-00;;" Concluído";021708;Erval Grande;104;SICREDI UNIESTADOS;104;SUREG Erechim RS;CENTRAL SICREDI SUL/SUDESTE;105.0 Hora(s);8d5h04m;16/11/2023 15:40:39;;;;;;
0000355867;08/11/2023 10:11:50;" Simone Aparecida Sulenta";" Pagamento de crédito";" 258- AQUISIÇÃO E REEMBOLSO-MÓVEL COM REGISTRO";493.488.250-20;" GIOVANI BORDIGNON DALLAGASPARINA";010372/0068-00;;" Concluído";021708;Erval Grande;104;SICREDI UNIESTADOS;104;SUREG Erechim RS;CENTRAL SICREDI SUL/SUDESTE;105.0 Hora(s);8d5h04m;16/11/2023 14:53:27;;;;;;
0000355867;08/11/2023 10:11:50;" Simone Aparecida Sulenta";" Pagamento de crédito";" 258- AQUISIÇÃO E REEMBOLSO-MÓVEL COM REGISTRO";493.488.250-20;" GIOVANI BORDIGNON DALLAGASPARINA";010372/0068-00;;" Concluído";021708;Erval Grande;104;SICREDI UNIESTADOS;104;SUREG Erechim RS;CENTRAL SICREDI SUL/SUDESTE;105.0 Hora(s);8d5h04m;16/11/2023 14:53:23;;;;;;
0000355867;08/11/2023 10:11:50;" Simone Aparecida Sulenta";" Pagamento de crédito";" 258- AQUISIÇÃO E REEMBOLSO-MÓVEL COM REGISTRO";493.488.250-20;" GIOVANI BORDIGNON DALLAGASPARINA";010372/0068-00;;" Concluído";021708;Erval Grande;104;SICREDI UNIESTADOS;104;SUREG Erechim RS;CENTRAL SICREDI SUL/SUDESTE;105.0 Hora(s);8d5h04m;16/11/2023 14:53:02;;;;;;
0000355867;08/11/2023 10:11:50;" Simone Aparecida Sulenta";" Pagamento de crédito";" 258- AQUISIÇÃO E REEMBOLSO-MÓVEL COM REGISTRO";493.488.250-20;" GIOVANI BORDIGNON DALLAGASPARINA";010372/0068-00;;" Concluído";021708;Erval Grande;104;SICREDI UNIESTADOS;104;SUREG Erechim RS;CENTRAL SICREDI SUL/SUDESTE;105.0 Hora(s);8d5h04m;16/11/2023 09:54:13;;;;;;
0000355867;08/11/2023 10:11:50;" Simone Aparecida Sulenta";" Pagamento de crédito";" 258- AQUISIÇÃO E REEMBOLSO-MÓVEL COM REGISTRO";493.488.250-20;" GIOVANI BORDIGNON DALLAGASPARINA";010372/0068-00;;" Concluído";021708;Erval Grande;104;SICREDI UNIESTADOS;104;SUREG Erechim RS;CENTRAL SICREDI SUL/SUDESTE;105.0 Hora(s);8d5h04m;10/11/2023 12:00:57;;;;;;
0000355867;08/11/2023 10:11:50;" Simone Aparecida Sulenta";" Pagamento de crédito";" 258- AQUISIÇÃO E REEMBOLSO-MÓVEL COM REGISTRO";493.488.250-20;" GIOVANI BORDIGNON DALLAGASPARINA";010372/0068-00;;" Concluído";021708;Erval Grande;104;SICREDI UNIESTADOS;104;SUREG Erechim RS;CENTRAL SICREDI SUL/SUDESTE;105.0 Hora(s);8d5h04m;10/11/2023 12:00:53;;;;;;
0000355867;08/11/2023 10:11:50;" Simone Aparecida Sulenta";" Pagamento de crédito";" 258- AQUISIÇÃO E REEMBOLSO-MÓVEL COM REGISTRO";493.488.250-20;" GIOVANI BORDIGNON DALLAGASPARINA";010372/0068-00;;" Concluído";021708;Erval Grande;104;SICREDI UNIESTADOS;104;SUREG Erechim RS;CENTRAL SICREDI SUL/SUDESTE;105.0 Hora(s);8d5h04m;10/11/2023 11:59:46;;;;;;
0000355867;08/11/2023 10:11:50;" Simone Aparecida Sulenta";" Pagamento de crédito";" 258- AQUISIÇÃO E REEMBOLSO-MÓVEL COM REGISTRO";493.488.250-20;" GIOVANI BORDIGNON DALLAGASPARINA";010372/0068-00;;" Concluído";021708;Erval Grande;104;SICREDI UNIESTADOS;104;SUREG Erechim RS;CENTRAL SICREDI SUL/SUDESTE;105.0 Hora(s);8d5h04m;10/11/2023 11:59:39;;;;;;
0000355867;08/11/2023 10:11:50;" Simone Aparecida Sulenta";" Pagamento de crédito";" 258- AQUISIÇÃO E REEMBOLSO-MÓVEL COM REGISTRO";493.488.250-20;" GIOVANI BORDIGNON DALLAGASPARINA";010372/0068-00;;" Concluído";021708;Erval Grande;104;SICREDI UNIESTADOS;104;SUREG Erechim RS;CENTRAL SICREDI SUL/SUDESTE;105.0 Hora(s);8d5h04m;10/11/2023 10:05:40;;;;;;
0000355867;08/11/2023 10:11:50;" Simone Aparecida Sulenta";" Pagamento de crédito";" 258- AQUISIÇÃO E REEMBOLSO-MÓVEL COM REGISTRO";493.488.250-20;" GIOVANI BORDIGNON DALLAGASPARINA";010372/0068-00;;" Concluído";021708;Erval Grande;104;SICREDI UNIESTADOS;104;SUREG Erechim RS;CENTRAL SICREDI SUL/SUDESTE;105.0 Hora(s);8d5h04m;09/11/2023 15:54:59;;;;;;
0000355867;08/11/2023 10:11:50;" Simone Aparecida Sulenta";" Pagamento de crédito";" 258- AQUISIÇÃO E REEMBOLSO-MÓVEL COM REGISTRO";493.488.250-20;" GIOVANI BORDIGNON DALLAGASPARINA";010372/0068-00;;" Concluído";021708;Erval Grande;104;SICREDI UNIESTADOS;104;SUREG Erechim RS;CENTRAL SICREDI SUL/SUDESTE;105.0 Hora(s);8d5h04m;08/11/2023 10:39:22;;;;;;
0000355867;08/11/2023 10:11:50;" Simone Aparecida Sulenta";" Pagamento de crédito";" 258- AQUISIÇÃO E REEMBOLSO-MÓVEL COM REGISTRO";493.488.250-20;" GIOVANI BORDIGNON DALLAGASPARINA";010372/0068-00;;" Concluído";021708;Erval Grande;104;SICREDI UNIESTADOS;104;SUREG Erechim RS;CENTRAL SICREDI SUL/SUDESTE;105.0 Hora(s);8d5h04m;08/11/2023 10:37:00;;;;;;
