﻿ID_Processo7;DT_Solicitacao8;NM_Usuario_Solicitacao8;NM_Tipo_Processo8;NM_Processo8;CD_Inscricao_Nacional8;NM_Pessoa8;Usuário;Grupo_Cota_Outros8;ST_Status8;CD_Comissionado2;NM_Fantasia_Comissionado2;CD_Tipo_Ponto_Venda3;NM_Fantasia_Ponto_Venda2;CD_Tipo_Ponto_Venda4;NM_Tipo_Ponto_Venda2;NM_Filial_Venda2;Nivel_Servico8;Tempo_Processo8;DH_Conclusao8;NM_Atividade1;Nivel_Servico_Atividade1;DT_Inicio_Atividade1;DT_Fim_Atividade1;NM_Usuario_Atividade1;Tempo_Processo_Atividade1
0000367729;24/11/2023 09:11:56;" JOAO ARTHUR CIMA";" Pagamento de crédito";" 264- AQUISIÇÃO E REEMBOLSO-MÓVEL SEM  REGISTRO";31.974.961/0001-20;" BRUNO LODI";010457/0306-00;010497/0039-00;" Andamento";021729;Seara;104;SICREDI UNIESTADOS;104;SUREG Erechim RS;CENTRAL SICREDI SUL/SUDESTE;103.0 Hora(s);2d23h39m;"                   ";ANALISAR DOCUMENTOS PARA LIBERAÇÃO 2ª ETAPA;18h00m;27/11/2023 09:31:39;"                   ";;0h00m
0000367729;24/11/2023 09:11:56;" JOAO ARTHUR CIMA";" Pagamento de crédito";" 264- AQUISIÇÃO E REEMBOLSO-MÓVEL SEM  REGISTRO";31.974.961/0001-20;" BRUNO LODI";010457/0306-00;010497/0039-00;" Andamento";021729;Seara;104;SICREDI UNIESTADOS;104;SUREG Erechim RS;CENTRAL SICREDI SUL/SUDESTE;103.0 Hora(s);2d23h39m;27/11/2023 09:31:39;EMITIR DOCUMENTOS PARA LIBERAÇÃO;18h00m;24/11/2023 15:31:40;27/11/2023 09:31:39;JOAO ARTHUR CIMA;0h00m
0000367729;24/11/2023 09:11:56;" JOAO ARTHUR CIMA";" Pagamento de crédito";" 264- AQUISIÇÃO E REEMBOLSO-MÓVEL SEM  REGISTRO";31.974.961/0001-20;" BRUNO LODI";010457/0306-00;010497/0039-00;" Andamento";021729;Seara;104;SICREDI UNIESTADOS;104;SUREG Erechim RS;CENTRAL SICREDI SUL/SUDESTE;103.0 Hora(s);2d23h39m;24/11/2023 15:31:40;ALIENAÇÃO DE BENS;1h00m;24/11/2023 15:31:36;24/11/2023 15:31:40;Camille Lyandra Paz dos Santos;0h00m
0000367729;24/11/2023 09:11:56;" JOAO ARTHUR CIMA";" Pagamento de crédito";" 264- AQUISIÇÃO E REEMBOLSO-MÓVEL SEM  REGISTRO";31.974.961/0001-20;" BRUNO LODI";010457/0306-00;010497/0039-00;" Andamento";021729;Seara;104;SICREDI UNIESTADOS;104;SUREG Erechim RS;CENTRAL SICREDI SUL/SUDESTE;103.0 Hora(s);2d23h39m;24/11/2023 15:31:35;FINALIZAR CADASTRO DO BEM;1h00m;24/11/2023 15:31:31;24/11/2023 15:31:35;Camille Lyandra Paz dos Santos;0h00m
0000367729;24/11/2023 09:11:56;" JOAO ARTHUR CIMA";" Pagamento de crédito";" 264- AQUISIÇÃO E REEMBOLSO-MÓVEL SEM  REGISTRO";31.974.961/0001-20;" BRUNO LODI";010457/0306-00;010497/0039-00;" Andamento";021729;Seara;104;SICREDI UNIESTADOS;104;SUREG Erechim RS;CENTRAL SICREDI SUL/SUDESTE;103.0 Hora(s);2d23h39m;24/11/2023 15:31:30;ANÁLISE DE DOCUMENTOS 1ª ETAPA;18h00m;24/11/2023 10:16:24;24/11/2023 15:31:30;Camille Lyandra Paz dos Santos;0h07m
0000367729;24/11/2023 09:11:56;" JOAO ARTHUR CIMA";" Pagamento de crédito";" 264- AQUISIÇÃO E REEMBOLSO-MÓVEL SEM  REGISTRO";31.974.961/0001-20;" BRUNO LODI";010457/0306-00;010497/0039-00;" Andamento";021729;Seara;104;SICREDI UNIESTADOS;104;SUREG Erechim RS;CENTRAL SICREDI SUL/SUDESTE;103.0 Hora(s);2d23h39m;24/11/2023 10:16:24;ENVIAR DOCUMENTOS;1d21h00m;24/11/2023 09:52:59;24/11/2023 10:16:24;JOAO ARTHUR CIMA;0h00m
0000367729;24/11/2023 09:11:56;" JOAO ARTHUR CIMA";" Pagamento de crédito";" 264- AQUISIÇÃO E REEMBOLSO-MÓVEL SEM  REGISTRO";31.974.961/0001-20;" BRUNO LODI";010457/0306-00;010497/0039-00;" Andamento";021729;Seara;104;SICREDI UNIESTADOS;104;SUREG Erechim RS;CENTRAL SICREDI SUL/SUDESTE;103.0 Hora(s);2d23h39m;24/11/2023 09:52:59;AUTORIZAÇÃO DE FATURAMENTO;0h00m;24/11/2023 09:52:49;24/11/2023 09:52:59;;0h00m
0000367729;24/11/2023 09:11:56;" JOAO ARTHUR CIMA";" Pagamento de crédito";" 264- AQUISIÇÃO E REEMBOLSO-MÓVEL SEM  REGISTRO";31.974.961/0001-20;" BRUNO LODI";010457/0306-00;010497/0039-00;" Andamento";021729;Seara;104;SICREDI UNIESTADOS;104;SUREG Erechim RS;CENTRAL SICREDI SUL/SUDESTE;103.0 Hora(s);2d23h39m;"                   ";;;;;;
0000367729;24/11/2023 09:11:56;" JOAO ARTHUR CIMA";" Pagamento de crédito";" 264- AQUISIÇÃO E REEMBOLSO-MÓVEL SEM  REGISTRO";31.974.961/0001-20;" BRUNO LODI";010457/0306-00;010497/0039-00;" Andamento";021729;Seara;104;SICREDI UNIESTADOS;104;SUREG Erechim RS;CENTRAL SICREDI SUL/SUDESTE;103.0 Hora(s);2d23h39m;27/11/2023 09:31:39;;;;;;
0000367729;24/11/2023 09:11:56;" JOAO ARTHUR CIMA";" Pagamento de crédito";" 264- AQUISIÇÃO E REEMBOLSO-MÓVEL SEM  REGISTRO";31.974.961/0001-20;" BRUNO LODI";010457/0306-00;010497/0039-00;" Andamento";021729;Seara;104;SICREDI UNIESTADOS;104;SUREG Erechim RS;CENTRAL SICREDI SUL/SUDESTE;103.0 Hora(s);2d23h39m;24/11/2023 15:31:40;;;;;;
0000367729;24/11/2023 09:11:56;" JOAO ARTHUR CIMA";" Pagamento de crédito";" 264- AQUISIÇÃO E REEMBOLSO-MÓVEL SEM  REGISTRO";31.974.961/0001-20;" BRUNO LODI";010457/0306-00;010497/0039-00;" Andamento";021729;Seara;104;SICREDI UNIESTADOS;104;SUREG Erechim RS;CENTRAL SICREDI SUL/SUDESTE;103.0 Hora(s);2d23h39m;24/11/2023 15:31:35;;;;;;
0000367729;24/11/2023 09:11:56;" JOAO ARTHUR CIMA";" Pagamento de crédito";" 264- AQUISIÇÃO E REEMBOLSO-MÓVEL SEM  REGISTRO";31.974.961/0001-20;" BRUNO LODI";010457/0306-00;010497/0039-00;" Andamento";021729;Seara;104;SICREDI UNIESTADOS;104;SUREG Erechim RS;CENTRAL SICREDI SUL/SUDESTE;103.0 Hora(s);2d23h39m;24/11/2023 15:31:30;;;;;;
0000367729;24/11/2023 09:11:56;" JOAO ARTHUR CIMA";" Pagamento de crédito";" 264- AQUISIÇÃO E REEMBOLSO-MÓVEL SEM  REGISTRO";31.974.961/0001-20;" BRUNO LODI";010457/0306-00;010497/0039-00;" Andamento";021729;Seara;104;SICREDI UNIESTADOS;104;SUREG Erechim RS;CENTRAL SICREDI SUL/SUDESTE;103.0 Hora(s);2d23h39m;24/11/2023 10:16:24;;;;;;
0000367729;24/11/2023 09:11:56;" JOAO ARTHUR CIMA";" Pagamento de crédito";" 264- AQUISIÇÃO E REEMBOLSO-MÓVEL SEM  REGISTRO";31.974.961/0001-20;" BRUNO LODI";010457/0306-00;010497/0039-00;" Andamento";021729;Seara;104;SICREDI UNIESTADOS;104;SUREG Erechim RS;CENTRAL SICREDI SUL/SUDESTE;103.0 Hora(s);2d23h39m;24/11/2023 09:52:59;;;;;;
