﻿ID_Processo7;DT_Solicitacao8;NM_Usuario_Solicitacao8;NM_Tipo_Processo8;NM_Processo8;CD_Inscricao_Nacional8;NM_Pessoa8;Usuário;Grupo_Cota_Outros8;ST_Status8;CD_Comissionado2;NM_Fantasia_Comissionado2;CD_Tipo_Ponto_Venda3;NM_Fantasia_Ponto_Venda2;CD_Tipo_Ponto_Venda4;NM_Tipo_Ponto_Venda2;NM_Filial_Venda2;Nivel_Servico8;Tempo_Processo8;DH_Conclusao8;NM_Atividade1;Nivel_Servico_Atividade1;DT_Inicio_Atividade1;DT_Fim_Atividade1;NM_Usuario_Atividade1;Tempo_Processo_Atividade1
0000366492;21/11/2023 16:11:44;" LUCAS DA SILVA ESTANISLAU";" Pagamento de crédito";" 261- QT FINANCIAMENTO OUTRAS FIN-MOVEL C/ REGISTRO";12.334.166/0001-23;" ESCOLA EDUCARE ENSINO FUNDAMENTAL LTDA";010465/0044-00;;" Concluído";072662;Campo Mourão - Centro;207;SICREDI VALE DO PIQUIRI ABCD P;207;SUREG Vale do Piquiri PR;CENTRAL SICREDI PR/SP/RJ;104.0 Hora(s);1d23h21m;23/11/2023 15:37:42;LIBERAR PAGAMENTOS;0h00m;23/11/2023 13:50:09;23/11/2023 15:37:42;Kelen Hahn Paulo;0h00m
0000366492;21/11/2023 16:11:44;" LUCAS DA SILVA ESTANISLAU";" Pagamento de crédito";" 261- QT FINANCIAMENTO OUTRAS FIN-MOVEL C/ REGISTRO";12.334.166/0001-23;" ESCOLA EDUCARE ENSINO FUNDAMENTAL LTDA";010465/0044-00;;" Concluído";072662;Campo Mourão - Centro;207;SICREDI VALE DO PIQUIRI ABCD P;207;SUREG Vale do Piquiri PR;CENTRAL SICREDI PR/SP/RJ;104.0 Hora(s);1d23h21m;23/11/2023 13:50:09;APROVAR PAGAMENTO;1h00m;23/11/2023 13:50:03;23/11/2023 13:50:09;Eliane Ribas Barcelos;0h00m
0000366492;21/11/2023 16:11:44;" LUCAS DA SILVA ESTANISLAU";" Pagamento de crédito";" 261- QT FINANCIAMENTO OUTRAS FIN-MOVEL C/ REGISTRO";12.334.166/0001-23;" ESCOLA EDUCARE ENSINO FUNDAMENTAL LTDA";010465/0044-00;;" Concluído";072662;Campo Mourão - Centro;207;SICREDI VALE DO PIQUIRI ABCD P;207;SUREG Vale do Piquiri PR;CENTRAL SICREDI PR/SP/RJ;104.0 Hora(s);1d23h21m;23/11/2023 13:50:03;PROGRAMAR PAGAMENTO;1h00m;23/11/2023 13:49:32;23/11/2023 13:50:03;Eliane Ribas Barcelos;0h01m
0000366492;21/11/2023 16:11:44;" LUCAS DA SILVA ESTANISLAU";" Pagamento de crédito";" 261- QT FINANCIAMENTO OUTRAS FIN-MOVEL C/ REGISTRO";12.334.166/0001-23;" ESCOLA EDUCARE ENSINO FUNDAMENTAL LTDA";010465/0044-00;;" Concluído";072662;Campo Mourão - Centro;207;SICREDI VALE DO PIQUIRI ABCD P;207;SUREG Vale do Piquiri PR;CENTRAL SICREDI PR/SP/RJ;104.0 Hora(s);1d23h21m;23/11/2023 13:49:32;ANALISAR DOCUMENTOS PARA LIBERAÇÃO 2ª ETAPA;18h00m;23/11/2023 10:51:26;23/11/2023 13:49:32;Eliane Ribas Barcelos;0h12m
0000366492;21/11/2023 16:11:44;" LUCAS DA SILVA ESTANISLAU";" Pagamento de crédito";" 261- QT FINANCIAMENTO OUTRAS FIN-MOVEL C/ REGISTRO";12.334.166/0001-23;" ESCOLA EDUCARE ENSINO FUNDAMENTAL LTDA";010465/0044-00;;" Concluído";072662;Campo Mourão - Centro;207;SICREDI VALE DO PIQUIRI ABCD P;207;SUREG Vale do Piquiri PR;CENTRAL SICREDI PR/SP/RJ;104.0 Hora(s);1d23h21m;23/11/2023 10:51:26;EMITIR DOCUMENTOS PARA LIBERAÇÃO;18h00m;22/11/2023 16:10:40;23/11/2023 10:51:26;LUCAS DA SILVA ESTANISLAU;0h00m
0000366492;21/11/2023 16:11:44;" LUCAS DA SILVA ESTANISLAU";" Pagamento de crédito";" 261- QT FINANCIAMENTO OUTRAS FIN-MOVEL C/ REGISTRO";12.334.166/0001-23;" ESCOLA EDUCARE ENSINO FUNDAMENTAL LTDA";010465/0044-00;;" Concluído";072662;Campo Mourão - Centro;207;SICREDI VALE DO PIQUIRI ABCD P;207;SUREG Vale do Piquiri PR;CENTRAL SICREDI PR/SP/RJ;104.0 Hora(s);1d23h21m;22/11/2023 16:10:40;REGISTRAR CONTRATO MANUALMENTE;1h00m;22/11/2023 16:10:33;22/11/2023 16:10:40;PAOLA MENEZES DA COSTA;0h00m
0000366492;21/11/2023 16:11:44;" LUCAS DA SILVA ESTANISLAU";" Pagamento de crédito";" 261- QT FINANCIAMENTO OUTRAS FIN-MOVEL C/ REGISTRO";12.334.166/0001-23;" ESCOLA EDUCARE ENSINO FUNDAMENTAL LTDA";010465/0044-00;;" Concluído";072662;Campo Mourão - Centro;207;SICREDI VALE DO PIQUIRI ABCD P;207;SUREG Vale do Piquiri PR;CENTRAL SICREDI PR/SP/RJ;104.0 Hora(s);1d23h21m;22/11/2023 16:10:33;ALIENAR O BEM;1h00m;22/11/2023 16:10:24;22/11/2023 16:10:33;PAOLA MENEZES DA COSTA;0h00m
0000366492;21/11/2023 16:11:44;" LUCAS DA SILVA ESTANISLAU";" Pagamento de crédito";" 261- QT FINANCIAMENTO OUTRAS FIN-MOVEL C/ REGISTRO";12.334.166/0001-23;" ESCOLA EDUCARE ENSINO FUNDAMENTAL LTDA";010465/0044-00;;" Concluído";072662;Campo Mourão - Centro;207;SICREDI VALE DO PIQUIRI ABCD P;207;SUREG Vale do Piquiri PR;CENTRAL SICREDI PR/SP/RJ;104.0 Hora(s);1d23h21m;22/11/2023 16:10:24;FINALIZAR CADASTRO DO BEM;1h00m;22/11/2023 16:09:14;22/11/2023 16:10:24;PAOLA MENEZES DA COSTA;0h00m
0000366492;21/11/2023 16:11:44;" LUCAS DA SILVA ESTANISLAU";" Pagamento de crédito";" 261- QT FINANCIAMENTO OUTRAS FIN-MOVEL C/ REGISTRO";12.334.166/0001-23;" ESCOLA EDUCARE ENSINO FUNDAMENTAL LTDA";010465/0044-00;;" Concluído";072662;Campo Mourão - Centro;207;SICREDI VALE DO PIQUIRI ABCD P;207;SUREG Vale do Piquiri PR;CENTRAL SICREDI PR/SP/RJ;104.0 Hora(s);1d23h21m;22/11/2023 16:09:14;ANÁLISE DE DOCUMENTOS 1ª ETAPA;18h00m;21/11/2023 17:07:53;22/11/2023 16:09:14;PAOLA MENEZES DA COSTA;0h17m
0000366492;21/11/2023 16:11:44;" LUCAS DA SILVA ESTANISLAU";" Pagamento de crédito";" 261- QT FINANCIAMENTO OUTRAS FIN-MOVEL C/ REGISTRO";12.334.166/0001-23;" ESCOLA EDUCARE ENSINO FUNDAMENTAL LTDA";010465/0044-00;;" Concluído";072662;Campo Mourão - Centro;207;SICREDI VALE DO PIQUIRI ABCD P;207;SUREG Vale do Piquiri PR;CENTRAL SICREDI PR/SP/RJ;104.0 Hora(s);1d23h21m;21/11/2023 17:07:53;ENVIAR DOCUMENTOS;1d21h00m;21/11/2023 16:16:42;21/11/2023 17:07:53;LUCAS DA SILVA ESTANISLAU;0h00m
0000366492;21/11/2023 16:11:44;" LUCAS DA SILVA ESTANISLAU";" Pagamento de crédito";" 261- QT FINANCIAMENTO OUTRAS FIN-MOVEL C/ REGISTRO";12.334.166/0001-23;" ESCOLA EDUCARE ENSINO FUNDAMENTAL LTDA";010465/0044-00;;" Concluído";072662;Campo Mourão - Centro;207;SICREDI VALE DO PIQUIRI ABCD P;207;SUREG Vale do Piquiri PR;CENTRAL SICREDI PR/SP/RJ;104.0 Hora(s);1d23h21m;21/11/2023 16:16:42;AUTORIZAÇÃO DE FATURAMENTO;0h00m;21/11/2023 16:16:00;21/11/2023 16:16:42;;0h00m
0000366492;21/11/2023 16:11:44;" LUCAS DA SILVA ESTANISLAU";" Pagamento de crédito";" 261- QT FINANCIAMENTO OUTRAS FIN-MOVEL C/ REGISTRO";12.334.166/0001-23;" ESCOLA EDUCARE ENSINO FUNDAMENTAL LTDA";010465/0044-00;;" Concluído";072662;Campo Mourão - Centro;207;SICREDI VALE DO PIQUIRI ABCD P;207;SUREG Vale do Piquiri PR;CENTRAL SICREDI PR/SP/RJ;104.0 Hora(s);1d23h21m;23/11/2023 15:37:42;;;;;;
0000366492;21/11/2023 16:11:44;" LUCAS DA SILVA ESTANISLAU";" Pagamento de crédito";" 261- QT FINANCIAMENTO OUTRAS FIN-MOVEL C/ REGISTRO";12.334.166/0001-23;" ESCOLA EDUCARE ENSINO FUNDAMENTAL LTDA";010465/0044-00;;" Concluído";072662;Campo Mourão - Centro;207;SICREDI VALE DO PIQUIRI ABCD P;207;SUREG Vale do Piquiri PR;CENTRAL SICREDI PR/SP/RJ;104.0 Hora(s);1d23h21m;23/11/2023 13:50:09;;;;;;
0000366492;21/11/2023 16:11:44;" LUCAS DA SILVA ESTANISLAU";" Pagamento de crédito";" 261- QT FINANCIAMENTO OUTRAS FIN-MOVEL C/ REGISTRO";12.334.166/0001-23;" ESCOLA EDUCARE ENSINO FUNDAMENTAL LTDA";010465/0044-00;;" Concluído";072662;Campo Mourão - Centro;207;SICREDI VALE DO PIQUIRI ABCD P;207;SUREG Vale do Piquiri PR;CENTRAL SICREDI PR/SP/RJ;104.0 Hora(s);1d23h21m;23/11/2023 13:50:03;;;;;;
0000366492;21/11/2023 16:11:44;" LUCAS DA SILVA ESTANISLAU";" Pagamento de crédito";" 261- QT FINANCIAMENTO OUTRAS FIN-MOVEL C/ REGISTRO";12.334.166/0001-23;" ESCOLA EDUCARE ENSINO FUNDAMENTAL LTDA";010465/0044-00;;" Concluído";072662;Campo Mourão - Centro;207;SICREDI VALE DO PIQUIRI ABCD P;207;SUREG Vale do Piquiri PR;CENTRAL SICREDI PR/SP/RJ;104.0 Hora(s);1d23h21m;23/11/2023 13:49:32;;;;;;
0000366492;21/11/2023 16:11:44;" LUCAS DA SILVA ESTANISLAU";" Pagamento de crédito";" 261- QT FINANCIAMENTO OUTRAS FIN-MOVEL C/ REGISTRO";12.334.166/0001-23;" ESCOLA EDUCARE ENSINO FUNDAMENTAL LTDA";010465/0044-00;;" Concluído";072662;Campo Mourão - Centro;207;SICREDI VALE DO PIQUIRI ABCD P;207;SUREG Vale do Piquiri PR;CENTRAL SICREDI PR/SP/RJ;104.0 Hora(s);1d23h21m;23/11/2023 10:51:26;;;;;;
0000366492;21/11/2023 16:11:44;" LUCAS DA SILVA ESTANISLAU";" Pagamento de crédito";" 261- QT FINANCIAMENTO OUTRAS FIN-MOVEL C/ REGISTRO";12.334.166/0001-23;" ESCOLA EDUCARE ENSINO FUNDAMENTAL LTDA";010465/0044-00;;" Concluído";072662;Campo Mourão - Centro;207;SICREDI VALE DO PIQUIRI ABCD P;207;SUREG Vale do Piquiri PR;CENTRAL SICREDI PR/SP/RJ;104.0 Hora(s);1d23h21m;22/11/2023 16:10:40;;;;;;
0000366492;21/11/2023 16:11:44;" LUCAS DA SILVA ESTANISLAU";" Pagamento de crédito";" 261- QT FINANCIAMENTO OUTRAS FIN-MOVEL C/ REGISTRO";12.334.166/0001-23;" ESCOLA EDUCARE ENSINO FUNDAMENTAL LTDA";010465/0044-00;;" Concluído";072662;Campo Mourão - Centro;207;SICREDI VALE DO PIQUIRI ABCD P;207;SUREG Vale do Piquiri PR;CENTRAL SICREDI PR/SP/RJ;104.0 Hora(s);1d23h21m;22/11/2023 16:10:33;;;;;;
0000366492;21/11/2023 16:11:44;" LUCAS DA SILVA ESTANISLAU";" Pagamento de crédito";" 261- QT FINANCIAMENTO OUTRAS FIN-MOVEL C/ REGISTRO";12.334.166/0001-23;" ESCOLA EDUCARE ENSINO FUNDAMENTAL LTDA";010465/0044-00;;" Concluído";072662;Campo Mourão - Centro;207;SICREDI VALE DO PIQUIRI ABCD P;207;SUREG Vale do Piquiri PR;CENTRAL SICREDI PR/SP/RJ;104.0 Hora(s);1d23h21m;22/11/2023 16:10:24;;;;;;
0000366492;21/11/2023 16:11:44;" LUCAS DA SILVA ESTANISLAU";" Pagamento de crédito";" 261- QT FINANCIAMENTO OUTRAS FIN-MOVEL C/ REGISTRO";12.334.166/0001-23;" ESCOLA EDUCARE ENSINO FUNDAMENTAL LTDA";010465/0044-00;;" Concluído";072662;Campo Mourão - Centro;207;SICREDI VALE DO PIQUIRI ABCD P;207;SUREG Vale do Piquiri PR;CENTRAL SICREDI PR/SP/RJ;104.0 Hora(s);1d23h21m;22/11/2023 16:09:14;;;;;;
0000366492;21/11/2023 16:11:44;" LUCAS DA SILVA ESTANISLAU";" Pagamento de crédito";" 261- QT FINANCIAMENTO OUTRAS FIN-MOVEL C/ REGISTRO";12.334.166/0001-23;" ESCOLA EDUCARE ENSINO FUNDAMENTAL LTDA";010465/0044-00;;" Concluído";072662;Campo Mourão - Centro;207;SICREDI VALE DO PIQUIRI ABCD P;207;SUREG Vale do Piquiri PR;CENTRAL SICREDI PR/SP/RJ;104.0 Hora(s);1d23h21m;21/11/2023 17:07:53;;;;;;
0000366492;21/11/2023 16:11:44;" LUCAS DA SILVA ESTANISLAU";" Pagamento de crédito";" 261- QT FINANCIAMENTO OUTRAS FIN-MOVEL C/ REGISTRO";12.334.166/0001-23;" ESCOLA EDUCARE ENSINO FUNDAMENTAL LTDA";010465/0044-00;;" Concluído";072662;Campo Mourão - Centro;207;SICREDI VALE DO PIQUIRI ABCD P;207;SUREG Vale do Piquiri PR;CENTRAL SICREDI PR/SP/RJ;104.0 Hora(s);1d23h21m;21/11/2023 16:16:42;;;;;;
