﻿ID_Processo7;DT_Solicitacao8;NM_Usuario_Solicitacao8;NM_Tipo_Processo8;NM_Processo8;CD_Inscricao_Nacional8;NM_Pessoa8;Usuário;Grupo_Cota_Outros8;ST_Status8;CD_Comissionado2;NM_Fantasia_Comissionado2;CD_Tipo_Ponto_Venda3;NM_Fantasia_Ponto_Venda2;CD_Tipo_Ponto_Venda4;NM_Tipo_Ponto_Venda2;NM_Filial_Venda2;Nivel_Servico8;Tempo_Processo8;DH_Conclusao8;NM_Atividade1;Nivel_Servico_Atividade1;DT_Inicio_Atividade1;DT_Fim_Atividade1;NM_Usuario_Atividade1;Tempo_Processo_Atividade1
0000363234;16/11/2023 14:11:25;" DANIELY MENDONCA DE FREITAS";" Pagamento de crédito";" 258- AQUISIÇÃO E REEMBOLSO-MÓVEL COM REGISTRO";14.826.241/0001-07;" INCENTIVA CONTABILIDADE DIGITAL LTDA";010494/0347-00;;" Concluído";072671;Tatuapé;207;SICREDI VALE DO PIQUIRI ABCD P;207;SUREG Vale do Piquiri PR;CENTRAL SICREDI PR/SP/RJ;105.0 Hora(s);5d1h00m;21/11/2023 15:47:02;LIBERAR PAGAMENTOS;0h00m;21/11/2023 11:40:35;21/11/2023 15:47:02;Kelen Hahn Paulo;0h00m
0000363234;16/11/2023 14:11:25;" DANIELY MENDONCA DE FREITAS";" Pagamento de crédito";" 258- AQUISIÇÃO E REEMBOLSO-MÓVEL COM REGISTRO";14.826.241/0001-07;" INCENTIVA CONTABILIDADE DIGITAL LTDA";010494/0347-00;;" Concluído";072671;Tatuapé;207;SICREDI VALE DO PIQUIRI ABCD P;207;SUREG Vale do Piquiri PR;CENTRAL SICREDI PR/SP/RJ;105.0 Hora(s);5d1h00m;21/11/2023 11:40:35;APROVAR PAGAMENTO;1h00m;21/11/2023 11:40:26;21/11/2023 11:40:35;Eliane Ribas Barcelos;0h00m
0000363234;16/11/2023 14:11:25;" DANIELY MENDONCA DE FREITAS";" Pagamento de crédito";" 258- AQUISIÇÃO E REEMBOLSO-MÓVEL COM REGISTRO";14.826.241/0001-07;" INCENTIVA CONTABILIDADE DIGITAL LTDA";010494/0347-00;;" Concluído";072671;Tatuapé;207;SICREDI VALE DO PIQUIRI ABCD P;207;SUREG Vale do Piquiri PR;CENTRAL SICREDI PR/SP/RJ;105.0 Hora(s);5d1h00m;21/11/2023 11:40:26;PROGRAMAR PAGAMENTO;1h00m;21/11/2023 11:39:47;21/11/2023 11:40:26;Eliane Ribas Barcelos;0h01m
0000363234;16/11/2023 14:11:25;" DANIELY MENDONCA DE FREITAS";" Pagamento de crédito";" 258- AQUISIÇÃO E REEMBOLSO-MÓVEL COM REGISTRO";14.826.241/0001-07;" INCENTIVA CONTABILIDADE DIGITAL LTDA";010494/0347-00;;" Concluído";072671;Tatuapé;207;SICREDI VALE DO PIQUIRI ABCD P;207;SUREG Vale do Piquiri PR;CENTRAL SICREDI PR/SP/RJ;105.0 Hora(s);5d1h00m;21/11/2023 11:39:46;ANALISAR DOCUMENTOS PARA LIBERAÇÃO 2ª ETAPA;18h00m;21/11/2023 10:26:11;21/11/2023 11:39:46;Eliane Ribas Barcelos;0h02m
0000363234;16/11/2023 14:11:25;" DANIELY MENDONCA DE FREITAS";" Pagamento de crédito";" 258- AQUISIÇÃO E REEMBOLSO-MÓVEL COM REGISTRO";14.826.241/0001-07;" INCENTIVA CONTABILIDADE DIGITAL LTDA";010494/0347-00;;" Concluído";072671;Tatuapé;207;SICREDI VALE DO PIQUIRI ABCD P;207;SUREG Vale do Piquiri PR;CENTRAL SICREDI PR/SP/RJ;105.0 Hora(s);5d1h00m;21/11/2023 10:26:11;EMITIR DOCUMENTOS PARA LIBERAÇÃO;18h00m;17/11/2023 10:03:51;21/11/2023 10:26:11;DANIELY MENDONCA DE FREITAS;0h00m
0000363234;16/11/2023 14:11:25;" DANIELY MENDONCA DE FREITAS";" Pagamento de crédito";" 258- AQUISIÇÃO E REEMBOLSO-MÓVEL COM REGISTRO";14.826.241/0001-07;" INCENTIVA CONTABILIDADE DIGITAL LTDA";010494/0347-00;;" Concluído";072671;Tatuapé;207;SICREDI VALE DO PIQUIRI ABCD P;207;SUREG Vale do Piquiri PR;CENTRAL SICREDI PR/SP/RJ;105.0 Hora(s);5d1h00m;17/11/2023 10:03:51;REGISTRAR CONTRATO MANUALMENTE;1h00m;17/11/2023 10:03:31;17/11/2023 10:03:51;PAOLA MENEZES DA COSTA;0h00m
0000363234;16/11/2023 14:11:25;" DANIELY MENDONCA DE FREITAS";" Pagamento de crédito";" 258- AQUISIÇÃO E REEMBOLSO-MÓVEL COM REGISTRO";14.826.241/0001-07;" INCENTIVA CONTABILIDADE DIGITAL LTDA";010494/0347-00;;" Concluído";072671;Tatuapé;207;SICREDI VALE DO PIQUIRI ABCD P;207;SUREG Vale do Piquiri PR;CENTRAL SICREDI PR/SP/RJ;105.0 Hora(s);5d1h00m;17/11/2023 10:03:31;ALIENAR O BEM;1h00m;17/11/2023 10:01:56;17/11/2023 10:03:31;PAOLA MENEZES DA COSTA;0h01m
0000363234;16/11/2023 14:11:25;" DANIELY MENDONCA DE FREITAS";" Pagamento de crédito";" 258- AQUISIÇÃO E REEMBOLSO-MÓVEL COM REGISTRO";14.826.241/0001-07;" INCENTIVA CONTABILIDADE DIGITAL LTDA";010494/0347-00;;" Concluído";072671;Tatuapé;207;SICREDI VALE DO PIQUIRI ABCD P;207;SUREG Vale do Piquiri PR;CENTRAL SICREDI PR/SP/RJ;105.0 Hora(s);5d1h00m;17/11/2023 10:01:56;FINALIZAR CADASTRO DO BEM;1h00m;17/11/2023 10:01:39;17/11/2023 10:01:56;PAOLA MENEZES DA COSTA;0h00m
0000363234;16/11/2023 14:11:25;" DANIELY MENDONCA DE FREITAS";" Pagamento de crédito";" 258- AQUISIÇÃO E REEMBOLSO-MÓVEL COM REGISTRO";14.826.241/0001-07;" INCENTIVA CONTABILIDADE DIGITAL LTDA";010494/0347-00;;" Concluído";072671;Tatuapé;207;SICREDI VALE DO PIQUIRI ABCD P;207;SUREG Vale do Piquiri PR;CENTRAL SICREDI PR/SP/RJ;105.0 Hora(s);5d1h00m;17/11/2023 10:01:39;ANÁLISE DE DOCUMENTOS 1ª ETAPA;18h00m;16/11/2023 14:54:03;17/11/2023 10:01:39;PAOLA MENEZES DA COSTA;0h26m
0000363234;16/11/2023 14:11:25;" DANIELY MENDONCA DE FREITAS";" Pagamento de crédito";" 258- AQUISIÇÃO E REEMBOLSO-MÓVEL COM REGISTRO";14.826.241/0001-07;" INCENTIVA CONTABILIDADE DIGITAL LTDA";010494/0347-00;;" Concluído";072671;Tatuapé;207;SICREDI VALE DO PIQUIRI ABCD P;207;SUREG Vale do Piquiri PR;CENTRAL SICREDI PR/SP/RJ;105.0 Hora(s);5d1h00m;16/11/2023 14:54:03;ENVIAR DOCUMENTOS;1d21h00m;16/11/2023 14:47:46;16/11/2023 14:54:03;DANIELY MENDONCA DE FREITAS;0h00m
0000363234;16/11/2023 14:11:25;" DANIELY MENDONCA DE FREITAS";" Pagamento de crédito";" 258- AQUISIÇÃO E REEMBOLSO-MÓVEL COM REGISTRO";14.826.241/0001-07;" INCENTIVA CONTABILIDADE DIGITAL LTDA";010494/0347-00;;" Concluído";072671;Tatuapé;207;SICREDI VALE DO PIQUIRI ABCD P;207;SUREG Vale do Piquiri PR;CENTRAL SICREDI PR/SP/RJ;105.0 Hora(s);5d1h00m;16/11/2023 14:47:46;AUTORIZAÇÃO DE FATURAMENTO;0h00m;16/11/2023 14:47:37;16/11/2023 14:47:46;;0h00m
0000363234;16/11/2023 14:11:25;" DANIELY MENDONCA DE FREITAS";" Pagamento de crédito";" 258- AQUISIÇÃO E REEMBOLSO-MÓVEL COM REGISTRO";14.826.241/0001-07;" INCENTIVA CONTABILIDADE DIGITAL LTDA";010494/0347-00;;" Concluído";072671;Tatuapé;207;SICREDI VALE DO PIQUIRI ABCD P;207;SUREG Vale do Piquiri PR;CENTRAL SICREDI PR/SP/RJ;105.0 Hora(s);5d1h00m;21/11/2023 15:47:02;;;;;;
0000363234;16/11/2023 14:11:25;" DANIELY MENDONCA DE FREITAS";" Pagamento de crédito";" 258- AQUISIÇÃO E REEMBOLSO-MÓVEL COM REGISTRO";14.826.241/0001-07;" INCENTIVA CONTABILIDADE DIGITAL LTDA";010494/0347-00;;" Concluído";072671;Tatuapé;207;SICREDI VALE DO PIQUIRI ABCD P;207;SUREG Vale do Piquiri PR;CENTRAL SICREDI PR/SP/RJ;105.0 Hora(s);5d1h00m;21/11/2023 11:40:35;;;;;;
0000363234;16/11/2023 14:11:25;" DANIELY MENDONCA DE FREITAS";" Pagamento de crédito";" 258- AQUISIÇÃO E REEMBOLSO-MÓVEL COM REGISTRO";14.826.241/0001-07;" INCENTIVA CONTABILIDADE DIGITAL LTDA";010494/0347-00;;" Concluído";072671;Tatuapé;207;SICREDI VALE DO PIQUIRI ABCD P;207;SUREG Vale do Piquiri PR;CENTRAL SICREDI PR/SP/RJ;105.0 Hora(s);5d1h00m;21/11/2023 11:40:26;;;;;;
0000363234;16/11/2023 14:11:25;" DANIELY MENDONCA DE FREITAS";" Pagamento de crédito";" 258- AQUISIÇÃO E REEMBOLSO-MÓVEL COM REGISTRO";14.826.241/0001-07;" INCENTIVA CONTABILIDADE DIGITAL LTDA";010494/0347-00;;" Concluído";072671;Tatuapé;207;SICREDI VALE DO PIQUIRI ABCD P;207;SUREG Vale do Piquiri PR;CENTRAL SICREDI PR/SP/RJ;105.0 Hora(s);5d1h00m;21/11/2023 11:39:46;;;;;;
0000363234;16/11/2023 14:11:25;" DANIELY MENDONCA DE FREITAS";" Pagamento de crédito";" 258- AQUISIÇÃO E REEMBOLSO-MÓVEL COM REGISTRO";14.826.241/0001-07;" INCENTIVA CONTABILIDADE DIGITAL LTDA";010494/0347-00;;" Concluído";072671;Tatuapé;207;SICREDI VALE DO PIQUIRI ABCD P;207;SUREG Vale do Piquiri PR;CENTRAL SICREDI PR/SP/RJ;105.0 Hora(s);5d1h00m;21/11/2023 10:26:11;;;;;;
0000363234;16/11/2023 14:11:25;" DANIELY MENDONCA DE FREITAS";" Pagamento de crédito";" 258- AQUISIÇÃO E REEMBOLSO-MÓVEL COM REGISTRO";14.826.241/0001-07;" INCENTIVA CONTABILIDADE DIGITAL LTDA";010494/0347-00;;" Concluído";072671;Tatuapé;207;SICREDI VALE DO PIQUIRI ABCD P;207;SUREG Vale do Piquiri PR;CENTRAL SICREDI PR/SP/RJ;105.0 Hora(s);5d1h00m;17/11/2023 10:03:51;;;;;;
0000363234;16/11/2023 14:11:25;" DANIELY MENDONCA DE FREITAS";" Pagamento de crédito";" 258- AQUISIÇÃO E REEMBOLSO-MÓVEL COM REGISTRO";14.826.241/0001-07;" INCENTIVA CONTABILIDADE DIGITAL LTDA";010494/0347-00;;" Concluído";072671;Tatuapé;207;SICREDI VALE DO PIQUIRI ABCD P;207;SUREG Vale do Piquiri PR;CENTRAL SICREDI PR/SP/RJ;105.0 Hora(s);5d1h00m;17/11/2023 10:03:31;;;;;;
0000363234;16/11/2023 14:11:25;" DANIELY MENDONCA DE FREITAS";" Pagamento de crédito";" 258- AQUISIÇÃO E REEMBOLSO-MÓVEL COM REGISTRO";14.826.241/0001-07;" INCENTIVA CONTABILIDADE DIGITAL LTDA";010494/0347-00;;" Concluído";072671;Tatuapé;207;SICREDI VALE DO PIQUIRI ABCD P;207;SUREG Vale do Piquiri PR;CENTRAL SICREDI PR/SP/RJ;105.0 Hora(s);5d1h00m;17/11/2023 10:01:56;;;;;;
0000363234;16/11/2023 14:11:25;" DANIELY MENDONCA DE FREITAS";" Pagamento de crédito";" 258- AQUISIÇÃO E REEMBOLSO-MÓVEL COM REGISTRO";14.826.241/0001-07;" INCENTIVA CONTABILIDADE DIGITAL LTDA";010494/0347-00;;" Concluído";072671;Tatuapé;207;SICREDI VALE DO PIQUIRI ABCD P;207;SUREG Vale do Piquiri PR;CENTRAL SICREDI PR/SP/RJ;105.0 Hora(s);5d1h00m;17/11/2023 10:01:39;;;;;;
0000363234;16/11/2023 14:11:25;" DANIELY MENDONCA DE FREITAS";" Pagamento de crédito";" 258- AQUISIÇÃO E REEMBOLSO-MÓVEL COM REGISTRO";14.826.241/0001-07;" INCENTIVA CONTABILIDADE DIGITAL LTDA";010494/0347-00;;" Concluído";072671;Tatuapé;207;SICREDI VALE DO PIQUIRI ABCD P;207;SUREG Vale do Piquiri PR;CENTRAL SICREDI PR/SP/RJ;105.0 Hora(s);5d1h00m;16/11/2023 14:54:03;;;;;;
0000363234;16/11/2023 14:11:25;" DANIELY MENDONCA DE FREITAS";" Pagamento de crédito";" 258- AQUISIÇÃO E REEMBOLSO-MÓVEL COM REGISTRO";14.826.241/0001-07;" INCENTIVA CONTABILIDADE DIGITAL LTDA";010494/0347-00;;" Concluído";072671;Tatuapé;207;SICREDI VALE DO PIQUIRI ABCD P;207;SUREG Vale do Piquiri PR;CENTRAL SICREDI PR/SP/RJ;105.0 Hora(s);5d1h00m;16/11/2023 14:47:46;;;;;;
