﻿ID_Processo7;DT_Solicitacao8;NM_Usuario_Solicitacao8;NM_Tipo_Processo8;NM_Processo8;CD_Inscricao_Nacional8;NM_Pessoa8;Usuário;Grupo_Cota_Outros8;ST_Status8;CD_Comissionado2;NM_Fantasia_Comissionado2;CD_Tipo_Ponto_Venda3;NM_Fantasia_Ponto_Venda2;CD_Tipo_Ponto_Venda4;NM_Tipo_Ponto_Venda2;NM_Filial_Venda2;Nivel_Servico8;Tempo_Processo8;DH_Conclusao8;NM_Atividade1;Nivel_Servico_Atividade1;DT_Inicio_Atividade1;DT_Fim_Atividade1;NM_Usuario_Atividade1;Tempo_Processo_Atividade1
0000356665;10/11/2023 15:11:29;" AMANDA LUIZA DE GRANDI";" Pagamento de crédito";" 258- AQUISIÇÃO E REEMBOLSO-MÓVEL COM REGISTRO";031.982.340-77;" FELIPE DALPONTE MENEGAT";010420/0156-00;030477/0189-00;" Concluído";021720;Erechim Santo Dal Bosco;104;SICREDI UNIESTADOS;104;SUREG Erechim RS;CENTRAL SICREDI SUL/SUDESTE;105.0 Hora(s);6d0h08m;16/11/2023 15:40:38;LIBERAR PAGAMENTOS;0h00m;16/11/2023 14:46:05;16/11/2023 15:40:38;Kelen Hahn Paulo;0h00m
0000356665;10/11/2023 15:11:29;" AMANDA LUIZA DE GRANDI";" Pagamento de crédito";" 258- AQUISIÇÃO E REEMBOLSO-MÓVEL COM REGISTRO";031.982.340-77;" FELIPE DALPONTE MENEGAT";010420/0156-00;030477/0189-00;" Concluído";021720;Erechim Santo Dal Bosco;104;SICREDI UNIESTADOS;104;SUREG Erechim RS;CENTRAL SICREDI SUL/SUDESTE;105.0 Hora(s);6d0h08m;16/11/2023 14:46:04;APROVAR PAGAMENTO;1h00m;16/11/2023 14:46:00;16/11/2023 14:46:04;LARISSA JAENISCH DUTRA PINTO;0h00m
0000356665;10/11/2023 15:11:29;" AMANDA LUIZA DE GRANDI";" Pagamento de crédito";" 258- AQUISIÇÃO E REEMBOLSO-MÓVEL COM REGISTRO";031.982.340-77;" FELIPE DALPONTE MENEGAT";010420/0156-00;030477/0189-00;" Concluído";021720;Erechim Santo Dal Bosco;104;SICREDI UNIESTADOS;104;SUREG Erechim RS;CENTRAL SICREDI SUL/SUDESTE;105.0 Hora(s);6d0h08m;16/11/2023 14:45:59;PROGRAMAR PAGAMENTO;1h00m;16/11/2023 14:45:40;16/11/2023 14:45:59;LARISSA JAENISCH DUTRA PINTO;0h01m
0000356665;10/11/2023 15:11:29;" AMANDA LUIZA DE GRANDI";" Pagamento de crédito";" 258- AQUISIÇÃO E REEMBOLSO-MÓVEL COM REGISTRO";031.982.340-77;" FELIPE DALPONTE MENEGAT";010420/0156-00;030477/0189-00;" Concluído";021720;Erechim Santo Dal Bosco;104;SICREDI UNIESTADOS;104;SUREG Erechim RS;CENTRAL SICREDI SUL/SUDESTE;105.0 Hora(s);6d0h08m;16/11/2023 14:45:40;ANALISAR DOCUMENTOS PARA LIBERAÇÃO 2ª ETAPA;18h00m;16/11/2023 09:19:18;16/11/2023 14:45:40;LARISSA JAENISCH DUTRA PINTO;0h01m
0000356665;10/11/2023 15:11:29;" AMANDA LUIZA DE GRANDI";" Pagamento de crédito";" 258- AQUISIÇÃO E REEMBOLSO-MÓVEL COM REGISTRO";031.982.340-77;" FELIPE DALPONTE MENEGAT";010420/0156-00;030477/0189-00;" Concluído";021720;Erechim Santo Dal Bosco;104;SICREDI UNIESTADOS;104;SUREG Erechim RS;CENTRAL SICREDI SUL/SUDESTE;105.0 Hora(s);6d0h08m;16/11/2023 09:19:18;EMITIR DOCUMENTOS PARA LIBERAÇÃO;18h00m;14/11/2023 16:27:33;16/11/2023 09:19:18;AMANDA LUIZA DE GRANDI;0h00m
0000356665;10/11/2023 15:11:29;" AMANDA LUIZA DE GRANDI";" Pagamento de crédito";" 258- AQUISIÇÃO E REEMBOLSO-MÓVEL COM REGISTRO";031.982.340-77;" FELIPE DALPONTE MENEGAT";010420/0156-00;030477/0189-00;" Concluído";021720;Erechim Santo Dal Bosco;104;SICREDI UNIESTADOS;104;SUREG Erechim RS;CENTRAL SICREDI SUL/SUDESTE;105.0 Hora(s);6d0h08m;14/11/2023 16:27:33;REGISTRAR CONTRATO MANUALMENTE;1h00m;14/11/2023 16:27:29;14/11/2023 16:27:33;NICOLAS PAULO DE SOUSA CUNHA;0h00m
0000356665;10/11/2023 15:11:29;" AMANDA LUIZA DE GRANDI";" Pagamento de crédito";" 258- AQUISIÇÃO E REEMBOLSO-MÓVEL COM REGISTRO";031.982.340-77;" FELIPE DALPONTE MENEGAT";010420/0156-00;030477/0189-00;" Concluído";021720;Erechim Santo Dal Bosco;104;SICREDI UNIESTADOS;104;SUREG Erechim RS;CENTRAL SICREDI SUL/SUDESTE;105.0 Hora(s);6d0h08m;14/11/2023 16:27:29;ALIENAR O BEM;1h00m;14/11/2023 16:25:05;14/11/2023 16:27:29;NICOLAS PAULO DE SOUSA CUNHA;0h02m
0000356665;10/11/2023 15:11:29;" AMANDA LUIZA DE GRANDI";" Pagamento de crédito";" 258- AQUISIÇÃO E REEMBOLSO-MÓVEL COM REGISTRO";031.982.340-77;" FELIPE DALPONTE MENEGAT";010420/0156-00;030477/0189-00;" Concluído";021720;Erechim Santo Dal Bosco;104;SICREDI UNIESTADOS;104;SUREG Erechim RS;CENTRAL SICREDI SUL/SUDESTE;105.0 Hora(s);6d0h08m;14/11/2023 16:25:05;FINALIZAR CADASTRO DO BEM;1h00m;14/11/2023 16:25:00;14/11/2023 16:25:05;NICOLAS PAULO DE SOUSA CUNHA;0h00m
0000356665;10/11/2023 15:11:29;" AMANDA LUIZA DE GRANDI";" Pagamento de crédito";" 258- AQUISIÇÃO E REEMBOLSO-MÓVEL COM REGISTRO";031.982.340-77;" FELIPE DALPONTE MENEGAT";010420/0156-00;030477/0189-00;" Concluído";021720;Erechim Santo Dal Bosco;104;SICREDI UNIESTADOS;104;SUREG Erechim RS;CENTRAL SICREDI SUL/SUDESTE;105.0 Hora(s);6d0h08m;14/11/2023 16:24:59;ANÁLISE DE DOCUMENTOS 1ª ETAPA;18h00m;14/11/2023 09:47:52;14/11/2023 16:24:59;NICOLAS PAULO DE SOUSA CUNHA;0h03m
0000356665;10/11/2023 15:11:29;" AMANDA LUIZA DE GRANDI";" Pagamento de crédito";" 258- AQUISIÇÃO E REEMBOLSO-MÓVEL COM REGISTRO";031.982.340-77;" FELIPE DALPONTE MENEGAT";010420/0156-00;030477/0189-00;" Concluído";021720;Erechim Santo Dal Bosco;104;SICREDI UNIESTADOS;104;SUREG Erechim RS;CENTRAL SICREDI SUL/SUDESTE;105.0 Hora(s);6d0h08m;14/11/2023 09:47:52;ENVIAR DOCUMENTOS;1d21h00m;10/11/2023 15:30:25;14/11/2023 09:47:52;AMANDA LUIZA DE GRANDI;0h00m
0000356665;10/11/2023 15:11:29;" AMANDA LUIZA DE GRANDI";" Pagamento de crédito";" 258- AQUISIÇÃO E REEMBOLSO-MÓVEL COM REGISTRO";031.982.340-77;" FELIPE DALPONTE MENEGAT";010420/0156-00;030477/0189-00;" Concluído";021720;Erechim Santo Dal Bosco;104;SICREDI UNIESTADOS;104;SUREG Erechim RS;CENTRAL SICREDI SUL/SUDESTE;105.0 Hora(s);6d0h08m;10/11/2023 15:30:25;AUTORIZAÇÃO DE FATURAMENTO;0h00m;10/11/2023 15:30:02;10/11/2023 15:30:25;;0h00m
0000356665;10/11/2023 15:11:29;" AMANDA LUIZA DE GRANDI";" Pagamento de crédito";" 258- AQUISIÇÃO E REEMBOLSO-MÓVEL COM REGISTRO";031.982.340-77;" FELIPE DALPONTE MENEGAT";010420/0156-00;030477/0189-00;" Concluído";021720;Erechim Santo Dal Bosco;104;SICREDI UNIESTADOS;104;SUREG Erechim RS;CENTRAL SICREDI SUL/SUDESTE;105.0 Hora(s);6d0h08m;16/11/2023 15:40:38;;;;;;
0000356665;10/11/2023 15:11:29;" AMANDA LUIZA DE GRANDI";" Pagamento de crédito";" 258- AQUISIÇÃO E REEMBOLSO-MÓVEL COM REGISTRO";031.982.340-77;" FELIPE DALPONTE MENEGAT";010420/0156-00;030477/0189-00;" Concluído";021720;Erechim Santo Dal Bosco;104;SICREDI UNIESTADOS;104;SUREG Erechim RS;CENTRAL SICREDI SUL/SUDESTE;105.0 Hora(s);6d0h08m;16/11/2023 14:46:04;;;;;;
0000356665;10/11/2023 15:11:29;" AMANDA LUIZA DE GRANDI";" Pagamento de crédito";" 258- AQUISIÇÃO E REEMBOLSO-MÓVEL COM REGISTRO";031.982.340-77;" FELIPE DALPONTE MENEGAT";010420/0156-00;030477/0189-00;" Concluído";021720;Erechim Santo Dal Bosco;104;SICREDI UNIESTADOS;104;SUREG Erechim RS;CENTRAL SICREDI SUL/SUDESTE;105.0 Hora(s);6d0h08m;16/11/2023 14:45:59;;;;;;
0000356665;10/11/2023 15:11:29;" AMANDA LUIZA DE GRANDI";" Pagamento de crédito";" 258- AQUISIÇÃO E REEMBOLSO-MÓVEL COM REGISTRO";031.982.340-77;" FELIPE DALPONTE MENEGAT";010420/0156-00;030477/0189-00;" Concluído";021720;Erechim Santo Dal Bosco;104;SICREDI UNIESTADOS;104;SUREG Erechim RS;CENTRAL SICREDI SUL/SUDESTE;105.0 Hora(s);6d0h08m;16/11/2023 14:45:40;;;;;;
0000356665;10/11/2023 15:11:29;" AMANDA LUIZA DE GRANDI";" Pagamento de crédito";" 258- AQUISIÇÃO E REEMBOLSO-MÓVEL COM REGISTRO";031.982.340-77;" FELIPE DALPONTE MENEGAT";010420/0156-00;030477/0189-00;" Concluído";021720;Erechim Santo Dal Bosco;104;SICREDI UNIESTADOS;104;SUREG Erechim RS;CENTRAL SICREDI SUL/SUDESTE;105.0 Hora(s);6d0h08m;16/11/2023 09:19:18;;;;;;
0000356665;10/11/2023 15:11:29;" AMANDA LUIZA DE GRANDI";" Pagamento de crédito";" 258- AQUISIÇÃO E REEMBOLSO-MÓVEL COM REGISTRO";031.982.340-77;" FELIPE DALPONTE MENEGAT";010420/0156-00;030477/0189-00;" Concluído";021720;Erechim Santo Dal Bosco;104;SICREDI UNIESTADOS;104;SUREG Erechim RS;CENTRAL SICREDI SUL/SUDESTE;105.0 Hora(s);6d0h08m;14/11/2023 16:27:33;;;;;;
0000356665;10/11/2023 15:11:29;" AMANDA LUIZA DE GRANDI";" Pagamento de crédito";" 258- AQUISIÇÃO E REEMBOLSO-MÓVEL COM REGISTRO";031.982.340-77;" FELIPE DALPONTE MENEGAT";010420/0156-00;030477/0189-00;" Concluído";021720;Erechim Santo Dal Bosco;104;SICREDI UNIESTADOS;104;SUREG Erechim RS;CENTRAL SICREDI SUL/SUDESTE;105.0 Hora(s);6d0h08m;14/11/2023 16:27:29;;;;;;
0000356665;10/11/2023 15:11:29;" AMANDA LUIZA DE GRANDI";" Pagamento de crédito";" 258- AQUISIÇÃO E REEMBOLSO-MÓVEL COM REGISTRO";031.982.340-77;" FELIPE DALPONTE MENEGAT";010420/0156-00;030477/0189-00;" Concluído";021720;Erechim Santo Dal Bosco;104;SICREDI UNIESTADOS;104;SUREG Erechim RS;CENTRAL SICREDI SUL/SUDESTE;105.0 Hora(s);6d0h08m;14/11/2023 16:25:05;;;;;;
0000356665;10/11/2023 15:11:29;" AMANDA LUIZA DE GRANDI";" Pagamento de crédito";" 258- AQUISIÇÃO E REEMBOLSO-MÓVEL COM REGISTRO";031.982.340-77;" FELIPE DALPONTE MENEGAT";010420/0156-00;030477/0189-00;" Concluído";021720;Erechim Santo Dal Bosco;104;SICREDI UNIESTADOS;104;SUREG Erechim RS;CENTRAL SICREDI SUL/SUDESTE;105.0 Hora(s);6d0h08m;14/11/2023 16:24:59;;;;;;
0000356665;10/11/2023 15:11:29;" AMANDA LUIZA DE GRANDI";" Pagamento de crédito";" 258- AQUISIÇÃO E REEMBOLSO-MÓVEL COM REGISTRO";031.982.340-77;" FELIPE DALPONTE MENEGAT";010420/0156-00;030477/0189-00;" Concluído";021720;Erechim Santo Dal Bosco;104;SICREDI UNIESTADOS;104;SUREG Erechim RS;CENTRAL SICREDI SUL/SUDESTE;105.0 Hora(s);6d0h08m;14/11/2023 09:47:52;;;;;;
0000356665;10/11/2023 15:11:29;" AMANDA LUIZA DE GRANDI";" Pagamento de crédito";" 258- AQUISIÇÃO E REEMBOLSO-MÓVEL COM REGISTRO";031.982.340-77;" FELIPE DALPONTE MENEGAT";010420/0156-00;030477/0189-00;" Concluído";021720;Erechim Santo Dal Bosco;104;SICREDI UNIESTADOS;104;SUREG Erechim RS;CENTRAL SICREDI SUL/SUDESTE;105.0 Hora(s);6d0h08m;10/11/2023 15:30:25;;;;;;
