﻿ID_Processo7;DT_Solicitacao8;NM_Usuario_Solicitacao8;NM_Tipo_Processo8;NM_Processo8;CD_Inscricao_Nacional8;NM_Pessoa8;Usuário;Grupo_Cota_Outros8;ST_Status8;CD_Comissionado2;NM_Fantasia_Comissionado2;CD_Tipo_Ponto_Venda3;NM_Fantasia_Ponto_Venda2;CD_Tipo_Ponto_Venda4;NM_Tipo_Ponto_Venda2;NM_Filial_Venda2;Nivel_Servico8;Tempo_Processo8;DH_Conclusao8;NM_Atividade1;Nivel_Servico_Atividade1;DT_Inicio_Atividade1;DT_Fim_Atividade1;NM_Usuario_Atividade1;Tempo_Processo_Atividade1
0000358054;16/11/2023 11:11:06;" ELOISE SALVI NOAL DE ALMEIDA";" Pagamento de crédito";" 258- AQUISIÇÃO E REEMBOLSO-MÓVEL COM REGISTRO";012.038.770-05;" ABRAO DA SILVA BLIACHERIENE";010416/0021-00;010426/0054-00;" Concluído";021717;Erechim Centro;104;SICREDI UNIESTADOS;104;SUREG Erechim RS;CENTRAL SICREDI SUL/SUDESTE;105.0 Hora(s);4d0h44m;20/11/2023 11:50:32;LIBERAR PAGAMENTOS;0h00m;20/11/2023 09:39:37;20/11/2023 11:50:32;Kelen Hahn Paulo;0h00m
0000358054;16/11/2023 11:11:06;" ELOISE SALVI NOAL DE ALMEIDA";" Pagamento de crédito";" 258- AQUISIÇÃO E REEMBOLSO-MÓVEL COM REGISTRO";012.038.770-05;" ABRAO DA SILVA BLIACHERIENE";010416/0021-00;010426/0054-00;" Concluído";021717;Erechim Centro;104;SICREDI UNIESTADOS;104;SUREG Erechim RS;CENTRAL SICREDI SUL/SUDESTE;105.0 Hora(s);4d0h44m;20/11/2023 09:39:37;APROVAR PAGAMENTO;1h00m;20/11/2023 09:39:33;20/11/2023 09:39:37;Paola dos Santos Lima;0h00m
0000358054;16/11/2023 11:11:06;" ELOISE SALVI NOAL DE ALMEIDA";" Pagamento de crédito";" 258- AQUISIÇÃO E REEMBOLSO-MÓVEL COM REGISTRO";012.038.770-05;" ABRAO DA SILVA BLIACHERIENE";010416/0021-00;010426/0054-00;" Concluído";021717;Erechim Centro;104;SICREDI UNIESTADOS;104;SUREG Erechim RS;CENTRAL SICREDI SUL/SUDESTE;105.0 Hora(s);4d0h44m;20/11/2023 09:39:33;PROGRAMAR PAGAMENTO;1h00m;20/11/2023 09:38:58;20/11/2023 09:39:33;Paola dos Santos Lima;0h00m
0000358054;16/11/2023 11:11:06;" ELOISE SALVI NOAL DE ALMEIDA";" Pagamento de crédito";" 258- AQUISIÇÃO E REEMBOLSO-MÓVEL COM REGISTRO";012.038.770-05;" ABRAO DA SILVA BLIACHERIENE";010416/0021-00;010426/0054-00;" Concluído";021717;Erechim Centro;104;SICREDI UNIESTADOS;104;SUREG Erechim RS;CENTRAL SICREDI SUL/SUDESTE;105.0 Hora(s);4d0h44m;20/11/2023 09:38:58;ANALISAR DOCUMENTOS PARA LIBERAÇÃO 2ª ETAPA;18h00m;20/11/2023 09:22:42;20/11/2023 09:38:58;Paola dos Santos Lima;0h02m
0000358054;16/11/2023 11:11:06;" ELOISE SALVI NOAL DE ALMEIDA";" Pagamento de crédito";" 258- AQUISIÇÃO E REEMBOLSO-MÓVEL COM REGISTRO";012.038.770-05;" ABRAO DA SILVA BLIACHERIENE";010416/0021-00;010426/0054-00;" Concluído";021717;Erechim Centro;104;SICREDI UNIESTADOS;104;SUREG Erechim RS;CENTRAL SICREDI SUL/SUDESTE;105.0 Hora(s);4d0h44m;20/11/2023 09:22:42;EMITIR DOCUMENTOS PARA LIBERAÇÃO;18h00m;17/11/2023 15:21:58;20/11/2023 09:22:42;ELOISE SALVI NOAL DE ALMEIDA;0h00m
0000358054;16/11/2023 11:11:06;" ELOISE SALVI NOAL DE ALMEIDA";" Pagamento de crédito";" 258- AQUISIÇÃO E REEMBOLSO-MÓVEL COM REGISTRO";012.038.770-05;" ABRAO DA SILVA BLIACHERIENE";010416/0021-00;010426/0054-00;" Concluído";021717;Erechim Centro;104;SICREDI UNIESTADOS;104;SUREG Erechim RS;CENTRAL SICREDI SUL/SUDESTE;105.0 Hora(s);4d0h44m;17/11/2023 15:21:57;REGISTRAR CONTRATO MANUALMENTE;1h00m;17/11/2023 15:21:53;17/11/2023 15:21:57;NICOLAS PAULO DE SOUSA CUNHA;0h00m
0000358054;16/11/2023 11:11:06;" ELOISE SALVI NOAL DE ALMEIDA";" Pagamento de crédito";" 258- AQUISIÇÃO E REEMBOLSO-MÓVEL COM REGISTRO";012.038.770-05;" ABRAO DA SILVA BLIACHERIENE";010416/0021-00;010426/0054-00;" Concluído";021717;Erechim Centro;104;SICREDI UNIESTADOS;104;SUREG Erechim RS;CENTRAL SICREDI SUL/SUDESTE;105.0 Hora(s);4d0h44m;17/11/2023 15:21:53;ALIENAR O BEM;1h00m;17/11/2023 15:21:05;17/11/2023 15:21:53;NICOLAS PAULO DE SOUSA CUNHA;0h00m
0000358054;16/11/2023 11:11:06;" ELOISE SALVI NOAL DE ALMEIDA";" Pagamento de crédito";" 258- AQUISIÇÃO E REEMBOLSO-MÓVEL COM REGISTRO";012.038.770-05;" ABRAO DA SILVA BLIACHERIENE";010416/0021-00;010426/0054-00;" Concluído";021717;Erechim Centro;104;SICREDI UNIESTADOS;104;SUREG Erechim RS;CENTRAL SICREDI SUL/SUDESTE;105.0 Hora(s);4d0h44m;17/11/2023 15:21:05;FINALIZAR CADASTRO DO BEM;1h00m;17/11/2023 15:20:56;17/11/2023 15:21:05;NICOLAS PAULO DE SOUSA CUNHA;0h00m
0000358054;16/11/2023 11:11:06;" ELOISE SALVI NOAL DE ALMEIDA";" Pagamento de crédito";" 258- AQUISIÇÃO E REEMBOLSO-MÓVEL COM REGISTRO";012.038.770-05;" ABRAO DA SILVA BLIACHERIENE";010416/0021-00;010426/0054-00;" Concluído";021717;Erechim Centro;104;SICREDI UNIESTADOS;104;SUREG Erechim RS;CENTRAL SICREDI SUL/SUDESTE;105.0 Hora(s);4d0h44m;17/11/2023 15:20:56;ANÁLISE DE DOCUMENTOS 1ª ETAPA;18h00m;17/11/2023 14:30:36;17/11/2023 15:20:56;NICOLAS PAULO DE SOUSA CUNHA;0h02m
0000358054;16/11/2023 11:11:06;" ELOISE SALVI NOAL DE ALMEIDA";" Pagamento de crédito";" 258- AQUISIÇÃO E REEMBOLSO-MÓVEL COM REGISTRO";012.038.770-05;" ABRAO DA SILVA BLIACHERIENE";010416/0021-00;010426/0054-00;" Concluído";021717;Erechim Centro;104;SICREDI UNIESTADOS;104;SUREG Erechim RS;CENTRAL SICREDI SUL/SUDESTE;105.0 Hora(s);4d0h44m;17/11/2023 14:30:36;ENVIAR DOCUMENTOS;1d21h00m;16/11/2023 11:06:38;17/11/2023 14:30:36;ELOISE SALVI NOAL DE ALMEIDA;0h00m
0000358054;16/11/2023 11:11:06;" ELOISE SALVI NOAL DE ALMEIDA";" Pagamento de crédito";" 258- AQUISIÇÃO E REEMBOLSO-MÓVEL COM REGISTRO";012.038.770-05;" ABRAO DA SILVA BLIACHERIENE";010416/0021-00;010426/0054-00;" Concluído";021717;Erechim Centro;104;SICREDI UNIESTADOS;104;SUREG Erechim RS;CENTRAL SICREDI SUL/SUDESTE;105.0 Hora(s);4d0h44m;16/11/2023 11:06:38;AUTORIZAÇÃO DE FATURAMENTO;0h00m;16/11/2023 11:06:16;16/11/2023 11:06:38;;0h00m
0000358054;16/11/2023 11:11:06;" ELOISE SALVI NOAL DE ALMEIDA";" Pagamento de crédito";" 258- AQUISIÇÃO E REEMBOLSO-MÓVEL COM REGISTRO";012.038.770-05;" ABRAO DA SILVA BLIACHERIENE";010416/0021-00;010426/0054-00;" Concluído";021717;Erechim Centro;104;SICREDI UNIESTADOS;104;SUREG Erechim RS;CENTRAL SICREDI SUL/SUDESTE;105.0 Hora(s);4d0h44m;20/11/2023 11:50:32;;;;;;
0000358054;16/11/2023 11:11:06;" ELOISE SALVI NOAL DE ALMEIDA";" Pagamento de crédito";" 258- AQUISIÇÃO E REEMBOLSO-MÓVEL COM REGISTRO";012.038.770-05;" ABRAO DA SILVA BLIACHERIENE";010416/0021-00;010426/0054-00;" Concluído";021717;Erechim Centro;104;SICREDI UNIESTADOS;104;SUREG Erechim RS;CENTRAL SICREDI SUL/SUDESTE;105.0 Hora(s);4d0h44m;20/11/2023 09:39:37;;;;;;
0000358054;16/11/2023 11:11:06;" ELOISE SALVI NOAL DE ALMEIDA";" Pagamento de crédito";" 258- AQUISIÇÃO E REEMBOLSO-MÓVEL COM REGISTRO";012.038.770-05;" ABRAO DA SILVA BLIACHERIENE";010416/0021-00;010426/0054-00;" Concluído";021717;Erechim Centro;104;SICREDI UNIESTADOS;104;SUREG Erechim RS;CENTRAL SICREDI SUL/SUDESTE;105.0 Hora(s);4d0h44m;20/11/2023 09:39:33;;;;;;
0000358054;16/11/2023 11:11:06;" ELOISE SALVI NOAL DE ALMEIDA";" Pagamento de crédito";" 258- AQUISIÇÃO E REEMBOLSO-MÓVEL COM REGISTRO";012.038.770-05;" ABRAO DA SILVA BLIACHERIENE";010416/0021-00;010426/0054-00;" Concluído";021717;Erechim Centro;104;SICREDI UNIESTADOS;104;SUREG Erechim RS;CENTRAL SICREDI SUL/SUDESTE;105.0 Hora(s);4d0h44m;20/11/2023 09:38:58;;;;;;
0000358054;16/11/2023 11:11:06;" ELOISE SALVI NOAL DE ALMEIDA";" Pagamento de crédito";" 258- AQUISIÇÃO E REEMBOLSO-MÓVEL COM REGISTRO";012.038.770-05;" ABRAO DA SILVA BLIACHERIENE";010416/0021-00;010426/0054-00;" Concluído";021717;Erechim Centro;104;SICREDI UNIESTADOS;104;SUREG Erechim RS;CENTRAL SICREDI SUL/SUDESTE;105.0 Hora(s);4d0h44m;20/11/2023 09:22:42;;;;;;
0000358054;16/11/2023 11:11:06;" ELOISE SALVI NOAL DE ALMEIDA";" Pagamento de crédito";" 258- AQUISIÇÃO E REEMBOLSO-MÓVEL COM REGISTRO";012.038.770-05;" ABRAO DA SILVA BLIACHERIENE";010416/0021-00;010426/0054-00;" Concluído";021717;Erechim Centro;104;SICREDI UNIESTADOS;104;SUREG Erechim RS;CENTRAL SICREDI SUL/SUDESTE;105.0 Hora(s);4d0h44m;17/11/2023 15:21:57;;;;;;
0000358054;16/11/2023 11:11:06;" ELOISE SALVI NOAL DE ALMEIDA";" Pagamento de crédito";" 258- AQUISIÇÃO E REEMBOLSO-MÓVEL COM REGISTRO";012.038.770-05;" ABRAO DA SILVA BLIACHERIENE";010416/0021-00;010426/0054-00;" Concluído";021717;Erechim Centro;104;SICREDI UNIESTADOS;104;SUREG Erechim RS;CENTRAL SICREDI SUL/SUDESTE;105.0 Hora(s);4d0h44m;17/11/2023 15:21:53;;;;;;
0000358054;16/11/2023 11:11:06;" ELOISE SALVI NOAL DE ALMEIDA";" Pagamento de crédito";" 258- AQUISIÇÃO E REEMBOLSO-MÓVEL COM REGISTRO";012.038.770-05;" ABRAO DA SILVA BLIACHERIENE";010416/0021-00;010426/0054-00;" Concluído";021717;Erechim Centro;104;SICREDI UNIESTADOS;104;SUREG Erechim RS;CENTRAL SICREDI SUL/SUDESTE;105.0 Hora(s);4d0h44m;17/11/2023 15:21:05;;;;;;
0000358054;16/11/2023 11:11:06;" ELOISE SALVI NOAL DE ALMEIDA";" Pagamento de crédito";" 258- AQUISIÇÃO E REEMBOLSO-MÓVEL COM REGISTRO";012.038.770-05;" ABRAO DA SILVA BLIACHERIENE";010416/0021-00;010426/0054-00;" Concluído";021717;Erechim Centro;104;SICREDI UNIESTADOS;104;SUREG Erechim RS;CENTRAL SICREDI SUL/SUDESTE;105.0 Hora(s);4d0h44m;17/11/2023 15:20:56;;;;;;
0000358054;16/11/2023 11:11:06;" ELOISE SALVI NOAL DE ALMEIDA";" Pagamento de crédito";" 258- AQUISIÇÃO E REEMBOLSO-MÓVEL COM REGISTRO";012.038.770-05;" ABRAO DA SILVA BLIACHERIENE";010416/0021-00;010426/0054-00;" Concluído";021717;Erechim Centro;104;SICREDI UNIESTADOS;104;SUREG Erechim RS;CENTRAL SICREDI SUL/SUDESTE;105.0 Hora(s);4d0h44m;17/11/2023 14:30:36;;;;;;
0000358054;16/11/2023 11:11:06;" ELOISE SALVI NOAL DE ALMEIDA";" Pagamento de crédito";" 258- AQUISIÇÃO E REEMBOLSO-MÓVEL COM REGISTRO";012.038.770-05;" ABRAO DA SILVA BLIACHERIENE";010416/0021-00;010426/0054-00;" Concluído";021717;Erechim Centro;104;SICREDI UNIESTADOS;104;SUREG Erechim RS;CENTRAL SICREDI SUL/SUDESTE;105.0 Hora(s);4d0h44m;16/11/2023 11:06:38;;;;;;
