﻿ID_Processo7;DT_Solicitacao8;NM_Usuario_Solicitacao8;NM_Tipo_Processo8;NM_Processo8;CD_Inscricao_Nacional8;NM_Pessoa8;Usuário;Grupo_Cota_Outros8;ST_Status8;CD_Comissionado2;NM_Fantasia_Comissionado2;CD_Tipo_Ponto_Venda3;NM_Fantasia_Ponto_Venda2;CD_Tipo_Ponto_Venda4;NM_Tipo_Ponto_Venda2;NM_Filial_Venda2;Nivel_Servico8;Tempo_Processo8;DH_Conclusao8;NM_Atividade1;Nivel_Servico_Atividade1;DT_Inicio_Atividade1;DT_Fim_Atividade1;NM_Usuario_Atividade1;Tempo_Processo_Atividade1
0000363782;17/11/2023 14:11:30;" DANIELY MENDONCA DE FREITAS";" Pagamento de crédito";" 258- AQUISIÇÃO E REEMBOLSO-MÓVEL COM REGISTRO";31.768.673/0001-10;" NOVA PAVMASTER P E LOCACAO LTDA";010438/0375-00;;" Concluído";072644;Ribeirão Pires - SP;207;SICREDI VALE DO PIQUIRI ABCD P;207;SUREG Vale do Piquiri PR;CENTRAL SICREDI PR/SP/RJ;105.0 Hora(s);4d21h12m;22/11/2023 12:01:35;LIBERAR PAGAMENTOS;0h00m;21/11/2023 16:57:55;22/11/2023 12:01:35;Kelen Hahn Paulo;0h00m
0000363782;17/11/2023 14:11:30;" DANIELY MENDONCA DE FREITAS";" Pagamento de crédito";" 258- AQUISIÇÃO E REEMBOLSO-MÓVEL COM REGISTRO";31.768.673/0001-10;" NOVA PAVMASTER P E LOCACAO LTDA";010438/0375-00;;" Concluído";072644;Ribeirão Pires - SP;207;SICREDI VALE DO PIQUIRI ABCD P;207;SUREG Vale do Piquiri PR;CENTRAL SICREDI PR/SP/RJ;105.0 Hora(s);4d21h12m;21/11/2023 16:57:55;APROVAR PAGAMENTO;1h00m;21/11/2023 16:57:50;21/11/2023 16:57:55;Paola dos Santos Lima;0h00m
0000363782;17/11/2023 14:11:30;" DANIELY MENDONCA DE FREITAS";" Pagamento de crédito";" 258- AQUISIÇÃO E REEMBOLSO-MÓVEL COM REGISTRO";31.768.673/0001-10;" NOVA PAVMASTER P E LOCACAO LTDA";010438/0375-00;;" Concluído";072644;Ribeirão Pires - SP;207;SICREDI VALE DO PIQUIRI ABCD P;207;SUREG Vale do Piquiri PR;CENTRAL SICREDI PR/SP/RJ;105.0 Hora(s);4d21h12m;21/11/2023 16:57:50;PROGRAMAR PAGAMENTO;1h00m;21/11/2023 16:57:15;21/11/2023 16:57:50;Paola dos Santos Lima;0h00m
0000363782;17/11/2023 14:11:30;" DANIELY MENDONCA DE FREITAS";" Pagamento de crédito";" 258- AQUISIÇÃO E REEMBOLSO-MÓVEL COM REGISTRO";31.768.673/0001-10;" NOVA PAVMASTER P E LOCACAO LTDA";010438/0375-00;;" Concluído";072644;Ribeirão Pires - SP;207;SICREDI VALE DO PIQUIRI ABCD P;207;SUREG Vale do Piquiri PR;CENTRAL SICREDI PR/SP/RJ;105.0 Hora(s);4d21h12m;21/11/2023 16:57:15;ANALISAR DOCUMENTOS PARA LIBERAÇÃO 2ª ETAPA;18h00m;21/11/2023 15:44:13;21/11/2023 16:57:15;Paola dos Santos Lima;0h03m
0000363782;17/11/2023 14:11:30;" DANIELY MENDONCA DE FREITAS";" Pagamento de crédito";" 258- AQUISIÇÃO E REEMBOLSO-MÓVEL COM REGISTRO";31.768.673/0001-10;" NOVA PAVMASTER P E LOCACAO LTDA";010438/0375-00;;" Concluído";072644;Ribeirão Pires - SP;207;SICREDI VALE DO PIQUIRI ABCD P;207;SUREG Vale do Piquiri PR;CENTRAL SICREDI PR/SP/RJ;105.0 Hora(s);4d21h12m;21/11/2023 15:44:13;EMITIR DOCUMENTOS PARA LIBERAÇÃO;18h00m;20/11/2023 11:04:39;21/11/2023 15:44:13;DANIELY MENDONCA DE FREITAS;0h00m
0000363782;17/11/2023 14:11:30;" DANIELY MENDONCA DE FREITAS";" Pagamento de crédito";" 258- AQUISIÇÃO E REEMBOLSO-MÓVEL COM REGISTRO";31.768.673/0001-10;" NOVA PAVMASTER P E LOCACAO LTDA";010438/0375-00;;" Concluído";072644;Ribeirão Pires - SP;207;SICREDI VALE DO PIQUIRI ABCD P;207;SUREG Vale do Piquiri PR;CENTRAL SICREDI PR/SP/RJ;105.0 Hora(s);4d21h12m;20/11/2023 11:04:39;REGISTRAR CONTRATO MANUALMENTE;1h00m;20/11/2023 11:04:29;20/11/2023 11:04:39;Clara Vargas;0h00m
0000363782;17/11/2023 14:11:30;" DANIELY MENDONCA DE FREITAS";" Pagamento de crédito";" 258- AQUISIÇÃO E REEMBOLSO-MÓVEL COM REGISTRO";31.768.673/0001-10;" NOVA PAVMASTER P E LOCACAO LTDA";010438/0375-00;;" Concluído";072644;Ribeirão Pires - SP;207;SICREDI VALE DO PIQUIRI ABCD P;207;SUREG Vale do Piquiri PR;CENTRAL SICREDI PR/SP/RJ;105.0 Hora(s);4d21h12m;20/11/2023 11:04:29;ALIENAR O BEM;1h00m;20/11/2023 11:03:56;20/11/2023 11:04:29;Clara Vargas;0h01m
0000363782;17/11/2023 14:11:30;" DANIELY MENDONCA DE FREITAS";" Pagamento de crédito";" 258- AQUISIÇÃO E REEMBOLSO-MÓVEL COM REGISTRO";31.768.673/0001-10;" NOVA PAVMASTER P E LOCACAO LTDA";010438/0375-00;;" Concluído";072644;Ribeirão Pires - SP;207;SICREDI VALE DO PIQUIRI ABCD P;207;SUREG Vale do Piquiri PR;CENTRAL SICREDI PR/SP/RJ;105.0 Hora(s);4d21h12m;20/11/2023 11:03:55;FINALIZAR CADASTRO DO BEM;1h00m;20/11/2023 11:03:51;20/11/2023 11:03:55;Clara Vargas;0h00m
0000363782;17/11/2023 14:11:30;" DANIELY MENDONCA DE FREITAS";" Pagamento de crédito";" 258- AQUISIÇÃO E REEMBOLSO-MÓVEL COM REGISTRO";31.768.673/0001-10;" NOVA PAVMASTER P E LOCACAO LTDA";010438/0375-00;;" Concluído";072644;Ribeirão Pires - SP;207;SICREDI VALE DO PIQUIRI ABCD P;207;SUREG Vale do Piquiri PR;CENTRAL SICREDI PR/SP/RJ;105.0 Hora(s);4d21h12m;20/11/2023 11:03:50;ANÁLISE DE DOCUMENTOS 1ª ETAPA;18h00m;17/11/2023 14:53:31;20/11/2023 11:03:50;Clara Vargas;0h08m
0000363782;17/11/2023 14:11:30;" DANIELY MENDONCA DE FREITAS";" Pagamento de crédito";" 258- AQUISIÇÃO E REEMBOLSO-MÓVEL COM REGISTRO";31.768.673/0001-10;" NOVA PAVMASTER P E LOCACAO LTDA";010438/0375-00;;" Concluído";072644;Ribeirão Pires - SP;207;SICREDI VALE DO PIQUIRI ABCD P;207;SUREG Vale do Piquiri PR;CENTRAL SICREDI PR/SP/RJ;105.0 Hora(s);4d21h12m;17/11/2023 14:53:31;ENVIAR DOCUMENTOS;1d21h00m;17/11/2023 14:50:17;17/11/2023 14:53:31;DANIELY MENDONCA DE FREITAS;0h00m
0000363782;17/11/2023 14:11:30;" DANIELY MENDONCA DE FREITAS";" Pagamento de crédito";" 258- AQUISIÇÃO E REEMBOLSO-MÓVEL COM REGISTRO";31.768.673/0001-10;" NOVA PAVMASTER P E LOCACAO LTDA";010438/0375-00;;" Concluído";072644;Ribeirão Pires - SP;207;SICREDI VALE DO PIQUIRI ABCD P;207;SUREG Vale do Piquiri PR;CENTRAL SICREDI PR/SP/RJ;105.0 Hora(s);4d21h12m;17/11/2023 14:50:17;AUTORIZAÇÃO DE FATURAMENTO;0h00m;17/11/2023 14:49:17;17/11/2023 14:50:17;;0h00m
0000363782;17/11/2023 14:11:30;" DANIELY MENDONCA DE FREITAS";" Pagamento de crédito";" 258- AQUISIÇÃO E REEMBOLSO-MÓVEL COM REGISTRO";31.768.673/0001-10;" NOVA PAVMASTER P E LOCACAO LTDA";010438/0375-00;;" Concluído";072644;Ribeirão Pires - SP;207;SICREDI VALE DO PIQUIRI ABCD P;207;SUREG Vale do Piquiri PR;CENTRAL SICREDI PR/SP/RJ;105.0 Hora(s);4d21h12m;22/11/2023 12:01:35;;;;;;
0000363782;17/11/2023 14:11:30;" DANIELY MENDONCA DE FREITAS";" Pagamento de crédito";" 258- AQUISIÇÃO E REEMBOLSO-MÓVEL COM REGISTRO";31.768.673/0001-10;" NOVA PAVMASTER P E LOCACAO LTDA";010438/0375-00;;" Concluído";072644;Ribeirão Pires - SP;207;SICREDI VALE DO PIQUIRI ABCD P;207;SUREG Vale do Piquiri PR;CENTRAL SICREDI PR/SP/RJ;105.0 Hora(s);4d21h12m;21/11/2023 16:57:55;;;;;;
0000363782;17/11/2023 14:11:30;" DANIELY MENDONCA DE FREITAS";" Pagamento de crédito";" 258- AQUISIÇÃO E REEMBOLSO-MÓVEL COM REGISTRO";31.768.673/0001-10;" NOVA PAVMASTER P E LOCACAO LTDA";010438/0375-00;;" Concluído";072644;Ribeirão Pires - SP;207;SICREDI VALE DO PIQUIRI ABCD P;207;SUREG Vale do Piquiri PR;CENTRAL SICREDI PR/SP/RJ;105.0 Hora(s);4d21h12m;21/11/2023 16:57:50;;;;;;
0000363782;17/11/2023 14:11:30;" DANIELY MENDONCA DE FREITAS";" Pagamento de crédito";" 258- AQUISIÇÃO E REEMBOLSO-MÓVEL COM REGISTRO";31.768.673/0001-10;" NOVA PAVMASTER P E LOCACAO LTDA";010438/0375-00;;" Concluído";072644;Ribeirão Pires - SP;207;SICREDI VALE DO PIQUIRI ABCD P;207;SUREG Vale do Piquiri PR;CENTRAL SICREDI PR/SP/RJ;105.0 Hora(s);4d21h12m;21/11/2023 16:57:15;;;;;;
0000363782;17/11/2023 14:11:30;" DANIELY MENDONCA DE FREITAS";" Pagamento de crédito";" 258- AQUISIÇÃO E REEMBOLSO-MÓVEL COM REGISTRO";31.768.673/0001-10;" NOVA PAVMASTER P E LOCACAO LTDA";010438/0375-00;;" Concluído";072644;Ribeirão Pires - SP;207;SICREDI VALE DO PIQUIRI ABCD P;207;SUREG Vale do Piquiri PR;CENTRAL SICREDI PR/SP/RJ;105.0 Hora(s);4d21h12m;21/11/2023 15:44:13;;;;;;
0000363782;17/11/2023 14:11:30;" DANIELY MENDONCA DE FREITAS";" Pagamento de crédito";" 258- AQUISIÇÃO E REEMBOLSO-MÓVEL COM REGISTRO";31.768.673/0001-10;" NOVA PAVMASTER P E LOCACAO LTDA";010438/0375-00;;" Concluído";072644;Ribeirão Pires - SP;207;SICREDI VALE DO PIQUIRI ABCD P;207;SUREG Vale do Piquiri PR;CENTRAL SICREDI PR/SP/RJ;105.0 Hora(s);4d21h12m;20/11/2023 11:04:39;;;;;;
0000363782;17/11/2023 14:11:30;" DANIELY MENDONCA DE FREITAS";" Pagamento de crédito";" 258- AQUISIÇÃO E REEMBOLSO-MÓVEL COM REGISTRO";31.768.673/0001-10;" NOVA PAVMASTER P E LOCACAO LTDA";010438/0375-00;;" Concluído";072644;Ribeirão Pires - SP;207;SICREDI VALE DO PIQUIRI ABCD P;207;SUREG Vale do Piquiri PR;CENTRAL SICREDI PR/SP/RJ;105.0 Hora(s);4d21h12m;20/11/2023 11:04:29;;;;;;
0000363782;17/11/2023 14:11:30;" DANIELY MENDONCA DE FREITAS";" Pagamento de crédito";" 258- AQUISIÇÃO E REEMBOLSO-MÓVEL COM REGISTRO";31.768.673/0001-10;" NOVA PAVMASTER P E LOCACAO LTDA";010438/0375-00;;" Concluído";072644;Ribeirão Pires - SP;207;SICREDI VALE DO PIQUIRI ABCD P;207;SUREG Vale do Piquiri PR;CENTRAL SICREDI PR/SP/RJ;105.0 Hora(s);4d21h12m;20/11/2023 11:03:55;;;;;;
0000363782;17/11/2023 14:11:30;" DANIELY MENDONCA DE FREITAS";" Pagamento de crédito";" 258- AQUISIÇÃO E REEMBOLSO-MÓVEL COM REGISTRO";31.768.673/0001-10;" NOVA PAVMASTER P E LOCACAO LTDA";010438/0375-00;;" Concluído";072644;Ribeirão Pires - SP;207;SICREDI VALE DO PIQUIRI ABCD P;207;SUREG Vale do Piquiri PR;CENTRAL SICREDI PR/SP/RJ;105.0 Hora(s);4d21h12m;20/11/2023 11:03:50;;;;;;
0000363782;17/11/2023 14:11:30;" DANIELY MENDONCA DE FREITAS";" Pagamento de crédito";" 258- AQUISIÇÃO E REEMBOLSO-MÓVEL COM REGISTRO";31.768.673/0001-10;" NOVA PAVMASTER P E LOCACAO LTDA";010438/0375-00;;" Concluído";072644;Ribeirão Pires - SP;207;SICREDI VALE DO PIQUIRI ABCD P;207;SUREG Vale do Piquiri PR;CENTRAL SICREDI PR/SP/RJ;105.0 Hora(s);4d21h12m;17/11/2023 14:53:31;;;;;;
0000363782;17/11/2023 14:11:30;" DANIELY MENDONCA DE FREITAS";" Pagamento de crédito";" 258- AQUISIÇÃO E REEMBOLSO-MÓVEL COM REGISTRO";31.768.673/0001-10;" NOVA PAVMASTER P E LOCACAO LTDA";010438/0375-00;;" Concluído";072644;Ribeirão Pires - SP;207;SICREDI VALE DO PIQUIRI ABCD P;207;SUREG Vale do Piquiri PR;CENTRAL SICREDI PR/SP/RJ;105.0 Hora(s);4d21h12m;17/11/2023 14:50:17;;;;;;
