﻿ID_Processo7;DT_Solicitacao8;NM_Usuario_Solicitacao8;NM_Tipo_Processo8;NM_Processo8;CD_Inscricao_Nacional8;NM_Pessoa8;Usuário;Grupo_Cota_Outros8;ST_Status8;CD_Comissionado2;NM_Fantasia_Comissionado2;CD_Tipo_Ponto_Venda3;NM_Fantasia_Ponto_Venda2;CD_Tipo_Ponto_Venda4;NM_Tipo_Ponto_Venda2;NM_Filial_Venda2;Nivel_Servico8;Tempo_Processo8;DH_Conclusao8;NM_Atividade1;Nivel_Servico_Atividade1;DT_Inicio_Atividade1;DT_Fim_Atividade1;NM_Usuario_Atividade1;Tempo_Processo_Atividade1
0000363346;17/11/2023 09:11:04;" Michele Zilio Gasparin";" Pagamento de crédito";" 258- AQUISIÇÃO E REEMBOLSO-MÓVEL COM REGISTRO";041.529.570-00;" DOUGLAS MATHEUS DOS SANTOS ROSSETO";010408/0172-00;;" Concluído";021720;Erechim Santo Dal Bosco;104;SICREDI UNIESTADOS;104;SUREG Erechim RS;CENTRAL SICREDI SUL/SUDESTE;105.0 Hora(s);7d2h10m;24/11/2023 11:45:59;LIBERAR PAGAMENTOS;0h00m;23/11/2023 15:42:13;24/11/2023 11:45:59;Kelen Hahn Paulo;0h00m
0000363346;17/11/2023 09:11:04;" Michele Zilio Gasparin";" Pagamento de crédito";" 258- AQUISIÇÃO E REEMBOLSO-MÓVEL COM REGISTRO";041.529.570-00;" DOUGLAS MATHEUS DOS SANTOS ROSSETO";010408/0172-00;;" Concluído";021720;Erechim Santo Dal Bosco;104;SICREDI UNIESTADOS;104;SUREG Erechim RS;CENTRAL SICREDI SUL/SUDESTE;105.0 Hora(s);7d2h10m;23/11/2023 15:42:13;APROVAR PAGAMENTO;1h00m;23/11/2023 15:42:02;23/11/2023 15:42:13;LARISSA JAENISCH DUTRA PINTO;0h00m
0000363346;17/11/2023 09:11:04;" Michele Zilio Gasparin";" Pagamento de crédito";" 258- AQUISIÇÃO E REEMBOLSO-MÓVEL COM REGISTRO";041.529.570-00;" DOUGLAS MATHEUS DOS SANTOS ROSSETO";010408/0172-00;;" Concluído";021720;Erechim Santo Dal Bosco;104;SICREDI UNIESTADOS;104;SUREG Erechim RS;CENTRAL SICREDI SUL/SUDESTE;105.0 Hora(s);7d2h10m;23/11/2023 15:42:02;PROGRAMAR PAGAMENTO;1h00m;23/11/2023 15:41:00;23/11/2023 15:42:02;LARISSA JAENISCH DUTRA PINTO;0h01m
0000363346;17/11/2023 09:11:04;" Michele Zilio Gasparin";" Pagamento de crédito";" 258- AQUISIÇÃO E REEMBOLSO-MÓVEL COM REGISTRO";041.529.570-00;" DOUGLAS MATHEUS DOS SANTOS ROSSETO";010408/0172-00;;" Concluído";021720;Erechim Santo Dal Bosco;104;SICREDI UNIESTADOS;104;SUREG Erechim RS;CENTRAL SICREDI SUL/SUDESTE;105.0 Hora(s);7d2h10m;23/11/2023 15:41:00;ANALISAR DOCUMENTOS PARA LIBERAÇÃO 2ª ETAPA;18h00m;23/11/2023 13:08:51;23/11/2023 15:41:00;LARISSA JAENISCH DUTRA PINTO;0h03m
0000363346;17/11/2023 09:11:04;" Michele Zilio Gasparin";" Pagamento de crédito";" 258- AQUISIÇÃO E REEMBOLSO-MÓVEL COM REGISTRO";041.529.570-00;" DOUGLAS MATHEUS DOS SANTOS ROSSETO";010408/0172-00;;" Concluído";021720;Erechim Santo Dal Bosco;104;SICREDI UNIESTADOS;104;SUREG Erechim RS;CENTRAL SICREDI SUL/SUDESTE;105.0 Hora(s);7d2h10m;23/11/2023 13:08:51;EMITIR DOCUMENTOS PARA LIBERAÇÃO;18h00m;22/11/2023 16:23:44;23/11/2023 13:08:51;Michele Zilio Gasparin;0h00m
0000363346;17/11/2023 09:11:04;" Michele Zilio Gasparin";" Pagamento de crédito";" 258- AQUISIÇÃO E REEMBOLSO-MÓVEL COM REGISTRO";041.529.570-00;" DOUGLAS MATHEUS DOS SANTOS ROSSETO";010408/0172-00;;" Concluído";021720;Erechim Santo Dal Bosco;104;SICREDI UNIESTADOS;104;SUREG Erechim RS;CENTRAL SICREDI SUL/SUDESTE;105.0 Hora(s);7d2h10m;22/11/2023 16:23:44;REGISTRAR CONTRATO MANUALMENTE;1h00m;22/11/2023 16:23:41;22/11/2023 16:23:44;NICOLAS PAULO DE SOUSA CUNHA;0h00m
0000363346;17/11/2023 09:11:04;" Michele Zilio Gasparin";" Pagamento de crédito";" 258- AQUISIÇÃO E REEMBOLSO-MÓVEL COM REGISTRO";041.529.570-00;" DOUGLAS MATHEUS DOS SANTOS ROSSETO";010408/0172-00;;" Concluído";021720;Erechim Santo Dal Bosco;104;SICREDI UNIESTADOS;104;SUREG Erechim RS;CENTRAL SICREDI SUL/SUDESTE;105.0 Hora(s);7d2h10m;22/11/2023 16:23:40;ALIENAR O BEM;1h00m;22/11/2023 16:21:25;22/11/2023 16:23:40;NICOLAS PAULO DE SOUSA CUNHA;0h02m
0000363346;17/11/2023 09:11:04;" Michele Zilio Gasparin";" Pagamento de crédito";" 258- AQUISIÇÃO E REEMBOLSO-MÓVEL COM REGISTRO";041.529.570-00;" DOUGLAS MATHEUS DOS SANTOS ROSSETO";010408/0172-00;;" Concluído";021720;Erechim Santo Dal Bosco;104;SICREDI UNIESTADOS;104;SUREG Erechim RS;CENTRAL SICREDI SUL/SUDESTE;105.0 Hora(s);7d2h10m;22/11/2023 16:21:25;FINALIZAR CADASTRO DO BEM;1h00m;22/11/2023 16:21:21;22/11/2023 16:21:25;NICOLAS PAULO DE SOUSA CUNHA;0h00m
0000363346;17/11/2023 09:11:04;" Michele Zilio Gasparin";" Pagamento de crédito";" 258- AQUISIÇÃO E REEMBOLSO-MÓVEL COM REGISTRO";041.529.570-00;" DOUGLAS MATHEUS DOS SANTOS ROSSETO";010408/0172-00;;" Concluído";021720;Erechim Santo Dal Bosco;104;SICREDI UNIESTADOS;104;SUREG Erechim RS;CENTRAL SICREDI SUL/SUDESTE;105.0 Hora(s);7d2h10m;22/11/2023 16:21:21;ANÁLISE DE DOCUMENTOS 1ª ETAPA;18h00m;22/11/2023 09:15:10;22/11/2023 16:21:21;NICOLAS PAULO DE SOUSA CUNHA;0h03m
0000363346;17/11/2023 09:11:04;" Michele Zilio Gasparin";" Pagamento de crédito";" 258- AQUISIÇÃO E REEMBOLSO-MÓVEL COM REGISTRO";041.529.570-00;" DOUGLAS MATHEUS DOS SANTOS ROSSETO";010408/0172-00;;" Concluído";021720;Erechim Santo Dal Bosco;104;SICREDI UNIESTADOS;104;SUREG Erechim RS;CENTRAL SICREDI SUL/SUDESTE;105.0 Hora(s);7d2h10m;22/11/2023 09:15:09;ENVIAR DOCUMENTOS;1d21h00m;17/11/2023 09:35:42;22/11/2023 09:15:09;Michele Zilio Gasparin;0h00m
0000363346;17/11/2023 09:11:04;" Michele Zilio Gasparin";" Pagamento de crédito";" 258- AQUISIÇÃO E REEMBOLSO-MÓVEL COM REGISTRO";041.529.570-00;" DOUGLAS MATHEUS DOS SANTOS ROSSETO";010408/0172-00;;" Concluído";021720;Erechim Santo Dal Bosco;104;SICREDI UNIESTADOS;104;SUREG Erechim RS;CENTRAL SICREDI SUL/SUDESTE;105.0 Hora(s);7d2h10m;17/11/2023 09:35:42;AUTORIZAÇÃO DE FATURAMENTO;0h00m;17/11/2023 09:35:17;17/11/2023 09:35:42;;0h00m
0000363346;17/11/2023 09:11:04;" Michele Zilio Gasparin";" Pagamento de crédito";" 258- AQUISIÇÃO E REEMBOLSO-MÓVEL COM REGISTRO";041.529.570-00;" DOUGLAS MATHEUS DOS SANTOS ROSSETO";010408/0172-00;;" Concluído";021720;Erechim Santo Dal Bosco;104;SICREDI UNIESTADOS;104;SUREG Erechim RS;CENTRAL SICREDI SUL/SUDESTE;105.0 Hora(s);7d2h10m;24/11/2023 11:45:59;;;;;;
0000363346;17/11/2023 09:11:04;" Michele Zilio Gasparin";" Pagamento de crédito";" 258- AQUISIÇÃO E REEMBOLSO-MÓVEL COM REGISTRO";041.529.570-00;" DOUGLAS MATHEUS DOS SANTOS ROSSETO";010408/0172-00;;" Concluído";021720;Erechim Santo Dal Bosco;104;SICREDI UNIESTADOS;104;SUREG Erechim RS;CENTRAL SICREDI SUL/SUDESTE;105.0 Hora(s);7d2h10m;23/11/2023 15:42:13;;;;;;
0000363346;17/11/2023 09:11:04;" Michele Zilio Gasparin";" Pagamento de crédito";" 258- AQUISIÇÃO E REEMBOLSO-MÓVEL COM REGISTRO";041.529.570-00;" DOUGLAS MATHEUS DOS SANTOS ROSSETO";010408/0172-00;;" Concluído";021720;Erechim Santo Dal Bosco;104;SICREDI UNIESTADOS;104;SUREG Erechim RS;CENTRAL SICREDI SUL/SUDESTE;105.0 Hora(s);7d2h10m;23/11/2023 15:42:02;;;;;;
0000363346;17/11/2023 09:11:04;" Michele Zilio Gasparin";" Pagamento de crédito";" 258- AQUISIÇÃO E REEMBOLSO-MÓVEL COM REGISTRO";041.529.570-00;" DOUGLAS MATHEUS DOS SANTOS ROSSETO";010408/0172-00;;" Concluído";021720;Erechim Santo Dal Bosco;104;SICREDI UNIESTADOS;104;SUREG Erechim RS;CENTRAL SICREDI SUL/SUDESTE;105.0 Hora(s);7d2h10m;23/11/2023 15:41:00;;;;;;
0000363346;17/11/2023 09:11:04;" Michele Zilio Gasparin";" Pagamento de crédito";" 258- AQUISIÇÃO E REEMBOLSO-MÓVEL COM REGISTRO";041.529.570-00;" DOUGLAS MATHEUS DOS SANTOS ROSSETO";010408/0172-00;;" Concluído";021720;Erechim Santo Dal Bosco;104;SICREDI UNIESTADOS;104;SUREG Erechim RS;CENTRAL SICREDI SUL/SUDESTE;105.0 Hora(s);7d2h10m;23/11/2023 13:08:51;;;;;;
0000363346;17/11/2023 09:11:04;" Michele Zilio Gasparin";" Pagamento de crédito";" 258- AQUISIÇÃO E REEMBOLSO-MÓVEL COM REGISTRO";041.529.570-00;" DOUGLAS MATHEUS DOS SANTOS ROSSETO";010408/0172-00;;" Concluído";021720;Erechim Santo Dal Bosco;104;SICREDI UNIESTADOS;104;SUREG Erechim RS;CENTRAL SICREDI SUL/SUDESTE;105.0 Hora(s);7d2h10m;22/11/2023 16:23:44;;;;;;
0000363346;17/11/2023 09:11:04;" Michele Zilio Gasparin";" Pagamento de crédito";" 258- AQUISIÇÃO E REEMBOLSO-MÓVEL COM REGISTRO";041.529.570-00;" DOUGLAS MATHEUS DOS SANTOS ROSSETO";010408/0172-00;;" Concluído";021720;Erechim Santo Dal Bosco;104;SICREDI UNIESTADOS;104;SUREG Erechim RS;CENTRAL SICREDI SUL/SUDESTE;105.0 Hora(s);7d2h10m;22/11/2023 16:23:40;;;;;;
0000363346;17/11/2023 09:11:04;" Michele Zilio Gasparin";" Pagamento de crédito";" 258- AQUISIÇÃO E REEMBOLSO-MÓVEL COM REGISTRO";041.529.570-00;" DOUGLAS MATHEUS DOS SANTOS ROSSETO";010408/0172-00;;" Concluído";021720;Erechim Santo Dal Bosco;104;SICREDI UNIESTADOS;104;SUREG Erechim RS;CENTRAL SICREDI SUL/SUDESTE;105.0 Hora(s);7d2h10m;22/11/2023 16:21:25;;;;;;
0000363346;17/11/2023 09:11:04;" Michele Zilio Gasparin";" Pagamento de crédito";" 258- AQUISIÇÃO E REEMBOLSO-MÓVEL COM REGISTRO";041.529.570-00;" DOUGLAS MATHEUS DOS SANTOS ROSSETO";010408/0172-00;;" Concluído";021720;Erechim Santo Dal Bosco;104;SICREDI UNIESTADOS;104;SUREG Erechim RS;CENTRAL SICREDI SUL/SUDESTE;105.0 Hora(s);7d2h10m;22/11/2023 16:21:21;;;;;;
0000363346;17/11/2023 09:11:04;" Michele Zilio Gasparin";" Pagamento de crédito";" 258- AQUISIÇÃO E REEMBOLSO-MÓVEL COM REGISTRO";041.529.570-00;" DOUGLAS MATHEUS DOS SANTOS ROSSETO";010408/0172-00;;" Concluído";021720;Erechim Santo Dal Bosco;104;SICREDI UNIESTADOS;104;SUREG Erechim RS;CENTRAL SICREDI SUL/SUDESTE;105.0 Hora(s);7d2h10m;22/11/2023 09:15:09;;;;;;
0000363346;17/11/2023 09:11:04;" Michele Zilio Gasparin";" Pagamento de crédito";" 258- AQUISIÇÃO E REEMBOLSO-MÓVEL COM REGISTRO";041.529.570-00;" DOUGLAS MATHEUS DOS SANTOS ROSSETO";010408/0172-00;;" Concluído";021720;Erechim Santo Dal Bosco;104;SICREDI UNIESTADOS;104;SUREG Erechim RS;CENTRAL SICREDI SUL/SUDESTE;105.0 Hora(s);7d2h10m;17/11/2023 09:35:42;;;;;;
