﻿ID_Processo7;DT_Solicitacao8;NM_Usuario_Solicitacao8;NM_Tipo_Processo8;NM_Processo8;CD_Inscricao_Nacional8;NM_Pessoa8;Usuário;Grupo_Cota_Outros8;ST_Status8;CD_Comissionado2;NM_Fantasia_Comissionado2;CD_Tipo_Ponto_Venda3;NM_Fantasia_Ponto_Venda2;CD_Tipo_Ponto_Venda4;NM_Tipo_Ponto_Venda2;NM_Filial_Venda2;Nivel_Servico8;Tempo_Processo8;DH_Conclusao8;NM_Atividade1;Nivel_Servico_Atividade1;DT_Inicio_Atividade1;DT_Fim_Atividade1;NM_Usuario_Atividade1;Tempo_Processo_Atividade1
0000367186;22/11/2023 16:11:18;" Vagner Francisco Hochmann";" Pagamento de crédito";" 258- AQUISIÇÃO E REEMBOLSO-MÓVEL COM REGISTRO";97.248.132/0001-79;" HK MINIMERCADO LTDA";010446/0269-00;;" Concluído";021719;Faxinalzinho;104;SICREDI UNIESTADOS;104;SUREG Erechim RS;CENTRAL SICREDI SUL/SUDESTE;105.0 Hora(s);1d23h14m;24/11/2023 15:49:39;LIBERAR PAGAMENTOS;0h00m;24/11/2023 11:58:46;24/11/2023 15:49:39;Kelen Hahn Paulo;0h00m
0000367186;22/11/2023 16:11:18;" Vagner Francisco Hochmann";" Pagamento de crédito";" 258- AQUISIÇÃO E REEMBOLSO-MÓVEL COM REGISTRO";97.248.132/0001-79;" HK MINIMERCADO LTDA";010446/0269-00;;" Concluído";021719;Faxinalzinho;104;SICREDI UNIESTADOS;104;SUREG Erechim RS;CENTRAL SICREDI SUL/SUDESTE;105.0 Hora(s);1d23h14m;24/11/2023 11:58:46;APROVAR PAGAMENTO;1h00m;24/11/2023 11:58:38;24/11/2023 11:58:46;Paola dos Santos Lima;0h00m
0000367186;22/11/2023 16:11:18;" Vagner Francisco Hochmann";" Pagamento de crédito";" 258- AQUISIÇÃO E REEMBOLSO-MÓVEL COM REGISTRO";97.248.132/0001-79;" HK MINIMERCADO LTDA";010446/0269-00;;" Concluído";021719;Faxinalzinho;104;SICREDI UNIESTADOS;104;SUREG Erechim RS;CENTRAL SICREDI SUL/SUDESTE;105.0 Hora(s);1d23h14m;24/11/2023 11:58:38;PROGRAMAR PAGAMENTO;1h00m;24/11/2023 11:58:08;24/11/2023 11:58:38;Paola dos Santos Lima;0h00m
0000367186;22/11/2023 16:11:18;" Vagner Francisco Hochmann";" Pagamento de crédito";" 258- AQUISIÇÃO E REEMBOLSO-MÓVEL COM REGISTRO";97.248.132/0001-79;" HK MINIMERCADO LTDA";010446/0269-00;;" Concluído";021719;Faxinalzinho;104;SICREDI UNIESTADOS;104;SUREG Erechim RS;CENTRAL SICREDI SUL/SUDESTE;105.0 Hora(s);1d23h14m;24/11/2023 11:58:08;ANALISAR DOCUMENTOS PARA LIBERAÇÃO 2ª ETAPA;18h00m;24/11/2023 08:56:42;24/11/2023 11:58:08;Paola dos Santos Lima;0h08m
0000367186;22/11/2023 16:11:18;" Vagner Francisco Hochmann";" Pagamento de crédito";" 258- AQUISIÇÃO E REEMBOLSO-MÓVEL COM REGISTRO";97.248.132/0001-79;" HK MINIMERCADO LTDA";010446/0269-00;;" Concluído";021719;Faxinalzinho;104;SICREDI UNIESTADOS;104;SUREG Erechim RS;CENTRAL SICREDI SUL/SUDESTE;105.0 Hora(s);1d23h14m;24/11/2023 08:56:42;EMITIR DOCUMENTOS PARA LIBERAÇÃO;18h00m;23/11/2023 11:11:28;24/11/2023 08:56:42;Vagner Francisco Hochmann;0h00m
0000367186;22/11/2023 16:11:18;" Vagner Francisco Hochmann";" Pagamento de crédito";" 258- AQUISIÇÃO E REEMBOLSO-MÓVEL COM REGISTRO";97.248.132/0001-79;" HK MINIMERCADO LTDA";010446/0269-00;;" Concluído";021719;Faxinalzinho;104;SICREDI UNIESTADOS;104;SUREG Erechim RS;CENTRAL SICREDI SUL/SUDESTE;105.0 Hora(s);1d23h14m;23/11/2023 11:11:28;REGISTRAR CONTRATO MANUALMENTE;1h00m;23/11/2023 11:11:07;23/11/2023 11:11:28;João Pedro Pieluhowski Silva;0h00m
0000367186;22/11/2023 16:11:18;" Vagner Francisco Hochmann";" Pagamento de crédito";" 258- AQUISIÇÃO E REEMBOLSO-MÓVEL COM REGISTRO";97.248.132/0001-79;" HK MINIMERCADO LTDA";010446/0269-00;;" Concluído";021719;Faxinalzinho;104;SICREDI UNIESTADOS;104;SUREG Erechim RS;CENTRAL SICREDI SUL/SUDESTE;105.0 Hora(s);1d23h14m;23/11/2023 11:11:07;ALIENAR O BEM;1h00m;23/11/2023 11:09:03;23/11/2023 11:11:07;João Pedro Pieluhowski Silva;0h02m
0000367186;22/11/2023 16:11:18;" Vagner Francisco Hochmann";" Pagamento de crédito";" 258- AQUISIÇÃO E REEMBOLSO-MÓVEL COM REGISTRO";97.248.132/0001-79;" HK MINIMERCADO LTDA";010446/0269-00;;" Concluído";021719;Faxinalzinho;104;SICREDI UNIESTADOS;104;SUREG Erechim RS;CENTRAL SICREDI SUL/SUDESTE;105.0 Hora(s);1d23h14m;23/11/2023 11:09:02;FINALIZAR CADASTRO DO BEM;1h00m;23/11/2023 11:08:59;23/11/2023 11:09:02;João Pedro Pieluhowski Silva;0h00m
0000367186;22/11/2023 16:11:18;" Vagner Francisco Hochmann";" Pagamento de crédito";" 258- AQUISIÇÃO E REEMBOLSO-MÓVEL COM REGISTRO";97.248.132/0001-79;" HK MINIMERCADO LTDA";010446/0269-00;;" Concluído";021719;Faxinalzinho;104;SICREDI UNIESTADOS;104;SUREG Erechim RS;CENTRAL SICREDI SUL/SUDESTE;105.0 Hora(s);1d23h14m;23/11/2023 11:08:59;ANÁLISE DE DOCUMENTOS 1ª ETAPA;18h00m;22/11/2023 16:47:19;23/11/2023 11:08:59;João Pedro Pieluhowski Silva;0h14m
0000367186;22/11/2023 16:11:18;" Vagner Francisco Hochmann";" Pagamento de crédito";" 258- AQUISIÇÃO E REEMBOLSO-MÓVEL COM REGISTRO";97.248.132/0001-79;" HK MINIMERCADO LTDA";010446/0269-00;;" Concluído";021719;Faxinalzinho;104;SICREDI UNIESTADOS;104;SUREG Erechim RS;CENTRAL SICREDI SUL/SUDESTE;105.0 Hora(s);1d23h14m;22/11/2023 16:47:18;ENVIAR DOCUMENTOS;1d21h00m;22/11/2023 16:36:47;22/11/2023 16:47:18;Vagner Francisco Hochmann;0h00m
0000367186;22/11/2023 16:11:18;" Vagner Francisco Hochmann";" Pagamento de crédito";" 258- AQUISIÇÃO E REEMBOLSO-MÓVEL COM REGISTRO";97.248.132/0001-79;" HK MINIMERCADO LTDA";010446/0269-00;;" Concluído";021719;Faxinalzinho;104;SICREDI UNIESTADOS;104;SUREG Erechim RS;CENTRAL SICREDI SUL/SUDESTE;105.0 Hora(s);1d23h14m;22/11/2023 16:36:47;AUTORIZAÇÃO DE FATURAMENTO;0h00m;22/11/2023 16:35:45;22/11/2023 16:36:47;;0h00m
0000367186;22/11/2023 16:11:18;" Vagner Francisco Hochmann";" Pagamento de crédito";" 258- AQUISIÇÃO E REEMBOLSO-MÓVEL COM REGISTRO";97.248.132/0001-79;" HK MINIMERCADO LTDA";010446/0269-00;;" Concluído";021719;Faxinalzinho;104;SICREDI UNIESTADOS;104;SUREG Erechim RS;CENTRAL SICREDI SUL/SUDESTE;105.0 Hora(s);1d23h14m;24/11/2023 15:49:39;;;;;;
0000367186;22/11/2023 16:11:18;" Vagner Francisco Hochmann";" Pagamento de crédito";" 258- AQUISIÇÃO E REEMBOLSO-MÓVEL COM REGISTRO";97.248.132/0001-79;" HK MINIMERCADO LTDA";010446/0269-00;;" Concluído";021719;Faxinalzinho;104;SICREDI UNIESTADOS;104;SUREG Erechim RS;CENTRAL SICREDI SUL/SUDESTE;105.0 Hora(s);1d23h14m;24/11/2023 11:58:46;;;;;;
0000367186;22/11/2023 16:11:18;" Vagner Francisco Hochmann";" Pagamento de crédito";" 258- AQUISIÇÃO E REEMBOLSO-MÓVEL COM REGISTRO";97.248.132/0001-79;" HK MINIMERCADO LTDA";010446/0269-00;;" Concluído";021719;Faxinalzinho;104;SICREDI UNIESTADOS;104;SUREG Erechim RS;CENTRAL SICREDI SUL/SUDESTE;105.0 Hora(s);1d23h14m;24/11/2023 11:58:38;;;;;;
0000367186;22/11/2023 16:11:18;" Vagner Francisco Hochmann";" Pagamento de crédito";" 258- AQUISIÇÃO E REEMBOLSO-MÓVEL COM REGISTRO";97.248.132/0001-79;" HK MINIMERCADO LTDA";010446/0269-00;;" Concluído";021719;Faxinalzinho;104;SICREDI UNIESTADOS;104;SUREG Erechim RS;CENTRAL SICREDI SUL/SUDESTE;105.0 Hora(s);1d23h14m;24/11/2023 11:58:08;;;;;;
0000367186;22/11/2023 16:11:18;" Vagner Francisco Hochmann";" Pagamento de crédito";" 258- AQUISIÇÃO E REEMBOLSO-MÓVEL COM REGISTRO";97.248.132/0001-79;" HK MINIMERCADO LTDA";010446/0269-00;;" Concluído";021719;Faxinalzinho;104;SICREDI UNIESTADOS;104;SUREG Erechim RS;CENTRAL SICREDI SUL/SUDESTE;105.0 Hora(s);1d23h14m;24/11/2023 08:56:42;;;;;;
0000367186;22/11/2023 16:11:18;" Vagner Francisco Hochmann";" Pagamento de crédito";" 258- AQUISIÇÃO E REEMBOLSO-MÓVEL COM REGISTRO";97.248.132/0001-79;" HK MINIMERCADO LTDA";010446/0269-00;;" Concluído";021719;Faxinalzinho;104;SICREDI UNIESTADOS;104;SUREG Erechim RS;CENTRAL SICREDI SUL/SUDESTE;105.0 Hora(s);1d23h14m;23/11/2023 11:11:28;;;;;;
0000367186;22/11/2023 16:11:18;" Vagner Francisco Hochmann";" Pagamento de crédito";" 258- AQUISIÇÃO E REEMBOLSO-MÓVEL COM REGISTRO";97.248.132/0001-79;" HK MINIMERCADO LTDA";010446/0269-00;;" Concluído";021719;Faxinalzinho;104;SICREDI UNIESTADOS;104;SUREG Erechim RS;CENTRAL SICREDI SUL/SUDESTE;105.0 Hora(s);1d23h14m;23/11/2023 11:11:07;;;;;;
0000367186;22/11/2023 16:11:18;" Vagner Francisco Hochmann";" Pagamento de crédito";" 258- AQUISIÇÃO E REEMBOLSO-MÓVEL COM REGISTRO";97.248.132/0001-79;" HK MINIMERCADO LTDA";010446/0269-00;;" Concluído";021719;Faxinalzinho;104;SICREDI UNIESTADOS;104;SUREG Erechim RS;CENTRAL SICREDI SUL/SUDESTE;105.0 Hora(s);1d23h14m;23/11/2023 11:09:02;;;;;;
0000367186;22/11/2023 16:11:18;" Vagner Francisco Hochmann";" Pagamento de crédito";" 258- AQUISIÇÃO E REEMBOLSO-MÓVEL COM REGISTRO";97.248.132/0001-79;" HK MINIMERCADO LTDA";010446/0269-00;;" Concluído";021719;Faxinalzinho;104;SICREDI UNIESTADOS;104;SUREG Erechim RS;CENTRAL SICREDI SUL/SUDESTE;105.0 Hora(s);1d23h14m;23/11/2023 11:08:59;;;;;;
0000367186;22/11/2023 16:11:18;" Vagner Francisco Hochmann";" Pagamento de crédito";" 258- AQUISIÇÃO E REEMBOLSO-MÓVEL COM REGISTRO";97.248.132/0001-79;" HK MINIMERCADO LTDA";010446/0269-00;;" Concluído";021719;Faxinalzinho;104;SICREDI UNIESTADOS;104;SUREG Erechim RS;CENTRAL SICREDI SUL/SUDESTE;105.0 Hora(s);1d23h14m;22/11/2023 16:47:18;;;;;;
0000367186;22/11/2023 16:11:18;" Vagner Francisco Hochmann";" Pagamento de crédito";" 258- AQUISIÇÃO E REEMBOLSO-MÓVEL COM REGISTRO";97.248.132/0001-79;" HK MINIMERCADO LTDA";010446/0269-00;;" Concluído";021719;Faxinalzinho;104;SICREDI UNIESTADOS;104;SUREG Erechim RS;CENTRAL SICREDI SUL/SUDESTE;105.0 Hora(s);1d23h14m;22/11/2023 16:36:47;;;;;;
