﻿ID_Processo7;DT_Solicitacao8;NM_Usuario_Solicitacao8;NM_Tipo_Processo8;NM_Processo8;CD_Inscricao_Nacional8;NM_Pessoa8;Usuário;Grupo_Cota_Outros8;ST_Status8;CD_Comissionado2;NM_Fantasia_Comissionado2;CD_Tipo_Ponto_Venda3;NM_Fantasia_Ponto_Venda2;CD_Tipo_Ponto_Venda4;NM_Tipo_Ponto_Venda2;NM_Filial_Venda2;Nivel_Servico8;Tempo_Processo8;DH_Conclusao8;NM_Atividade1;Nivel_Servico_Atividade1;DT_Inicio_Atividade1;DT_Fim_Atividade1;NM_Usuario_Atividade1;Tempo_Processo_Atividade1
0000363521;17/11/2023 12:11:41;" Renan Augusto Koralewski";" Pagamento de crédito";" 258- AQUISIÇÃO E REEMBOLSO-MÓVEL COM REGISTRO";021.121.530-99;" CAROLINA DOLINSKI";010441/0087-00;010469/0216-00;" Concluído";021704;Viadutos;104;SICREDI UNIESTADOS;104;SUREG Erechim RS;CENTRAL SICREDI SUL/SUDESTE;105.0 Hora(s);3d23h09m;21/11/2023 11:40:46;LIBERAR PAGAMENTOS;0h00m;21/11/2023 11:17:31;21/11/2023 11:40:46;ELKIAYER FAGUNDES TRINDADE;0h00m
0000363521;17/11/2023 12:11:41;" Renan Augusto Koralewski";" Pagamento de crédito";" 258- AQUISIÇÃO E REEMBOLSO-MÓVEL COM REGISTRO";021.121.530-99;" CAROLINA DOLINSKI";010441/0087-00;010469/0216-00;" Concluído";021704;Viadutos;104;SICREDI UNIESTADOS;104;SUREG Erechim RS;CENTRAL SICREDI SUL/SUDESTE;105.0 Hora(s);3d23h09m;21/11/2023 11:17:31;APROVAR PAGAMENTO;1h00m;21/11/2023 11:17:27;21/11/2023 11:17:31;LARISSA JAENISCH DUTRA PINTO;0h00m
0000363521;17/11/2023 12:11:41;" Renan Augusto Koralewski";" Pagamento de crédito";" 258- AQUISIÇÃO E REEMBOLSO-MÓVEL COM REGISTRO";021.121.530-99;" CAROLINA DOLINSKI";010441/0087-00;010469/0216-00;" Concluído";021704;Viadutos;104;SICREDI UNIESTADOS;104;SUREG Erechim RS;CENTRAL SICREDI SUL/SUDESTE;105.0 Hora(s);3d23h09m;21/11/2023 11:17:27;PROGRAMAR PAGAMENTO;1h00m;21/11/2023 11:17:10;21/11/2023 11:17:27;LARISSA JAENISCH DUTRA PINTO;0h00m
0000363521;17/11/2023 12:11:41;" Renan Augusto Koralewski";" Pagamento de crédito";" 258- AQUISIÇÃO E REEMBOLSO-MÓVEL COM REGISTRO";021.121.530-99;" CAROLINA DOLINSKI";010441/0087-00;010469/0216-00;" Concluído";021704;Viadutos;104;SICREDI UNIESTADOS;104;SUREG Erechim RS;CENTRAL SICREDI SUL/SUDESTE;105.0 Hora(s);3d23h09m;21/11/2023 11:17:10;ANALISAR DOCUMENTOS PARA LIBERAÇÃO 2ª ETAPA;18h00m;21/11/2023 09:52:37;21/11/2023 11:17:10;LARISSA JAENISCH DUTRA PINTO;0h02m
0000363521;17/11/2023 12:11:41;" Renan Augusto Koralewski";" Pagamento de crédito";" 258- AQUISIÇÃO E REEMBOLSO-MÓVEL COM REGISTRO";021.121.530-99;" CAROLINA DOLINSKI";010441/0087-00;010469/0216-00;" Concluído";021704;Viadutos;104;SICREDI UNIESTADOS;104;SUREG Erechim RS;CENTRAL SICREDI SUL/SUDESTE;105.0 Hora(s);3d23h09m;21/11/2023 09:52:37;EMITIR DOCUMENTOS PARA LIBERAÇÃO;18h00m;20/11/2023 13:46:06;21/11/2023 09:52:37;Renan Augusto Koralewski;0h00m
0000363521;17/11/2023 12:11:41;" Renan Augusto Koralewski";" Pagamento de crédito";" 258- AQUISIÇÃO E REEMBOLSO-MÓVEL COM REGISTRO";021.121.530-99;" CAROLINA DOLINSKI";010441/0087-00;010469/0216-00;" Concluído";021704;Viadutos;104;SICREDI UNIESTADOS;104;SUREG Erechim RS;CENTRAL SICREDI SUL/SUDESTE;105.0 Hora(s);3d23h09m;20/11/2023 13:46:06;REGISTRAR CONTRATO MANUALMENTE;1h00m;20/11/2023 13:44:48;20/11/2023 13:46:06;Eliane Ribas Barcelos;0h00m
0000363521;17/11/2023 12:11:41;" Renan Augusto Koralewski";" Pagamento de crédito";" 258- AQUISIÇÃO E REEMBOLSO-MÓVEL COM REGISTRO";021.121.530-99;" CAROLINA DOLINSKI";010441/0087-00;010469/0216-00;" Concluído";021704;Viadutos;104;SICREDI UNIESTADOS;104;SUREG Erechim RS;CENTRAL SICREDI SUL/SUDESTE;105.0 Hora(s);3d23h09m;20/11/2023 13:44:48;ALIENAR O BEM;1h00m;20/11/2023 13:42:21;20/11/2023 13:44:48;Eliane Ribas Barcelos;0h02m
0000363521;17/11/2023 12:11:41;" Renan Augusto Koralewski";" Pagamento de crédito";" 258- AQUISIÇÃO E REEMBOLSO-MÓVEL COM REGISTRO";021.121.530-99;" CAROLINA DOLINSKI";010441/0087-00;010469/0216-00;" Concluído";021704;Viadutos;104;SICREDI UNIESTADOS;104;SUREG Erechim RS;CENTRAL SICREDI SUL/SUDESTE;105.0 Hora(s);3d23h09m;20/11/2023 13:42:21;FINALIZAR CADASTRO DO BEM;1h00m;20/11/2023 13:42:14;20/11/2023 13:42:21;Eliane Ribas Barcelos;0h00m
0000363521;17/11/2023 12:11:41;" Renan Augusto Koralewski";" Pagamento de crédito";" 258- AQUISIÇÃO E REEMBOLSO-MÓVEL COM REGISTRO";021.121.530-99;" CAROLINA DOLINSKI";010441/0087-00;010469/0216-00;" Concluído";021704;Viadutos;104;SICREDI UNIESTADOS;104;SUREG Erechim RS;CENTRAL SICREDI SUL/SUDESTE;105.0 Hora(s);3d23h09m;20/11/2023 13:42:14;ANÁLISE DE DOCUMENTOS 1ª ETAPA;18h00m;17/11/2023 16:50:29;20/11/2023 13:42:14;Eliane Ribas Barcelos;0h25m
0000363521;17/11/2023 12:11:41;" Renan Augusto Koralewski";" Pagamento de crédito";" 258- AQUISIÇÃO E REEMBOLSO-MÓVEL COM REGISTRO";021.121.530-99;" CAROLINA DOLINSKI";010441/0087-00;010469/0216-00;" Concluído";021704;Viadutos;104;SICREDI UNIESTADOS;104;SUREG Erechim RS;CENTRAL SICREDI SUL/SUDESTE;105.0 Hora(s);3d23h09m;17/11/2023 16:50:29;ENVIAR DOCUMENTOS;1d21h00m;17/11/2023 12:31:26;17/11/2023 16:50:29;Renan Augusto Koralewski;0h00m
0000363521;17/11/2023 12:11:41;" Renan Augusto Koralewski";" Pagamento de crédito";" 258- AQUISIÇÃO E REEMBOLSO-MÓVEL COM REGISTRO";021.121.530-99;" CAROLINA DOLINSKI";010441/0087-00;010469/0216-00;" Concluído";021704;Viadutos;104;SICREDI UNIESTADOS;104;SUREG Erechim RS;CENTRAL SICREDI SUL/SUDESTE;105.0 Hora(s);3d23h09m;17/11/2023 12:31:26;AUTORIZAÇÃO DE FATURAMENTO;0h00m;17/11/2023 12:31:04;17/11/2023 12:31:26;;0h00m
0000363521;17/11/2023 12:11:41;" Renan Augusto Koralewski";" Pagamento de crédito";" 258- AQUISIÇÃO E REEMBOLSO-MÓVEL COM REGISTRO";021.121.530-99;" CAROLINA DOLINSKI";010441/0087-00;010469/0216-00;" Concluído";021704;Viadutos;104;SICREDI UNIESTADOS;104;SUREG Erechim RS;CENTRAL SICREDI SUL/SUDESTE;105.0 Hora(s);3d23h09m;21/11/2023 11:40:46;;;;;;
0000363521;17/11/2023 12:11:41;" Renan Augusto Koralewski";" Pagamento de crédito";" 258- AQUISIÇÃO E REEMBOLSO-MÓVEL COM REGISTRO";021.121.530-99;" CAROLINA DOLINSKI";010441/0087-00;010469/0216-00;" Concluído";021704;Viadutos;104;SICREDI UNIESTADOS;104;SUREG Erechim RS;CENTRAL SICREDI SUL/SUDESTE;105.0 Hora(s);3d23h09m;21/11/2023 11:17:31;;;;;;
0000363521;17/11/2023 12:11:41;" Renan Augusto Koralewski";" Pagamento de crédito";" 258- AQUISIÇÃO E REEMBOLSO-MÓVEL COM REGISTRO";021.121.530-99;" CAROLINA DOLINSKI";010441/0087-00;010469/0216-00;" Concluído";021704;Viadutos;104;SICREDI UNIESTADOS;104;SUREG Erechim RS;CENTRAL SICREDI SUL/SUDESTE;105.0 Hora(s);3d23h09m;21/11/2023 11:17:27;;;;;;
0000363521;17/11/2023 12:11:41;" Renan Augusto Koralewski";" Pagamento de crédito";" 258- AQUISIÇÃO E REEMBOLSO-MÓVEL COM REGISTRO";021.121.530-99;" CAROLINA DOLINSKI";010441/0087-00;010469/0216-00;" Concluído";021704;Viadutos;104;SICREDI UNIESTADOS;104;SUREG Erechim RS;CENTRAL SICREDI SUL/SUDESTE;105.0 Hora(s);3d23h09m;21/11/2023 11:17:10;;;;;;
0000363521;17/11/2023 12:11:41;" Renan Augusto Koralewski";" Pagamento de crédito";" 258- AQUISIÇÃO E REEMBOLSO-MÓVEL COM REGISTRO";021.121.530-99;" CAROLINA DOLINSKI";010441/0087-00;010469/0216-00;" Concluído";021704;Viadutos;104;SICREDI UNIESTADOS;104;SUREG Erechim RS;CENTRAL SICREDI SUL/SUDESTE;105.0 Hora(s);3d23h09m;21/11/2023 09:52:37;;;;;;
0000363521;17/11/2023 12:11:41;" Renan Augusto Koralewski";" Pagamento de crédito";" 258- AQUISIÇÃO E REEMBOLSO-MÓVEL COM REGISTRO";021.121.530-99;" CAROLINA DOLINSKI";010441/0087-00;010469/0216-00;" Concluído";021704;Viadutos;104;SICREDI UNIESTADOS;104;SUREG Erechim RS;CENTRAL SICREDI SUL/SUDESTE;105.0 Hora(s);3d23h09m;20/11/2023 13:46:06;;;;;;
0000363521;17/11/2023 12:11:41;" Renan Augusto Koralewski";" Pagamento de crédito";" 258- AQUISIÇÃO E REEMBOLSO-MÓVEL COM REGISTRO";021.121.530-99;" CAROLINA DOLINSKI";010441/0087-00;010469/0216-00;" Concluído";021704;Viadutos;104;SICREDI UNIESTADOS;104;SUREG Erechim RS;CENTRAL SICREDI SUL/SUDESTE;105.0 Hora(s);3d23h09m;20/11/2023 13:44:48;;;;;;
0000363521;17/11/2023 12:11:41;" Renan Augusto Koralewski";" Pagamento de crédito";" 258- AQUISIÇÃO E REEMBOLSO-MÓVEL COM REGISTRO";021.121.530-99;" CAROLINA DOLINSKI";010441/0087-00;010469/0216-00;" Concluído";021704;Viadutos;104;SICREDI UNIESTADOS;104;SUREG Erechim RS;CENTRAL SICREDI SUL/SUDESTE;105.0 Hora(s);3d23h09m;20/11/2023 13:42:21;;;;;;
0000363521;17/11/2023 12:11:41;" Renan Augusto Koralewski";" Pagamento de crédito";" 258- AQUISIÇÃO E REEMBOLSO-MÓVEL COM REGISTRO";021.121.530-99;" CAROLINA DOLINSKI";010441/0087-00;010469/0216-00;" Concluído";021704;Viadutos;104;SICREDI UNIESTADOS;104;SUREG Erechim RS;CENTRAL SICREDI SUL/SUDESTE;105.0 Hora(s);3d23h09m;20/11/2023 13:42:14;;;;;;
0000363521;17/11/2023 12:11:41;" Renan Augusto Koralewski";" Pagamento de crédito";" 258- AQUISIÇÃO E REEMBOLSO-MÓVEL COM REGISTRO";021.121.530-99;" CAROLINA DOLINSKI";010441/0087-00;010469/0216-00;" Concluído";021704;Viadutos;104;SICREDI UNIESTADOS;104;SUREG Erechim RS;CENTRAL SICREDI SUL/SUDESTE;105.0 Hora(s);3d23h09m;17/11/2023 16:50:29;;;;;;
0000363521;17/11/2023 12:11:41;" Renan Augusto Koralewski";" Pagamento de crédito";" 258- AQUISIÇÃO E REEMBOLSO-MÓVEL COM REGISTRO";021.121.530-99;" CAROLINA DOLINSKI";010441/0087-00;010469/0216-00;" Concluído";021704;Viadutos;104;SICREDI UNIESTADOS;104;SUREG Erechim RS;CENTRAL SICREDI SUL/SUDESTE;105.0 Hora(s);3d23h09m;17/11/2023 12:31:26;;;;;;
