﻿ID_Processo7;DT_Solicitacao8;NM_Usuario_Solicitacao8;NM_Tipo_Processo8;NM_Processo8;CD_Inscricao_Nacional8;NM_Pessoa8;Usuário;Grupo_Cota_Outros8;ST_Status8;CD_Comissionado2;NM_Fantasia_Comissionado2;CD_Tipo_Ponto_Venda3;NM_Fantasia_Ponto_Venda2;CD_Tipo_Ponto_Venda4;NM_Tipo_Ponto_Venda2;NM_Filial_Venda2;Nivel_Servico8;Tempo_Processo8;DH_Conclusao8;NM_Atividade1;Nivel_Servico_Atividade1;DT_Inicio_Atividade1;DT_Fim_Atividade1;NM_Usuario_Atividade1;Tempo_Processo_Atividade1
0000364085;20/11/2023 14:11:45;" DANIELY MENDONCA DE FREITAS";" Pagamento de crédito";" 258- AQUISIÇÃO E REEMBOLSO-MÓVEL COM REGISTRO";80.787.864/0001-34;" PARAPUA MOVEIS LTDA";010424/0190-00;;" Concluído";072609;Perobal;207;SICREDI VALE DO PIQUIRI ABCD P;207;SUREG Vale do Piquiri PR;CENTRAL SICREDI PR/SP/RJ;105.0 Hora(s);3d0h42m;23/11/2023 15:37:46;LIBERAR PAGAMENTOS;0h00m;23/11/2023 14:33:03;23/11/2023 15:37:46;Kelen Hahn Paulo;0h00m
0000364085;20/11/2023 14:11:45;" DANIELY MENDONCA DE FREITAS";" Pagamento de crédito";" 258- AQUISIÇÃO E REEMBOLSO-MÓVEL COM REGISTRO";80.787.864/0001-34;" PARAPUA MOVEIS LTDA";010424/0190-00;;" Concluído";072609;Perobal;207;SICREDI VALE DO PIQUIRI ABCD P;207;SUREG Vale do Piquiri PR;CENTRAL SICREDI PR/SP/RJ;105.0 Hora(s);3d0h42m;23/11/2023 14:33:03;APROVAR PAGAMENTO;1h00m;23/11/2023 14:32:35;23/11/2023 14:33:03;Eliane Ribas Barcelos;0h01m
0000364085;20/11/2023 14:11:45;" DANIELY MENDONCA DE FREITAS";" Pagamento de crédito";" 258- AQUISIÇÃO E REEMBOLSO-MÓVEL COM REGISTRO";80.787.864/0001-34;" PARAPUA MOVEIS LTDA";010424/0190-00;;" Concluído";072609;Perobal;207;SICREDI VALE DO PIQUIRI ABCD P;207;SUREG Vale do Piquiri PR;CENTRAL SICREDI PR/SP/RJ;105.0 Hora(s);3d0h42m;23/11/2023 14:32:35;PROGRAMAR PAGAMENTO;1h00m;23/11/2023 14:28:38;23/11/2023 14:32:35;Eliane Ribas Barcelos;0h04m
0000364085;20/11/2023 14:11:45;" DANIELY MENDONCA DE FREITAS";" Pagamento de crédito";" 258- AQUISIÇÃO E REEMBOLSO-MÓVEL COM REGISTRO";80.787.864/0001-34;" PARAPUA MOVEIS LTDA";010424/0190-00;;" Concluído";072609;Perobal;207;SICREDI VALE DO PIQUIRI ABCD P;207;SUREG Vale do Piquiri PR;CENTRAL SICREDI PR/SP/RJ;105.0 Hora(s);3d0h42m;23/11/2023 14:28:37;ANALISAR DOCUMENTOS PARA LIBERAÇÃO 2ª ETAPA;18h00m;23/11/2023 12:14:51;23/11/2023 14:28:37;Eliane Ribas Barcelos;0h05m
0000364085;20/11/2023 14:11:45;" DANIELY MENDONCA DE FREITAS";" Pagamento de crédito";" 258- AQUISIÇÃO E REEMBOLSO-MÓVEL COM REGISTRO";80.787.864/0001-34;" PARAPUA MOVEIS LTDA";010424/0190-00;;" Concluído";072609;Perobal;207;SICREDI VALE DO PIQUIRI ABCD P;207;SUREG Vale do Piquiri PR;CENTRAL SICREDI PR/SP/RJ;105.0 Hora(s);3d0h42m;23/11/2023 12:14:50;EMITIR DOCUMENTOS PARA LIBERAÇÃO;18h00m;20/11/2023 15:08:28;23/11/2023 12:14:50;MAIARA DIAS ZANELA;0h00m
0000364085;20/11/2023 14:11:45;" DANIELY MENDONCA DE FREITAS";" Pagamento de crédito";" 258- AQUISIÇÃO E REEMBOLSO-MÓVEL COM REGISTRO";80.787.864/0001-34;" PARAPUA MOVEIS LTDA";010424/0190-00;;" Concluído";072609;Perobal;207;SICREDI VALE DO PIQUIRI ABCD P;207;SUREG Vale do Piquiri PR;CENTRAL SICREDI PR/SP/RJ;105.0 Hora(s);3d0h42m;20/11/2023 15:08:27;REGISTRAR CONTRATO MANUALMENTE;1h00m;20/11/2023 15:08:14;20/11/2023 15:08:27;João Pedro Pieluhowski Silva;0h00m
0000364085;20/11/2023 14:11:45;" DANIELY MENDONCA DE FREITAS";" Pagamento de crédito";" 258- AQUISIÇÃO E REEMBOLSO-MÓVEL COM REGISTRO";80.787.864/0001-34;" PARAPUA MOVEIS LTDA";010424/0190-00;;" Concluído";072609;Perobal;207;SICREDI VALE DO PIQUIRI ABCD P;207;SUREG Vale do Piquiri PR;CENTRAL SICREDI PR/SP/RJ;105.0 Hora(s);3d0h42m;20/11/2023 15:08:14;ALIENAR O BEM;1h00m;20/11/2023 15:07:04;20/11/2023 15:08:14;João Pedro Pieluhowski Silva;0h01m
0000364085;20/11/2023 14:11:45;" DANIELY MENDONCA DE FREITAS";" Pagamento de crédito";" 258- AQUISIÇÃO E REEMBOLSO-MÓVEL COM REGISTRO";80.787.864/0001-34;" PARAPUA MOVEIS LTDA";010424/0190-00;;" Concluído";072609;Perobal;207;SICREDI VALE DO PIQUIRI ABCD P;207;SUREG Vale do Piquiri PR;CENTRAL SICREDI PR/SP/RJ;105.0 Hora(s);3d0h42m;20/11/2023 15:07:04;FINALIZAR CADASTRO DO BEM;1h00m;20/11/2023 15:06:45;20/11/2023 15:07:04;João Pedro Pieluhowski Silva;0h00m
0000364085;20/11/2023 14:11:45;" DANIELY MENDONCA DE FREITAS";" Pagamento de crédito";" 258- AQUISIÇÃO E REEMBOLSO-MÓVEL COM REGISTRO";80.787.864/0001-34;" PARAPUA MOVEIS LTDA";010424/0190-00;;" Concluído";072609;Perobal;207;SICREDI VALE DO PIQUIRI ABCD P;207;SUREG Vale do Piquiri PR;CENTRAL SICREDI PR/SP/RJ;105.0 Hora(s);3d0h42m;20/11/2023 15:06:45;ANÁLISE DE DOCUMENTOS 1ª ETAPA;18h00m;20/11/2023 14:57:22;20/11/2023 15:06:45;João Pedro Pieluhowski Silva;0h07m
0000364085;20/11/2023 14:11:45;" DANIELY MENDONCA DE FREITAS";" Pagamento de crédito";" 258- AQUISIÇÃO E REEMBOLSO-MÓVEL COM REGISTRO";80.787.864/0001-34;" PARAPUA MOVEIS LTDA";010424/0190-00;;" Concluído";072609;Perobal;207;SICREDI VALE DO PIQUIRI ABCD P;207;SUREG Vale do Piquiri PR;CENTRAL SICREDI PR/SP/RJ;105.0 Hora(s);3d0h42m;20/11/2023 14:57:22;ENVIAR DOCUMENTOS;1d21h00m;20/11/2023 14:55:24;20/11/2023 14:57:22;DANIELY MENDONCA DE FREITAS;0h00m
0000364085;20/11/2023 14:11:45;" DANIELY MENDONCA DE FREITAS";" Pagamento de crédito";" 258- AQUISIÇÃO E REEMBOLSO-MÓVEL COM REGISTRO";80.787.864/0001-34;" PARAPUA MOVEIS LTDA";010424/0190-00;;" Concluído";072609;Perobal;207;SICREDI VALE DO PIQUIRI ABCD P;207;SUREG Vale do Piquiri PR;CENTRAL SICREDI PR/SP/RJ;105.0 Hora(s);3d0h42m;20/11/2023 14:55:24;AUTORIZAÇÃO DE FATURAMENTO;0h00m;20/11/2023 14:55:21;20/11/2023 14:55:24;;0h00m
0000364085;20/11/2023 14:11:45;" DANIELY MENDONCA DE FREITAS";" Pagamento de crédito";" 258- AQUISIÇÃO E REEMBOLSO-MÓVEL COM REGISTRO";80.787.864/0001-34;" PARAPUA MOVEIS LTDA";010424/0190-00;;" Concluído";072609;Perobal;207;SICREDI VALE DO PIQUIRI ABCD P;207;SUREG Vale do Piquiri PR;CENTRAL SICREDI PR/SP/RJ;105.0 Hora(s);3d0h42m;23/11/2023 15:37:46;;;;;;
0000364085;20/11/2023 14:11:45;" DANIELY MENDONCA DE FREITAS";" Pagamento de crédito";" 258- AQUISIÇÃO E REEMBOLSO-MÓVEL COM REGISTRO";80.787.864/0001-34;" PARAPUA MOVEIS LTDA";010424/0190-00;;" Concluído";072609;Perobal;207;SICREDI VALE DO PIQUIRI ABCD P;207;SUREG Vale do Piquiri PR;CENTRAL SICREDI PR/SP/RJ;105.0 Hora(s);3d0h42m;23/11/2023 14:33:03;;;;;;
0000364085;20/11/2023 14:11:45;" DANIELY MENDONCA DE FREITAS";" Pagamento de crédito";" 258- AQUISIÇÃO E REEMBOLSO-MÓVEL COM REGISTRO";80.787.864/0001-34;" PARAPUA MOVEIS LTDA";010424/0190-00;;" Concluído";072609;Perobal;207;SICREDI VALE DO PIQUIRI ABCD P;207;SUREG Vale do Piquiri PR;CENTRAL SICREDI PR/SP/RJ;105.0 Hora(s);3d0h42m;23/11/2023 14:32:35;;;;;;
0000364085;20/11/2023 14:11:45;" DANIELY MENDONCA DE FREITAS";" Pagamento de crédito";" 258- AQUISIÇÃO E REEMBOLSO-MÓVEL COM REGISTRO";80.787.864/0001-34;" PARAPUA MOVEIS LTDA";010424/0190-00;;" Concluído";072609;Perobal;207;SICREDI VALE DO PIQUIRI ABCD P;207;SUREG Vale do Piquiri PR;CENTRAL SICREDI PR/SP/RJ;105.0 Hora(s);3d0h42m;23/11/2023 14:28:37;;;;;;
0000364085;20/11/2023 14:11:45;" DANIELY MENDONCA DE FREITAS";" Pagamento de crédito";" 258- AQUISIÇÃO E REEMBOLSO-MÓVEL COM REGISTRO";80.787.864/0001-34;" PARAPUA MOVEIS LTDA";010424/0190-00;;" Concluído";072609;Perobal;207;SICREDI VALE DO PIQUIRI ABCD P;207;SUREG Vale do Piquiri PR;CENTRAL SICREDI PR/SP/RJ;105.0 Hora(s);3d0h42m;23/11/2023 12:14:50;;;;;;
0000364085;20/11/2023 14:11:45;" DANIELY MENDONCA DE FREITAS";" Pagamento de crédito";" 258- AQUISIÇÃO E REEMBOLSO-MÓVEL COM REGISTRO";80.787.864/0001-34;" PARAPUA MOVEIS LTDA";010424/0190-00;;" Concluído";072609;Perobal;207;SICREDI VALE DO PIQUIRI ABCD P;207;SUREG Vale do Piquiri PR;CENTRAL SICREDI PR/SP/RJ;105.0 Hora(s);3d0h42m;20/11/2023 15:08:27;;;;;;
0000364085;20/11/2023 14:11:45;" DANIELY MENDONCA DE FREITAS";" Pagamento de crédito";" 258- AQUISIÇÃO E REEMBOLSO-MÓVEL COM REGISTRO";80.787.864/0001-34;" PARAPUA MOVEIS LTDA";010424/0190-00;;" Concluído";072609;Perobal;207;SICREDI VALE DO PIQUIRI ABCD P;207;SUREG Vale do Piquiri PR;CENTRAL SICREDI PR/SP/RJ;105.0 Hora(s);3d0h42m;20/11/2023 15:08:14;;;;;;
0000364085;20/11/2023 14:11:45;" DANIELY MENDONCA DE FREITAS";" Pagamento de crédito";" 258- AQUISIÇÃO E REEMBOLSO-MÓVEL COM REGISTRO";80.787.864/0001-34;" PARAPUA MOVEIS LTDA";010424/0190-00;;" Concluído";072609;Perobal;207;SICREDI VALE DO PIQUIRI ABCD P;207;SUREG Vale do Piquiri PR;CENTRAL SICREDI PR/SP/RJ;105.0 Hora(s);3d0h42m;20/11/2023 15:07:04;;;;;;
0000364085;20/11/2023 14:11:45;" DANIELY MENDONCA DE FREITAS";" Pagamento de crédito";" 258- AQUISIÇÃO E REEMBOLSO-MÓVEL COM REGISTRO";80.787.864/0001-34;" PARAPUA MOVEIS LTDA";010424/0190-00;;" Concluído";072609;Perobal;207;SICREDI VALE DO PIQUIRI ABCD P;207;SUREG Vale do Piquiri PR;CENTRAL SICREDI PR/SP/RJ;105.0 Hora(s);3d0h42m;20/11/2023 15:06:45;;;;;;
0000364085;20/11/2023 14:11:45;" DANIELY MENDONCA DE FREITAS";" Pagamento de crédito";" 258- AQUISIÇÃO E REEMBOLSO-MÓVEL COM REGISTRO";80.787.864/0001-34;" PARAPUA MOVEIS LTDA";010424/0190-00;;" Concluído";072609;Perobal;207;SICREDI VALE DO PIQUIRI ABCD P;207;SUREG Vale do Piquiri PR;CENTRAL SICREDI PR/SP/RJ;105.0 Hora(s);3d0h42m;20/11/2023 14:57:22;;;;;;
0000364085;20/11/2023 14:11:45;" DANIELY MENDONCA DE FREITAS";" Pagamento de crédito";" 258- AQUISIÇÃO E REEMBOLSO-MÓVEL COM REGISTRO";80.787.864/0001-34;" PARAPUA MOVEIS LTDA";010424/0190-00;;" Concluído";072609;Perobal;207;SICREDI VALE DO PIQUIRI ABCD P;207;SUREG Vale do Piquiri PR;CENTRAL SICREDI PR/SP/RJ;105.0 Hora(s);3d0h42m;20/11/2023 14:55:24;;;;;;
