﻿ID_Processo7;DT_Solicitacao8;NM_Usuario_Solicitacao8;NM_Tipo_Processo8;NM_Processo8;CD_Inscricao_Nacional8;NM_Pessoa8;Usuário;Grupo_Cota_Outros8;ST_Status8;CD_Comissionado2;NM_Fantasia_Comissionado2;CD_Tipo_Ponto_Venda3;NM_Fantasia_Ponto_Venda2;CD_Tipo_Ponto_Venda4;NM_Tipo_Ponto_Venda2;NM_Filial_Venda2;Nivel_Servico8;Tempo_Processo8;DH_Conclusao8;NM_Atividade1;Nivel_Servico_Atividade1;DT_Inicio_Atividade1;DT_Fim_Atividade1;NM_Usuario_Atividade1;Tempo_Processo_Atividade1
0000369466;27/11/2023 09:11:31;" Igor Luis Sotto Riva";" Pagamento de crédito";" 258- AQUISIÇÃO E REEMBOLSO-MÓVEL COM REGISTRO";018.449.240-84;" CLECIR MIGUEL NONNENMACHER";010477/0211-00;;" Aguardando Regularização";021709;Itatiba do Sul;104;SICREDI UNIESTADOS;104;SUREG Erechim RS;CENTRAL SICREDI SUL/SUDESTE;105.0 Hora(s);0h01m;"                   ";ENVIAR DOCUMENTOS;1d21h00m;27/11/2023 09:04:10;"                   ";;0h00m
0000369466;27/11/2023 09:11:31;" Igor Luis Sotto Riva";" Pagamento de crédito";" 258- AQUISIÇÃO E REEMBOLSO-MÓVEL COM REGISTRO";018.449.240-84;" CLECIR MIGUEL NONNENMACHER";010477/0211-00;;" Aguardando Regularização";021709;Itatiba do Sul;104;SICREDI UNIESTADOS;104;SUREG Erechim RS;CENTRAL SICREDI SUL/SUDESTE;105.0 Hora(s);0h01m;27/11/2023 09:04:10;AUTORIZAÇÃO DE FATURAMENTO;0h00m;27/11/2023 09:03:38;27/11/2023 09:04:10;;0h00m
0000369466;27/11/2023 09:11:31;" Igor Luis Sotto Riva";" Pagamento de crédito";" 258- AQUISIÇÃO E REEMBOLSO-MÓVEL COM REGISTRO";018.449.240-84;" CLECIR MIGUEL NONNENMACHER";010477/0211-00;;" Aguardando Regularização";021709;Itatiba do Sul;104;SICREDI UNIESTADOS;104;SUREG Erechim RS;CENTRAL SICREDI SUL/SUDESTE;105.0 Hora(s);0h01m;"                   ";;;;;;
0000369466;27/11/2023 09:11:31;" Igor Luis Sotto Riva";" Pagamento de crédito";" 258- AQUISIÇÃO E REEMBOLSO-MÓVEL COM REGISTRO";018.449.240-84;" CLECIR MIGUEL NONNENMACHER";010477/0211-00;;" Aguardando Regularização";021709;Itatiba do Sul;104;SICREDI UNIESTADOS;104;SUREG Erechim RS;CENTRAL SICREDI SUL/SUDESTE;105.0 Hora(s);0h01m;27/11/2023 09:04:10;;;;;;
