﻿ID_Processo7;DT_Solicitacao8;NM_Usuario_Solicitacao8;NM_Tipo_Processo8;NM_Processo8;CD_Inscricao_Nacional8;NM_Pessoa8;Usuário;Grupo_Cota_Outros8;ST_Status8;CD_Comissionado2;NM_Fantasia_Comissionado2;CD_Tipo_Ponto_Venda3;NM_Fantasia_Ponto_Venda2;CD_Tipo_Ponto_Venda4;NM_Tipo_Ponto_Venda2;NM_Filial_Venda2;Nivel_Servico8;Tempo_Processo8;DH_Conclusao8;NM_Atividade1;Nivel_Servico_Atividade1;DT_Inicio_Atividade1;DT_Fim_Atividade1;NM_Usuario_Atividade1;Tempo_Processo_Atividade1
0000367263;23/11/2023 08:11:43;" Matheus Spielmann Moretto";" Pagamento de crédito";" 258- AQUISIÇÃO E REEMBOLSO-MÓVEL COM REGISTRO";04.306.198/0001-97;" OLMASA INDUSTRIA DE OLEO E FARELO LTDA";010424/0094-00;;" Aguardando Regularização";021745;Erechim Pessoa Juridica;104;SICREDI UNIESTADOS;104;SUREG Erechim RS;CENTRAL SICREDI SUL/SUDESTE;105.0 Hora(s);5h21m;"                   ";EMITIR DOCUMENTOS PARA LIBERAÇÃO;18h00m;23/11/2023 13:49:06;"                   ";;0h00m
0000367263;23/11/2023 08:11:43;" Matheus Spielmann Moretto";" Pagamento de crédito";" 258- AQUISIÇÃO E REEMBOLSO-MÓVEL COM REGISTRO";04.306.198/0001-97;" OLMASA INDUSTRIA DE OLEO E FARELO LTDA";010424/0094-00;;" Aguardando Regularização";021745;Erechim Pessoa Juridica;104;SICREDI UNIESTADOS;104;SUREG Erechim RS;CENTRAL SICREDI SUL/SUDESTE;105.0 Hora(s);5h21m;23/11/2023 13:49:05;REGISTRAR CONTRATO MANUALMENTE;1h00m;23/11/2023 13:47:20;23/11/2023 13:49:05;João Pedro Pieluhowski Silva;0h01m
0000367263;23/11/2023 08:11:43;" Matheus Spielmann Moretto";" Pagamento de crédito";" 258- AQUISIÇÃO E REEMBOLSO-MÓVEL COM REGISTRO";04.306.198/0001-97;" OLMASA INDUSTRIA DE OLEO E FARELO LTDA";010424/0094-00;;" Aguardando Regularização";021745;Erechim Pessoa Juridica;104;SICREDI UNIESTADOS;104;SUREG Erechim RS;CENTRAL SICREDI SUL/SUDESTE;105.0 Hora(s);5h21m;23/11/2023 13:47:20;ALIENAR O BEM;1h00m;23/11/2023 13:42:13;23/11/2023 13:47:20;João Pedro Pieluhowski Silva;0h05m
0000367263;23/11/2023 08:11:43;" Matheus Spielmann Moretto";" Pagamento de crédito";" 258- AQUISIÇÃO E REEMBOLSO-MÓVEL COM REGISTRO";04.306.198/0001-97;" OLMASA INDUSTRIA DE OLEO E FARELO LTDA";010424/0094-00;;" Aguardando Regularização";021745;Erechim Pessoa Juridica;104;SICREDI UNIESTADOS;104;SUREG Erechim RS;CENTRAL SICREDI SUL/SUDESTE;105.0 Hora(s);5h21m;23/11/2023 13:42:13;FINALIZAR CADASTRO DO BEM;1h00m;23/11/2023 13:42:05;23/11/2023 13:42:13;João Pedro Pieluhowski Silva;0h00m
0000367263;23/11/2023 08:11:43;" Matheus Spielmann Moretto";" Pagamento de crédito";" 258- AQUISIÇÃO E REEMBOLSO-MÓVEL COM REGISTRO";04.306.198/0001-97;" OLMASA INDUSTRIA DE OLEO E FARELO LTDA";010424/0094-00;;" Aguardando Regularização";021745;Erechim Pessoa Juridica;104;SICREDI UNIESTADOS;104;SUREG Erechim RS;CENTRAL SICREDI SUL/SUDESTE;105.0 Hora(s);5h21m;23/11/2023 13:42:05;ANÁLISE DE DOCUMENTOS 1ª ETAPA;18h00m;23/11/2023 08:32:39;23/11/2023 13:42:05;João Pedro Pieluhowski Silva;0h11m
0000367263;23/11/2023 08:11:43;" Matheus Spielmann Moretto";" Pagamento de crédito";" 258- AQUISIÇÃO E REEMBOLSO-MÓVEL COM REGISTRO";04.306.198/0001-97;" OLMASA INDUSTRIA DE OLEO E FARELO LTDA";010424/0094-00;;" Aguardando Regularização";021745;Erechim Pessoa Juridica;104;SICREDI UNIESTADOS;104;SUREG Erechim RS;CENTRAL SICREDI SUL/SUDESTE;105.0 Hora(s);5h21m;23/11/2023 08:32:39;ENVIAR DOCUMENTOS;1d21h00m;23/11/2023 08:28:56;23/11/2023 08:32:39;Matheus Spielmann Moretto;0h00m
0000367263;23/11/2023 08:11:43;" Matheus Spielmann Moretto";" Pagamento de crédito";" 258- AQUISIÇÃO E REEMBOLSO-MÓVEL COM REGISTRO";04.306.198/0001-97;" OLMASA INDUSTRIA DE OLEO E FARELO LTDA";010424/0094-00;;" Aguardando Regularização";021745;Erechim Pessoa Juridica;104;SICREDI UNIESTADOS;104;SUREG Erechim RS;CENTRAL SICREDI SUL/SUDESTE;105.0 Hora(s);5h21m;23/11/2023 08:28:55;AUTORIZAÇÃO DE FATURAMENTO;0h00m;23/11/2023 08:28:28;23/11/2023 08:28:55;;0h00m
0000367263;23/11/2023 08:11:43;" Matheus Spielmann Moretto";" Pagamento de crédito";" 258- AQUISIÇÃO E REEMBOLSO-MÓVEL COM REGISTRO";04.306.198/0001-97;" OLMASA INDUSTRIA DE OLEO E FARELO LTDA";010424/0094-00;;" Aguardando Regularização";021745;Erechim Pessoa Juridica;104;SICREDI UNIESTADOS;104;SUREG Erechim RS;CENTRAL SICREDI SUL/SUDESTE;105.0 Hora(s);5h21m;"                   ";;;;;;
0000367263;23/11/2023 08:11:43;" Matheus Spielmann Moretto";" Pagamento de crédito";" 258- AQUISIÇÃO E REEMBOLSO-MÓVEL COM REGISTRO";04.306.198/0001-97;" OLMASA INDUSTRIA DE OLEO E FARELO LTDA";010424/0094-00;;" Aguardando Regularização";021745;Erechim Pessoa Juridica;104;SICREDI UNIESTADOS;104;SUREG Erechim RS;CENTRAL SICREDI SUL/SUDESTE;105.0 Hora(s);5h21m;23/11/2023 13:49:05;;;;;;
0000367263;23/11/2023 08:11:43;" Matheus Spielmann Moretto";" Pagamento de crédito";" 258- AQUISIÇÃO E REEMBOLSO-MÓVEL COM REGISTRO";04.306.198/0001-97;" OLMASA INDUSTRIA DE OLEO E FARELO LTDA";010424/0094-00;;" Aguardando Regularização";021745;Erechim Pessoa Juridica;104;SICREDI UNIESTADOS;104;SUREG Erechim RS;CENTRAL SICREDI SUL/SUDESTE;105.0 Hora(s);5h21m;23/11/2023 13:47:20;;;;;;
0000367263;23/11/2023 08:11:43;" Matheus Spielmann Moretto";" Pagamento de crédito";" 258- AQUISIÇÃO E REEMBOLSO-MÓVEL COM REGISTRO";04.306.198/0001-97;" OLMASA INDUSTRIA DE OLEO E FARELO LTDA";010424/0094-00;;" Aguardando Regularização";021745;Erechim Pessoa Juridica;104;SICREDI UNIESTADOS;104;SUREG Erechim RS;CENTRAL SICREDI SUL/SUDESTE;105.0 Hora(s);5h21m;23/11/2023 13:42:13;;;;;;
0000367263;23/11/2023 08:11:43;" Matheus Spielmann Moretto";" Pagamento de crédito";" 258- AQUISIÇÃO E REEMBOLSO-MÓVEL COM REGISTRO";04.306.198/0001-97;" OLMASA INDUSTRIA DE OLEO E FARELO LTDA";010424/0094-00;;" Aguardando Regularização";021745;Erechim Pessoa Juridica;104;SICREDI UNIESTADOS;104;SUREG Erechim RS;CENTRAL SICREDI SUL/SUDESTE;105.0 Hora(s);5h21m;23/11/2023 13:42:05;;;;;;
0000367263;23/11/2023 08:11:43;" Matheus Spielmann Moretto";" Pagamento de crédito";" 258- AQUISIÇÃO E REEMBOLSO-MÓVEL COM REGISTRO";04.306.198/0001-97;" OLMASA INDUSTRIA DE OLEO E FARELO LTDA";010424/0094-00;;" Aguardando Regularização";021745;Erechim Pessoa Juridica;104;SICREDI UNIESTADOS;104;SUREG Erechim RS;CENTRAL SICREDI SUL/SUDESTE;105.0 Hora(s);5h21m;23/11/2023 08:32:39;;;;;;
0000367263;23/11/2023 08:11:43;" Matheus Spielmann Moretto";" Pagamento de crédito";" 258- AQUISIÇÃO E REEMBOLSO-MÓVEL COM REGISTRO";04.306.198/0001-97;" OLMASA INDUSTRIA DE OLEO E FARELO LTDA";010424/0094-00;;" Aguardando Regularização";021745;Erechim Pessoa Juridica;104;SICREDI UNIESTADOS;104;SUREG Erechim RS;CENTRAL SICREDI SUL/SUDESTE;105.0 Hora(s);5h21m;23/11/2023 08:28:55;;;;;;
