﻿ID_Processo7;DT_Solicitacao8;NM_Usuario_Solicitacao8;NM_Tipo_Processo8;NM_Processo8;CD_Inscricao_Nacional8;NM_Pessoa8;Usuário;Grupo_Cota_Outros8;ST_Status8;CD_Comissionado2;NM_Fantasia_Comissionado2;CD_Tipo_Ponto_Venda3;NM_Fantasia_Ponto_Venda2;CD_Tipo_Ponto_Venda4;NM_Tipo_Ponto_Venda2;NM_Filial_Venda2;Nivel_Servico8;Tempo_Processo8;DH_Conclusao8;NM_Atividade1;Nivel_Servico_Atividade1;DT_Inicio_Atividade1;DT_Fim_Atividade1;NM_Usuario_Atividade1;Tempo_Processo_Atividade1
0000364208;21/11/2023 08:11:44;" DANIELY MENDONCA DE FREITAS";" Pagamento de crédito";" 299 - PAGAMENTO EM ESPÉCIE-MÓVEIS";307.312.759-34;" PEDRO SPERI";010442/0112-00;;" Concluído";072625;Ubirata;207;SICREDI VALE DO PIQUIRI ABCD P;207;SUREG Vale do Piquiri PR;CENTRAL SICREDI PR/SP/RJ;28.0 Hora(s);3h08m;21/11/2023 11:40:33;LIBERAR PAGAMENTO;0h00m;21/11/2023 10:15:18;21/11/2023 11:40:33;ELKIAYER FAGUNDES TRINDADE;0h00m
0000364208;21/11/2023 08:11:44;" DANIELY MENDONCA DE FREITAS";" Pagamento de crédito";" 299 - PAGAMENTO EM ESPÉCIE-MÓVEIS";307.312.759-34;" PEDRO SPERI";010442/0112-00;;" Concluído";072625;Ubirata;207;SICREDI VALE DO PIQUIRI ABCD P;207;SUREG Vale do Piquiri PR;CENTRAL SICREDI PR/SP/RJ;28.0 Hora(s);3h08m;21/11/2023 10:15:18;APROVAR PAGAMENTO;1h00m;21/11/2023 10:15:13;21/11/2023 10:15:18;LARISSA JAENISCH DUTRA PINTO;0h00m
0000364208;21/11/2023 08:11:44;" DANIELY MENDONCA DE FREITAS";" Pagamento de crédito";" 299 - PAGAMENTO EM ESPÉCIE-MÓVEIS";307.312.759-34;" PEDRO SPERI";010442/0112-00;;" Concluído";072625;Ubirata;207;SICREDI VALE DO PIQUIRI ABCD P;207;SUREG Vale do Piquiri PR;CENTRAL SICREDI PR/SP/RJ;28.0 Hora(s);3h08m;21/11/2023 10:15:11;ANALISAR DOCUMENTOS ESPECIE;18h00m;21/11/2023 08:34:01;21/11/2023 10:15:11;LARISSA JAENISCH DUTRA PINTO;0h02m
0000364208;21/11/2023 08:11:44;" DANIELY MENDONCA DE FREITAS";" Pagamento de crédito";" 299 - PAGAMENTO EM ESPÉCIE-MÓVEIS";307.312.759-34;" PEDRO SPERI";010442/0112-00;;" Concluído";072625;Ubirata;207;SICREDI VALE DO PIQUIRI ABCD P;207;SUREG Vale do Piquiri PR;CENTRAL SICREDI PR/SP/RJ;28.0 Hora(s);3h08m;21/11/2023 08:34:01;ENVIAR DOCUMENTOS;1h00m;21/11/2023 08:32:58;21/11/2023 08:34:01;DANIELY MENDONCA DE FREITAS;0h00m
0000364208;21/11/2023 08:11:44;" DANIELY MENDONCA DE FREITAS";" Pagamento de crédito";" 299 - PAGAMENTO EM ESPÉCIE-MÓVEIS";307.312.759-34;" PEDRO SPERI";010442/0112-00;;" Concluído";072625;Ubirata;207;SICREDI VALE DO PIQUIRI ABCD P;207;SUREG Vale do Piquiri PR;CENTRAL SICREDI PR/SP/RJ;28.0 Hora(s);3h08m;21/11/2023 08:32:58;EMISSÃO SOLICITAÇÃO DE PAGAMENTO;1d21h00m;21/11/2023 08:32:50;21/11/2023 08:32:58;;0h00m
0000364208;21/11/2023 08:11:44;" DANIELY MENDONCA DE FREITAS";" Pagamento de crédito";" 299 - PAGAMENTO EM ESPÉCIE-MÓVEIS";307.312.759-34;" PEDRO SPERI";010442/0112-00;;" Concluído";072625;Ubirata;207;SICREDI VALE DO PIQUIRI ABCD P;207;SUREG Vale do Piquiri PR;CENTRAL SICREDI PR/SP/RJ;28.0 Hora(s);3h08m;21/11/2023 11:40:33;;;;;;
0000364208;21/11/2023 08:11:44;" DANIELY MENDONCA DE FREITAS";" Pagamento de crédito";" 299 - PAGAMENTO EM ESPÉCIE-MÓVEIS";307.312.759-34;" PEDRO SPERI";010442/0112-00;;" Concluído";072625;Ubirata;207;SICREDI VALE DO PIQUIRI ABCD P;207;SUREG Vale do Piquiri PR;CENTRAL SICREDI PR/SP/RJ;28.0 Hora(s);3h08m;21/11/2023 10:15:18;;;;;;
0000364208;21/11/2023 08:11:44;" DANIELY MENDONCA DE FREITAS";" Pagamento de crédito";" 299 - PAGAMENTO EM ESPÉCIE-MÓVEIS";307.312.759-34;" PEDRO SPERI";010442/0112-00;;" Concluído";072625;Ubirata;207;SICREDI VALE DO PIQUIRI ABCD P;207;SUREG Vale do Piquiri PR;CENTRAL SICREDI PR/SP/RJ;28.0 Hora(s);3h08m;21/11/2023 10:15:11;;;;;;
0000364208;21/11/2023 08:11:44;" DANIELY MENDONCA DE FREITAS";" Pagamento de crédito";" 299 - PAGAMENTO EM ESPÉCIE-MÓVEIS";307.312.759-34;" PEDRO SPERI";010442/0112-00;;" Concluído";072625;Ubirata;207;SICREDI VALE DO PIQUIRI ABCD P;207;SUREG Vale do Piquiri PR;CENTRAL SICREDI PR/SP/RJ;28.0 Hora(s);3h08m;21/11/2023 08:34:01;;;;;;
0000364208;21/11/2023 08:11:44;" DANIELY MENDONCA DE FREITAS";" Pagamento de crédito";" 299 - PAGAMENTO EM ESPÉCIE-MÓVEIS";307.312.759-34;" PEDRO SPERI";010442/0112-00;;" Concluído";072625;Ubirata;207;SICREDI VALE DO PIQUIRI ABCD P;207;SUREG Vale do Piquiri PR;CENTRAL SICREDI PR/SP/RJ;28.0 Hora(s);3h08m;21/11/2023 08:32:58;;;;;;
