﻿ID_Processo7;DT_Solicitacao8;NM_Usuario_Solicitacao8;NM_Tipo_Processo8;NM_Processo8;CD_Inscricao_Nacional8;NM_Pessoa8;Usuário;Grupo_Cota_Outros8;ST_Status8;CD_Comissionado2;NM_Fantasia_Comissionado2;CD_Tipo_Ponto_Venda3;NM_Fantasia_Ponto_Venda2;CD_Tipo_Ponto_Venda4;NM_Tipo_Ponto_Venda2;NM_Filial_Venda2;Nivel_Servico8;Tempo_Processo8;DH_Conclusao8;NM_Atividade1;Nivel_Servico_Atividade1;DT_Inicio_Atividade1;DT_Fim_Atividade1;NM_Usuario_Atividade1;Tempo_Processo_Atividade1
0000355498;07/11/2023 10:11:47;" DANIELY MENDONCA DE FREITAS";" Pagamento de crédito";" 258- AQUISIÇÃO E REEMBOLSO-MÓVEL COM REGISTRO";44.955.939/0001-85;" A S BATISTA DE BRITO";010437/0388-00;;" Concluído";072666;Mariluz;207;SICREDI VALE DO PIQUIRI ABCD P;207;SUREG Vale do Piquiri PR;CENTRAL SICREDI PR/SP/RJ;105.0 Hora(s);3d6h48m;10/11/2023 17:03:10;LIBERAR PAGAMENTOS;0h00m;10/11/2023 15:26:40;10/11/2023 17:03:10;ELKIAYER FAGUNDES TRINDADE;0h00m
0000355498;07/11/2023 10:11:47;" DANIELY MENDONCA DE FREITAS";" Pagamento de crédito";" 258- AQUISIÇÃO E REEMBOLSO-MÓVEL COM REGISTRO";44.955.939/0001-85;" A S BATISTA DE BRITO";010437/0388-00;;" Concluído";072666;Mariluz;207;SICREDI VALE DO PIQUIRI ABCD P;207;SUREG Vale do Piquiri PR;CENTRAL SICREDI PR/SP/RJ;105.0 Hora(s);3d6h48m;10/11/2023 15:26:40;APROVAR PAGAMENTO;1h00m;10/11/2023 15:26:17;10/11/2023 15:26:40;KELLY DA ROCHA KASPER;0h00m
0000355498;07/11/2023 10:11:47;" DANIELY MENDONCA DE FREITAS";" Pagamento de crédito";" 258- AQUISIÇÃO E REEMBOLSO-MÓVEL COM REGISTRO";44.955.939/0001-85;" A S BATISTA DE BRITO";010437/0388-00;;" Concluído";072666;Mariluz;207;SICREDI VALE DO PIQUIRI ABCD P;207;SUREG Vale do Piquiri PR;CENTRAL SICREDI PR/SP/RJ;105.0 Hora(s);3d6h48m;10/11/2023 15:26:17;PROGRAMAR PAGAMENTO;1h00m;10/11/2023 15:25:50;10/11/2023 15:26:17;KELLY DA ROCHA KASPER;0h01m
0000355498;07/11/2023 10:11:47;" DANIELY MENDONCA DE FREITAS";" Pagamento de crédito";" 258- AQUISIÇÃO E REEMBOLSO-MÓVEL COM REGISTRO";44.955.939/0001-85;" A S BATISTA DE BRITO";010437/0388-00;;" Concluído";072666;Mariluz;207;SICREDI VALE DO PIQUIRI ABCD P;207;SUREG Vale do Piquiri PR;CENTRAL SICREDI PR/SP/RJ;105.0 Hora(s);3d6h48m;10/11/2023 15:25:50;ANALISAR DOCUMENTOS PARA LIBERAÇÃO 2ª ETAPA;18h00m;10/11/2023 09:04:29;10/11/2023 15:25:50;KELLY DA ROCHA KASPER;0h03m
0000355498;07/11/2023 10:11:47;" DANIELY MENDONCA DE FREITAS";" Pagamento de crédito";" 258- AQUISIÇÃO E REEMBOLSO-MÓVEL COM REGISTRO";44.955.939/0001-85;" A S BATISTA DE BRITO";010437/0388-00;;" Concluído";072666;Mariluz;207;SICREDI VALE DO PIQUIRI ABCD P;207;SUREG Vale do Piquiri PR;CENTRAL SICREDI PR/SP/RJ;105.0 Hora(s);3d6h48m;10/11/2023 09:04:29;EMITIR DOCUMENTOS PARA LIBERAÇÃO;18h00m;08/11/2023 13:18:40;10/11/2023 09:04:29;DANIELY MENDONCA DE FREITAS;0h00m
0000355498;07/11/2023 10:11:47;" DANIELY MENDONCA DE FREITAS";" Pagamento de crédito";" 258- AQUISIÇÃO E REEMBOLSO-MÓVEL COM REGISTRO";44.955.939/0001-85;" A S BATISTA DE BRITO";010437/0388-00;;" Concluído";072666;Mariluz;207;SICREDI VALE DO PIQUIRI ABCD P;207;SUREG Vale do Piquiri PR;CENTRAL SICREDI PR/SP/RJ;105.0 Hora(s);3d6h48m;08/11/2023 13:18:40;REGISTRAR CONTRATO MANUALMENTE;1h00m;08/11/2023 13:18:34;08/11/2023 13:18:40;Clara Vargas;0h00m
0000355498;07/11/2023 10:11:47;" DANIELY MENDONCA DE FREITAS";" Pagamento de crédito";" 258- AQUISIÇÃO E REEMBOLSO-MÓVEL COM REGISTRO";44.955.939/0001-85;" A S BATISTA DE BRITO";010437/0388-00;;" Concluído";072666;Mariluz;207;SICREDI VALE DO PIQUIRI ABCD P;207;SUREG Vale do Piquiri PR;CENTRAL SICREDI PR/SP/RJ;105.0 Hora(s);3d6h48m;08/11/2023 13:18:34;ALIENAR O BEM;1h00m;08/11/2023 13:17:50;08/11/2023 13:18:34;Clara Vargas;0h01m
0000355498;07/11/2023 10:11:47;" DANIELY MENDONCA DE FREITAS";" Pagamento de crédito";" 258- AQUISIÇÃO E REEMBOLSO-MÓVEL COM REGISTRO";44.955.939/0001-85;" A S BATISTA DE BRITO";010437/0388-00;;" Concluído";072666;Mariluz;207;SICREDI VALE DO PIQUIRI ABCD P;207;SUREG Vale do Piquiri PR;CENTRAL SICREDI PR/SP/RJ;105.0 Hora(s);3d6h48m;08/11/2023 13:17:50;FINALIZAR CADASTRO DO BEM;1h00m;08/11/2023 13:17:42;08/11/2023 13:17:50;Clara Vargas;0h00m
0000355498;07/11/2023 10:11:47;" DANIELY MENDONCA DE FREITAS";" Pagamento de crédito";" 258- AQUISIÇÃO E REEMBOLSO-MÓVEL COM REGISTRO";44.955.939/0001-85;" A S BATISTA DE BRITO";010437/0388-00;;" Concluído";072666;Mariluz;207;SICREDI VALE DO PIQUIRI ABCD P;207;SUREG Vale do Piquiri PR;CENTRAL SICREDI PR/SP/RJ;105.0 Hora(s);3d6h48m;08/11/2023 13:17:42;ANÁLISE DE DOCUMENTOS 1ª ETAPA;18h00m;07/11/2023 12:40:07;08/11/2023 13:17:42;Clara Vargas;0h11m
0000355498;07/11/2023 10:11:47;" DANIELY MENDONCA DE FREITAS";" Pagamento de crédito";" 258- AQUISIÇÃO E REEMBOLSO-MÓVEL COM REGISTRO";44.955.939/0001-85;" A S BATISTA DE BRITO";010437/0388-00;;" Concluído";072666;Mariluz;207;SICREDI VALE DO PIQUIRI ABCD P;207;SUREG Vale do Piquiri PR;CENTRAL SICREDI PR/SP/RJ;105.0 Hora(s);3d6h48m;07/11/2023 12:40:07;ENVIAR DOCUMENTOS;1d21h00m;07/11/2023 10:16:19;07/11/2023 12:40:07;DANIELY MENDONCA DE FREITAS;0h00m
0000355498;07/11/2023 10:11:47;" DANIELY MENDONCA DE FREITAS";" Pagamento de crédito";" 258- AQUISIÇÃO E REEMBOLSO-MÓVEL COM REGISTRO";44.955.939/0001-85;" A S BATISTA DE BRITO";010437/0388-00;;" Concluído";072666;Mariluz;207;SICREDI VALE DO PIQUIRI ABCD P;207;SUREG Vale do Piquiri PR;CENTRAL SICREDI PR/SP/RJ;105.0 Hora(s);3d6h48m;07/11/2023 10:16:19;AUTORIZAÇÃO DE FATURAMENTO;0h00m;07/11/2023 10:15:21;07/11/2023 10:16:19;;0h00m
0000355498;07/11/2023 10:11:47;" DANIELY MENDONCA DE FREITAS";" Pagamento de crédito";" 258- AQUISIÇÃO E REEMBOLSO-MÓVEL COM REGISTRO";44.955.939/0001-85;" A S BATISTA DE BRITO";010437/0388-00;;" Concluído";072666;Mariluz;207;SICREDI VALE DO PIQUIRI ABCD P;207;SUREG Vale do Piquiri PR;CENTRAL SICREDI PR/SP/RJ;105.0 Hora(s);3d6h48m;10/11/2023 17:03:10;;;;;;
0000355498;07/11/2023 10:11:47;" DANIELY MENDONCA DE FREITAS";" Pagamento de crédito";" 258- AQUISIÇÃO E REEMBOLSO-MÓVEL COM REGISTRO";44.955.939/0001-85;" A S BATISTA DE BRITO";010437/0388-00;;" Concluído";072666;Mariluz;207;SICREDI VALE DO PIQUIRI ABCD P;207;SUREG Vale do Piquiri PR;CENTRAL SICREDI PR/SP/RJ;105.0 Hora(s);3d6h48m;10/11/2023 15:26:40;;;;;;
0000355498;07/11/2023 10:11:47;" DANIELY MENDONCA DE FREITAS";" Pagamento de crédito";" 258- AQUISIÇÃO E REEMBOLSO-MÓVEL COM REGISTRO";44.955.939/0001-85;" A S BATISTA DE BRITO";010437/0388-00;;" Concluído";072666;Mariluz;207;SICREDI VALE DO PIQUIRI ABCD P;207;SUREG Vale do Piquiri PR;CENTRAL SICREDI PR/SP/RJ;105.0 Hora(s);3d6h48m;10/11/2023 15:26:17;;;;;;
0000355498;07/11/2023 10:11:47;" DANIELY MENDONCA DE FREITAS";" Pagamento de crédito";" 258- AQUISIÇÃO E REEMBOLSO-MÓVEL COM REGISTRO";44.955.939/0001-85;" A S BATISTA DE BRITO";010437/0388-00;;" Concluído";072666;Mariluz;207;SICREDI VALE DO PIQUIRI ABCD P;207;SUREG Vale do Piquiri PR;CENTRAL SICREDI PR/SP/RJ;105.0 Hora(s);3d6h48m;10/11/2023 15:25:50;;;;;;
0000355498;07/11/2023 10:11:47;" DANIELY MENDONCA DE FREITAS";" Pagamento de crédito";" 258- AQUISIÇÃO E REEMBOLSO-MÓVEL COM REGISTRO";44.955.939/0001-85;" A S BATISTA DE BRITO";010437/0388-00;;" Concluído";072666;Mariluz;207;SICREDI VALE DO PIQUIRI ABCD P;207;SUREG Vale do Piquiri PR;CENTRAL SICREDI PR/SP/RJ;105.0 Hora(s);3d6h48m;10/11/2023 09:04:29;;;;;;
0000355498;07/11/2023 10:11:47;" DANIELY MENDONCA DE FREITAS";" Pagamento de crédito";" 258- AQUISIÇÃO E REEMBOLSO-MÓVEL COM REGISTRO";44.955.939/0001-85;" A S BATISTA DE BRITO";010437/0388-00;;" Concluído";072666;Mariluz;207;SICREDI VALE DO PIQUIRI ABCD P;207;SUREG Vale do Piquiri PR;CENTRAL SICREDI PR/SP/RJ;105.0 Hora(s);3d6h48m;08/11/2023 13:18:40;;;;;;
0000355498;07/11/2023 10:11:47;" DANIELY MENDONCA DE FREITAS";" Pagamento de crédito";" 258- AQUISIÇÃO E REEMBOLSO-MÓVEL COM REGISTRO";44.955.939/0001-85;" A S BATISTA DE BRITO";010437/0388-00;;" Concluído";072666;Mariluz;207;SICREDI VALE DO PIQUIRI ABCD P;207;SUREG Vale do Piquiri PR;CENTRAL SICREDI PR/SP/RJ;105.0 Hora(s);3d6h48m;08/11/2023 13:18:34;;;;;;
0000355498;07/11/2023 10:11:47;" DANIELY MENDONCA DE FREITAS";" Pagamento de crédito";" 258- AQUISIÇÃO E REEMBOLSO-MÓVEL COM REGISTRO";44.955.939/0001-85;" A S BATISTA DE BRITO";010437/0388-00;;" Concluído";072666;Mariluz;207;SICREDI VALE DO PIQUIRI ABCD P;207;SUREG Vale do Piquiri PR;CENTRAL SICREDI PR/SP/RJ;105.0 Hora(s);3d6h48m;08/11/2023 13:17:50;;;;;;
0000355498;07/11/2023 10:11:47;" DANIELY MENDONCA DE FREITAS";" Pagamento de crédito";" 258- AQUISIÇÃO E REEMBOLSO-MÓVEL COM REGISTRO";44.955.939/0001-85;" A S BATISTA DE BRITO";010437/0388-00;;" Concluído";072666;Mariluz;207;SICREDI VALE DO PIQUIRI ABCD P;207;SUREG Vale do Piquiri PR;CENTRAL SICREDI PR/SP/RJ;105.0 Hora(s);3d6h48m;08/11/2023 13:17:42;;;;;;
0000355498;07/11/2023 10:11:47;" DANIELY MENDONCA DE FREITAS";" Pagamento de crédito";" 258- AQUISIÇÃO E REEMBOLSO-MÓVEL COM REGISTRO";44.955.939/0001-85;" A S BATISTA DE BRITO";010437/0388-00;;" Concluído";072666;Mariluz;207;SICREDI VALE DO PIQUIRI ABCD P;207;SUREG Vale do Piquiri PR;CENTRAL SICREDI PR/SP/RJ;105.0 Hora(s);3d6h48m;07/11/2023 12:40:07;;;;;;
0000355498;07/11/2023 10:11:47;" DANIELY MENDONCA DE FREITAS";" Pagamento de crédito";" 258- AQUISIÇÃO E REEMBOLSO-MÓVEL COM REGISTRO";44.955.939/0001-85;" A S BATISTA DE BRITO";010437/0388-00;;" Concluído";072666;Mariluz;207;SICREDI VALE DO PIQUIRI ABCD P;207;SUREG Vale do Piquiri PR;CENTRAL SICREDI PR/SP/RJ;105.0 Hora(s);3d6h48m;07/11/2023 10:16:19;;;;;;
