﻿ID_Processo7;DT_Solicitacao8;NM_Usuario_Solicitacao8;NM_Tipo_Processo8;NM_Processo8;CD_Inscricao_Nacional8;NM_Pessoa8;Usuário;Grupo_Cota_Outros8;ST_Status8;CD_Comissionado2;NM_Fantasia_Comissionado2;CD_Tipo_Ponto_Venda3;NM_Fantasia_Ponto_Venda2;CD_Tipo_Ponto_Venda4;NM_Tipo_Ponto_Venda2;NM_Filial_Venda2;Nivel_Servico8;Tempo_Processo8;DH_Conclusao8;NM_Atividade1;Nivel_Servico_Atividade1;DT_Inicio_Atividade1;DT_Fim_Atividade1;NM_Usuario_Atividade1;Tempo_Processo_Atividade1
0000363417;17/11/2023 11:11:48;" MAIARA DIAS ZANELA";" Pagamento de crédito";" 107- COTA QUITADA-AQUISIÇÃO/REEMB-MÓVEL C/REGISTRO";05.741.832/0001-82;" TOPMOVEIS E DECORACOES LTDA";010473/0131-00;;" Concluído";072606;Umuarama;207;SICREDI VALE DO PIQUIRI ABCD P;207;SUREG Vale do Piquiri PR;CENTRAL SICREDI PR/SP/RJ;102.0 Hora(s);3d0h10m;20/11/2023 11:50:23;LIBERAR PAGAMENTO;0h00m;20/11/2023 07:08:17;20/11/2023 11:50:23;Kelen Hahn Paulo;0h00m
0000363417;17/11/2023 11:11:48;" MAIARA DIAS ZANELA";" Pagamento de crédito";" 107- COTA QUITADA-AQUISIÇÃO/REEMB-MÓVEL C/REGISTRO";05.741.832/0001-82;" TOPMOVEIS E DECORACOES LTDA";010473/0131-00;;" Concluído";072606;Umuarama;207;SICREDI VALE DO PIQUIRI ABCD P;207;SUREG Vale do Piquiri PR;CENTRAL SICREDI PR/SP/RJ;102.0 Hora(s);3d0h10m;20/11/2023 07:08:17;APROVAR PAGAMENTO;1h00m;20/11/2023 07:08:11;20/11/2023 07:08:17;Eliane Ribas Barcelos;0h00m
0000363417;17/11/2023 11:11:48;" MAIARA DIAS ZANELA";" Pagamento de crédito";" 107- COTA QUITADA-AQUISIÇÃO/REEMB-MÓVEL C/REGISTRO";05.741.832/0001-82;" TOPMOVEIS E DECORACOES LTDA";010473/0131-00;;" Concluído";072606;Umuarama;207;SICREDI VALE DO PIQUIRI ABCD P;207;SUREG Vale do Piquiri PR;CENTRAL SICREDI PR/SP/RJ;102.0 Hora(s);3d0h10m;20/11/2023 07:08:11;PROGRAMAR PAGAMENTO;1h00m;20/11/2023 07:07:44;20/11/2023 07:08:11;Eliane Ribas Barcelos;0h01m
0000363417;17/11/2023 11:11:48;" MAIARA DIAS ZANELA";" Pagamento de crédito";" 107- COTA QUITADA-AQUISIÇÃO/REEMB-MÓVEL C/REGISTRO";05.741.832/0001-82;" TOPMOVEIS E DECORACOES LTDA";010473/0131-00;;" Concluído";072606;Umuarama;207;SICREDI VALE DO PIQUIRI ABCD P;207;SUREG Vale do Piquiri PR;CENTRAL SICREDI PR/SP/RJ;102.0 Hora(s);3d0h10m;20/11/2023 07:07:44;ANALISAR DOCUMENTOS PARA LIBERAÇÃO 2ª ETAPA;18h00m;17/11/2023 15:55:13;20/11/2023 07:07:44;Eliane Ribas Barcelos;0h02m
0000363417;17/11/2023 11:11:48;" MAIARA DIAS ZANELA";" Pagamento de crédito";" 107- COTA QUITADA-AQUISIÇÃO/REEMB-MÓVEL C/REGISTRO";05.741.832/0001-82;" TOPMOVEIS E DECORACOES LTDA";010473/0131-00;;" Concluído";072606;Umuarama;207;SICREDI VALE DO PIQUIRI ABCD P;207;SUREG Vale do Piquiri PR;CENTRAL SICREDI PR/SP/RJ;102.0 Hora(s);3d0h10m;17/11/2023 15:55:13;EMITIR DOCUMENTOS PARA LIBERAÇÃO;18h00m;17/11/2023 14:49:27;17/11/2023 15:55:13;MAIARA DIAS ZANELA;0h00m
0000363417;17/11/2023 11:11:48;" MAIARA DIAS ZANELA";" Pagamento de crédito";" 107- COTA QUITADA-AQUISIÇÃO/REEMB-MÓVEL C/REGISTRO";05.741.832/0001-82;" TOPMOVEIS E DECORACOES LTDA";010473/0131-00;;" Concluído";072606;Umuarama;207;SICREDI VALE DO PIQUIRI ABCD P;207;SUREG Vale do Piquiri PR;CENTRAL SICREDI PR/SP/RJ;102.0 Hora(s);3d0h10m;17/11/2023 14:49:26;FINALIZAR O CADASTRO DO BEM;1h00m;17/11/2023 14:49:19;17/11/2023 14:49:26;NICOLAS PAULO DE SOUSA CUNHA;0h00m
0000363417;17/11/2023 11:11:48;" MAIARA DIAS ZANELA";" Pagamento de crédito";" 107- COTA QUITADA-AQUISIÇÃO/REEMB-MÓVEL C/REGISTRO";05.741.832/0001-82;" TOPMOVEIS E DECORACOES LTDA";010473/0131-00;;" Concluído";072606;Umuarama;207;SICREDI VALE DO PIQUIRI ABCD P;207;SUREG Vale do Piquiri PR;CENTRAL SICREDI PR/SP/RJ;102.0 Hora(s);3d0h10m;17/11/2023 14:49:19;ANÁLISE DE DOCUMENTOS 1ª ETAPA;18h00m;17/11/2023 11:42:53;17/11/2023 14:49:19;NICOLAS PAULO DE SOUSA CUNHA;0h07m
0000363417;17/11/2023 11:11:48;" MAIARA DIAS ZANELA";" Pagamento de crédito";" 107- COTA QUITADA-AQUISIÇÃO/REEMB-MÓVEL C/REGISTRO";05.741.832/0001-82;" TOPMOVEIS E DECORACOES LTDA";010473/0131-00;;" Concluído";072606;Umuarama;207;SICREDI VALE DO PIQUIRI ABCD P;207;SUREG Vale do Piquiri PR;CENTRAL SICREDI PR/SP/RJ;102.0 Hora(s);3d0h10m;17/11/2023 11:42:52;ENVIAR DOCUMENTOS;1d21h00m;17/11/2023 11:40:59;17/11/2023 11:42:52;MAIARA DIAS ZANELA;0h00m
0000363417;17/11/2023 11:11:48;" MAIARA DIAS ZANELA";" Pagamento de crédito";" 107- COTA QUITADA-AQUISIÇÃO/REEMB-MÓVEL C/REGISTRO";05.741.832/0001-82;" TOPMOVEIS E DECORACOES LTDA";010473/0131-00;;" Concluído";072606;Umuarama;207;SICREDI VALE DO PIQUIRI ABCD P;207;SUREG Vale do Piquiri PR;CENTRAL SICREDI PR/SP/RJ;102.0 Hora(s);3d0h10m;17/11/2023 11:40:59;AUTORIZAÇÃO DE FATURAMENTO;0h00m;17/11/2023 11:40:57;17/11/2023 11:40:59;;0h00m
0000363417;17/11/2023 11:11:48;" MAIARA DIAS ZANELA";" Pagamento de crédito";" 107- COTA QUITADA-AQUISIÇÃO/REEMB-MÓVEL C/REGISTRO";05.741.832/0001-82;" TOPMOVEIS E DECORACOES LTDA";010473/0131-00;;" Concluído";072606;Umuarama;207;SICREDI VALE DO PIQUIRI ABCD P;207;SUREG Vale do Piquiri PR;CENTRAL SICREDI PR/SP/RJ;102.0 Hora(s);3d0h10m;20/11/2023 11:50:23;;;;;;
0000363417;17/11/2023 11:11:48;" MAIARA DIAS ZANELA";" Pagamento de crédito";" 107- COTA QUITADA-AQUISIÇÃO/REEMB-MÓVEL C/REGISTRO";05.741.832/0001-82;" TOPMOVEIS E DECORACOES LTDA";010473/0131-00;;" Concluído";072606;Umuarama;207;SICREDI VALE DO PIQUIRI ABCD P;207;SUREG Vale do Piquiri PR;CENTRAL SICREDI PR/SP/RJ;102.0 Hora(s);3d0h10m;20/11/2023 07:08:17;;;;;;
0000363417;17/11/2023 11:11:48;" MAIARA DIAS ZANELA";" Pagamento de crédito";" 107- COTA QUITADA-AQUISIÇÃO/REEMB-MÓVEL C/REGISTRO";05.741.832/0001-82;" TOPMOVEIS E DECORACOES LTDA";010473/0131-00;;" Concluído";072606;Umuarama;207;SICREDI VALE DO PIQUIRI ABCD P;207;SUREG Vale do Piquiri PR;CENTRAL SICREDI PR/SP/RJ;102.0 Hora(s);3d0h10m;20/11/2023 07:08:11;;;;;;
0000363417;17/11/2023 11:11:48;" MAIARA DIAS ZANELA";" Pagamento de crédito";" 107- COTA QUITADA-AQUISIÇÃO/REEMB-MÓVEL C/REGISTRO";05.741.832/0001-82;" TOPMOVEIS E DECORACOES LTDA";010473/0131-00;;" Concluído";072606;Umuarama;207;SICREDI VALE DO PIQUIRI ABCD P;207;SUREG Vale do Piquiri PR;CENTRAL SICREDI PR/SP/RJ;102.0 Hora(s);3d0h10m;20/11/2023 07:07:44;;;;;;
0000363417;17/11/2023 11:11:48;" MAIARA DIAS ZANELA";" Pagamento de crédito";" 107- COTA QUITADA-AQUISIÇÃO/REEMB-MÓVEL C/REGISTRO";05.741.832/0001-82;" TOPMOVEIS E DECORACOES LTDA";010473/0131-00;;" Concluído";072606;Umuarama;207;SICREDI VALE DO PIQUIRI ABCD P;207;SUREG Vale do Piquiri PR;CENTRAL SICREDI PR/SP/RJ;102.0 Hora(s);3d0h10m;17/11/2023 15:55:13;;;;;;
0000363417;17/11/2023 11:11:48;" MAIARA DIAS ZANELA";" Pagamento de crédito";" 107- COTA QUITADA-AQUISIÇÃO/REEMB-MÓVEL C/REGISTRO";05.741.832/0001-82;" TOPMOVEIS E DECORACOES LTDA";010473/0131-00;;" Concluído";072606;Umuarama;207;SICREDI VALE DO PIQUIRI ABCD P;207;SUREG Vale do Piquiri PR;CENTRAL SICREDI PR/SP/RJ;102.0 Hora(s);3d0h10m;17/11/2023 14:49:26;;;;;;
0000363417;17/11/2023 11:11:48;" MAIARA DIAS ZANELA";" Pagamento de crédito";" 107- COTA QUITADA-AQUISIÇÃO/REEMB-MÓVEL C/REGISTRO";05.741.832/0001-82;" TOPMOVEIS E DECORACOES LTDA";010473/0131-00;;" Concluído";072606;Umuarama;207;SICREDI VALE DO PIQUIRI ABCD P;207;SUREG Vale do Piquiri PR;CENTRAL SICREDI PR/SP/RJ;102.0 Hora(s);3d0h10m;17/11/2023 14:49:19;;;;;;
0000363417;17/11/2023 11:11:48;" MAIARA DIAS ZANELA";" Pagamento de crédito";" 107- COTA QUITADA-AQUISIÇÃO/REEMB-MÓVEL C/REGISTRO";05.741.832/0001-82;" TOPMOVEIS E DECORACOES LTDA";010473/0131-00;;" Concluído";072606;Umuarama;207;SICREDI VALE DO PIQUIRI ABCD P;207;SUREG Vale do Piquiri PR;CENTRAL SICREDI PR/SP/RJ;102.0 Hora(s);3d0h10m;17/11/2023 11:42:52;;;;;;
0000363417;17/11/2023 11:11:48;" MAIARA DIAS ZANELA";" Pagamento de crédito";" 107- COTA QUITADA-AQUISIÇÃO/REEMB-MÓVEL C/REGISTRO";05.741.832/0001-82;" TOPMOVEIS E DECORACOES LTDA";010473/0131-00;;" Concluído";072606;Umuarama;207;SICREDI VALE DO PIQUIRI ABCD P;207;SUREG Vale do Piquiri PR;CENTRAL SICREDI PR/SP/RJ;102.0 Hora(s);3d0h10m;17/11/2023 11:40:59;;;;;;
