﻿ID_Processo7;DT_Solicitacao8;NM_Usuario_Solicitacao8;NM_Tipo_Processo8;NM_Processo8;CD_Inscricao_Nacional8;NM_Pessoa8;Usuário;Grupo_Cota_Outros8;ST_Status8;CD_Comissionado2;NM_Fantasia_Comissionado2;CD_Tipo_Ponto_Venda3;NM_Fantasia_Ponto_Venda2;CD_Tipo_Ponto_Venda4;NM_Tipo_Ponto_Venda2;NM_Filial_Venda2;Nivel_Servico8;Tempo_Processo8;DH_Conclusao8;NM_Atividade1;Nivel_Servico_Atividade1;DT_Inicio_Atividade1;DT_Fim_Atividade1;NM_Usuario_Atividade1;Tempo_Processo_Atividade1
0000367164;22/11/2023 16:11:10;" MAIARA DIAS ZANELA";" Pagamento de crédito";" 299 - PAGAMENTO EM ESPÉCIE-MÓVEIS";18.252.689/0001-07;" PLASTICOS NINA LTDA";010400/0294-00;;" Concluído";072636;Maua SP;207;SICREDI VALE DO PIQUIRI ABCD P;207;SUREG Vale do Piquiri PR;CENTRAL SICREDI PR/SP/RJ;28.0 Hora(s);19h44m;23/11/2023 11:57:35;LIBERAR PAGAMENTO;0h00m;23/11/2023 10:43:00;23/11/2023 11:57:35;Kelen Hahn Paulo;0h00m
0000367164;22/11/2023 16:11:10;" MAIARA DIAS ZANELA";" Pagamento de crédito";" 299 - PAGAMENTO EM ESPÉCIE-MÓVEIS";18.252.689/0001-07;" PLASTICOS NINA LTDA";010400/0294-00;;" Concluído";072636;Maua SP;207;SICREDI VALE DO PIQUIRI ABCD P;207;SUREG Vale do Piquiri PR;CENTRAL SICREDI PR/SP/RJ;28.0 Hora(s);19h44m;23/11/2023 10:42:59;APROVAR PAGAMENTO;1h00m;23/11/2023 10:42:51;23/11/2023 10:42:59;Eliane Ribas Barcelos;0h01m
0000367164;22/11/2023 16:11:10;" MAIARA DIAS ZANELA";" Pagamento de crédito";" 299 - PAGAMENTO EM ESPÉCIE-MÓVEIS";18.252.689/0001-07;" PLASTICOS NINA LTDA";010400/0294-00;;" Concluído";072636;Maua SP;207;SICREDI VALE DO PIQUIRI ABCD P;207;SUREG Vale do Piquiri PR;CENTRAL SICREDI PR/SP/RJ;28.0 Hora(s);19h44m;23/11/2023 10:42:51;ANALISAR DOCUMENTOS ESPECIE;18h00m;22/11/2023 16:13:25;23/11/2023 10:42:51;Eliane Ribas Barcelos;0h02m
0000367164;22/11/2023 16:11:10;" MAIARA DIAS ZANELA";" Pagamento de crédito";" 299 - PAGAMENTO EM ESPÉCIE-MÓVEIS";18.252.689/0001-07;" PLASTICOS NINA LTDA";010400/0294-00;;" Concluído";072636;Maua SP;207;SICREDI VALE DO PIQUIRI ABCD P;207;SUREG Vale do Piquiri PR;CENTRAL SICREDI PR/SP/RJ;28.0 Hora(s);19h44m;22/11/2023 16:13:25;ENVIAR DOCUMENTOS;1h00m;22/11/2023 16:12:41;22/11/2023 16:13:25;MAIARA DIAS ZANELA;0h00m
0000367164;22/11/2023 16:11:10;" MAIARA DIAS ZANELA";" Pagamento de crédito";" 299 - PAGAMENTO EM ESPÉCIE-MÓVEIS";18.252.689/0001-07;" PLASTICOS NINA LTDA";010400/0294-00;;" Concluído";072636;Maua SP;207;SICREDI VALE DO PIQUIRI ABCD P;207;SUREG Vale do Piquiri PR;CENTRAL SICREDI PR/SP/RJ;28.0 Hora(s);19h44m;22/11/2023 16:12:41;EMISSÃO SOLICITAÇÃO DE PAGAMENTO;1d21h00m;22/11/2023 16:12:17;22/11/2023 16:12:41;;0h00m
0000367164;22/11/2023 16:11:10;" MAIARA DIAS ZANELA";" Pagamento de crédito";" 299 - PAGAMENTO EM ESPÉCIE-MÓVEIS";18.252.689/0001-07;" PLASTICOS NINA LTDA";010400/0294-00;;" Concluído";072636;Maua SP;207;SICREDI VALE DO PIQUIRI ABCD P;207;SUREG Vale do Piquiri PR;CENTRAL SICREDI PR/SP/RJ;28.0 Hora(s);19h44m;23/11/2023 11:57:35;;;;;;
0000367164;22/11/2023 16:11:10;" MAIARA DIAS ZANELA";" Pagamento de crédito";" 299 - PAGAMENTO EM ESPÉCIE-MÓVEIS";18.252.689/0001-07;" PLASTICOS NINA LTDA";010400/0294-00;;" Concluído";072636;Maua SP;207;SICREDI VALE DO PIQUIRI ABCD P;207;SUREG Vale do Piquiri PR;CENTRAL SICREDI PR/SP/RJ;28.0 Hora(s);19h44m;23/11/2023 10:42:59;;;;;;
0000367164;22/11/2023 16:11:10;" MAIARA DIAS ZANELA";" Pagamento de crédito";" 299 - PAGAMENTO EM ESPÉCIE-MÓVEIS";18.252.689/0001-07;" PLASTICOS NINA LTDA";010400/0294-00;;" Concluído";072636;Maua SP;207;SICREDI VALE DO PIQUIRI ABCD P;207;SUREG Vale do Piquiri PR;CENTRAL SICREDI PR/SP/RJ;28.0 Hora(s);19h44m;23/11/2023 10:42:51;;;;;;
0000367164;22/11/2023 16:11:10;" MAIARA DIAS ZANELA";" Pagamento de crédito";" 299 - PAGAMENTO EM ESPÉCIE-MÓVEIS";18.252.689/0001-07;" PLASTICOS NINA LTDA";010400/0294-00;;" Concluído";072636;Maua SP;207;SICREDI VALE DO PIQUIRI ABCD P;207;SUREG Vale do Piquiri PR;CENTRAL SICREDI PR/SP/RJ;28.0 Hora(s);19h44m;22/11/2023 16:13:25;;;;;;
0000367164;22/11/2023 16:11:10;" MAIARA DIAS ZANELA";" Pagamento de crédito";" 299 - PAGAMENTO EM ESPÉCIE-MÓVEIS";18.252.689/0001-07;" PLASTICOS NINA LTDA";010400/0294-00;;" Concluído";072636;Maua SP;207;SICREDI VALE DO PIQUIRI ABCD P;207;SUREG Vale do Piquiri PR;CENTRAL SICREDI PR/SP/RJ;28.0 Hora(s);19h44m;22/11/2023 16:12:41;;;;;;
