﻿ID_Processo7;DT_Solicitacao8;NM_Usuario_Solicitacao8;NM_Tipo_Processo8;NM_Processo8;CD_Inscricao_Nacional8;NM_Pessoa8;Usuário;Grupo_Cota_Outros8;ST_Status8;CD_Comissionado2;NM_Fantasia_Comissionado2;CD_Tipo_Ponto_Venda3;NM_Fantasia_Ponto_Venda2;CD_Tipo_Ponto_Venda4;NM_Tipo_Ponto_Venda2;NM_Filial_Venda2;Nivel_Servico8;Tempo_Processo8;DH_Conclusao8;NM_Atividade1;Nivel_Servico_Atividade1;DT_Inicio_Atividade1;DT_Fim_Atividade1;NM_Usuario_Atividade1;Tempo_Processo_Atividade1
0000355234;06/11/2023 11:11:52;" Giovani Padoin";" Pagamento de crédito";" 258- AQUISIÇÃO E REEMBOLSO-MÓVEL COM REGISTRO";025.135.189-00;" IVAN CARLOS UBERTI";010413/0343-00;;" Concluído";021740;Concordia Doutor Maruri;104;SICREDI UNIESTADOS;104;SUREG Erechim RS;CENTRAL SICREDI SUL/SUDESTE;105.0 Hora(s);4d0h01m;10/11/2023 11:49:40;LIBERAR PAGAMENTOS;0h00m;10/11/2023 10:00:21;10/11/2023 11:49:40;ELKIAYER FAGUNDES TRINDADE;0h00m
0000355234;06/11/2023 11:11:52;" Giovani Padoin";" Pagamento de crédito";" 258- AQUISIÇÃO E REEMBOLSO-MÓVEL COM REGISTRO";025.135.189-00;" IVAN CARLOS UBERTI";010413/0343-00;;" Concluído";021740;Concordia Doutor Maruri;104;SICREDI UNIESTADOS;104;SUREG Erechim RS;CENTRAL SICREDI SUL/SUDESTE;105.0 Hora(s);4d0h01m;10/11/2023 10:00:21;APROVAR PAGAMENTO;1h00m;10/11/2023 10:00:15;10/11/2023 10:00:21;LARISSA JAENISCH DUTRA PINTO;0h00m
0000355234;06/11/2023 11:11:52;" Giovani Padoin";" Pagamento de crédito";" 258- AQUISIÇÃO E REEMBOLSO-MÓVEL COM REGISTRO";025.135.189-00;" IVAN CARLOS UBERTI";010413/0343-00;;" Concluído";021740;Concordia Doutor Maruri;104;SICREDI UNIESTADOS;104;SUREG Erechim RS;CENTRAL SICREDI SUL/SUDESTE;105.0 Hora(s);4d0h01m;10/11/2023 10:00:15;PROGRAMAR PAGAMENTO;1h00m;10/11/2023 09:59:43;10/11/2023 10:00:15;LARISSA JAENISCH DUTRA PINTO;0h01m
0000355234;06/11/2023 11:11:52;" Giovani Padoin";" Pagamento de crédito";" 258- AQUISIÇÃO E REEMBOLSO-MÓVEL COM REGISTRO";025.135.189-00;" IVAN CARLOS UBERTI";010413/0343-00;;" Concluído";021740;Concordia Doutor Maruri;104;SICREDI UNIESTADOS;104;SUREG Erechim RS;CENTRAL SICREDI SUL/SUDESTE;105.0 Hora(s);4d0h01m;10/11/2023 09:59:42;ANALISAR DOCUMENTOS PARA LIBERAÇÃO 2ª ETAPA;18h00m;10/11/2023 08:59:52;10/11/2023 09:59:42;LARISSA JAENISCH DUTRA PINTO;0h04m
0000355234;06/11/2023 11:11:52;" Giovani Padoin";" Pagamento de crédito";" 258- AQUISIÇÃO E REEMBOLSO-MÓVEL COM REGISTRO";025.135.189-00;" IVAN CARLOS UBERTI";010413/0343-00;;" Concluído";021740;Concordia Doutor Maruri;104;SICREDI UNIESTADOS;104;SUREG Erechim RS;CENTRAL SICREDI SUL/SUDESTE;105.0 Hora(s);4d0h01m;10/11/2023 08:59:52;EMITIR DOCUMENTOS PARA LIBERAÇÃO;18h00m;09/11/2023 15:50:02;10/11/2023 08:59:52;Giovani Padoin;0h00m
0000355234;06/11/2023 11:11:52;" Giovani Padoin";" Pagamento de crédito";" 258- AQUISIÇÃO E REEMBOLSO-MÓVEL COM REGISTRO";025.135.189-00;" IVAN CARLOS UBERTI";010413/0343-00;;" Concluído";021740;Concordia Doutor Maruri;104;SICREDI UNIESTADOS;104;SUREG Erechim RS;CENTRAL SICREDI SUL/SUDESTE;105.0 Hora(s);4d0h01m;09/11/2023 15:50:02;REGISTRAR CONTRATO MANUALMENTE;1h00m;09/11/2023 15:49:24;09/11/2023 15:50:02;João Pedro Pieluhowski Silva;0h01m
0000355234;06/11/2023 11:11:52;" Giovani Padoin";" Pagamento de crédito";" 258- AQUISIÇÃO E REEMBOLSO-MÓVEL COM REGISTRO";025.135.189-00;" IVAN CARLOS UBERTI";010413/0343-00;;" Concluído";021740;Concordia Doutor Maruri;104;SICREDI UNIESTADOS;104;SUREG Erechim RS;CENTRAL SICREDI SUL/SUDESTE;105.0 Hora(s);4d0h01m;09/11/2023 15:49:24;ALIENAR O BEM;1h00m;09/11/2023 15:41:19;09/11/2023 15:49:24;João Pedro Pieluhowski Silva;0h08m
0000355234;06/11/2023 11:11:52;" Giovani Padoin";" Pagamento de crédito";" 258- AQUISIÇÃO E REEMBOLSO-MÓVEL COM REGISTRO";025.135.189-00;" IVAN CARLOS UBERTI";010413/0343-00;;" Concluído";021740;Concordia Doutor Maruri;104;SICREDI UNIESTADOS;104;SUREG Erechim RS;CENTRAL SICREDI SUL/SUDESTE;105.0 Hora(s);4d0h01m;09/11/2023 15:41:19;FINALIZAR CADASTRO DO BEM;1h00m;09/11/2023 15:41:14;09/11/2023 15:41:19;João Pedro Pieluhowski Silva;0h00m
0000355234;06/11/2023 11:11:52;" Giovani Padoin";" Pagamento de crédito";" 258- AQUISIÇÃO E REEMBOLSO-MÓVEL COM REGISTRO";025.135.189-00;" IVAN CARLOS UBERTI";010413/0343-00;;" Concluído";021740;Concordia Doutor Maruri;104;SICREDI UNIESTADOS;104;SUREG Erechim RS;CENTRAL SICREDI SUL/SUDESTE;105.0 Hora(s);4d0h01m;09/11/2023 15:41:14;ANÁLISE DE DOCUMENTOS 1ª ETAPA;18h07m;09/11/2023 08:16:33;09/11/2023 15:41:14;João Pedro Pieluhowski Silva;0h25m
0000355234;06/11/2023 11:11:52;" Giovani Padoin";" Pagamento de crédito";" 258- AQUISIÇÃO E REEMBOLSO-MÓVEL COM REGISTRO";025.135.189-00;" IVAN CARLOS UBERTI";010413/0343-00;;" Concluído";021740;Concordia Doutor Maruri;104;SICREDI UNIESTADOS;104;SUREG Erechim RS;CENTRAL SICREDI SUL/SUDESTE;105.0 Hora(s);4d0h01m;09/11/2023 08:16:33;REGULARIZAR DOCUMENTOS INICIAIS;0h00m;08/11/2023 15:54:47;09/11/2023 08:16:33;Giovani Padoin;0h00m
0000355234;06/11/2023 11:11:52;" Giovani Padoin";" Pagamento de crédito";" 258- AQUISIÇÃO E REEMBOLSO-MÓVEL COM REGISTRO";025.135.189-00;" IVAN CARLOS UBERTI";010413/0343-00;;" Concluído";021740;Concordia Doutor Maruri;104;SICREDI UNIESTADOS;104;SUREG Erechim RS;CENTRAL SICREDI SUL/SUDESTE;105.0 Hora(s);4d0h01m;08/11/2023 15:54:47;ANÁLISE DE DOCUMENTOS 1ª ETAPA;18h07m;08/11/2023 08:43:39;08/11/2023 15:54:47;João Pedro Pieluhowski Silva;0h25m
0000355234;06/11/2023 11:11:52;" Giovani Padoin";" Pagamento de crédito";" 258- AQUISIÇÃO E REEMBOLSO-MÓVEL COM REGISTRO";025.135.189-00;" IVAN CARLOS UBERTI";010413/0343-00;;" Concluído";021740;Concordia Doutor Maruri;104;SICREDI UNIESTADOS;104;SUREG Erechim RS;CENTRAL SICREDI SUL/SUDESTE;105.0 Hora(s);4d0h01m;08/11/2023 08:43:39;ENVIAR DOCUMENTOS;1d21h00m;06/11/2023 11:49:42;08/11/2023 08:43:39;Giovani Padoin;0h00m
0000355234;06/11/2023 11:11:52;" Giovani Padoin";" Pagamento de crédito";" 258- AQUISIÇÃO E REEMBOLSO-MÓVEL COM REGISTRO";025.135.189-00;" IVAN CARLOS UBERTI";010413/0343-00;;" Concluído";021740;Concordia Doutor Maruri;104;SICREDI UNIESTADOS;104;SUREG Erechim RS;CENTRAL SICREDI SUL/SUDESTE;105.0 Hora(s);4d0h01m;06/11/2023 11:49:42;AUTORIZAÇÃO DE FATURAMENTO;0h00m;06/11/2023 11:48:34;06/11/2023 11:49:42;;0h00m
0000355234;06/11/2023 11:11:52;" Giovani Padoin";" Pagamento de crédito";" 258- AQUISIÇÃO E REEMBOLSO-MÓVEL COM REGISTRO";025.135.189-00;" IVAN CARLOS UBERTI";010413/0343-00;;" Concluído";021740;Concordia Doutor Maruri;104;SICREDI UNIESTADOS;104;SUREG Erechim RS;CENTRAL SICREDI SUL/SUDESTE;105.0 Hora(s);4d0h01m;10/11/2023 11:49:40;;;;;;
0000355234;06/11/2023 11:11:52;" Giovani Padoin";" Pagamento de crédito";" 258- AQUISIÇÃO E REEMBOLSO-MÓVEL COM REGISTRO";025.135.189-00;" IVAN CARLOS UBERTI";010413/0343-00;;" Concluído";021740;Concordia Doutor Maruri;104;SICREDI UNIESTADOS;104;SUREG Erechim RS;CENTRAL SICREDI SUL/SUDESTE;105.0 Hora(s);4d0h01m;10/11/2023 10:00:21;;;;;;
0000355234;06/11/2023 11:11:52;" Giovani Padoin";" Pagamento de crédito";" 258- AQUISIÇÃO E REEMBOLSO-MÓVEL COM REGISTRO";025.135.189-00;" IVAN CARLOS UBERTI";010413/0343-00;;" Concluído";021740;Concordia Doutor Maruri;104;SICREDI UNIESTADOS;104;SUREG Erechim RS;CENTRAL SICREDI SUL/SUDESTE;105.0 Hora(s);4d0h01m;10/11/2023 10:00:15;;;;;;
0000355234;06/11/2023 11:11:52;" Giovani Padoin";" Pagamento de crédito";" 258- AQUISIÇÃO E REEMBOLSO-MÓVEL COM REGISTRO";025.135.189-00;" IVAN CARLOS UBERTI";010413/0343-00;;" Concluído";021740;Concordia Doutor Maruri;104;SICREDI UNIESTADOS;104;SUREG Erechim RS;CENTRAL SICREDI SUL/SUDESTE;105.0 Hora(s);4d0h01m;10/11/2023 09:59:42;;;;;;
0000355234;06/11/2023 11:11:52;" Giovani Padoin";" Pagamento de crédito";" 258- AQUISIÇÃO E REEMBOLSO-MÓVEL COM REGISTRO";025.135.189-00;" IVAN CARLOS UBERTI";010413/0343-00;;" Concluído";021740;Concordia Doutor Maruri;104;SICREDI UNIESTADOS;104;SUREG Erechim RS;CENTRAL SICREDI SUL/SUDESTE;105.0 Hora(s);4d0h01m;10/11/2023 08:59:52;;;;;;
0000355234;06/11/2023 11:11:52;" Giovani Padoin";" Pagamento de crédito";" 258- AQUISIÇÃO E REEMBOLSO-MÓVEL COM REGISTRO";025.135.189-00;" IVAN CARLOS UBERTI";010413/0343-00;;" Concluído";021740;Concordia Doutor Maruri;104;SICREDI UNIESTADOS;104;SUREG Erechim RS;CENTRAL SICREDI SUL/SUDESTE;105.0 Hora(s);4d0h01m;09/11/2023 15:50:02;;;;;;
0000355234;06/11/2023 11:11:52;" Giovani Padoin";" Pagamento de crédito";" 258- AQUISIÇÃO E REEMBOLSO-MÓVEL COM REGISTRO";025.135.189-00;" IVAN CARLOS UBERTI";010413/0343-00;;" Concluído";021740;Concordia Doutor Maruri;104;SICREDI UNIESTADOS;104;SUREG Erechim RS;CENTRAL SICREDI SUL/SUDESTE;105.0 Hora(s);4d0h01m;09/11/2023 15:49:24;;;;;;
0000355234;06/11/2023 11:11:52;" Giovani Padoin";" Pagamento de crédito";" 258- AQUISIÇÃO E REEMBOLSO-MÓVEL COM REGISTRO";025.135.189-00;" IVAN CARLOS UBERTI";010413/0343-00;;" Concluído";021740;Concordia Doutor Maruri;104;SICREDI UNIESTADOS;104;SUREG Erechim RS;CENTRAL SICREDI SUL/SUDESTE;105.0 Hora(s);4d0h01m;09/11/2023 15:41:19;;;;;;
0000355234;06/11/2023 11:11:52;" Giovani Padoin";" Pagamento de crédito";" 258- AQUISIÇÃO E REEMBOLSO-MÓVEL COM REGISTRO";025.135.189-00;" IVAN CARLOS UBERTI";010413/0343-00;;" Concluído";021740;Concordia Doutor Maruri;104;SICREDI UNIESTADOS;104;SUREG Erechim RS;CENTRAL SICREDI SUL/SUDESTE;105.0 Hora(s);4d0h01m;09/11/2023 15:41:14;;;;;;
0000355234;06/11/2023 11:11:52;" Giovani Padoin";" Pagamento de crédito";" 258- AQUISIÇÃO E REEMBOLSO-MÓVEL COM REGISTRO";025.135.189-00;" IVAN CARLOS UBERTI";010413/0343-00;;" Concluído";021740;Concordia Doutor Maruri;104;SICREDI UNIESTADOS;104;SUREG Erechim RS;CENTRAL SICREDI SUL/SUDESTE;105.0 Hora(s);4d0h01m;09/11/2023 08:16:33;;;;;;
0000355234;06/11/2023 11:11:52;" Giovani Padoin";" Pagamento de crédito";" 258- AQUISIÇÃO E REEMBOLSO-MÓVEL COM REGISTRO";025.135.189-00;" IVAN CARLOS UBERTI";010413/0343-00;;" Concluído";021740;Concordia Doutor Maruri;104;SICREDI UNIESTADOS;104;SUREG Erechim RS;CENTRAL SICREDI SUL/SUDESTE;105.0 Hora(s);4d0h01m;08/11/2023 15:54:47;;;;;;
0000355234;06/11/2023 11:11:52;" Giovani Padoin";" Pagamento de crédito";" 258- AQUISIÇÃO E REEMBOLSO-MÓVEL COM REGISTRO";025.135.189-00;" IVAN CARLOS UBERTI";010413/0343-00;;" Concluído";021740;Concordia Doutor Maruri;104;SICREDI UNIESTADOS;104;SUREG Erechim RS;CENTRAL SICREDI SUL/SUDESTE;105.0 Hora(s);4d0h01m;08/11/2023 08:43:39;;;;;;
0000355234;06/11/2023 11:11:52;" Giovani Padoin";" Pagamento de crédito";" 258- AQUISIÇÃO E REEMBOLSO-MÓVEL COM REGISTRO";025.135.189-00;" IVAN CARLOS UBERTI";010413/0343-00;;" Concluído";021740;Concordia Doutor Maruri;104;SICREDI UNIESTADOS;104;SUREG Erechim RS;CENTRAL SICREDI SUL/SUDESTE;105.0 Hora(s);4d0h01m;06/11/2023 11:49:42;;;;;;
