﻿ID_Processo7;DT_Solicitacao8;NM_Usuario_Solicitacao8;NM_Tipo_Processo8;NM_Processo8;CD_Inscricao_Nacional8;NM_Pessoa8;Usuário;Grupo_Cota_Outros8;ST_Status8;CD_Comissionado2;NM_Fantasia_Comissionado2;CD_Tipo_Ponto_Venda3;NM_Fantasia_Ponto_Venda2;CD_Tipo_Ponto_Venda4;NM_Tipo_Ponto_Venda2;NM_Filial_Venda2;Nivel_Servico8;Tempo_Processo8;DH_Conclusao8;NM_Atividade1;Nivel_Servico_Atividade1;DT_Inicio_Atividade1;DT_Fim_Atividade1;NM_Usuario_Atividade1;Tempo_Processo_Atividade1
0000367439;23/11/2023 12:11:58;" Igor Luis Sotto Riva";" Pagamento de crédito";" 258- AQUISIÇÃO E REEMBOLSO-MÓVEL COM REGISTRO";370.164.900-68;" LIDIO CAPELESSO";010444/0093-00;;" Andamento";021709;Itatiba do Sul;104;SICREDI UNIESTADOS;104;SUREG Erechim RS;CENTRAL SICREDI SUL/SUDESTE;105.0 Hora(s);19h31m;"                   ";ANÁLISE DE DOCUMENTOS 1ª ETAPA;18h00m;24/11/2023 08:24:21;"                   ";;0h00m
0000367439;23/11/2023 12:11:58;" Igor Luis Sotto Riva";" Pagamento de crédito";" 258- AQUISIÇÃO E REEMBOLSO-MÓVEL COM REGISTRO";370.164.900-68;" LIDIO CAPELESSO";010444/0093-00;;" Andamento";021709;Itatiba do Sul;104;SICREDI UNIESTADOS;104;SUREG Erechim RS;CENTRAL SICREDI SUL/SUDESTE;105.0 Hora(s);19h31m;24/11/2023 08:24:21;ENVIAR DOCUMENTOS;1d21h00m;23/11/2023 12:53:35;24/11/2023 08:24:21;Igor Luis Sotto Riva;0h00m
0000367439;23/11/2023 12:11:58;" Igor Luis Sotto Riva";" Pagamento de crédito";" 258- AQUISIÇÃO E REEMBOLSO-MÓVEL COM REGISTRO";370.164.900-68;" LIDIO CAPELESSO";010444/0093-00;;" Andamento";021709;Itatiba do Sul;104;SICREDI UNIESTADOS;104;SUREG Erechim RS;CENTRAL SICREDI SUL/SUDESTE;105.0 Hora(s);19h31m;23/11/2023 12:53:35;AUTORIZAÇÃO DE FATURAMENTO;0h00m;23/11/2023 12:53:11;23/11/2023 12:53:35;;0h00m
0000367439;23/11/2023 12:11:58;" Igor Luis Sotto Riva";" Pagamento de crédito";" 258- AQUISIÇÃO E REEMBOLSO-MÓVEL COM REGISTRO";370.164.900-68;" LIDIO CAPELESSO";010444/0093-00;;" Andamento";021709;Itatiba do Sul;104;SICREDI UNIESTADOS;104;SUREG Erechim RS;CENTRAL SICREDI SUL/SUDESTE;105.0 Hora(s);19h31m;"                   ";;;;;;
0000367439;23/11/2023 12:11:58;" Igor Luis Sotto Riva";" Pagamento de crédito";" 258- AQUISIÇÃO E REEMBOLSO-MÓVEL COM REGISTRO";370.164.900-68;" LIDIO CAPELESSO";010444/0093-00;;" Andamento";021709;Itatiba do Sul;104;SICREDI UNIESTADOS;104;SUREG Erechim RS;CENTRAL SICREDI SUL/SUDESTE;105.0 Hora(s);19h31m;24/11/2023 08:24:21;;;;;;
0000367439;23/11/2023 12:11:58;" Igor Luis Sotto Riva";" Pagamento de crédito";" 258- AQUISIÇÃO E REEMBOLSO-MÓVEL COM REGISTRO";370.164.900-68;" LIDIO CAPELESSO";010444/0093-00;;" Andamento";021709;Itatiba do Sul;104;SICREDI UNIESTADOS;104;SUREG Erechim RS;CENTRAL SICREDI SUL/SUDESTE;105.0 Hora(s);19h31m;23/11/2023 12:53:35;;;;;;
