﻿ID_Processo7;DT_Solicitacao8;NM_Usuario_Solicitacao8;NM_Tipo_Processo8;NM_Processo8;CD_Inscricao_Nacional8;NM_Pessoa8;Usuário;Grupo_Cota_Outros8;ST_Status8;CD_Comissionado2;NM_Fantasia_Comissionado2;CD_Tipo_Ponto_Venda3;NM_Fantasia_Ponto_Venda2;CD_Tipo_Ponto_Venda4;NM_Tipo_Ponto_Venda2;NM_Filial_Venda2;Nivel_Servico8;Tempo_Processo8;DH_Conclusao8;NM_Atividade1;Nivel_Servico_Atividade1;DT_Inicio_Atividade1;DT_Fim_Atividade1;NM_Usuario_Atividade1;Tempo_Processo_Atividade1
0000367843;24/11/2023 12:11:14;" Gerson Meneghel";" Pagamento de crédito";" 258- AQUISIÇÃO E REEMBOLSO-MÓVEL COM REGISTRO";90.511.643/0001-92;" ILIDIO SACOMORI TRANSPORTES EIRELLI";010430/0189-00;;" Andamento";021713;Mariano Moro;104;SICREDI UNIESTADOS;104;SUREG Erechim RS;CENTRAL SICREDI SUL/SUDESTE;105.0 Hora(s);0h14m;"                   ";ANÁLISE DE DOCUMENTOS 1ª ETAPA;18h00m;24/11/2023 12:55:30;"                   ";;0h00m
0000367843;24/11/2023 12:11:14;" Gerson Meneghel";" Pagamento de crédito";" 258- AQUISIÇÃO E REEMBOLSO-MÓVEL COM REGISTRO";90.511.643/0001-92;" ILIDIO SACOMORI TRANSPORTES EIRELLI";010430/0189-00;;" Andamento";021713;Mariano Moro;104;SICREDI UNIESTADOS;104;SUREG Erechim RS;CENTRAL SICREDI SUL/SUDESTE;105.0 Hora(s);0h14m;24/11/2023 12:55:30;ENVIAR DOCUMENTOS;1d21h00m;24/11/2023 12:41:42;24/11/2023 12:55:30;Gerson Meneghel;0h00m
0000367843;24/11/2023 12:11:14;" Gerson Meneghel";" Pagamento de crédito";" 258- AQUISIÇÃO E REEMBOLSO-MÓVEL COM REGISTRO";90.511.643/0001-92;" ILIDIO SACOMORI TRANSPORTES EIRELLI";010430/0189-00;;" Andamento";021713;Mariano Moro;104;SICREDI UNIESTADOS;104;SUREG Erechim RS;CENTRAL SICREDI SUL/SUDESTE;105.0 Hora(s);0h14m;24/11/2023 12:41:42;AUTORIZAÇÃO DE FATURAMENTO;0h00m;24/11/2023 12:41:00;24/11/2023 12:41:42;;0h00m
0000366858;22/11/2023 12:11:46;" Gerson Meneghel";" Pagamento de crédito";" 258- AQUISIÇÃO E REEMBOLSO-MÓVEL COM REGISTRO";90.511.643/0001-92;" ILIDIO SACOMORI TRANSPORTES EIRELLI";010430/0189-00;;" Reprovado";021713;Mariano Moro;104;SICREDI UNIESTADOS;104;SUREG Erechim RS;CENTRAL SICREDI SUL/SUDESTE;105.0 Hora(s);1d2h59m;"                   ";REGULARIZAR DOCUMENTOS INICIAIS;0h00m;23/11/2023 15:33:39;"                   ";;0h00m
0000366858;22/11/2023 12:11:46;" Gerson Meneghel";" Pagamento de crédito";" 258- AQUISIÇÃO E REEMBOLSO-MÓVEL COM REGISTRO";90.511.643/0001-92;" ILIDIO SACOMORI TRANSPORTES EIRELLI";010430/0189-00;;" Reprovado";021713;Mariano Moro;104;SICREDI UNIESTADOS;104;SUREG Erechim RS;CENTRAL SICREDI SUL/SUDESTE;105.0 Hora(s);1d2h59m;23/11/2023 15:33:39;ANÁLISE DE DOCUMENTOS 1ª ETAPA;18h00m;23/11/2023 10:13:40;23/11/2023 15:33:39;NICOLAS PAULO DE SOUSA CUNHA;0h02m
0000366858;22/11/2023 12:11:46;" Gerson Meneghel";" Pagamento de crédito";" 258- AQUISIÇÃO E REEMBOLSO-MÓVEL COM REGISTRO";90.511.643/0001-92;" ILIDIO SACOMORI TRANSPORTES EIRELLI";010430/0189-00;;" Reprovado";021713;Mariano Moro;104;SICREDI UNIESTADOS;104;SUREG Erechim RS;CENTRAL SICREDI SUL/SUDESTE;105.0 Hora(s);1d2h59m;23/11/2023 10:13:40;ENVIAR DOCUMENTOS;1d21h00m;22/11/2023 12:34:54;23/11/2023 10:13:40;Gerson Meneghel;0h00m
0000366858;22/11/2023 12:11:46;" Gerson Meneghel";" Pagamento de crédito";" 258- AQUISIÇÃO E REEMBOLSO-MÓVEL COM REGISTRO";90.511.643/0001-92;" ILIDIO SACOMORI TRANSPORTES EIRELLI";010430/0189-00;;" Reprovado";021713;Mariano Moro;104;SICREDI UNIESTADOS;104;SUREG Erechim RS;CENTRAL SICREDI SUL/SUDESTE;105.0 Hora(s);1d2h59m;22/11/2023 12:34:54;AUTORIZAÇÃO DE FATURAMENTO;0h00m;22/11/2023 12:34:19;22/11/2023 12:34:54;;0h00m
0000363815;17/11/2023 15:11:09;" Gerson Meneghel";" Pagamento de crédito";" 258- AQUISIÇÃO E REEMBOLSO-MÓVEL COM REGISTRO";90.511.643/0001-92;" ILIDIO SACOMORI TRANSPORTES EIRELLI";010430/0189-00;;" Reprovado";021713;Mariano Moro;104;SICREDI UNIESTADOS;104;SUREG Erechim RS;CENTRAL SICREDI SUL/SUDESTE;105.0 Hora(s);4d20h23m;22/11/2023 12:16:47;ENVIAR DOCUMENTOS;1d21h00m;17/11/2023 15:54:35;22/11/2023 12:16:47;Gerson Meneghel;0h00m
0000363815;17/11/2023 15:11:09;" Gerson Meneghel";" Pagamento de crédito";" 258- AQUISIÇÃO E REEMBOLSO-MÓVEL COM REGISTRO";90.511.643/0001-92;" ILIDIO SACOMORI TRANSPORTES EIRELLI";010430/0189-00;;" Reprovado";021713;Mariano Moro;104;SICREDI UNIESTADOS;104;SUREG Erechim RS;CENTRAL SICREDI SUL/SUDESTE;105.0 Hora(s);4d20h23m;17/11/2023 15:54:34;AUTORIZAÇÃO DE FATURAMENTO;0h00m;17/11/2023 15:53:46;17/11/2023 15:54:34;;0h00m
0000363815;17/11/2023 15:11:09;" Gerson Meneghel";" Pagamento de crédito";" 258- AQUISIÇÃO E REEMBOLSO-MÓVEL COM REGISTRO";90.511.643/0001-92;" ILIDIO SACOMORI TRANSPORTES EIRELLI";010430/0189-00;;" Reprovado";021713;Mariano Moro;104;SICREDI UNIESTADOS;104;SUREG Erechim RS;CENTRAL SICREDI SUL/SUDESTE;105.0 Hora(s);4d20h23m;22/11/2023 12:16:47;;;;;;
0000363815;17/11/2023 15:11:09;" Gerson Meneghel";" Pagamento de crédito";" 258- AQUISIÇÃO E REEMBOLSO-MÓVEL COM REGISTRO";90.511.643/0001-92;" ILIDIO SACOMORI TRANSPORTES EIRELLI";010430/0189-00;;" Reprovado";021713;Mariano Moro;104;SICREDI UNIESTADOS;104;SUREG Erechim RS;CENTRAL SICREDI SUL/SUDESTE;105.0 Hora(s);4d20h23m;17/11/2023 15:54:34;;;;;;
0000366858;22/11/2023 12:11:46;" Gerson Meneghel";" Pagamento de crédito";" 258- AQUISIÇÃO E REEMBOLSO-MÓVEL COM REGISTRO";90.511.643/0001-92;" ILIDIO SACOMORI TRANSPORTES EIRELLI";010430/0189-00;;" Reprovado";021713;Mariano Moro;104;SICREDI UNIESTADOS;104;SUREG Erechim RS;CENTRAL SICREDI SUL/SUDESTE;105.0 Hora(s);1d2h59m;"                   ";;;;;;
0000366858;22/11/2023 12:11:46;" Gerson Meneghel";" Pagamento de crédito";" 258- AQUISIÇÃO E REEMBOLSO-MÓVEL COM REGISTRO";90.511.643/0001-92;" ILIDIO SACOMORI TRANSPORTES EIRELLI";010430/0189-00;;" Reprovado";021713;Mariano Moro;104;SICREDI UNIESTADOS;104;SUREG Erechim RS;CENTRAL SICREDI SUL/SUDESTE;105.0 Hora(s);1d2h59m;23/11/2023 15:33:39;;;;;;
0000366858;22/11/2023 12:11:46;" Gerson Meneghel";" Pagamento de crédito";" 258- AQUISIÇÃO E REEMBOLSO-MÓVEL COM REGISTRO";90.511.643/0001-92;" ILIDIO SACOMORI TRANSPORTES EIRELLI";010430/0189-00;;" Reprovado";021713;Mariano Moro;104;SICREDI UNIESTADOS;104;SUREG Erechim RS;CENTRAL SICREDI SUL/SUDESTE;105.0 Hora(s);1d2h59m;23/11/2023 10:13:40;;;;;;
0000366858;22/11/2023 12:11:46;" Gerson Meneghel";" Pagamento de crédito";" 258- AQUISIÇÃO E REEMBOLSO-MÓVEL COM REGISTRO";90.511.643/0001-92;" ILIDIO SACOMORI TRANSPORTES EIRELLI";010430/0189-00;;" Reprovado";021713;Mariano Moro;104;SICREDI UNIESTADOS;104;SUREG Erechim RS;CENTRAL SICREDI SUL/SUDESTE;105.0 Hora(s);1d2h59m;22/11/2023 12:34:54;;;;;;
0000367843;24/11/2023 12:11:14;" Gerson Meneghel";" Pagamento de crédito";" 258- AQUISIÇÃO E REEMBOLSO-MÓVEL COM REGISTRO";90.511.643/0001-92;" ILIDIO SACOMORI TRANSPORTES EIRELLI";010430/0189-00;;" Andamento";021713;Mariano Moro;104;SICREDI UNIESTADOS;104;SUREG Erechim RS;CENTRAL SICREDI SUL/SUDESTE;105.0 Hora(s);0h14m;"                   ";;;;;;
0000367843;24/11/2023 12:11:14;" Gerson Meneghel";" Pagamento de crédito";" 258- AQUISIÇÃO E REEMBOLSO-MÓVEL COM REGISTRO";90.511.643/0001-92;" ILIDIO SACOMORI TRANSPORTES EIRELLI";010430/0189-00;;" Andamento";021713;Mariano Moro;104;SICREDI UNIESTADOS;104;SUREG Erechim RS;CENTRAL SICREDI SUL/SUDESTE;105.0 Hora(s);0h14m;24/11/2023 12:55:30;;;;;;
0000367843;24/11/2023 12:11:14;" Gerson Meneghel";" Pagamento de crédito";" 258- AQUISIÇÃO E REEMBOLSO-MÓVEL COM REGISTRO";90.511.643/0001-92;" ILIDIO SACOMORI TRANSPORTES EIRELLI";010430/0189-00;;" Andamento";021713;Mariano Moro;104;SICREDI UNIESTADOS;104;SUREG Erechim RS;CENTRAL SICREDI SUL/SUDESTE;105.0 Hora(s);0h14m;24/11/2023 12:41:42;;;;;;
