﻿ID_Processo7;DT_Solicitacao8;NM_Usuario_Solicitacao8;NM_Tipo_Processo8;NM_Processo8;CD_Inscricao_Nacional8;NM_Pessoa8;Usuário;Grupo_Cota_Outros8;ST_Status8;CD_Comissionado2;NM_Fantasia_Comissionado2;CD_Tipo_Ponto_Venda3;NM_Fantasia_Ponto_Venda2;CD_Tipo_Ponto_Venda4;NM_Tipo_Ponto_Venda2;NM_Filial_Venda2;Nivel_Servico8;Tempo_Processo8;DH_Conclusao8;NM_Atividade1;Nivel_Servico_Atividade1;DT_Inicio_Atividade1;DT_Fim_Atividade1;NM_Usuario_Atividade1;Tempo_Processo_Atividade1
0000357840;14/11/2023 12:11:33;" DANIELY MENDONCA DE FREITAS";" Pagamento de crédito";" 258- AQUISIÇÃO E REEMBOLSO-MÓVEL COM REGISTRO";050.456.829-97;" RAPHAEL RODRIGUES MENDES";010496/0291-00;;" Concluído";072613;Perola;207;SICREDI VALE DO PIQUIRI ABCD P;207;SUREG Vale do Piquiri PR;CENTRAL SICREDI PR/SP/RJ;105.0 Hora(s);1d22h58m;16/11/2023 11:38:13;LIBERAR PAGAMENTOS;0h00m;16/11/2023 09:27:41;16/11/2023 11:38:13;Kelen Hahn Paulo;0h00m
0000357840;14/11/2023 12:11:33;" DANIELY MENDONCA DE FREITAS";" Pagamento de crédito";" 258- AQUISIÇÃO E REEMBOLSO-MÓVEL COM REGISTRO";050.456.829-97;" RAPHAEL RODRIGUES MENDES";010496/0291-00;;" Concluído";072613;Perola;207;SICREDI VALE DO PIQUIRI ABCD P;207;SUREG Vale do Piquiri PR;CENTRAL SICREDI PR/SP/RJ;105.0 Hora(s);1d22h58m;16/11/2023 09:27:40;APROVAR PAGAMENTO;1h00m;16/11/2023 09:27:36;16/11/2023 09:27:40;KELLY DA ROCHA KASPER;0h00m
0000357840;14/11/2023 12:11:33;" DANIELY MENDONCA DE FREITAS";" Pagamento de crédito";" 258- AQUISIÇÃO E REEMBOLSO-MÓVEL COM REGISTRO";050.456.829-97;" RAPHAEL RODRIGUES MENDES";010496/0291-00;;" Concluído";072613;Perola;207;SICREDI VALE DO PIQUIRI ABCD P;207;SUREG Vale do Piquiri PR;CENTRAL SICREDI PR/SP/RJ;105.0 Hora(s);1d22h58m;16/11/2023 09:27:36;PROGRAMAR PAGAMENTO;1h00m;16/11/2023 09:27:15;16/11/2023 09:27:36;KELLY DA ROCHA KASPER;0h00m
0000357840;14/11/2023 12:11:33;" DANIELY MENDONCA DE FREITAS";" Pagamento de crédito";" 258- AQUISIÇÃO E REEMBOLSO-MÓVEL COM REGISTRO";050.456.829-97;" RAPHAEL RODRIGUES MENDES";010496/0291-00;;" Concluído";072613;Perola;207;SICREDI VALE DO PIQUIRI ABCD P;207;SUREG Vale do Piquiri PR;CENTRAL SICREDI PR/SP/RJ;105.0 Hora(s);1d22h58m;16/11/2023 09:27:15;ANALISAR DOCUMENTOS PARA LIBERAÇÃO 2ª ETAPA;18h00m;14/11/2023 16:17:45;16/11/2023 09:27:15;KELLY DA ROCHA KASPER;0h04m
0000357840;14/11/2023 12:11:33;" DANIELY MENDONCA DE FREITAS";" Pagamento de crédito";" 258- AQUISIÇÃO E REEMBOLSO-MÓVEL COM REGISTRO";050.456.829-97;" RAPHAEL RODRIGUES MENDES";010496/0291-00;;" Concluído";072613;Perola;207;SICREDI VALE DO PIQUIRI ABCD P;207;SUREG Vale do Piquiri PR;CENTRAL SICREDI PR/SP/RJ;105.0 Hora(s);1d22h58m;14/11/2023 16:17:45;EMITIR DOCUMENTOS PARA LIBERAÇÃO;18h00m;14/11/2023 13:31:50;14/11/2023 16:17:45;DANIELY MENDONCA DE FREITAS;0h00m
0000357840;14/11/2023 12:11:33;" DANIELY MENDONCA DE FREITAS";" Pagamento de crédito";" 258- AQUISIÇÃO E REEMBOLSO-MÓVEL COM REGISTRO";050.456.829-97;" RAPHAEL RODRIGUES MENDES";010496/0291-00;;" Concluído";072613;Perola;207;SICREDI VALE DO PIQUIRI ABCD P;207;SUREG Vale do Piquiri PR;CENTRAL SICREDI PR/SP/RJ;105.0 Hora(s);1d22h58m;14/11/2023 13:31:50;REGISTRAR CONTRATO MANUALMENTE;1h00m;14/11/2023 13:31:11;14/11/2023 13:31:50;Bianca Peck Berwanger;0h00m
0000357840;14/11/2023 12:11:33;" DANIELY MENDONCA DE FREITAS";" Pagamento de crédito";" 258- AQUISIÇÃO E REEMBOLSO-MÓVEL COM REGISTRO";050.456.829-97;" RAPHAEL RODRIGUES MENDES";010496/0291-00;;" Concluído";072613;Perola;207;SICREDI VALE DO PIQUIRI ABCD P;207;SUREG Vale do Piquiri PR;CENTRAL SICREDI PR/SP/RJ;105.0 Hora(s);1d22h58m;14/11/2023 13:31:11;ALIENAR O BEM;1h00m;14/11/2023 13:24:55;14/11/2023 13:31:11;Bianca Peck Berwanger;0h03m
0000357840;14/11/2023 12:11:33;" DANIELY MENDONCA DE FREITAS";" Pagamento de crédito";" 258- AQUISIÇÃO E REEMBOLSO-MÓVEL COM REGISTRO";050.456.829-97;" RAPHAEL RODRIGUES MENDES";010496/0291-00;;" Concluído";072613;Perola;207;SICREDI VALE DO PIQUIRI ABCD P;207;SUREG Vale do Piquiri PR;CENTRAL SICREDI PR/SP/RJ;105.0 Hora(s);1d22h58m;14/11/2023 13:24:55;FINALIZAR CADASTRO DO BEM;1h00m;14/11/2023 13:24:48;14/11/2023 13:24:55;Bianca Peck Berwanger;0h00m
0000357840;14/11/2023 12:11:33;" DANIELY MENDONCA DE FREITAS";" Pagamento de crédito";" 258- AQUISIÇÃO E REEMBOLSO-MÓVEL COM REGISTRO";050.456.829-97;" RAPHAEL RODRIGUES MENDES";010496/0291-00;;" Concluído";072613;Perola;207;SICREDI VALE DO PIQUIRI ABCD P;207;SUREG Vale do Piquiri PR;CENTRAL SICREDI PR/SP/RJ;105.0 Hora(s);1d22h58m;14/11/2023 13:24:48;ANÁLISE DE DOCUMENTOS 1ª ETAPA;18h00m;14/11/2023 12:41:39;14/11/2023 13:24:48;Bianca Peck Berwanger;0h09m
0000357840;14/11/2023 12:11:33;" DANIELY MENDONCA DE FREITAS";" Pagamento de crédito";" 258- AQUISIÇÃO E REEMBOLSO-MÓVEL COM REGISTRO";050.456.829-97;" RAPHAEL RODRIGUES MENDES";010496/0291-00;;" Concluído";072613;Perola;207;SICREDI VALE DO PIQUIRI ABCD P;207;SUREG Vale do Piquiri PR;CENTRAL SICREDI PR/SP/RJ;105.0 Hora(s);1d22h58m;14/11/2023 12:41:39;ENVIAR DOCUMENTOS;1d21h00m;14/11/2023 12:40:44;14/11/2023 12:41:39;DANIELY MENDONCA DE FREITAS;0h00m
0000357840;14/11/2023 12:11:33;" DANIELY MENDONCA DE FREITAS";" Pagamento de crédito";" 258- AQUISIÇÃO E REEMBOLSO-MÓVEL COM REGISTRO";050.456.829-97;" RAPHAEL RODRIGUES MENDES";010496/0291-00;;" Concluído";072613;Perola;207;SICREDI VALE DO PIQUIRI ABCD P;207;SUREG Vale do Piquiri PR;CENTRAL SICREDI PR/SP/RJ;105.0 Hora(s);1d22h58m;14/11/2023 12:40:44;AUTORIZAÇÃO DE FATURAMENTO;0h00m;14/11/2023 12:40:08;14/11/2023 12:40:44;;0h00m
0000357840;14/11/2023 12:11:33;" DANIELY MENDONCA DE FREITAS";" Pagamento de crédito";" 258- AQUISIÇÃO E REEMBOLSO-MÓVEL COM REGISTRO";050.456.829-97;" RAPHAEL RODRIGUES MENDES";010496/0291-00;;" Concluído";072613;Perola;207;SICREDI VALE DO PIQUIRI ABCD P;207;SUREG Vale do Piquiri PR;CENTRAL SICREDI PR/SP/RJ;105.0 Hora(s);1d22h58m;16/11/2023 11:38:13;;;;;;
0000357840;14/11/2023 12:11:33;" DANIELY MENDONCA DE FREITAS";" Pagamento de crédito";" 258- AQUISIÇÃO E REEMBOLSO-MÓVEL COM REGISTRO";050.456.829-97;" RAPHAEL RODRIGUES MENDES";010496/0291-00;;" Concluído";072613;Perola;207;SICREDI VALE DO PIQUIRI ABCD P;207;SUREG Vale do Piquiri PR;CENTRAL SICREDI PR/SP/RJ;105.0 Hora(s);1d22h58m;16/11/2023 09:27:40;;;;;;
0000357840;14/11/2023 12:11:33;" DANIELY MENDONCA DE FREITAS";" Pagamento de crédito";" 258- AQUISIÇÃO E REEMBOLSO-MÓVEL COM REGISTRO";050.456.829-97;" RAPHAEL RODRIGUES MENDES";010496/0291-00;;" Concluído";072613;Perola;207;SICREDI VALE DO PIQUIRI ABCD P;207;SUREG Vale do Piquiri PR;CENTRAL SICREDI PR/SP/RJ;105.0 Hora(s);1d22h58m;16/11/2023 09:27:36;;;;;;
0000357840;14/11/2023 12:11:33;" DANIELY MENDONCA DE FREITAS";" Pagamento de crédito";" 258- AQUISIÇÃO E REEMBOLSO-MÓVEL COM REGISTRO";050.456.829-97;" RAPHAEL RODRIGUES MENDES";010496/0291-00;;" Concluído";072613;Perola;207;SICREDI VALE DO PIQUIRI ABCD P;207;SUREG Vale do Piquiri PR;CENTRAL SICREDI PR/SP/RJ;105.0 Hora(s);1d22h58m;16/11/2023 09:27:15;;;;;;
0000357840;14/11/2023 12:11:33;" DANIELY MENDONCA DE FREITAS";" Pagamento de crédito";" 258- AQUISIÇÃO E REEMBOLSO-MÓVEL COM REGISTRO";050.456.829-97;" RAPHAEL RODRIGUES MENDES";010496/0291-00;;" Concluído";072613;Perola;207;SICREDI VALE DO PIQUIRI ABCD P;207;SUREG Vale do Piquiri PR;CENTRAL SICREDI PR/SP/RJ;105.0 Hora(s);1d22h58m;14/11/2023 16:17:45;;;;;;
0000357840;14/11/2023 12:11:33;" DANIELY MENDONCA DE FREITAS";" Pagamento de crédito";" 258- AQUISIÇÃO E REEMBOLSO-MÓVEL COM REGISTRO";050.456.829-97;" RAPHAEL RODRIGUES MENDES";010496/0291-00;;" Concluído";072613;Perola;207;SICREDI VALE DO PIQUIRI ABCD P;207;SUREG Vale do Piquiri PR;CENTRAL SICREDI PR/SP/RJ;105.0 Hora(s);1d22h58m;14/11/2023 13:31:50;;;;;;
0000357840;14/11/2023 12:11:33;" DANIELY MENDONCA DE FREITAS";" Pagamento de crédito";" 258- AQUISIÇÃO E REEMBOLSO-MÓVEL COM REGISTRO";050.456.829-97;" RAPHAEL RODRIGUES MENDES";010496/0291-00;;" Concluído";072613;Perola;207;SICREDI VALE DO PIQUIRI ABCD P;207;SUREG Vale do Piquiri PR;CENTRAL SICREDI PR/SP/RJ;105.0 Hora(s);1d22h58m;14/11/2023 13:31:11;;;;;;
0000357840;14/11/2023 12:11:33;" DANIELY MENDONCA DE FREITAS";" Pagamento de crédito";" 258- AQUISIÇÃO E REEMBOLSO-MÓVEL COM REGISTRO";050.456.829-97;" RAPHAEL RODRIGUES MENDES";010496/0291-00;;" Concluído";072613;Perola;207;SICREDI VALE DO PIQUIRI ABCD P;207;SUREG Vale do Piquiri PR;CENTRAL SICREDI PR/SP/RJ;105.0 Hora(s);1d22h58m;14/11/2023 13:24:55;;;;;;
0000357840;14/11/2023 12:11:33;" DANIELY MENDONCA DE FREITAS";" Pagamento de crédito";" 258- AQUISIÇÃO E REEMBOLSO-MÓVEL COM REGISTRO";050.456.829-97;" RAPHAEL RODRIGUES MENDES";010496/0291-00;;" Concluído";072613;Perola;207;SICREDI VALE DO PIQUIRI ABCD P;207;SUREG Vale do Piquiri PR;CENTRAL SICREDI PR/SP/RJ;105.0 Hora(s);1d22h58m;14/11/2023 13:24:48;;;;;;
0000357840;14/11/2023 12:11:33;" DANIELY MENDONCA DE FREITAS";" Pagamento de crédito";" 258- AQUISIÇÃO E REEMBOLSO-MÓVEL COM REGISTRO";050.456.829-97;" RAPHAEL RODRIGUES MENDES";010496/0291-00;;" Concluído";072613;Perola;207;SICREDI VALE DO PIQUIRI ABCD P;207;SUREG Vale do Piquiri PR;CENTRAL SICREDI PR/SP/RJ;105.0 Hora(s);1d22h58m;14/11/2023 12:41:39;;;;;;
0000357840;14/11/2023 12:11:33;" DANIELY MENDONCA DE FREITAS";" Pagamento de crédito";" 258- AQUISIÇÃO E REEMBOLSO-MÓVEL COM REGISTRO";050.456.829-97;" RAPHAEL RODRIGUES MENDES";010496/0291-00;;" Concluído";072613;Perola;207;SICREDI VALE DO PIQUIRI ABCD P;207;SUREG Vale do Piquiri PR;CENTRAL SICREDI PR/SP/RJ;105.0 Hora(s);1d22h58m;14/11/2023 12:40:44;;;;;;
