﻿ID_Processo7;DT_Solicitacao8;NM_Usuario_Solicitacao8;NM_Tipo_Processo8;NM_Processo8;CD_Inscricao_Nacional8;NM_Pessoa8;Usuário;Grupo_Cota_Outros8;ST_Status8;CD_Comissionado2;NM_Fantasia_Comissionado2;CD_Tipo_Ponto_Venda3;NM_Fantasia_Ponto_Venda2;CD_Tipo_Ponto_Venda4;NM_Tipo_Ponto_Venda2;NM_Filial_Venda2;Nivel_Servico8;Tempo_Processo8;DH_Conclusao8;NM_Atividade1;Nivel_Servico_Atividade1;DT_Inicio_Atividade1;DT_Fim_Atividade1;NM_Usuario_Atividade1;Tempo_Processo_Atividade1
0000355167;06/11/2023 10:11:50;" MARIA DE FATIMA DE LIMA KLEIN";" Pagamento de crédito";" 258- AQUISIÇÃO E REEMBOLSO-MÓVEL COM REGISTRO";600.464.909-06;" CELIO APARECIDO PEREIRA";010413/0278-00;;" Concluído";072614;Engenheiro Beltrão;207;SICREDI VALE DO PIQUIRI ABCD P;207;SUREG Vale do Piquiri PR;CENTRAL SICREDI PR/SP/RJ;105.0 Hora(s);3d5h25m;09/11/2023 15:37:30;LIBERAR PAGAMENTOS;0h00m;09/11/2023 11:38:23;09/11/2023 15:37:30;ELKIAYER FAGUNDES TRINDADE;0h00m
0000355167;06/11/2023 10:11:50;" MARIA DE FATIMA DE LIMA KLEIN";" Pagamento de crédito";" 258- AQUISIÇÃO E REEMBOLSO-MÓVEL COM REGISTRO";600.464.909-06;" CELIO APARECIDO PEREIRA";010413/0278-00;;" Concluído";072614;Engenheiro Beltrão;207;SICREDI VALE DO PIQUIRI ABCD P;207;SUREG Vale do Piquiri PR;CENTRAL SICREDI PR/SP/RJ;105.0 Hora(s);3d5h25m;09/11/2023 11:38:23;APROVAR PAGAMENTO;1h00m;09/11/2023 11:37:57;09/11/2023 11:38:23;KELLY DA ROCHA KASPER;0h00m
0000355167;06/11/2023 10:11:50;" MARIA DE FATIMA DE LIMA KLEIN";" Pagamento de crédito";" 258- AQUISIÇÃO E REEMBOLSO-MÓVEL COM REGISTRO";600.464.909-06;" CELIO APARECIDO PEREIRA";010413/0278-00;;" Concluído";072614;Engenheiro Beltrão;207;SICREDI VALE DO PIQUIRI ABCD P;207;SUREG Vale do Piquiri PR;CENTRAL SICREDI PR/SP/RJ;105.0 Hora(s);3d5h25m;09/11/2023 11:37:57;PROGRAMAR PAGAMENTO;1h00m;09/11/2023 11:37:08;09/11/2023 11:37:57;KELLY DA ROCHA KASPER;0h00m
0000355167;06/11/2023 10:11:50;" MARIA DE FATIMA DE LIMA KLEIN";" Pagamento de crédito";" 258- AQUISIÇÃO E REEMBOLSO-MÓVEL COM REGISTRO";600.464.909-06;" CELIO APARECIDO PEREIRA";010413/0278-00;;" Concluído";072614;Engenheiro Beltrão;207;SICREDI VALE DO PIQUIRI ABCD P;207;SUREG Vale do Piquiri PR;CENTRAL SICREDI PR/SP/RJ;105.0 Hora(s);3d5h25m;09/11/2023 11:37:08;ANALISAR DOCUMENTOS PARA LIBERAÇÃO 2ª ETAPA;18h00m;08/11/2023 15:49:34;09/11/2023 11:37:08;KELLY DA ROCHA KASPER;0h06m
0000355167;06/11/2023 10:11:50;" MARIA DE FATIMA DE LIMA KLEIN";" Pagamento de crédito";" 258- AQUISIÇÃO E REEMBOLSO-MÓVEL COM REGISTRO";600.464.909-06;" CELIO APARECIDO PEREIRA";010413/0278-00;;" Concluído";072614;Engenheiro Beltrão;207;SICREDI VALE DO PIQUIRI ABCD P;207;SUREG Vale do Piquiri PR;CENTRAL SICREDI PR/SP/RJ;105.0 Hora(s);3d5h25m;08/11/2023 15:49:34;EMITIR DOCUMENTOS PARA LIBERAÇÃO;18h00m;07/11/2023 16:00:21;08/11/2023 15:49:34;LUCAS DA SILVA ESTANISLAU;0h00m
0000355167;06/11/2023 10:11:50;" MARIA DE FATIMA DE LIMA KLEIN";" Pagamento de crédito";" 258- AQUISIÇÃO E REEMBOLSO-MÓVEL COM REGISTRO";600.464.909-06;" CELIO APARECIDO PEREIRA";010413/0278-00;;" Concluído";072614;Engenheiro Beltrão;207;SICREDI VALE DO PIQUIRI ABCD P;207;SUREG Vale do Piquiri PR;CENTRAL SICREDI PR/SP/RJ;105.0 Hora(s);3d5h25m;07/11/2023 16:00:21;REGISTRAR CONTRATO MANUALMENTE;1h00m;07/11/2023 16:00:10;07/11/2023 16:00:21;Clara Vargas;0h00m
0000355167;06/11/2023 10:11:50;" MARIA DE FATIMA DE LIMA KLEIN";" Pagamento de crédito";" 258- AQUISIÇÃO E REEMBOLSO-MÓVEL COM REGISTRO";600.464.909-06;" CELIO APARECIDO PEREIRA";010413/0278-00;;" Concluído";072614;Engenheiro Beltrão;207;SICREDI VALE DO PIQUIRI ABCD P;207;SUREG Vale do Piquiri PR;CENTRAL SICREDI PR/SP/RJ;105.0 Hora(s);3d5h25m;07/11/2023 16:00:10;ALIENAR O BEM;1h00m;07/11/2023 15:59:40;07/11/2023 16:00:10;Clara Vargas;0h01m
0000355167;06/11/2023 10:11:50;" MARIA DE FATIMA DE LIMA KLEIN";" Pagamento de crédito";" 258- AQUISIÇÃO E REEMBOLSO-MÓVEL COM REGISTRO";600.464.909-06;" CELIO APARECIDO PEREIRA";010413/0278-00;;" Concluído";072614;Engenheiro Beltrão;207;SICREDI VALE DO PIQUIRI ABCD P;207;SUREG Vale do Piquiri PR;CENTRAL SICREDI PR/SP/RJ;105.0 Hora(s);3d5h25m;07/11/2023 15:59:40;FINALIZAR CADASTRO DO BEM;1h00m;07/11/2023 15:59:29;07/11/2023 15:59:40;Clara Vargas;0h00m
0000355167;06/11/2023 10:11:50;" MARIA DE FATIMA DE LIMA KLEIN";" Pagamento de crédito";" 258- AQUISIÇÃO E REEMBOLSO-MÓVEL COM REGISTRO";600.464.909-06;" CELIO APARECIDO PEREIRA";010413/0278-00;;" Concluído";072614;Engenheiro Beltrão;207;SICREDI VALE DO PIQUIRI ABCD P;207;SUREG Vale do Piquiri PR;CENTRAL SICREDI PR/SP/RJ;105.0 Hora(s);3d5h25m;07/11/2023 15:59:29;ANÁLISE DE DOCUMENTOS 1ª ETAPA;18h00m;06/11/2023 10:18:12;07/11/2023 15:59:29;Clara Vargas;0h09m
0000355167;06/11/2023 10:11:50;" MARIA DE FATIMA DE LIMA KLEIN";" Pagamento de crédito";" 258- AQUISIÇÃO E REEMBOLSO-MÓVEL COM REGISTRO";600.464.909-06;" CELIO APARECIDO PEREIRA";010413/0278-00;;" Concluído";072614;Engenheiro Beltrão;207;SICREDI VALE DO PIQUIRI ABCD P;207;SUREG Vale do Piquiri PR;CENTRAL SICREDI PR/SP/RJ;105.0 Hora(s);3d5h25m;06/11/2023 10:18:12;ENVIAR DOCUMENTOS;1d21h00m;06/11/2023 10:13:36;06/11/2023 10:18:12;MARIA DE FATIMA DE LIMA KLEIN;0h00m
0000355167;06/11/2023 10:11:50;" MARIA DE FATIMA DE LIMA KLEIN";" Pagamento de crédito";" 258- AQUISIÇÃO E REEMBOLSO-MÓVEL COM REGISTRO";600.464.909-06;" CELIO APARECIDO PEREIRA";010413/0278-00;;" Concluído";072614;Engenheiro Beltrão;207;SICREDI VALE DO PIQUIRI ABCD P;207;SUREG Vale do Piquiri PR;CENTRAL SICREDI PR/SP/RJ;105.0 Hora(s);3d5h25m;06/11/2023 10:13:35;AUTORIZAÇÃO DE FATURAMENTO;0h00m;06/11/2023 10:12:50;06/11/2023 10:13:35;;0h00m
0000355167;06/11/2023 10:11:50;" MARIA DE FATIMA DE LIMA KLEIN";" Pagamento de crédito";" 258- AQUISIÇÃO E REEMBOLSO-MÓVEL COM REGISTRO";600.464.909-06;" CELIO APARECIDO PEREIRA";010413/0278-00;;" Concluído";072614;Engenheiro Beltrão;207;SICREDI VALE DO PIQUIRI ABCD P;207;SUREG Vale do Piquiri PR;CENTRAL SICREDI PR/SP/RJ;105.0 Hora(s);3d5h25m;09/11/2023 15:37:30;;;;;;
0000355167;06/11/2023 10:11:50;" MARIA DE FATIMA DE LIMA KLEIN";" Pagamento de crédito";" 258- AQUISIÇÃO E REEMBOLSO-MÓVEL COM REGISTRO";600.464.909-06;" CELIO APARECIDO PEREIRA";010413/0278-00;;" Concluído";072614;Engenheiro Beltrão;207;SICREDI VALE DO PIQUIRI ABCD P;207;SUREG Vale do Piquiri PR;CENTRAL SICREDI PR/SP/RJ;105.0 Hora(s);3d5h25m;09/11/2023 11:38:23;;;;;;
0000355167;06/11/2023 10:11:50;" MARIA DE FATIMA DE LIMA KLEIN";" Pagamento de crédito";" 258- AQUISIÇÃO E REEMBOLSO-MÓVEL COM REGISTRO";600.464.909-06;" CELIO APARECIDO PEREIRA";010413/0278-00;;" Concluído";072614;Engenheiro Beltrão;207;SICREDI VALE DO PIQUIRI ABCD P;207;SUREG Vale do Piquiri PR;CENTRAL SICREDI PR/SP/RJ;105.0 Hora(s);3d5h25m;09/11/2023 11:37:57;;;;;;
0000355167;06/11/2023 10:11:50;" MARIA DE FATIMA DE LIMA KLEIN";" Pagamento de crédito";" 258- AQUISIÇÃO E REEMBOLSO-MÓVEL COM REGISTRO";600.464.909-06;" CELIO APARECIDO PEREIRA";010413/0278-00;;" Concluído";072614;Engenheiro Beltrão;207;SICREDI VALE DO PIQUIRI ABCD P;207;SUREG Vale do Piquiri PR;CENTRAL SICREDI PR/SP/RJ;105.0 Hora(s);3d5h25m;09/11/2023 11:37:08;;;;;;
0000355167;06/11/2023 10:11:50;" MARIA DE FATIMA DE LIMA KLEIN";" Pagamento de crédito";" 258- AQUISIÇÃO E REEMBOLSO-MÓVEL COM REGISTRO";600.464.909-06;" CELIO APARECIDO PEREIRA";010413/0278-00;;" Concluído";072614;Engenheiro Beltrão;207;SICREDI VALE DO PIQUIRI ABCD P;207;SUREG Vale do Piquiri PR;CENTRAL SICREDI PR/SP/RJ;105.0 Hora(s);3d5h25m;08/11/2023 15:49:34;;;;;;
0000355167;06/11/2023 10:11:50;" MARIA DE FATIMA DE LIMA KLEIN";" Pagamento de crédito";" 258- AQUISIÇÃO E REEMBOLSO-MÓVEL COM REGISTRO";600.464.909-06;" CELIO APARECIDO PEREIRA";010413/0278-00;;" Concluído";072614;Engenheiro Beltrão;207;SICREDI VALE DO PIQUIRI ABCD P;207;SUREG Vale do Piquiri PR;CENTRAL SICREDI PR/SP/RJ;105.0 Hora(s);3d5h25m;07/11/2023 16:00:21;;;;;;
0000355167;06/11/2023 10:11:50;" MARIA DE FATIMA DE LIMA KLEIN";" Pagamento de crédito";" 258- AQUISIÇÃO E REEMBOLSO-MÓVEL COM REGISTRO";600.464.909-06;" CELIO APARECIDO PEREIRA";010413/0278-00;;" Concluído";072614;Engenheiro Beltrão;207;SICREDI VALE DO PIQUIRI ABCD P;207;SUREG Vale do Piquiri PR;CENTRAL SICREDI PR/SP/RJ;105.0 Hora(s);3d5h25m;07/11/2023 16:00:10;;;;;;
0000355167;06/11/2023 10:11:50;" MARIA DE FATIMA DE LIMA KLEIN";" Pagamento de crédito";" 258- AQUISIÇÃO E REEMBOLSO-MÓVEL COM REGISTRO";600.464.909-06;" CELIO APARECIDO PEREIRA";010413/0278-00;;" Concluído";072614;Engenheiro Beltrão;207;SICREDI VALE DO PIQUIRI ABCD P;207;SUREG Vale do Piquiri PR;CENTRAL SICREDI PR/SP/RJ;105.0 Hora(s);3d5h25m;07/11/2023 15:59:40;;;;;;
0000355167;06/11/2023 10:11:50;" MARIA DE FATIMA DE LIMA KLEIN";" Pagamento de crédito";" 258- AQUISIÇÃO E REEMBOLSO-MÓVEL COM REGISTRO";600.464.909-06;" CELIO APARECIDO PEREIRA";010413/0278-00;;" Concluído";072614;Engenheiro Beltrão;207;SICREDI VALE DO PIQUIRI ABCD P;207;SUREG Vale do Piquiri PR;CENTRAL SICREDI PR/SP/RJ;105.0 Hora(s);3d5h25m;07/11/2023 15:59:29;;;;;;
0000355167;06/11/2023 10:11:50;" MARIA DE FATIMA DE LIMA KLEIN";" Pagamento de crédito";" 258- AQUISIÇÃO E REEMBOLSO-MÓVEL COM REGISTRO";600.464.909-06;" CELIO APARECIDO PEREIRA";010413/0278-00;;" Concluído";072614;Engenheiro Beltrão;207;SICREDI VALE DO PIQUIRI ABCD P;207;SUREG Vale do Piquiri PR;CENTRAL SICREDI PR/SP/RJ;105.0 Hora(s);3d5h25m;06/11/2023 10:18:12;;;;;;
0000355167;06/11/2023 10:11:50;" MARIA DE FATIMA DE LIMA KLEIN";" Pagamento de crédito";" 258- AQUISIÇÃO E REEMBOLSO-MÓVEL COM REGISTRO";600.464.909-06;" CELIO APARECIDO PEREIRA";010413/0278-00;;" Concluído";072614;Engenheiro Beltrão;207;SICREDI VALE DO PIQUIRI ABCD P;207;SUREG Vale do Piquiri PR;CENTRAL SICREDI PR/SP/RJ;105.0 Hora(s);3d5h25m;06/11/2023 10:13:35;;;;;;
