﻿ID_Processo7;DT_Solicitacao8;NM_Usuario_Solicitacao8;NM_Tipo_Processo8;NM_Processo8;CD_Inscricao_Nacional8;NM_Pessoa8;Usuário;Grupo_Cota_Outros8;ST_Status8;CD_Comissionado2;NM_Fantasia_Comissionado2;CD_Tipo_Ponto_Venda3;NM_Fantasia_Ponto_Venda2;CD_Tipo_Ponto_Venda4;NM_Tipo_Ponto_Venda2;NM_Filial_Venda2;Nivel_Servico8;Tempo_Processo8;DH_Conclusao8;NM_Atividade1;Nivel_Servico_Atividade1;DT_Inicio_Atividade1;DT_Fim_Atividade1;NM_Usuario_Atividade1;Tempo_Processo_Atividade1
0000357732;14/11/2023 09:11:24;" LUCAS DA SILVA ESTANISLAU";" Pagamento de crédito";" 258- AQUISIÇÃO E REEMBOLSO-MÓVEL COM REGISTRO";067.630.849-00;" ANDERSON HERNANDES";010438/0205-00;;" Concluído";072610;Altonia;207;SICREDI VALE DO PIQUIRI ABCD P;207;SUREG Vale do Piquiri PR;CENTRAL SICREDI PR/SP/RJ;105.0 Hora(s);3d2h25m;17/11/2023 11:45:30;LIBERAR PAGAMENTOS;0h00m;17/11/2023 10:40:22;17/11/2023 11:45:30;Kelen Hahn Paulo;0h00m
0000357732;14/11/2023 09:11:24;" LUCAS DA SILVA ESTANISLAU";" Pagamento de crédito";" 258- AQUISIÇÃO E REEMBOLSO-MÓVEL COM REGISTRO";067.630.849-00;" ANDERSON HERNANDES";010438/0205-00;;" Concluído";072610;Altonia;207;SICREDI VALE DO PIQUIRI ABCD P;207;SUREG Vale do Piquiri PR;CENTRAL SICREDI PR/SP/RJ;105.0 Hora(s);3d2h25m;17/11/2023 10:40:22;APROVAR PAGAMENTO;1h00m;17/11/2023 10:40:18;17/11/2023 10:40:22;LARISSA JAENISCH DUTRA PINTO;0h00m
0000357732;14/11/2023 09:11:24;" LUCAS DA SILVA ESTANISLAU";" Pagamento de crédito";" 258- AQUISIÇÃO E REEMBOLSO-MÓVEL COM REGISTRO";067.630.849-00;" ANDERSON HERNANDES";010438/0205-00;;" Concluído";072610;Altonia;207;SICREDI VALE DO PIQUIRI ABCD P;207;SUREG Vale do Piquiri PR;CENTRAL SICREDI PR/SP/RJ;105.0 Hora(s);3d2h25m;17/11/2023 10:40:18;PROGRAMAR PAGAMENTO;1h00m;17/11/2023 10:39:41;17/11/2023 10:40:18;LARISSA JAENISCH DUTRA PINTO;0h01m
0000357732;14/11/2023 09:11:24;" LUCAS DA SILVA ESTANISLAU";" Pagamento de crédito";" 258- AQUISIÇÃO E REEMBOLSO-MÓVEL COM REGISTRO";067.630.849-00;" ANDERSON HERNANDES";010438/0205-00;;" Concluído";072610;Altonia;207;SICREDI VALE DO PIQUIRI ABCD P;207;SUREG Vale do Piquiri PR;CENTRAL SICREDI PR/SP/RJ;105.0 Hora(s);3d2h25m;17/11/2023 10:39:41;ANALISAR DOCUMENTOS PARA LIBERAÇÃO 2ª ETAPA;18h00m;17/11/2023 08:44:40;17/11/2023 10:39:41;LARISSA JAENISCH DUTRA PINTO;0h02m
0000357732;14/11/2023 09:11:24;" LUCAS DA SILVA ESTANISLAU";" Pagamento de crédito";" 258- AQUISIÇÃO E REEMBOLSO-MÓVEL COM REGISTRO";067.630.849-00;" ANDERSON HERNANDES";010438/0205-00;;" Concluído";072610;Altonia;207;SICREDI VALE DO PIQUIRI ABCD P;207;SUREG Vale do Piquiri PR;CENTRAL SICREDI PR/SP/RJ;105.0 Hora(s);3d2h25m;17/11/2023 08:44:40;EMITIR DOCUMENTOS PARA LIBERAÇÃO;18h00m;16/11/2023 10:37:17;17/11/2023 08:44:40;LUCAS DA SILVA ESTANISLAU;0h00m
0000357732;14/11/2023 09:11:24;" LUCAS DA SILVA ESTANISLAU";" Pagamento de crédito";" 258- AQUISIÇÃO E REEMBOLSO-MÓVEL COM REGISTRO";067.630.849-00;" ANDERSON HERNANDES";010438/0205-00;;" Concluído";072610;Altonia;207;SICREDI VALE DO PIQUIRI ABCD P;207;SUREG Vale do Piquiri PR;CENTRAL SICREDI PR/SP/RJ;105.0 Hora(s);3d2h25m;16/11/2023 10:37:17;REGISTRAR CONTRATO MANUALMENTE;1h00m;16/11/2023 10:37:09;16/11/2023 10:37:17;Bianca Peck Berwanger;0h00m
0000357732;14/11/2023 09:11:24;" LUCAS DA SILVA ESTANISLAU";" Pagamento de crédito";" 258- AQUISIÇÃO E REEMBOLSO-MÓVEL COM REGISTRO";067.630.849-00;" ANDERSON HERNANDES";010438/0205-00;;" Concluído";072610;Altonia;207;SICREDI VALE DO PIQUIRI ABCD P;207;SUREG Vale do Piquiri PR;CENTRAL SICREDI PR/SP/RJ;105.0 Hora(s);3d2h25m;16/11/2023 10:37:09;ALIENAR O BEM;1h00m;16/11/2023 10:34:08;16/11/2023 10:37:09;Bianca Peck Berwanger;0h03m
0000357732;14/11/2023 09:11:24;" LUCAS DA SILVA ESTANISLAU";" Pagamento de crédito";" 258- AQUISIÇÃO E REEMBOLSO-MÓVEL COM REGISTRO";067.630.849-00;" ANDERSON HERNANDES";010438/0205-00;;" Concluído";072610;Altonia;207;SICREDI VALE DO PIQUIRI ABCD P;207;SUREG Vale do Piquiri PR;CENTRAL SICREDI PR/SP/RJ;105.0 Hora(s);3d2h25m;16/11/2023 10:34:07;FINALIZAR CADASTRO DO BEM;1h00m;16/11/2023 10:33:59;16/11/2023 10:34:07;Bianca Peck Berwanger;0h00m
0000357732;14/11/2023 09:11:24;" LUCAS DA SILVA ESTANISLAU";" Pagamento de crédito";" 258- AQUISIÇÃO E REEMBOLSO-MÓVEL COM REGISTRO";067.630.849-00;" ANDERSON HERNANDES";010438/0205-00;;" Concluído";072610;Altonia;207;SICREDI VALE DO PIQUIRI ABCD P;207;SUREG Vale do Piquiri PR;CENTRAL SICREDI PR/SP/RJ;105.0 Hora(s);3d2h25m;16/11/2023 10:33:59;ANÁLISE DE DOCUMENTOS 1ª ETAPA;18h00m;14/11/2023 09:44:40;16/11/2023 10:33:59;Bianca Peck Berwanger;0h16m
0000357732;14/11/2023 09:11:24;" LUCAS DA SILVA ESTANISLAU";" Pagamento de crédito";" 258- AQUISIÇÃO E REEMBOLSO-MÓVEL COM REGISTRO";067.630.849-00;" ANDERSON HERNANDES";010438/0205-00;;" Concluído";072610;Altonia;207;SICREDI VALE DO PIQUIRI ABCD P;207;SUREG Vale do Piquiri PR;CENTRAL SICREDI PR/SP/RJ;105.0 Hora(s);3d2h25m;14/11/2023 09:44:40;ENVIAR DOCUMENTOS;1d21h00m;14/11/2023 09:20:29;14/11/2023 09:44:40;LUCAS DA SILVA ESTANISLAU;0h00m
0000357732;14/11/2023 09:11:24;" LUCAS DA SILVA ESTANISLAU";" Pagamento de crédito";" 258- AQUISIÇÃO E REEMBOLSO-MÓVEL COM REGISTRO";067.630.849-00;" ANDERSON HERNANDES";010438/0205-00;;" Concluído";072610;Altonia;207;SICREDI VALE DO PIQUIRI ABCD P;207;SUREG Vale do Piquiri PR;CENTRAL SICREDI PR/SP/RJ;105.0 Hora(s);3d2h25m;14/11/2023 09:20:29;AUTORIZAÇÃO DE FATURAMENTO;0h00m;14/11/2023 09:20:27;14/11/2023 09:20:29;;0h00m
0000357732;14/11/2023 09:11:24;" LUCAS DA SILVA ESTANISLAU";" Pagamento de crédito";" 258- AQUISIÇÃO E REEMBOLSO-MÓVEL COM REGISTRO";067.630.849-00;" ANDERSON HERNANDES";010438/0205-00;;" Concluído";072610;Altonia;207;SICREDI VALE DO PIQUIRI ABCD P;207;SUREG Vale do Piquiri PR;CENTRAL SICREDI PR/SP/RJ;105.0 Hora(s);3d2h25m;17/11/2023 11:45:30;;;;;;
0000357732;14/11/2023 09:11:24;" LUCAS DA SILVA ESTANISLAU";" Pagamento de crédito";" 258- AQUISIÇÃO E REEMBOLSO-MÓVEL COM REGISTRO";067.630.849-00;" ANDERSON HERNANDES";010438/0205-00;;" Concluído";072610;Altonia;207;SICREDI VALE DO PIQUIRI ABCD P;207;SUREG Vale do Piquiri PR;CENTRAL SICREDI PR/SP/RJ;105.0 Hora(s);3d2h25m;17/11/2023 10:40:22;;;;;;
0000357732;14/11/2023 09:11:24;" LUCAS DA SILVA ESTANISLAU";" Pagamento de crédito";" 258- AQUISIÇÃO E REEMBOLSO-MÓVEL COM REGISTRO";067.630.849-00;" ANDERSON HERNANDES";010438/0205-00;;" Concluído";072610;Altonia;207;SICREDI VALE DO PIQUIRI ABCD P;207;SUREG Vale do Piquiri PR;CENTRAL SICREDI PR/SP/RJ;105.0 Hora(s);3d2h25m;17/11/2023 10:40:18;;;;;;
0000357732;14/11/2023 09:11:24;" LUCAS DA SILVA ESTANISLAU";" Pagamento de crédito";" 258- AQUISIÇÃO E REEMBOLSO-MÓVEL COM REGISTRO";067.630.849-00;" ANDERSON HERNANDES";010438/0205-00;;" Concluído";072610;Altonia;207;SICREDI VALE DO PIQUIRI ABCD P;207;SUREG Vale do Piquiri PR;CENTRAL SICREDI PR/SP/RJ;105.0 Hora(s);3d2h25m;17/11/2023 10:39:41;;;;;;
0000357732;14/11/2023 09:11:24;" LUCAS DA SILVA ESTANISLAU";" Pagamento de crédito";" 258- AQUISIÇÃO E REEMBOLSO-MÓVEL COM REGISTRO";067.630.849-00;" ANDERSON HERNANDES";010438/0205-00;;" Concluído";072610;Altonia;207;SICREDI VALE DO PIQUIRI ABCD P;207;SUREG Vale do Piquiri PR;CENTRAL SICREDI PR/SP/RJ;105.0 Hora(s);3d2h25m;17/11/2023 08:44:40;;;;;;
0000357732;14/11/2023 09:11:24;" LUCAS DA SILVA ESTANISLAU";" Pagamento de crédito";" 258- AQUISIÇÃO E REEMBOLSO-MÓVEL COM REGISTRO";067.630.849-00;" ANDERSON HERNANDES";010438/0205-00;;" Concluído";072610;Altonia;207;SICREDI VALE DO PIQUIRI ABCD P;207;SUREG Vale do Piquiri PR;CENTRAL SICREDI PR/SP/RJ;105.0 Hora(s);3d2h25m;16/11/2023 10:37:17;;;;;;
0000357732;14/11/2023 09:11:24;" LUCAS DA SILVA ESTANISLAU";" Pagamento de crédito";" 258- AQUISIÇÃO E REEMBOLSO-MÓVEL COM REGISTRO";067.630.849-00;" ANDERSON HERNANDES";010438/0205-00;;" Concluído";072610;Altonia;207;SICREDI VALE DO PIQUIRI ABCD P;207;SUREG Vale do Piquiri PR;CENTRAL SICREDI PR/SP/RJ;105.0 Hora(s);3d2h25m;16/11/2023 10:37:09;;;;;;
0000357732;14/11/2023 09:11:24;" LUCAS DA SILVA ESTANISLAU";" Pagamento de crédito";" 258- AQUISIÇÃO E REEMBOLSO-MÓVEL COM REGISTRO";067.630.849-00;" ANDERSON HERNANDES";010438/0205-00;;" Concluído";072610;Altonia;207;SICREDI VALE DO PIQUIRI ABCD P;207;SUREG Vale do Piquiri PR;CENTRAL SICREDI PR/SP/RJ;105.0 Hora(s);3d2h25m;16/11/2023 10:34:07;;;;;;
0000357732;14/11/2023 09:11:24;" LUCAS DA SILVA ESTANISLAU";" Pagamento de crédito";" 258- AQUISIÇÃO E REEMBOLSO-MÓVEL COM REGISTRO";067.630.849-00;" ANDERSON HERNANDES";010438/0205-00;;" Concluído";072610;Altonia;207;SICREDI VALE DO PIQUIRI ABCD P;207;SUREG Vale do Piquiri PR;CENTRAL SICREDI PR/SP/RJ;105.0 Hora(s);3d2h25m;16/11/2023 10:33:59;;;;;;
0000357732;14/11/2023 09:11:24;" LUCAS DA SILVA ESTANISLAU";" Pagamento de crédito";" 258- AQUISIÇÃO E REEMBOLSO-MÓVEL COM REGISTRO";067.630.849-00;" ANDERSON HERNANDES";010438/0205-00;;" Concluído";072610;Altonia;207;SICREDI VALE DO PIQUIRI ABCD P;207;SUREG Vale do Piquiri PR;CENTRAL SICREDI PR/SP/RJ;105.0 Hora(s);3d2h25m;14/11/2023 09:44:40;;;;;;
0000357732;14/11/2023 09:11:24;" LUCAS DA SILVA ESTANISLAU";" Pagamento de crédito";" 258- AQUISIÇÃO E REEMBOLSO-MÓVEL COM REGISTRO";067.630.849-00;" ANDERSON HERNANDES";010438/0205-00;;" Concluído";072610;Altonia;207;SICREDI VALE DO PIQUIRI ABCD P;207;SUREG Vale do Piquiri PR;CENTRAL SICREDI PR/SP/RJ;105.0 Hora(s);3d2h25m;14/11/2023 09:20:29;;;;;;
