﻿ID_Processo7;DT_Solicitacao8;NM_Usuario_Solicitacao8;NM_Tipo_Processo8;NM_Processo8;CD_Inscricao_Nacional8;NM_Pessoa8;Usuário;Grupo_Cota_Outros8;ST_Status8;CD_Comissionado2;NM_Fantasia_Comissionado2;CD_Tipo_Ponto_Venda3;NM_Fantasia_Ponto_Venda2;CD_Tipo_Ponto_Venda4;NM_Tipo_Ponto_Venda2;NM_Filial_Venda2;Nivel_Servico8;Tempo_Processo8;DH_Conclusao8;NM_Atividade1;Nivel_Servico_Atividade1;DT_Inicio_Atividade1;DT_Fim_Atividade1;NM_Usuario_Atividade1;Tempo_Processo_Atividade1
0000355743;07/11/2023 16:11:24;" Otaner Salvi";" Pagamento de crédito";" 258- AQUISIÇÃO E REEMBOLSO-MÓVEL COM REGISTRO";107.346.059-27;" MAURICIO ALEX LORSCHEITER";010426/0363-00;;" Concluído";021729;Seara;104;SICREDI UNIESTADOS;104;SUREG Erechim RS;CENTRAL SICREDI SUL/SUDESTE;105.0 Hora(s);6d19h15m;14/11/2023 11:35:49;LIBERAR PAGAMENTOS;0h00m;14/11/2023 10:40:36;14/11/2023 11:35:49;ELKIAYER FAGUNDES TRINDADE;0h00m
0000355743;07/11/2023 16:11:24;" Otaner Salvi";" Pagamento de crédito";" 258- AQUISIÇÃO E REEMBOLSO-MÓVEL COM REGISTRO";107.346.059-27;" MAURICIO ALEX LORSCHEITER";010426/0363-00;;" Concluído";021729;Seara;104;SICREDI UNIESTADOS;104;SUREG Erechim RS;CENTRAL SICREDI SUL/SUDESTE;105.0 Hora(s);6d19h15m;14/11/2023 10:40:35;APROVAR PAGAMENTO;1h00m;14/11/2023 10:40:29;14/11/2023 10:40:35;LARISSA JAENISCH DUTRA PINTO;0h00m
0000355743;07/11/2023 16:11:24;" Otaner Salvi";" Pagamento de crédito";" 258- AQUISIÇÃO E REEMBOLSO-MÓVEL COM REGISTRO";107.346.059-27;" MAURICIO ALEX LORSCHEITER";010426/0363-00;;" Concluído";021729;Seara;104;SICREDI UNIESTADOS;104;SUREG Erechim RS;CENTRAL SICREDI SUL/SUDESTE;105.0 Hora(s);6d19h15m;14/11/2023 10:40:29;PROGRAMAR PAGAMENTO;1h00m;14/11/2023 10:39:41;14/11/2023 10:40:29;LARISSA JAENISCH DUTRA PINTO;0h01m
0000355743;07/11/2023 16:11:24;" Otaner Salvi";" Pagamento de crédito";" 258- AQUISIÇÃO E REEMBOLSO-MÓVEL COM REGISTRO";107.346.059-27;" MAURICIO ALEX LORSCHEITER";010426/0363-00;;" Concluído";021729;Seara;104;SICREDI UNIESTADOS;104;SUREG Erechim RS;CENTRAL SICREDI SUL/SUDESTE;105.0 Hora(s);6d19h15m;14/11/2023 10:39:41;ANALISAR DOCUMENTOS PARA LIBERAÇÃO 2ª ETAPA;18h00m;13/11/2023 15:54:44;14/11/2023 10:39:41;LARISSA JAENISCH DUTRA PINTO;0h02m
0000355743;07/11/2023 16:11:24;" Otaner Salvi";" Pagamento de crédito";" 258- AQUISIÇÃO E REEMBOLSO-MÓVEL COM REGISTRO";107.346.059-27;" MAURICIO ALEX LORSCHEITER";010426/0363-00;;" Concluído";021729;Seara;104;SICREDI UNIESTADOS;104;SUREG Erechim RS;CENTRAL SICREDI SUL/SUDESTE;105.0 Hora(s);6d19h15m;13/11/2023 15:54:44;EMITIR DOCUMENTOS PARA LIBERAÇÃO;18h00m;13/11/2023 10:22:34;13/11/2023 15:54:44;Otaner Salvi;0h00m
0000355743;07/11/2023 16:11:24;" Otaner Salvi";" Pagamento de crédito";" 258- AQUISIÇÃO E REEMBOLSO-MÓVEL COM REGISTRO";107.346.059-27;" MAURICIO ALEX LORSCHEITER";010426/0363-00;;" Concluído";021729;Seara;104;SICREDI UNIESTADOS;104;SUREG Erechim RS;CENTRAL SICREDI SUL/SUDESTE;105.0 Hora(s);6d19h15m;13/11/2023 10:22:34;REGISTRAR CONTRATO MANUALMENTE;1h00m;13/11/2023 10:22:22;13/11/2023 10:22:34;João Pedro Pieluhowski Silva;0h00m
0000355743;07/11/2023 16:11:24;" Otaner Salvi";" Pagamento de crédito";" 258- AQUISIÇÃO E REEMBOLSO-MÓVEL COM REGISTRO";107.346.059-27;" MAURICIO ALEX LORSCHEITER";010426/0363-00;;" Concluído";021729;Seara;104;SICREDI UNIESTADOS;104;SUREG Erechim RS;CENTRAL SICREDI SUL/SUDESTE;105.0 Hora(s);6d19h15m;13/11/2023 10:22:22;ALIENAR O BEM;1h00m;13/11/2023 10:18:59;13/11/2023 10:22:22;João Pedro Pieluhowski Silva;0h03m
0000355743;07/11/2023 16:11:24;" Otaner Salvi";" Pagamento de crédito";" 258- AQUISIÇÃO E REEMBOLSO-MÓVEL COM REGISTRO";107.346.059-27;" MAURICIO ALEX LORSCHEITER";010426/0363-00;;" Concluído";021729;Seara;104;SICREDI UNIESTADOS;104;SUREG Erechim RS;CENTRAL SICREDI SUL/SUDESTE;105.0 Hora(s);6d19h15m;13/11/2023 10:18:59;FINALIZAR CADASTRO DO BEM;1h00m;13/11/2023 10:18:54;13/11/2023 10:18:59;João Pedro Pieluhowski Silva;0h00m
0000355743;07/11/2023 16:11:24;" Otaner Salvi";" Pagamento de crédito";" 258- AQUISIÇÃO E REEMBOLSO-MÓVEL COM REGISTRO";107.346.059-27;" MAURICIO ALEX LORSCHEITER";010426/0363-00;;" Concluído";021729;Seara;104;SICREDI UNIESTADOS;104;SUREG Erechim RS;CENTRAL SICREDI SUL/SUDESTE;105.0 Hora(s);6d19h15m;13/11/2023 10:18:54;ANÁLISE DE DOCUMENTOS 1ª ETAPA;18h19m;10/11/2023 10:31:43;13/11/2023 10:18:54;João Pedro Pieluhowski Silva;0h34m
0000355743;07/11/2023 16:11:24;" Otaner Salvi";" Pagamento de crédito";" 258- AQUISIÇÃO E REEMBOLSO-MÓVEL COM REGISTRO";107.346.059-27;" MAURICIO ALEX LORSCHEITER";010426/0363-00;;" Concluído";021729;Seara;104;SICREDI UNIESTADOS;104;SUREG Erechim RS;CENTRAL SICREDI SUL/SUDESTE;105.0 Hora(s);6d19h15m;10/11/2023 10:31:43;REGULARIZAR DOCUMENTOS INICIAIS;0h00m;09/11/2023 14:58:51;10/11/2023 10:31:43;Otaner Salvi;0h00m
0000355743;07/11/2023 16:11:24;" Otaner Salvi";" Pagamento de crédito";" 258- AQUISIÇÃO E REEMBOLSO-MÓVEL COM REGISTRO";107.346.059-27;" MAURICIO ALEX LORSCHEITER";010426/0363-00;;" Concluído";021729;Seara;104;SICREDI UNIESTADOS;104;SUREG Erechim RS;CENTRAL SICREDI SUL/SUDESTE;105.0 Hora(s);6d19h15m;09/11/2023 14:58:51;ANÁLISE DE DOCUMENTOS 1ª ETAPA;18h19m;08/11/2023 15:31:41;09/11/2023 14:58:51;João Pedro Pieluhowski Silva;0h34m
0000355743;07/11/2023 16:11:24;" Otaner Salvi";" Pagamento de crédito";" 258- AQUISIÇÃO E REEMBOLSO-MÓVEL COM REGISTRO";107.346.059-27;" MAURICIO ALEX LORSCHEITER";010426/0363-00;;" Concluído";021729;Seara;104;SICREDI UNIESTADOS;104;SUREG Erechim RS;CENTRAL SICREDI SUL/SUDESTE;105.0 Hora(s);6d19h15m;08/11/2023 15:31:41;ENVIAR DOCUMENTOS;1d21h00m;07/11/2023 16:21:04;08/11/2023 15:31:41;Otaner Salvi;0h00m
0000355743;07/11/2023 16:11:24;" Otaner Salvi";" Pagamento de crédito";" 258- AQUISIÇÃO E REEMBOLSO-MÓVEL COM REGISTRO";107.346.059-27;" MAURICIO ALEX LORSCHEITER";010426/0363-00;;" Concluído";021729;Seara;104;SICREDI UNIESTADOS;104;SUREG Erechim RS;CENTRAL SICREDI SUL/SUDESTE;105.0 Hora(s);6d19h15m;07/11/2023 16:21:03;AUTORIZAÇÃO DE FATURAMENTO;0h00m;07/11/2023 16:20:15;07/11/2023 16:21:03;;0h00m
0000355743;07/11/2023 16:11:24;" Otaner Salvi";" Pagamento de crédito";" 258- AQUISIÇÃO E REEMBOLSO-MÓVEL COM REGISTRO";107.346.059-27;" MAURICIO ALEX LORSCHEITER";010426/0363-00;;" Concluído";021729;Seara;104;SICREDI UNIESTADOS;104;SUREG Erechim RS;CENTRAL SICREDI SUL/SUDESTE;105.0 Hora(s);6d19h15m;14/11/2023 11:35:49;;;;;;
0000355743;07/11/2023 16:11:24;" Otaner Salvi";" Pagamento de crédito";" 258- AQUISIÇÃO E REEMBOLSO-MÓVEL COM REGISTRO";107.346.059-27;" MAURICIO ALEX LORSCHEITER";010426/0363-00;;" Concluído";021729;Seara;104;SICREDI UNIESTADOS;104;SUREG Erechim RS;CENTRAL SICREDI SUL/SUDESTE;105.0 Hora(s);6d19h15m;14/11/2023 10:40:35;;;;;;
0000355743;07/11/2023 16:11:24;" Otaner Salvi";" Pagamento de crédito";" 258- AQUISIÇÃO E REEMBOLSO-MÓVEL COM REGISTRO";107.346.059-27;" MAURICIO ALEX LORSCHEITER";010426/0363-00;;" Concluído";021729;Seara;104;SICREDI UNIESTADOS;104;SUREG Erechim RS;CENTRAL SICREDI SUL/SUDESTE;105.0 Hora(s);6d19h15m;14/11/2023 10:40:29;;;;;;
0000355743;07/11/2023 16:11:24;" Otaner Salvi";" Pagamento de crédito";" 258- AQUISIÇÃO E REEMBOLSO-MÓVEL COM REGISTRO";107.346.059-27;" MAURICIO ALEX LORSCHEITER";010426/0363-00;;" Concluído";021729;Seara;104;SICREDI UNIESTADOS;104;SUREG Erechim RS;CENTRAL SICREDI SUL/SUDESTE;105.0 Hora(s);6d19h15m;14/11/2023 10:39:41;;;;;;
0000355743;07/11/2023 16:11:24;" Otaner Salvi";" Pagamento de crédito";" 258- AQUISIÇÃO E REEMBOLSO-MÓVEL COM REGISTRO";107.346.059-27;" MAURICIO ALEX LORSCHEITER";010426/0363-00;;" Concluído";021729;Seara;104;SICREDI UNIESTADOS;104;SUREG Erechim RS;CENTRAL SICREDI SUL/SUDESTE;105.0 Hora(s);6d19h15m;13/11/2023 15:54:44;;;;;;
0000355743;07/11/2023 16:11:24;" Otaner Salvi";" Pagamento de crédito";" 258- AQUISIÇÃO E REEMBOLSO-MÓVEL COM REGISTRO";107.346.059-27;" MAURICIO ALEX LORSCHEITER";010426/0363-00;;" Concluído";021729;Seara;104;SICREDI UNIESTADOS;104;SUREG Erechim RS;CENTRAL SICREDI SUL/SUDESTE;105.0 Hora(s);6d19h15m;13/11/2023 10:22:34;;;;;;
0000355743;07/11/2023 16:11:24;" Otaner Salvi";" Pagamento de crédito";" 258- AQUISIÇÃO E REEMBOLSO-MÓVEL COM REGISTRO";107.346.059-27;" MAURICIO ALEX LORSCHEITER";010426/0363-00;;" Concluído";021729;Seara;104;SICREDI UNIESTADOS;104;SUREG Erechim RS;CENTRAL SICREDI SUL/SUDESTE;105.0 Hora(s);6d19h15m;13/11/2023 10:22:22;;;;;;
0000355743;07/11/2023 16:11:24;" Otaner Salvi";" Pagamento de crédito";" 258- AQUISIÇÃO E REEMBOLSO-MÓVEL COM REGISTRO";107.346.059-27;" MAURICIO ALEX LORSCHEITER";010426/0363-00;;" Concluído";021729;Seara;104;SICREDI UNIESTADOS;104;SUREG Erechim RS;CENTRAL SICREDI SUL/SUDESTE;105.0 Hora(s);6d19h15m;13/11/2023 10:18:59;;;;;;
0000355743;07/11/2023 16:11:24;" Otaner Salvi";" Pagamento de crédito";" 258- AQUISIÇÃO E REEMBOLSO-MÓVEL COM REGISTRO";107.346.059-27;" MAURICIO ALEX LORSCHEITER";010426/0363-00;;" Concluído";021729;Seara;104;SICREDI UNIESTADOS;104;SUREG Erechim RS;CENTRAL SICREDI SUL/SUDESTE;105.0 Hora(s);6d19h15m;13/11/2023 10:18:54;;;;;;
0000355743;07/11/2023 16:11:24;" Otaner Salvi";" Pagamento de crédito";" 258- AQUISIÇÃO E REEMBOLSO-MÓVEL COM REGISTRO";107.346.059-27;" MAURICIO ALEX LORSCHEITER";010426/0363-00;;" Concluído";021729;Seara;104;SICREDI UNIESTADOS;104;SUREG Erechim RS;CENTRAL SICREDI SUL/SUDESTE;105.0 Hora(s);6d19h15m;10/11/2023 10:31:43;;;;;;
0000355743;07/11/2023 16:11:24;" Otaner Salvi";" Pagamento de crédito";" 258- AQUISIÇÃO E REEMBOLSO-MÓVEL COM REGISTRO";107.346.059-27;" MAURICIO ALEX LORSCHEITER";010426/0363-00;;" Concluído";021729;Seara;104;SICREDI UNIESTADOS;104;SUREG Erechim RS;CENTRAL SICREDI SUL/SUDESTE;105.0 Hora(s);6d19h15m;09/11/2023 14:58:51;;;;;;
0000355743;07/11/2023 16:11:24;" Otaner Salvi";" Pagamento de crédito";" 258- AQUISIÇÃO E REEMBOLSO-MÓVEL COM REGISTRO";107.346.059-27;" MAURICIO ALEX LORSCHEITER";010426/0363-00;;" Concluído";021729;Seara;104;SICREDI UNIESTADOS;104;SUREG Erechim RS;CENTRAL SICREDI SUL/SUDESTE;105.0 Hora(s);6d19h15m;08/11/2023 15:31:41;;;;;;
0000355743;07/11/2023 16:11:24;" Otaner Salvi";" Pagamento de crédito";" 258- AQUISIÇÃO E REEMBOLSO-MÓVEL COM REGISTRO";107.346.059-27;" MAURICIO ALEX LORSCHEITER";010426/0363-00;;" Concluído";021729;Seara;104;SICREDI UNIESTADOS;104;SUREG Erechim RS;CENTRAL SICREDI SUL/SUDESTE;105.0 Hora(s);6d19h15m;07/11/2023 16:21:03;;;;;;
