﻿ID_Processo7;DT_Solicitacao8;NM_Usuario_Solicitacao8;NM_Tipo_Processo8;NM_Processo8;CD_Inscricao_Nacional8;NM_Pessoa8;Usuário;Grupo_Cota_Outros8;ST_Status8;CD_Comissionado2;NM_Fantasia_Comissionado2;CD_Tipo_Ponto_Venda3;NM_Fantasia_Ponto_Venda2;CD_Tipo_Ponto_Venda4;NM_Tipo_Ponto_Venda2;NM_Filial_Venda2;Nivel_Servico8;Tempo_Processo8;DH_Conclusao8;NM_Atividade1;Nivel_Servico_Atividade1;DT_Inicio_Atividade1;DT_Fim_Atividade1;NM_Usuario_Atividade1;Tempo_Processo_Atividade1
0000355604;07/11/2023 12:11:28;" DANIELY MENDONCA DE FREITAS";" Pagamento de crédito";" 258- AQUISIÇÃO E REEMBOLSO-MÓVEL COM REGISTRO";34.567.843/0001-96;" G CANEVESE TRANSPORTES LTDA";010479/0253-00;"050102/0272-00&#x0D;
050095/0185-00";" Concluído";072605;Palotina;207;SICREDI VALE DO PIQUIRI ABCD P;207;SUREG Vale do Piquiri PR;CENTRAL SICREDI PR/SP/RJ;105.0 Hora(s);2d3h36m;09/11/2023 15:37:32;LIBERAR PAGAMENTOS;0h00m;09/11/2023 11:58:02;09/11/2023 15:37:32;ELKIAYER FAGUNDES TRINDADE;0h00m
0000355604;07/11/2023 12:11:28;" DANIELY MENDONCA DE FREITAS";" Pagamento de crédito";" 258- AQUISIÇÃO E REEMBOLSO-MÓVEL COM REGISTRO";34.567.843/0001-96;" G CANEVESE TRANSPORTES LTDA";010479/0253-00;"050102/0272-00&#x0D;
050095/0185-00";" Concluído";072605;Palotina;207;SICREDI VALE DO PIQUIRI ABCD P;207;SUREG Vale do Piquiri PR;CENTRAL SICREDI PR/SP/RJ;105.0 Hora(s);2d3h36m;09/11/2023 11:58:02;APROVAR PAGAMENTO;1h00m;09/11/2023 11:57:56;09/11/2023 11:58:02;KELLY DA ROCHA KASPER;0h00m
0000355604;07/11/2023 12:11:28;" DANIELY MENDONCA DE FREITAS";" Pagamento de crédito";" 258- AQUISIÇÃO E REEMBOLSO-MÓVEL COM REGISTRO";34.567.843/0001-96;" G CANEVESE TRANSPORTES LTDA";010479/0253-00;"050102/0272-00&#x0D;
050095/0185-00";" Concluído";072605;Palotina;207;SICREDI VALE DO PIQUIRI ABCD P;207;SUREG Vale do Piquiri PR;CENTRAL SICREDI PR/SP/RJ;105.0 Hora(s);2d3h36m;09/11/2023 11:57:56;PROGRAMAR PAGAMENTO;1h00m;09/11/2023 11:57:32;09/11/2023 11:57:56;KELLY DA ROCHA KASPER;0h00m
0000355604;07/11/2023 12:11:28;" DANIELY MENDONCA DE FREITAS";" Pagamento de crédito";" 258- AQUISIÇÃO E REEMBOLSO-MÓVEL COM REGISTRO";34.567.843/0001-96;" G CANEVESE TRANSPORTES LTDA";010479/0253-00;"050102/0272-00&#x0D;
050095/0185-00";" Concluído";072605;Palotina;207;SICREDI VALE DO PIQUIRI ABCD P;207;SUREG Vale do Piquiri PR;CENTRAL SICREDI PR/SP/RJ;105.0 Hora(s);2d3h36m;09/11/2023 11:57:32;ANALISAR DOCUMENTOS PARA LIBERAÇÃO 2ª ETAPA;18h00m;08/11/2023 16:53:51;09/11/2023 11:57:32;KELLY DA ROCHA KASPER;0h02m
0000355604;07/11/2023 12:11:28;" DANIELY MENDONCA DE FREITAS";" Pagamento de crédito";" 258- AQUISIÇÃO E REEMBOLSO-MÓVEL COM REGISTRO";34.567.843/0001-96;" G CANEVESE TRANSPORTES LTDA";010479/0253-00;"050102/0272-00&#x0D;
050095/0185-00";" Concluído";072605;Palotina;207;SICREDI VALE DO PIQUIRI ABCD P;207;SUREG Vale do Piquiri PR;CENTRAL SICREDI PR/SP/RJ;105.0 Hora(s);2d3h36m;08/11/2023 16:53:51;EMITIR DOCUMENTOS PARA LIBERAÇÃO;18h00m;08/11/2023 13:40:18;08/11/2023 16:53:51;DANIELY MENDONCA DE FREITAS;0h00m
0000355604;07/11/2023 12:11:28;" DANIELY MENDONCA DE FREITAS";" Pagamento de crédito";" 258- AQUISIÇÃO E REEMBOLSO-MÓVEL COM REGISTRO";34.567.843/0001-96;" G CANEVESE TRANSPORTES LTDA";010479/0253-00;"050102/0272-00&#x0D;
050095/0185-00";" Concluído";072605;Palotina;207;SICREDI VALE DO PIQUIRI ABCD P;207;SUREG Vale do Piquiri PR;CENTRAL SICREDI PR/SP/RJ;105.0 Hora(s);2d3h36m;08/11/2023 13:40:18;REGISTRAR CONTRATO MANUALMENTE;1h00m;08/11/2023 13:40:12;08/11/2023 13:40:18;Eliane Ribas Barcelos;0h00m
0000355604;07/11/2023 12:11:28;" DANIELY MENDONCA DE FREITAS";" Pagamento de crédito";" 258- AQUISIÇÃO E REEMBOLSO-MÓVEL COM REGISTRO";34.567.843/0001-96;" G CANEVESE TRANSPORTES LTDA";010479/0253-00;"050102/0272-00&#x0D;
050095/0185-00";" Concluído";072605;Palotina;207;SICREDI VALE DO PIQUIRI ABCD P;207;SUREG Vale do Piquiri PR;CENTRAL SICREDI PR/SP/RJ;105.0 Hora(s);2d3h36m;08/11/2023 13:40:12;ALIENAR O BEM;1h00m;08/11/2023 13:37:38;08/11/2023 13:40:12;Eliane Ribas Barcelos;0h02m
0000355604;07/11/2023 12:11:28;" DANIELY MENDONCA DE FREITAS";" Pagamento de crédito";" 258- AQUISIÇÃO E REEMBOLSO-MÓVEL COM REGISTRO";34.567.843/0001-96;" G CANEVESE TRANSPORTES LTDA";010479/0253-00;"050102/0272-00&#x0D;
050095/0185-00";" Concluído";072605;Palotina;207;SICREDI VALE DO PIQUIRI ABCD P;207;SUREG Vale do Piquiri PR;CENTRAL SICREDI PR/SP/RJ;105.0 Hora(s);2d3h36m;08/11/2023 13:37:38;FINALIZAR CADASTRO DO BEM;1h00m;08/11/2023 13:37:32;08/11/2023 13:37:38;Eliane Ribas Barcelos;0h00m
0000355604;07/11/2023 12:11:28;" DANIELY MENDONCA DE FREITAS";" Pagamento de crédito";" 258- AQUISIÇÃO E REEMBOLSO-MÓVEL COM REGISTRO";34.567.843/0001-96;" G CANEVESE TRANSPORTES LTDA";010479/0253-00;"050102/0272-00&#x0D;
050095/0185-00";" Concluído";072605;Palotina;207;SICREDI VALE DO PIQUIRI ABCD P;207;SUREG Vale do Piquiri PR;CENTRAL SICREDI PR/SP/RJ;105.0 Hora(s);2d3h36m;08/11/2023 13:37:32;ANÁLISE DE DOCUMENTOS 1ª ETAPA;18h00m;07/11/2023 12:59:53;08/11/2023 13:37:32;Eliane Ribas Barcelos;0h08m
0000355604;07/11/2023 12:11:28;" DANIELY MENDONCA DE FREITAS";" Pagamento de crédito";" 258- AQUISIÇÃO E REEMBOLSO-MÓVEL COM REGISTRO";34.567.843/0001-96;" G CANEVESE TRANSPORTES LTDA";010479/0253-00;"050102/0272-00&#x0D;
050095/0185-00";" Concluído";072605;Palotina;207;SICREDI VALE DO PIQUIRI ABCD P;207;SUREG Vale do Piquiri PR;CENTRAL SICREDI PR/SP/RJ;105.0 Hora(s);2d3h36m;07/11/2023 12:59:52;ENVIAR DOCUMENTOS;1d21h00m;07/11/2023 12:01:46;07/11/2023 12:59:52;DANIELY MENDONCA DE FREITAS;0h00m
0000355604;07/11/2023 12:11:28;" DANIELY MENDONCA DE FREITAS";" Pagamento de crédito";" 258- AQUISIÇÃO E REEMBOLSO-MÓVEL COM REGISTRO";34.567.843/0001-96;" G CANEVESE TRANSPORTES LTDA";010479/0253-00;"050102/0272-00&#x0D;
050095/0185-00";" Concluído";072605;Palotina;207;SICREDI VALE DO PIQUIRI ABCD P;207;SUREG Vale do Piquiri PR;CENTRAL SICREDI PR/SP/RJ;105.0 Hora(s);2d3h36m;07/11/2023 12:01:46;AUTORIZAÇÃO DE FATURAMENTO;0h00m;07/11/2023 12:01:36;07/11/2023 12:01:46;;0h00m
0000355604;07/11/2023 12:11:28;" DANIELY MENDONCA DE FREITAS";" Pagamento de crédito";" 258- AQUISIÇÃO E REEMBOLSO-MÓVEL COM REGISTRO";34.567.843/0001-96;" G CANEVESE TRANSPORTES LTDA";010479/0253-00;"050102/0272-00&#x0D;
050095/0185-00";" Concluído";072605;Palotina;207;SICREDI VALE DO PIQUIRI ABCD P;207;SUREG Vale do Piquiri PR;CENTRAL SICREDI PR/SP/RJ;105.0 Hora(s);2d3h36m;09/11/2023 15:37:32;;;;;;
0000355604;07/11/2023 12:11:28;" DANIELY MENDONCA DE FREITAS";" Pagamento de crédito";" 258- AQUISIÇÃO E REEMBOLSO-MÓVEL COM REGISTRO";34.567.843/0001-96;" G CANEVESE TRANSPORTES LTDA";010479/0253-00;"050102/0272-00&#x0D;
050095/0185-00";" Concluído";072605;Palotina;207;SICREDI VALE DO PIQUIRI ABCD P;207;SUREG Vale do Piquiri PR;CENTRAL SICREDI PR/SP/RJ;105.0 Hora(s);2d3h36m;09/11/2023 11:58:02;;;;;;
0000355604;07/11/2023 12:11:28;" DANIELY MENDONCA DE FREITAS";" Pagamento de crédito";" 258- AQUISIÇÃO E REEMBOLSO-MÓVEL COM REGISTRO";34.567.843/0001-96;" G CANEVESE TRANSPORTES LTDA";010479/0253-00;"050102/0272-00&#x0D;
050095/0185-00";" Concluído";072605;Palotina;207;SICREDI VALE DO PIQUIRI ABCD P;207;SUREG Vale do Piquiri PR;CENTRAL SICREDI PR/SP/RJ;105.0 Hora(s);2d3h36m;09/11/2023 11:57:56;;;;;;
0000355604;07/11/2023 12:11:28;" DANIELY MENDONCA DE FREITAS";" Pagamento de crédito";" 258- AQUISIÇÃO E REEMBOLSO-MÓVEL COM REGISTRO";34.567.843/0001-96;" G CANEVESE TRANSPORTES LTDA";010479/0253-00;"050102/0272-00&#x0D;
050095/0185-00";" Concluído";072605;Palotina;207;SICREDI VALE DO PIQUIRI ABCD P;207;SUREG Vale do Piquiri PR;CENTRAL SICREDI PR/SP/RJ;105.0 Hora(s);2d3h36m;09/11/2023 11:57:32;;;;;;
0000355604;07/11/2023 12:11:28;" DANIELY MENDONCA DE FREITAS";" Pagamento de crédito";" 258- AQUISIÇÃO E REEMBOLSO-MÓVEL COM REGISTRO";34.567.843/0001-96;" G CANEVESE TRANSPORTES LTDA";010479/0253-00;"050102/0272-00&#x0D;
050095/0185-00";" Concluído";072605;Palotina;207;SICREDI VALE DO PIQUIRI ABCD P;207;SUREG Vale do Piquiri PR;CENTRAL SICREDI PR/SP/RJ;105.0 Hora(s);2d3h36m;08/11/2023 16:53:51;;;;;;
0000355604;07/11/2023 12:11:28;" DANIELY MENDONCA DE FREITAS";" Pagamento de crédito";" 258- AQUISIÇÃO E REEMBOLSO-MÓVEL COM REGISTRO";34.567.843/0001-96;" G CANEVESE TRANSPORTES LTDA";010479/0253-00;"050102/0272-00&#x0D;
050095/0185-00";" Concluído";072605;Palotina;207;SICREDI VALE DO PIQUIRI ABCD P;207;SUREG Vale do Piquiri PR;CENTRAL SICREDI PR/SP/RJ;105.0 Hora(s);2d3h36m;08/11/2023 13:40:18;;;;;;
0000355604;07/11/2023 12:11:28;" DANIELY MENDONCA DE FREITAS";" Pagamento de crédito";" 258- AQUISIÇÃO E REEMBOLSO-MÓVEL COM REGISTRO";34.567.843/0001-96;" G CANEVESE TRANSPORTES LTDA";010479/0253-00;"050102/0272-00&#x0D;
050095/0185-00";" Concluído";072605;Palotina;207;SICREDI VALE DO PIQUIRI ABCD P;207;SUREG Vale do Piquiri PR;CENTRAL SICREDI PR/SP/RJ;105.0 Hora(s);2d3h36m;08/11/2023 13:40:12;;;;;;
0000355604;07/11/2023 12:11:28;" DANIELY MENDONCA DE FREITAS";" Pagamento de crédito";" 258- AQUISIÇÃO E REEMBOLSO-MÓVEL COM REGISTRO";34.567.843/0001-96;" G CANEVESE TRANSPORTES LTDA";010479/0253-00;"050102/0272-00&#x0D;
050095/0185-00";" Concluído";072605;Palotina;207;SICREDI VALE DO PIQUIRI ABCD P;207;SUREG Vale do Piquiri PR;CENTRAL SICREDI PR/SP/RJ;105.0 Hora(s);2d3h36m;08/11/2023 13:37:38;;;;;;
0000355604;07/11/2023 12:11:28;" DANIELY MENDONCA DE FREITAS";" Pagamento de crédito";" 258- AQUISIÇÃO E REEMBOLSO-MÓVEL COM REGISTRO";34.567.843/0001-96;" G CANEVESE TRANSPORTES LTDA";010479/0253-00;"050102/0272-00&#x0D;
050095/0185-00";" Concluído";072605;Palotina;207;SICREDI VALE DO PIQUIRI ABCD P;207;SUREG Vale do Piquiri PR;CENTRAL SICREDI PR/SP/RJ;105.0 Hora(s);2d3h36m;08/11/2023 13:37:32;;;;;;
0000355604;07/11/2023 12:11:28;" DANIELY MENDONCA DE FREITAS";" Pagamento de crédito";" 258- AQUISIÇÃO E REEMBOLSO-MÓVEL COM REGISTRO";34.567.843/0001-96;" G CANEVESE TRANSPORTES LTDA";010479/0253-00;"050102/0272-00&#x0D;
050095/0185-00";" Concluído";072605;Palotina;207;SICREDI VALE DO PIQUIRI ABCD P;207;SUREG Vale do Piquiri PR;CENTRAL SICREDI PR/SP/RJ;105.0 Hora(s);2d3h36m;07/11/2023 12:59:52;;;;;;
0000355604;07/11/2023 12:11:28;" DANIELY MENDONCA DE FREITAS";" Pagamento de crédito";" 258- AQUISIÇÃO E REEMBOLSO-MÓVEL COM REGISTRO";34.567.843/0001-96;" G CANEVESE TRANSPORTES LTDA";010479/0253-00;"050102/0272-00&#x0D;
050095/0185-00";" Concluído";072605;Palotina;207;SICREDI VALE DO PIQUIRI ABCD P;207;SUREG Vale do Piquiri PR;CENTRAL SICREDI PR/SP/RJ;105.0 Hora(s);2d3h36m;07/11/2023 12:01:46;;;;;;
