﻿ID_Processo7;DT_Solicitacao8;NM_Usuario_Solicitacao8;NM_Tipo_Processo8;NM_Processo8;CD_Inscricao_Nacional8;NM_Pessoa8;Usuário;Grupo_Cota_Outros8;ST_Status8;CD_Comissionado2;NM_Fantasia_Comissionado2;CD_Tipo_Ponto_Venda3;NM_Fantasia_Ponto_Venda2;CD_Tipo_Ponto_Venda4;NM_Tipo_Ponto_Venda2;NM_Filial_Venda2;Nivel_Servico8;Tempo_Processo8;DH_Conclusao8;NM_Atividade1;Nivel_Servico_Atividade1;DT_Inicio_Atividade1;DT_Fim_Atividade1;NM_Usuario_Atividade1;Tempo_Processo_Atividade1
0000363845;17/11/2023 16:11:24;" DANIELY MENDONCA DE FREITAS";" Pagamento de crédito";" 258- AQUISIÇÃO E REEMBOLSO-MÓVEL COM REGISTRO";29.637.229/0001-13;" IMPERADOR AROMATICS COMERCIO LTDA";010562/0625-00;010562/0626-00;" Concluído";072640;São Caetano do Sul;207;SICREDI VALE DO PIQUIRI ABCD P;207;SUREG Vale do Piquiri PR;CENTRAL SICREDI PR/SP/RJ;105.0 Hora(s);3d23h18m;21/11/2023 15:47:20;LIBERAR PAGAMENTOS;0h00m;21/11/2023 14:59:39;21/11/2023 15:47:20;Kelen Hahn Paulo;0h00m
0000363845;17/11/2023 16:11:24;" DANIELY MENDONCA DE FREITAS";" Pagamento de crédito";" 258- AQUISIÇÃO E REEMBOLSO-MÓVEL COM REGISTRO";29.637.229/0001-13;" IMPERADOR AROMATICS COMERCIO LTDA";010562/0625-00;010562/0626-00;" Concluído";072640;São Caetano do Sul;207;SICREDI VALE DO PIQUIRI ABCD P;207;SUREG Vale do Piquiri PR;CENTRAL SICREDI PR/SP/RJ;105.0 Hora(s);3d23h18m;21/11/2023 14:59:39;APROVAR PAGAMENTO;1h00m;21/11/2023 14:59:34;21/11/2023 14:59:39;LARISSA JAENISCH DUTRA PINTO;0h00m
0000363845;17/11/2023 16:11:24;" DANIELY MENDONCA DE FREITAS";" Pagamento de crédito";" 258- AQUISIÇÃO E REEMBOLSO-MÓVEL COM REGISTRO";29.637.229/0001-13;" IMPERADOR AROMATICS COMERCIO LTDA";010562/0625-00;010562/0626-00;" Concluído";072640;São Caetano do Sul;207;SICREDI VALE DO PIQUIRI ABCD P;207;SUREG Vale do Piquiri PR;CENTRAL SICREDI PR/SP/RJ;105.0 Hora(s);3d23h18m;21/11/2023 14:59:34;PROGRAMAR PAGAMENTO;1h00m;21/11/2023 14:59:07;21/11/2023 14:59:34;LARISSA JAENISCH DUTRA PINTO;0h00m
0000363845;17/11/2023 16:11:24;" DANIELY MENDONCA DE FREITAS";" Pagamento de crédito";" 258- AQUISIÇÃO E REEMBOLSO-MÓVEL COM REGISTRO";29.637.229/0001-13;" IMPERADOR AROMATICS COMERCIO LTDA";010562/0625-00;010562/0626-00;" Concluído";072640;São Caetano do Sul;207;SICREDI VALE DO PIQUIRI ABCD P;207;SUREG Vale do Piquiri PR;CENTRAL SICREDI PR/SP/RJ;105.0 Hora(s);3d23h18m;21/11/2023 14:59:07;ANALISAR DOCUMENTOS PARA LIBERAÇÃO 2ª ETAPA;18h00m;21/11/2023 14:11:22;21/11/2023 14:59:07;LARISSA JAENISCH DUTRA PINTO;0h04m
0000363845;17/11/2023 16:11:24;" DANIELY MENDONCA DE FREITAS";" Pagamento de crédito";" 258- AQUISIÇÃO E REEMBOLSO-MÓVEL COM REGISTRO";29.637.229/0001-13;" IMPERADOR AROMATICS COMERCIO LTDA";010562/0625-00;010562/0626-00;" Concluído";072640;São Caetano do Sul;207;SICREDI VALE DO PIQUIRI ABCD P;207;SUREG Vale do Piquiri PR;CENTRAL SICREDI PR/SP/RJ;105.0 Hora(s);3d23h18m;21/11/2023 14:11:22;EMITIR DOCUMENTOS PARA LIBERAÇÃO;18h00m;20/11/2023 10:14:35;21/11/2023 14:11:22;DANIELY MENDONCA DE FREITAS;0h00m
0000363845;17/11/2023 16:11:24;" DANIELY MENDONCA DE FREITAS";" Pagamento de crédito";" 258- AQUISIÇÃO E REEMBOLSO-MÓVEL COM REGISTRO";29.637.229/0001-13;" IMPERADOR AROMATICS COMERCIO LTDA";010562/0625-00;010562/0626-00;" Concluído";072640;São Caetano do Sul;207;SICREDI VALE DO PIQUIRI ABCD P;207;SUREG Vale do Piquiri PR;CENTRAL SICREDI PR/SP/RJ;105.0 Hora(s);3d23h18m;20/11/2023 10:14:35;REGISTRAR CONTRATO MANUALMENTE;1h00m;20/11/2023 10:14:24;20/11/2023 10:14:35;Clara Vargas;0h00m
0000363845;17/11/2023 16:11:24;" DANIELY MENDONCA DE FREITAS";" Pagamento de crédito";" 258- AQUISIÇÃO E REEMBOLSO-MÓVEL COM REGISTRO";29.637.229/0001-13;" IMPERADOR AROMATICS COMERCIO LTDA";010562/0625-00;010562/0626-00;" Concluído";072640;São Caetano do Sul;207;SICREDI VALE DO PIQUIRI ABCD P;207;SUREG Vale do Piquiri PR;CENTRAL SICREDI PR/SP/RJ;105.0 Hora(s);3d23h18m;20/11/2023 10:14:23;ALIENAR O BEM;1h00m;20/11/2023 10:14:03;20/11/2023 10:14:23;Clara Vargas;0h00m
0000363845;17/11/2023 16:11:24;" DANIELY MENDONCA DE FREITAS";" Pagamento de crédito";" 258- AQUISIÇÃO E REEMBOLSO-MÓVEL COM REGISTRO";29.637.229/0001-13;" IMPERADOR AROMATICS COMERCIO LTDA";010562/0625-00;010562/0626-00;" Concluído";072640;São Caetano do Sul;207;SICREDI VALE DO PIQUIRI ABCD P;207;SUREG Vale do Piquiri PR;CENTRAL SICREDI PR/SP/RJ;105.0 Hora(s);3d23h18m;20/11/2023 10:14:03;FINALIZAR CADASTRO DO BEM;1h00m;20/11/2023 10:13:55;20/11/2023 10:14:03;Clara Vargas;0h00m
0000363845;17/11/2023 16:11:24;" DANIELY MENDONCA DE FREITAS";" Pagamento de crédito";" 258- AQUISIÇÃO E REEMBOLSO-MÓVEL COM REGISTRO";29.637.229/0001-13;" IMPERADOR AROMATICS COMERCIO LTDA";010562/0625-00;010562/0626-00;" Concluído";072640;São Caetano do Sul;207;SICREDI VALE DO PIQUIRI ABCD P;207;SUREG Vale do Piquiri PR;CENTRAL SICREDI PR/SP/RJ;105.0 Hora(s);3d23h18m;20/11/2023 10:13:55;ANÁLISE DE DOCUMENTOS 1ª ETAPA;18h00m;17/11/2023 16:32:05;20/11/2023 10:13:55;Clara Vargas;0h07m
0000363845;17/11/2023 16:11:24;" DANIELY MENDONCA DE FREITAS";" Pagamento de crédito";" 258- AQUISIÇÃO E REEMBOLSO-MÓVEL COM REGISTRO";29.637.229/0001-13;" IMPERADOR AROMATICS COMERCIO LTDA";010562/0625-00;010562/0626-00;" Concluído";072640;São Caetano do Sul;207;SICREDI VALE DO PIQUIRI ABCD P;207;SUREG Vale do Piquiri PR;CENTRAL SICREDI PR/SP/RJ;105.0 Hora(s);3d23h18m;17/11/2023 16:32:05;ENVIAR DOCUMENTOS;1d21h00m;17/11/2023 16:29:37;17/11/2023 16:32:05;DANIELY MENDONCA DE FREITAS;0h00m
0000363845;17/11/2023 16:11:24;" DANIELY MENDONCA DE FREITAS";" Pagamento de crédito";" 258- AQUISIÇÃO E REEMBOLSO-MÓVEL COM REGISTRO";29.637.229/0001-13;" IMPERADOR AROMATICS COMERCIO LTDA";010562/0625-00;010562/0626-00;" Concluído";072640;São Caetano do Sul;207;SICREDI VALE DO PIQUIRI ABCD P;207;SUREG Vale do Piquiri PR;CENTRAL SICREDI PR/SP/RJ;105.0 Hora(s);3d23h18m;17/11/2023 16:29:37;AUTORIZAÇÃO DE FATURAMENTO;0h00m;17/11/2023 16:29:09;17/11/2023 16:29:37;;0h00m
0000363845;17/11/2023 16:11:24;" DANIELY MENDONCA DE FREITAS";" Pagamento de crédito";" 258- AQUISIÇÃO E REEMBOLSO-MÓVEL COM REGISTRO";29.637.229/0001-13;" IMPERADOR AROMATICS COMERCIO LTDA";010562/0625-00;010562/0626-00;" Concluído";072640;São Caetano do Sul;207;SICREDI VALE DO PIQUIRI ABCD P;207;SUREG Vale do Piquiri PR;CENTRAL SICREDI PR/SP/RJ;105.0 Hora(s);3d23h18m;21/11/2023 15:47:20;;;;;;
0000363845;17/11/2023 16:11:24;" DANIELY MENDONCA DE FREITAS";" Pagamento de crédito";" 258- AQUISIÇÃO E REEMBOLSO-MÓVEL COM REGISTRO";29.637.229/0001-13;" IMPERADOR AROMATICS COMERCIO LTDA";010562/0625-00;010562/0626-00;" Concluído";072640;São Caetano do Sul;207;SICREDI VALE DO PIQUIRI ABCD P;207;SUREG Vale do Piquiri PR;CENTRAL SICREDI PR/SP/RJ;105.0 Hora(s);3d23h18m;21/11/2023 14:59:39;;;;;;
0000363845;17/11/2023 16:11:24;" DANIELY MENDONCA DE FREITAS";" Pagamento de crédito";" 258- AQUISIÇÃO E REEMBOLSO-MÓVEL COM REGISTRO";29.637.229/0001-13;" IMPERADOR AROMATICS COMERCIO LTDA";010562/0625-00;010562/0626-00;" Concluído";072640;São Caetano do Sul;207;SICREDI VALE DO PIQUIRI ABCD P;207;SUREG Vale do Piquiri PR;CENTRAL SICREDI PR/SP/RJ;105.0 Hora(s);3d23h18m;21/11/2023 14:59:34;;;;;;
0000363845;17/11/2023 16:11:24;" DANIELY MENDONCA DE FREITAS";" Pagamento de crédito";" 258- AQUISIÇÃO E REEMBOLSO-MÓVEL COM REGISTRO";29.637.229/0001-13;" IMPERADOR AROMATICS COMERCIO LTDA";010562/0625-00;010562/0626-00;" Concluído";072640;São Caetano do Sul;207;SICREDI VALE DO PIQUIRI ABCD P;207;SUREG Vale do Piquiri PR;CENTRAL SICREDI PR/SP/RJ;105.0 Hora(s);3d23h18m;21/11/2023 14:59:07;;;;;;
0000363845;17/11/2023 16:11:24;" DANIELY MENDONCA DE FREITAS";" Pagamento de crédito";" 258- AQUISIÇÃO E REEMBOLSO-MÓVEL COM REGISTRO";29.637.229/0001-13;" IMPERADOR AROMATICS COMERCIO LTDA";010562/0625-00;010562/0626-00;" Concluído";072640;São Caetano do Sul;207;SICREDI VALE DO PIQUIRI ABCD P;207;SUREG Vale do Piquiri PR;CENTRAL SICREDI PR/SP/RJ;105.0 Hora(s);3d23h18m;21/11/2023 14:11:22;;;;;;
0000363845;17/11/2023 16:11:24;" DANIELY MENDONCA DE FREITAS";" Pagamento de crédito";" 258- AQUISIÇÃO E REEMBOLSO-MÓVEL COM REGISTRO";29.637.229/0001-13;" IMPERADOR AROMATICS COMERCIO LTDA";010562/0625-00;010562/0626-00;" Concluído";072640;São Caetano do Sul;207;SICREDI VALE DO PIQUIRI ABCD P;207;SUREG Vale do Piquiri PR;CENTRAL SICREDI PR/SP/RJ;105.0 Hora(s);3d23h18m;20/11/2023 10:14:35;;;;;;
0000363845;17/11/2023 16:11:24;" DANIELY MENDONCA DE FREITAS";" Pagamento de crédito";" 258- AQUISIÇÃO E REEMBOLSO-MÓVEL COM REGISTRO";29.637.229/0001-13;" IMPERADOR AROMATICS COMERCIO LTDA";010562/0625-00;010562/0626-00;" Concluído";072640;São Caetano do Sul;207;SICREDI VALE DO PIQUIRI ABCD P;207;SUREG Vale do Piquiri PR;CENTRAL SICREDI PR/SP/RJ;105.0 Hora(s);3d23h18m;20/11/2023 10:14:23;;;;;;
0000363845;17/11/2023 16:11:24;" DANIELY MENDONCA DE FREITAS";" Pagamento de crédito";" 258- AQUISIÇÃO E REEMBOLSO-MÓVEL COM REGISTRO";29.637.229/0001-13;" IMPERADOR AROMATICS COMERCIO LTDA";010562/0625-00;010562/0626-00;" Concluído";072640;São Caetano do Sul;207;SICREDI VALE DO PIQUIRI ABCD P;207;SUREG Vale do Piquiri PR;CENTRAL SICREDI PR/SP/RJ;105.0 Hora(s);3d23h18m;20/11/2023 10:14:03;;;;;;
0000363845;17/11/2023 16:11:24;" DANIELY MENDONCA DE FREITAS";" Pagamento de crédito";" 258- AQUISIÇÃO E REEMBOLSO-MÓVEL COM REGISTRO";29.637.229/0001-13;" IMPERADOR AROMATICS COMERCIO LTDA";010562/0625-00;010562/0626-00;" Concluído";072640;São Caetano do Sul;207;SICREDI VALE DO PIQUIRI ABCD P;207;SUREG Vale do Piquiri PR;CENTRAL SICREDI PR/SP/RJ;105.0 Hora(s);3d23h18m;20/11/2023 10:13:55;;;;;;
0000363845;17/11/2023 16:11:24;" DANIELY MENDONCA DE FREITAS";" Pagamento de crédito";" 258- AQUISIÇÃO E REEMBOLSO-MÓVEL COM REGISTRO";29.637.229/0001-13;" IMPERADOR AROMATICS COMERCIO LTDA";010562/0625-00;010562/0626-00;" Concluído";072640;São Caetano do Sul;207;SICREDI VALE DO PIQUIRI ABCD P;207;SUREG Vale do Piquiri PR;CENTRAL SICREDI PR/SP/RJ;105.0 Hora(s);3d23h18m;17/11/2023 16:32:05;;;;;;
0000363845;17/11/2023 16:11:24;" DANIELY MENDONCA DE FREITAS";" Pagamento de crédito";" 258- AQUISIÇÃO E REEMBOLSO-MÓVEL COM REGISTRO";29.637.229/0001-13;" IMPERADOR AROMATICS COMERCIO LTDA";010562/0625-00;010562/0626-00;" Concluído";072640;São Caetano do Sul;207;SICREDI VALE DO PIQUIRI ABCD P;207;SUREG Vale do Piquiri PR;CENTRAL SICREDI PR/SP/RJ;105.0 Hora(s);3d23h18m;17/11/2023 16:29:37;;;;;;
