﻿ID_Processo7;DT_Solicitacao8;NM_Usuario_Solicitacao8;NM_Tipo_Processo8;NM_Processo8;CD_Inscricao_Nacional8;NM_Pessoa8;Usuário;Grupo_Cota_Outros8;ST_Status8;CD_Comissionado2;NM_Fantasia_Comissionado2;CD_Tipo_Ponto_Venda3;NM_Fantasia_Ponto_Venda2;CD_Tipo_Ponto_Venda4;NM_Tipo_Ponto_Venda2;NM_Filial_Venda2;Nivel_Servico8;Tempo_Processo8;DH_Conclusao8;NM_Atividade1;Nivel_Servico_Atividade1;DT_Inicio_Atividade1;DT_Fim_Atividade1;NM_Usuario_Atividade1;Tempo_Processo_Atividade1
0000355665;07/11/2023 14:11:23;" DANIELY MENDONCA DE FREITAS";" Pagamento de crédito";" 264- AQUISIÇÃO E REEMBOLSO-MÓVEL SEM  REGISTRO";692.235.219-04;" MARIA INES FERRACINI";010550/0131-00;;" Concluído";072603;Assis Chateaubriand;207;SICREDI VALE DO PIQUIRI ABCD P;207;SUREG Vale do Piquiri PR;CENTRAL SICREDI PR/SP/RJ;103.0 Hora(s);6d20h52m;14/11/2023 11:35:37;LIBERAR PAGAMENTOS;0h00m;13/11/2023 16:45:17;14/11/2023 11:35:37;ELKIAYER FAGUNDES TRINDADE;0h00m
0000355665;07/11/2023 14:11:23;" DANIELY MENDONCA DE FREITAS";" Pagamento de crédito";" 264- AQUISIÇÃO E REEMBOLSO-MÓVEL SEM  REGISTRO";692.235.219-04;" MARIA INES FERRACINI";010550/0131-00;;" Concluído";072603;Assis Chateaubriand;207;SICREDI VALE DO PIQUIRI ABCD P;207;SUREG Vale do Piquiri PR;CENTRAL SICREDI PR/SP/RJ;103.0 Hora(s);6d20h52m;13/11/2023 16:45:17;APROVAR PAGAMENTO;1h00m;13/11/2023 16:44:54;13/11/2023 16:45:17;KELLY DA ROCHA KASPER;0h01m
0000355665;07/11/2023 14:11:23;" DANIELY MENDONCA DE FREITAS";" Pagamento de crédito";" 264- AQUISIÇÃO E REEMBOLSO-MÓVEL SEM  REGISTRO";692.235.219-04;" MARIA INES FERRACINI";010550/0131-00;;" Concluído";072603;Assis Chateaubriand;207;SICREDI VALE DO PIQUIRI ABCD P;207;SUREG Vale do Piquiri PR;CENTRAL SICREDI PR/SP/RJ;103.0 Hora(s);6d20h52m;13/11/2023 16:44:54;PROGRAMAR PAGAMENTO;1h00m;13/11/2023 16:44:31;13/11/2023 16:44:54;KELLY DA ROCHA KASPER;0h00m
0000355665;07/11/2023 14:11:23;" DANIELY MENDONCA DE FREITAS";" Pagamento de crédito";" 264- AQUISIÇÃO E REEMBOLSO-MÓVEL SEM  REGISTRO";692.235.219-04;" MARIA INES FERRACINI";010550/0131-00;;" Concluído";072603;Assis Chateaubriand;207;SICREDI VALE DO PIQUIRI ABCD P;207;SUREG Vale do Piquiri PR;CENTRAL SICREDI PR/SP/RJ;103.0 Hora(s);6d20h52m;13/11/2023 16:44:31;ANALISAR DOCUMENTOS PARA LIBERAÇÃO 2ª ETAPA;18h00m;13/11/2023 08:56:00;13/11/2023 16:44:31;KELLY DA ROCHA KASPER;0h03m
0000355665;07/11/2023 14:11:23;" DANIELY MENDONCA DE FREITAS";" Pagamento de crédito";" 264- AQUISIÇÃO E REEMBOLSO-MÓVEL SEM  REGISTRO";692.235.219-04;" MARIA INES FERRACINI";010550/0131-00;;" Concluído";072603;Assis Chateaubriand;207;SICREDI VALE DO PIQUIRI ABCD P;207;SUREG Vale do Piquiri PR;CENTRAL SICREDI PR/SP/RJ;103.0 Hora(s);6d20h52m;13/11/2023 08:55:59;EMITIR DOCUMENTOS PARA LIBERAÇÃO;18h00m;08/11/2023 08:26:05;13/11/2023 08:55:59;DANIELY MENDONCA DE FREITAS;0h00m
0000355665;07/11/2023 14:11:23;" DANIELY MENDONCA DE FREITAS";" Pagamento de crédito";" 264- AQUISIÇÃO E REEMBOLSO-MÓVEL SEM  REGISTRO";692.235.219-04;" MARIA INES FERRACINI";010550/0131-00;;" Concluído";072603;Assis Chateaubriand;207;SICREDI VALE DO PIQUIRI ABCD P;207;SUREG Vale do Piquiri PR;CENTRAL SICREDI PR/SP/RJ;103.0 Hora(s);6d20h52m;08/11/2023 08:26:04;ALIENAÇÃO DE BENS;1h00m;08/11/2023 08:25:55;08/11/2023 08:26:04;Bianca Peck Berwanger;0h01m
0000355665;07/11/2023 14:11:23;" DANIELY MENDONCA DE FREITAS";" Pagamento de crédito";" 264- AQUISIÇÃO E REEMBOLSO-MÓVEL SEM  REGISTRO";692.235.219-04;" MARIA INES FERRACINI";010550/0131-00;;" Concluído";072603;Assis Chateaubriand;207;SICREDI VALE DO PIQUIRI ABCD P;207;SUREG Vale do Piquiri PR;CENTRAL SICREDI PR/SP/RJ;103.0 Hora(s);6d20h52m;08/11/2023 08:25:54;FINALIZAR CADASTRO DO BEM;1h00m;08/11/2023 08:25:47;08/11/2023 08:25:54;Bianca Peck Berwanger;0h00m
0000355665;07/11/2023 14:11:23;" DANIELY MENDONCA DE FREITAS";" Pagamento de crédito";" 264- AQUISIÇÃO E REEMBOLSO-MÓVEL SEM  REGISTRO";692.235.219-04;" MARIA INES FERRACINI";010550/0131-00;;" Concluído";072603;Assis Chateaubriand;207;SICREDI VALE DO PIQUIRI ABCD P;207;SUREG Vale do Piquiri PR;CENTRAL SICREDI PR/SP/RJ;103.0 Hora(s);6d20h52m;08/11/2023 08:25:47;ANÁLISE DE DOCUMENTOS 1ª ETAPA;18h00m;07/11/2023 14:44:07;08/11/2023 08:25:47;Bianca Peck Berwanger;0h08m
0000355665;07/11/2023 14:11:23;" DANIELY MENDONCA DE FREITAS";" Pagamento de crédito";" 264- AQUISIÇÃO E REEMBOLSO-MÓVEL SEM  REGISTRO";692.235.219-04;" MARIA INES FERRACINI";010550/0131-00;;" Concluído";072603;Assis Chateaubriand;207;SICREDI VALE DO PIQUIRI ABCD P;207;SUREG Vale do Piquiri PR;CENTRAL SICREDI PR/SP/RJ;103.0 Hora(s);6d20h52m;07/11/2023 14:44:07;ENVIAR DOCUMENTOS;1d21h00m;07/11/2023 14:43:06;07/11/2023 14:44:07;DANIELY MENDONCA DE FREITAS;0h00m
0000355665;07/11/2023 14:11:23;" DANIELY MENDONCA DE FREITAS";" Pagamento de crédito";" 264- AQUISIÇÃO E REEMBOLSO-MÓVEL SEM  REGISTRO";692.235.219-04;" MARIA INES FERRACINI";010550/0131-00;;" Concluído";072603;Assis Chateaubriand;207;SICREDI VALE DO PIQUIRI ABCD P;207;SUREG Vale do Piquiri PR;CENTRAL SICREDI PR/SP/RJ;103.0 Hora(s);6d20h52m;07/11/2023 14:43:05;AUTORIZAÇÃO DE FATURAMENTO;0h00m;07/11/2023 14:42:10;07/11/2023 14:43:05;;0h00m
0000355665;07/11/2023 14:11:23;" DANIELY MENDONCA DE FREITAS";" Pagamento de crédito";" 264- AQUISIÇÃO E REEMBOLSO-MÓVEL SEM  REGISTRO";692.235.219-04;" MARIA INES FERRACINI";010550/0131-00;;" Concluído";072603;Assis Chateaubriand;207;SICREDI VALE DO PIQUIRI ABCD P;207;SUREG Vale do Piquiri PR;CENTRAL SICREDI PR/SP/RJ;103.0 Hora(s);6d20h52m;14/11/2023 11:35:37;;;;;;
0000355665;07/11/2023 14:11:23;" DANIELY MENDONCA DE FREITAS";" Pagamento de crédito";" 264- AQUISIÇÃO E REEMBOLSO-MÓVEL SEM  REGISTRO";692.235.219-04;" MARIA INES FERRACINI";010550/0131-00;;" Concluído";072603;Assis Chateaubriand;207;SICREDI VALE DO PIQUIRI ABCD P;207;SUREG Vale do Piquiri PR;CENTRAL SICREDI PR/SP/RJ;103.0 Hora(s);6d20h52m;13/11/2023 16:45:17;;;;;;
0000355665;07/11/2023 14:11:23;" DANIELY MENDONCA DE FREITAS";" Pagamento de crédito";" 264- AQUISIÇÃO E REEMBOLSO-MÓVEL SEM  REGISTRO";692.235.219-04;" MARIA INES FERRACINI";010550/0131-00;;" Concluído";072603;Assis Chateaubriand;207;SICREDI VALE DO PIQUIRI ABCD P;207;SUREG Vale do Piquiri PR;CENTRAL SICREDI PR/SP/RJ;103.0 Hora(s);6d20h52m;13/11/2023 16:44:54;;;;;;
0000355665;07/11/2023 14:11:23;" DANIELY MENDONCA DE FREITAS";" Pagamento de crédito";" 264- AQUISIÇÃO E REEMBOLSO-MÓVEL SEM  REGISTRO";692.235.219-04;" MARIA INES FERRACINI";010550/0131-00;;" Concluído";072603;Assis Chateaubriand;207;SICREDI VALE DO PIQUIRI ABCD P;207;SUREG Vale do Piquiri PR;CENTRAL SICREDI PR/SP/RJ;103.0 Hora(s);6d20h52m;13/11/2023 16:44:31;;;;;;
0000355665;07/11/2023 14:11:23;" DANIELY MENDONCA DE FREITAS";" Pagamento de crédito";" 264- AQUISIÇÃO E REEMBOLSO-MÓVEL SEM  REGISTRO";692.235.219-04;" MARIA INES FERRACINI";010550/0131-00;;" Concluído";072603;Assis Chateaubriand;207;SICREDI VALE DO PIQUIRI ABCD P;207;SUREG Vale do Piquiri PR;CENTRAL SICREDI PR/SP/RJ;103.0 Hora(s);6d20h52m;13/11/2023 08:55:59;;;;;;
0000355665;07/11/2023 14:11:23;" DANIELY MENDONCA DE FREITAS";" Pagamento de crédito";" 264- AQUISIÇÃO E REEMBOLSO-MÓVEL SEM  REGISTRO";692.235.219-04;" MARIA INES FERRACINI";010550/0131-00;;" Concluído";072603;Assis Chateaubriand;207;SICREDI VALE DO PIQUIRI ABCD P;207;SUREG Vale do Piquiri PR;CENTRAL SICREDI PR/SP/RJ;103.0 Hora(s);6d20h52m;08/11/2023 08:26:04;;;;;;
0000355665;07/11/2023 14:11:23;" DANIELY MENDONCA DE FREITAS";" Pagamento de crédito";" 264- AQUISIÇÃO E REEMBOLSO-MÓVEL SEM  REGISTRO";692.235.219-04;" MARIA INES FERRACINI";010550/0131-00;;" Concluído";072603;Assis Chateaubriand;207;SICREDI VALE DO PIQUIRI ABCD P;207;SUREG Vale do Piquiri PR;CENTRAL SICREDI PR/SP/RJ;103.0 Hora(s);6d20h52m;08/11/2023 08:25:54;;;;;;
0000355665;07/11/2023 14:11:23;" DANIELY MENDONCA DE FREITAS";" Pagamento de crédito";" 264- AQUISIÇÃO E REEMBOLSO-MÓVEL SEM  REGISTRO";692.235.219-04;" MARIA INES FERRACINI";010550/0131-00;;" Concluído";072603;Assis Chateaubriand;207;SICREDI VALE DO PIQUIRI ABCD P;207;SUREG Vale do Piquiri PR;CENTRAL SICREDI PR/SP/RJ;103.0 Hora(s);6d20h52m;08/11/2023 08:25:47;;;;;;
0000355665;07/11/2023 14:11:23;" DANIELY MENDONCA DE FREITAS";" Pagamento de crédito";" 264- AQUISIÇÃO E REEMBOLSO-MÓVEL SEM  REGISTRO";692.235.219-04;" MARIA INES FERRACINI";010550/0131-00;;" Concluído";072603;Assis Chateaubriand;207;SICREDI VALE DO PIQUIRI ABCD P;207;SUREG Vale do Piquiri PR;CENTRAL SICREDI PR/SP/RJ;103.0 Hora(s);6d20h52m;07/11/2023 14:44:07;;;;;;
0000355665;07/11/2023 14:11:23;" DANIELY MENDONCA DE FREITAS";" Pagamento de crédito";" 264- AQUISIÇÃO E REEMBOLSO-MÓVEL SEM  REGISTRO";692.235.219-04;" MARIA INES FERRACINI";010550/0131-00;;" Concluído";072603;Assis Chateaubriand;207;SICREDI VALE DO PIQUIRI ABCD P;207;SUREG Vale do Piquiri PR;CENTRAL SICREDI PR/SP/RJ;103.0 Hora(s);6d20h52m;07/11/2023 14:43:05;;;;;;
