﻿ID_Processo7;DT_Solicitacao8;NM_Usuario_Solicitacao8;NM_Tipo_Processo8;NM_Processo8;CD_Inscricao_Nacional8;NM_Pessoa8;Usuário;Grupo_Cota_Outros8;ST_Status8;CD_Comissionado2;NM_Fantasia_Comissionado2;CD_Tipo_Ponto_Venda3;NM_Fantasia_Ponto_Venda2;CD_Tipo_Ponto_Venda4;NM_Tipo_Ponto_Venda2;NM_Filial_Venda2;Nivel_Servico8;Tempo_Processo8;DH_Conclusao8;NM_Atividade1;Nivel_Servico_Atividade1;DT_Inicio_Atividade1;DT_Fim_Atividade1;NM_Usuario_Atividade1;Tempo_Processo_Atividade1
0000368960;24/11/2023 14:11:19;" Vagner Francisco Hochmann";" Pagamento de crédito";" 258- AQUISIÇÃO E REEMBOLSO-MÓVEL COM REGISTRO";066.195.719-56;" ANDRE LIBORIO PEROTTO";010589/0495-00;;" Andamento";021719;Faxinalzinho;104;SICREDI UNIESTADOS;104;SUREG Erechim RS;CENTRAL SICREDI SUL/SUDESTE;105.0 Hora(s);0h07m;"                   ";ANÁLISE DE DOCUMENTOS 1ª ETAPA;18h00m;24/11/2023 14:26:27;"                   ";;0h00m
0000368960;24/11/2023 14:11:19;" Vagner Francisco Hochmann";" Pagamento de crédito";" 258- AQUISIÇÃO E REEMBOLSO-MÓVEL COM REGISTRO";066.195.719-56;" ANDRE LIBORIO PEROTTO";010589/0495-00;;" Andamento";021719;Faxinalzinho;104;SICREDI UNIESTADOS;104;SUREG Erechim RS;CENTRAL SICREDI SUL/SUDESTE;105.0 Hora(s);0h07m;24/11/2023 14:26:27;ENVIAR DOCUMENTOS;1d21h00m;24/11/2023 14:20:17;24/11/2023 14:26:27;Vagner Francisco Hochmann;0h00m
0000368960;24/11/2023 14:11:19;" Vagner Francisco Hochmann";" Pagamento de crédito";" 258- AQUISIÇÃO E REEMBOLSO-MÓVEL COM REGISTRO";066.195.719-56;" ANDRE LIBORIO PEROTTO";010589/0495-00;;" Andamento";021719;Faxinalzinho;104;SICREDI UNIESTADOS;104;SUREG Erechim RS;CENTRAL SICREDI SUL/SUDESTE;105.0 Hora(s);0h07m;24/11/2023 14:20:17;AUTORIZAÇÃO DE FATURAMENTO;0h00m;24/11/2023 14:19:40;24/11/2023 14:20:17;;0h00m
0000368960;24/11/2023 14:11:19;" Vagner Francisco Hochmann";" Pagamento de crédito";" 258- AQUISIÇÃO E REEMBOLSO-MÓVEL COM REGISTRO";066.195.719-56;" ANDRE LIBORIO PEROTTO";010589/0495-00;;" Andamento";021719;Faxinalzinho;104;SICREDI UNIESTADOS;104;SUREG Erechim RS;CENTRAL SICREDI SUL/SUDESTE;105.0 Hora(s);0h07m;"                   ";;;;;;
0000368960;24/11/2023 14:11:19;" Vagner Francisco Hochmann";" Pagamento de crédito";" 258- AQUISIÇÃO E REEMBOLSO-MÓVEL COM REGISTRO";066.195.719-56;" ANDRE LIBORIO PEROTTO";010589/0495-00;;" Andamento";021719;Faxinalzinho;104;SICREDI UNIESTADOS;104;SUREG Erechim RS;CENTRAL SICREDI SUL/SUDESTE;105.0 Hora(s);0h07m;24/11/2023 14:26:27;;;;;;
0000368960;24/11/2023 14:11:19;" Vagner Francisco Hochmann";" Pagamento de crédito";" 258- AQUISIÇÃO E REEMBOLSO-MÓVEL COM REGISTRO";066.195.719-56;" ANDRE LIBORIO PEROTTO";010589/0495-00;;" Andamento";021719;Faxinalzinho;104;SICREDI UNIESTADOS;104;SUREG Erechim RS;CENTRAL SICREDI SUL/SUDESTE;105.0 Hora(s);0h07m;24/11/2023 14:20:17;;;;;;
