﻿ID_Processo7;DT_Solicitacao8;NM_Usuario_Solicitacao8;NM_Tipo_Processo8;NM_Processo8;CD_Inscricao_Nacional8;NM_Pessoa8;Usuário;Grupo_Cota_Outros8;ST_Status8;CD_Comissionado2;NM_Fantasia_Comissionado2;CD_Tipo_Ponto_Venda3;NM_Fantasia_Ponto_Venda2;CD_Tipo_Ponto_Venda4;NM_Tipo_Ponto_Venda2;NM_Filial_Venda2;Nivel_Servico8;Tempo_Processo8;DH_Conclusao8;NM_Atividade1;Nivel_Servico_Atividade1;DT_Inicio_Atividade1;DT_Fim_Atividade1;NM_Usuario_Atividade1;Tempo_Processo_Atividade1
0000358030;16/11/2023 10:11:16;" JANAINA DE OLIVEIRA DORNELLES";" Pagamento de crédito";" 258- AQUISIÇÃO E REEMBOLSO-MÓVEL COM REGISTRO";21.056.557/0001-14;" BERNARDI TRANSPORTE RODOVIARIO DE CARGAS LTDA";010516/0241-00;;" Concluído";072605;Palotina;207;SICREDI VALE DO PIQUIRI ABCD P;207;SUREG Vale do Piquiri PR;CENTRAL SICREDI PR/SP/RJ;105.0 Hora(s);6d1h43m;22/11/2023 12:02:00;LIBERAR PAGAMENTOS;0h00m;22/11/2023 09:44:37;22/11/2023 12:02:00;Kelen Hahn Paulo;0h00m
0000358030;16/11/2023 10:11:16;" JANAINA DE OLIVEIRA DORNELLES";" Pagamento de crédito";" 258- AQUISIÇÃO E REEMBOLSO-MÓVEL COM REGISTRO";21.056.557/0001-14;" BERNARDI TRANSPORTE RODOVIARIO DE CARGAS LTDA";010516/0241-00;;" Concluído";072605;Palotina;207;SICREDI VALE DO PIQUIRI ABCD P;207;SUREG Vale do Piquiri PR;CENTRAL SICREDI PR/SP/RJ;105.0 Hora(s);6d1h43m;22/11/2023 09:44:37;APROVAR PAGAMENTO;1h00m;22/11/2023 09:44:31;22/11/2023 09:44:37;Eliane Ribas Barcelos;0h00m
0000358030;16/11/2023 10:11:16;" JANAINA DE OLIVEIRA DORNELLES";" Pagamento de crédito";" 258- AQUISIÇÃO E REEMBOLSO-MÓVEL COM REGISTRO";21.056.557/0001-14;" BERNARDI TRANSPORTE RODOVIARIO DE CARGAS LTDA";010516/0241-00;;" Concluído";072605;Palotina;207;SICREDI VALE DO PIQUIRI ABCD P;207;SUREG Vale do Piquiri PR;CENTRAL SICREDI PR/SP/RJ;105.0 Hora(s);6d1h43m;22/11/2023 09:44:31;PROGRAMAR PAGAMENTO;1h00m;22/11/2023 09:44:02;22/11/2023 09:44:31;Eliane Ribas Barcelos;0h00m
0000358030;16/11/2023 10:11:16;" JANAINA DE OLIVEIRA DORNELLES";" Pagamento de crédito";" 258- AQUISIÇÃO E REEMBOLSO-MÓVEL COM REGISTRO";21.056.557/0001-14;" BERNARDI TRANSPORTE RODOVIARIO DE CARGAS LTDA";010516/0241-00;;" Concluído";072605;Palotina;207;SICREDI VALE DO PIQUIRI ABCD P;207;SUREG Vale do Piquiri PR;CENTRAL SICREDI PR/SP/RJ;105.0 Hora(s);6d1h43m;22/11/2023 09:44:02;ANALISAR DOCUMENTOS PARA LIBERAÇÃO 2ª ETAPA;18h00m;21/11/2023 16:32:40;22/11/2023 09:44:02;Eliane Ribas Barcelos;0h12m
0000358030;16/11/2023 10:11:16;" JANAINA DE OLIVEIRA DORNELLES";" Pagamento de crédito";" 258- AQUISIÇÃO E REEMBOLSO-MÓVEL COM REGISTRO";21.056.557/0001-14;" BERNARDI TRANSPORTE RODOVIARIO DE CARGAS LTDA";010516/0241-00;;" Concluído";072605;Palotina;207;SICREDI VALE DO PIQUIRI ABCD P;207;SUREG Vale do Piquiri PR;CENTRAL SICREDI PR/SP/RJ;105.0 Hora(s);6d1h43m;21/11/2023 16:32:40;EMITIR DOCUMENTOS PARA LIBERAÇÃO;18h00m;16/11/2023 16:16:08;21/11/2023 16:32:40;JANAINA DE OLIVEIRA DORNELLES;0h00m
0000358030;16/11/2023 10:11:16;" JANAINA DE OLIVEIRA DORNELLES";" Pagamento de crédito";" 258- AQUISIÇÃO E REEMBOLSO-MÓVEL COM REGISTRO";21.056.557/0001-14;" BERNARDI TRANSPORTE RODOVIARIO DE CARGAS LTDA";010516/0241-00;;" Concluído";072605;Palotina;207;SICREDI VALE DO PIQUIRI ABCD P;207;SUREG Vale do Piquiri PR;CENTRAL SICREDI PR/SP/RJ;105.0 Hora(s);6d1h43m;16/11/2023 16:16:08;REGISTRAR CONTRATO MANUALMENTE;1h00m;16/11/2023 16:16:04;16/11/2023 16:16:08;Clara Vargas;0h00m
0000358030;16/11/2023 10:11:16;" JANAINA DE OLIVEIRA DORNELLES";" Pagamento de crédito";" 258- AQUISIÇÃO E REEMBOLSO-MÓVEL COM REGISTRO";21.056.557/0001-14;" BERNARDI TRANSPORTE RODOVIARIO DE CARGAS LTDA";010516/0241-00;;" Concluído";072605;Palotina;207;SICREDI VALE DO PIQUIRI ABCD P;207;SUREG Vale do Piquiri PR;CENTRAL SICREDI PR/SP/RJ;105.0 Hora(s);6d1h43m;16/11/2023 16:16:04;ALIENAR O BEM;1h00m;16/11/2023 16:15:20;16/11/2023 16:16:04;Clara Vargas;0h01m
0000358030;16/11/2023 10:11:16;" JANAINA DE OLIVEIRA DORNELLES";" Pagamento de crédito";" 258- AQUISIÇÃO E REEMBOLSO-MÓVEL COM REGISTRO";21.056.557/0001-14;" BERNARDI TRANSPORTE RODOVIARIO DE CARGAS LTDA";010516/0241-00;;" Concluído";072605;Palotina;207;SICREDI VALE DO PIQUIRI ABCD P;207;SUREG Vale do Piquiri PR;CENTRAL SICREDI PR/SP/RJ;105.0 Hora(s);6d1h43m;16/11/2023 16:15:20;FINALIZAR CADASTRO DO BEM;1h00m;16/11/2023 16:15:06;16/11/2023 16:15:20;Clara Vargas;0h00m
0000358030;16/11/2023 10:11:16;" JANAINA DE OLIVEIRA DORNELLES";" Pagamento de crédito";" 258- AQUISIÇÃO E REEMBOLSO-MÓVEL COM REGISTRO";21.056.557/0001-14;" BERNARDI TRANSPORTE RODOVIARIO DE CARGAS LTDA";010516/0241-00;;" Concluído";072605;Palotina;207;SICREDI VALE DO PIQUIRI ABCD P;207;SUREG Vale do Piquiri PR;CENTRAL SICREDI PR/SP/RJ;105.0 Hora(s);6d1h43m;16/11/2023 16:15:06;ANÁLISE DE DOCUMENTOS 1ª ETAPA;18h00m;16/11/2023 10:27:13;16/11/2023 16:15:06;Clara Vargas;0h04m
0000358030;16/11/2023 10:11:16;" JANAINA DE OLIVEIRA DORNELLES";" Pagamento de crédito";" 258- AQUISIÇÃO E REEMBOLSO-MÓVEL COM REGISTRO";21.056.557/0001-14;" BERNARDI TRANSPORTE RODOVIARIO DE CARGAS LTDA";010516/0241-00;;" Concluído";072605;Palotina;207;SICREDI VALE DO PIQUIRI ABCD P;207;SUREG Vale do Piquiri PR;CENTRAL SICREDI PR/SP/RJ;105.0 Hora(s);6d1h43m;16/11/2023 10:27:13;ENVIAR DOCUMENTOS;1d21h00m;16/11/2023 10:20:19;16/11/2023 10:27:13;JANAINA DE OLIVEIRA DORNELLES;0h00m
0000358030;16/11/2023 10:11:16;" JANAINA DE OLIVEIRA DORNELLES";" Pagamento de crédito";" 258- AQUISIÇÃO E REEMBOLSO-MÓVEL COM REGISTRO";21.056.557/0001-14;" BERNARDI TRANSPORTE RODOVIARIO DE CARGAS LTDA";010516/0241-00;;" Concluído";072605;Palotina;207;SICREDI VALE DO PIQUIRI ABCD P;207;SUREG Vale do Piquiri PR;CENTRAL SICREDI PR/SP/RJ;105.0 Hora(s);6d1h43m;16/11/2023 10:20:19;AUTORIZAÇÃO DE FATURAMENTO;0h00m;16/11/2023 10:19:59;16/11/2023 10:20:19;;0h00m
0000358030;16/11/2023 10:11:16;" JANAINA DE OLIVEIRA DORNELLES";" Pagamento de crédito";" 258- AQUISIÇÃO E REEMBOLSO-MÓVEL COM REGISTRO";21.056.557/0001-14;" BERNARDI TRANSPORTE RODOVIARIO DE CARGAS LTDA";010516/0241-00;;" Concluído";072605;Palotina;207;SICREDI VALE DO PIQUIRI ABCD P;207;SUREG Vale do Piquiri PR;CENTRAL SICREDI PR/SP/RJ;105.0 Hora(s);6d1h43m;22/11/2023 12:02:00;;;;;;
0000358030;16/11/2023 10:11:16;" JANAINA DE OLIVEIRA DORNELLES";" Pagamento de crédito";" 258- AQUISIÇÃO E REEMBOLSO-MÓVEL COM REGISTRO";21.056.557/0001-14;" BERNARDI TRANSPORTE RODOVIARIO DE CARGAS LTDA";010516/0241-00;;" Concluído";072605;Palotina;207;SICREDI VALE DO PIQUIRI ABCD P;207;SUREG Vale do Piquiri PR;CENTRAL SICREDI PR/SP/RJ;105.0 Hora(s);6d1h43m;22/11/2023 09:44:37;;;;;;
0000358030;16/11/2023 10:11:16;" JANAINA DE OLIVEIRA DORNELLES";" Pagamento de crédito";" 258- AQUISIÇÃO E REEMBOLSO-MÓVEL COM REGISTRO";21.056.557/0001-14;" BERNARDI TRANSPORTE RODOVIARIO DE CARGAS LTDA";010516/0241-00;;" Concluído";072605;Palotina;207;SICREDI VALE DO PIQUIRI ABCD P;207;SUREG Vale do Piquiri PR;CENTRAL SICREDI PR/SP/RJ;105.0 Hora(s);6d1h43m;22/11/2023 09:44:31;;;;;;
0000358030;16/11/2023 10:11:16;" JANAINA DE OLIVEIRA DORNELLES";" Pagamento de crédito";" 258- AQUISIÇÃO E REEMBOLSO-MÓVEL COM REGISTRO";21.056.557/0001-14;" BERNARDI TRANSPORTE RODOVIARIO DE CARGAS LTDA";010516/0241-00;;" Concluído";072605;Palotina;207;SICREDI VALE DO PIQUIRI ABCD P;207;SUREG Vale do Piquiri PR;CENTRAL SICREDI PR/SP/RJ;105.0 Hora(s);6d1h43m;22/11/2023 09:44:02;;;;;;
0000358030;16/11/2023 10:11:16;" JANAINA DE OLIVEIRA DORNELLES";" Pagamento de crédito";" 258- AQUISIÇÃO E REEMBOLSO-MÓVEL COM REGISTRO";21.056.557/0001-14;" BERNARDI TRANSPORTE RODOVIARIO DE CARGAS LTDA";010516/0241-00;;" Concluído";072605;Palotina;207;SICREDI VALE DO PIQUIRI ABCD P;207;SUREG Vale do Piquiri PR;CENTRAL SICREDI PR/SP/RJ;105.0 Hora(s);6d1h43m;21/11/2023 16:32:40;;;;;;
0000358030;16/11/2023 10:11:16;" JANAINA DE OLIVEIRA DORNELLES";" Pagamento de crédito";" 258- AQUISIÇÃO E REEMBOLSO-MÓVEL COM REGISTRO";21.056.557/0001-14;" BERNARDI TRANSPORTE RODOVIARIO DE CARGAS LTDA";010516/0241-00;;" Concluído";072605;Palotina;207;SICREDI VALE DO PIQUIRI ABCD P;207;SUREG Vale do Piquiri PR;CENTRAL SICREDI PR/SP/RJ;105.0 Hora(s);6d1h43m;16/11/2023 16:16:08;;;;;;
0000358030;16/11/2023 10:11:16;" JANAINA DE OLIVEIRA DORNELLES";" Pagamento de crédito";" 258- AQUISIÇÃO E REEMBOLSO-MÓVEL COM REGISTRO";21.056.557/0001-14;" BERNARDI TRANSPORTE RODOVIARIO DE CARGAS LTDA";010516/0241-00;;" Concluído";072605;Palotina;207;SICREDI VALE DO PIQUIRI ABCD P;207;SUREG Vale do Piquiri PR;CENTRAL SICREDI PR/SP/RJ;105.0 Hora(s);6d1h43m;16/11/2023 16:16:04;;;;;;
0000358030;16/11/2023 10:11:16;" JANAINA DE OLIVEIRA DORNELLES";" Pagamento de crédito";" 258- AQUISIÇÃO E REEMBOLSO-MÓVEL COM REGISTRO";21.056.557/0001-14;" BERNARDI TRANSPORTE RODOVIARIO DE CARGAS LTDA";010516/0241-00;;" Concluído";072605;Palotina;207;SICREDI VALE DO PIQUIRI ABCD P;207;SUREG Vale do Piquiri PR;CENTRAL SICREDI PR/SP/RJ;105.0 Hora(s);6d1h43m;16/11/2023 16:15:20;;;;;;
0000358030;16/11/2023 10:11:16;" JANAINA DE OLIVEIRA DORNELLES";" Pagamento de crédito";" 258- AQUISIÇÃO E REEMBOLSO-MÓVEL COM REGISTRO";21.056.557/0001-14;" BERNARDI TRANSPORTE RODOVIARIO DE CARGAS LTDA";010516/0241-00;;" Concluído";072605;Palotina;207;SICREDI VALE DO PIQUIRI ABCD P;207;SUREG Vale do Piquiri PR;CENTRAL SICREDI PR/SP/RJ;105.0 Hora(s);6d1h43m;16/11/2023 16:15:06;;;;;;
0000358030;16/11/2023 10:11:16;" JANAINA DE OLIVEIRA DORNELLES";" Pagamento de crédito";" 258- AQUISIÇÃO E REEMBOLSO-MÓVEL COM REGISTRO";21.056.557/0001-14;" BERNARDI TRANSPORTE RODOVIARIO DE CARGAS LTDA";010516/0241-00;;" Concluído";072605;Palotina;207;SICREDI VALE DO PIQUIRI ABCD P;207;SUREG Vale do Piquiri PR;CENTRAL SICREDI PR/SP/RJ;105.0 Hora(s);6d1h43m;16/11/2023 10:27:13;;;;;;
0000358030;16/11/2023 10:11:16;" JANAINA DE OLIVEIRA DORNELLES";" Pagamento de crédito";" 258- AQUISIÇÃO E REEMBOLSO-MÓVEL COM REGISTRO";21.056.557/0001-14;" BERNARDI TRANSPORTE RODOVIARIO DE CARGAS LTDA";010516/0241-00;;" Concluído";072605;Palotina;207;SICREDI VALE DO PIQUIRI ABCD P;207;SUREG Vale do Piquiri PR;CENTRAL SICREDI PR/SP/RJ;105.0 Hora(s);6d1h43m;16/11/2023 10:20:19;;;;;;
