﻿ID_Processo7;DT_Solicitacao8;NM_Usuario_Solicitacao8;NM_Tipo_Processo8;NM_Processo8;CD_Inscricao_Nacional8;NM_Pessoa8;Usuário;Grupo_Cota_Outros8;ST_Status8;CD_Comissionado2;NM_Fantasia_Comissionado2;CD_Tipo_Ponto_Venda3;NM_Fantasia_Ponto_Venda2;CD_Tipo_Ponto_Venda4;NM_Tipo_Ponto_Venda2;NM_Filial_Venda2;Nivel_Servico8;Tempo_Processo8;DH_Conclusao8;NM_Atividade1;Nivel_Servico_Atividade1;DT_Inicio_Atividade1;DT_Fim_Atividade1;NM_Usuario_Atividade1;Tempo_Processo_Atividade1
0000355794;08/11/2023 08:11:14;" William Valim Bertoldo";" Pagamento de crédito";" 258- AQUISIÇÃO E REEMBOLSO-MÓVEL COM REGISTRO";059.251.216-94;" RONIVALDO GONCALVES";010547/0758-00;;" Concluído";021753;Jacutinga;104;SICREDI UNIESTADOS;104;SUREG Erechim RS;CENTRAL SICREDI SUL/SUDESTE;105.0 Hora(s);2d7h06m;10/11/2023 15:35:29;LIBERAR PAGAMENTOS;0h00m;10/11/2023 14:40:29;10/11/2023 15:35:29;ELKIAYER FAGUNDES TRINDADE;0h00m
0000355794;08/11/2023 08:11:14;" William Valim Bertoldo";" Pagamento de crédito";" 258- AQUISIÇÃO E REEMBOLSO-MÓVEL COM REGISTRO";059.251.216-94;" RONIVALDO GONCALVES";010547/0758-00;;" Concluído";021753;Jacutinga;104;SICREDI UNIESTADOS;104;SUREG Erechim RS;CENTRAL SICREDI SUL/SUDESTE;105.0 Hora(s);2d7h06m;10/11/2023 14:40:29;APROVAR PAGAMENTO;1h00m;10/11/2023 14:39:24;10/11/2023 14:40:29;LARISSA JAENISCH DUTRA PINTO;0h00m
0000355794;08/11/2023 08:11:14;" William Valim Bertoldo";" Pagamento de crédito";" 258- AQUISIÇÃO E REEMBOLSO-MÓVEL COM REGISTRO";059.251.216-94;" RONIVALDO GONCALVES";010547/0758-00;;" Concluído";021753;Jacutinga;104;SICREDI UNIESTADOS;104;SUREG Erechim RS;CENTRAL SICREDI SUL/SUDESTE;105.0 Hora(s);2d7h06m;10/11/2023 14:39:23;PROGRAMAR PAGAMENTO;1h00m;10/11/2023 14:39:00;10/11/2023 14:39:23;LARISSA JAENISCH DUTRA PINTO;0h00m
0000355794;08/11/2023 08:11:14;" William Valim Bertoldo";" Pagamento de crédito";" 258- AQUISIÇÃO E REEMBOLSO-MÓVEL COM REGISTRO";059.251.216-94;" RONIVALDO GONCALVES";010547/0758-00;;" Concluído";021753;Jacutinga;104;SICREDI UNIESTADOS;104;SUREG Erechim RS;CENTRAL SICREDI SUL/SUDESTE;105.0 Hora(s);2d7h06m;10/11/2023 14:39:00;ANALISAR DOCUMENTOS PARA LIBERAÇÃO 2ª ETAPA;18h03m;10/11/2023 12:21:34;10/11/2023 14:39:00;LARISSA JAENISCH DUTRA PINTO;0h04m
0000355794;08/11/2023 08:11:14;" William Valim Bertoldo";" Pagamento de crédito";" 258- AQUISIÇÃO E REEMBOLSO-MÓVEL COM REGISTRO";059.251.216-94;" RONIVALDO GONCALVES";010547/0758-00;;" Concluído";021753;Jacutinga;104;SICREDI UNIESTADOS;104;SUREG Erechim RS;CENTRAL SICREDI SUL/SUDESTE;105.0 Hora(s);2d7h06m;10/11/2023 12:21:34;REGULARIZAR DOCUMENTOS DE PAGAMENTO;0h00m;10/11/2023 09:54:44;10/11/2023 12:21:34;PAMELLA TOBIAS DE MENDONCA;0h00m
0000355794;08/11/2023 08:11:14;" William Valim Bertoldo";" Pagamento de crédito";" 258- AQUISIÇÃO E REEMBOLSO-MÓVEL COM REGISTRO";059.251.216-94;" RONIVALDO GONCALVES";010547/0758-00;;" Concluído";021753;Jacutinga;104;SICREDI UNIESTADOS;104;SUREG Erechim RS;CENTRAL SICREDI SUL/SUDESTE;105.0 Hora(s);2d7h06m;10/11/2023 09:54:44;ANALISAR DOCUMENTOS PARA LIBERAÇÃO 2ª ETAPA;18h03m;09/11/2023 17:11:41;10/11/2023 09:54:44;LARISSA JAENISCH DUTRA PINTO;0h04m
0000355794;08/11/2023 08:11:14;" William Valim Bertoldo";" Pagamento de crédito";" 258- AQUISIÇÃO E REEMBOLSO-MÓVEL COM REGISTRO";059.251.216-94;" RONIVALDO GONCALVES";010547/0758-00;;" Concluído";021753;Jacutinga;104;SICREDI UNIESTADOS;104;SUREG Erechim RS;CENTRAL SICREDI SUL/SUDESTE;105.0 Hora(s);2d7h06m;09/11/2023 17:11:41;EMITIR DOCUMENTOS PARA LIBERAÇÃO;18h00m;09/11/2023 16:09:47;09/11/2023 17:11:41;William Valim Bertoldo;0h00m
0000355794;08/11/2023 08:11:14;" William Valim Bertoldo";" Pagamento de crédito";" 258- AQUISIÇÃO E REEMBOLSO-MÓVEL COM REGISTRO";059.251.216-94;" RONIVALDO GONCALVES";010547/0758-00;;" Concluído";021753;Jacutinga;104;SICREDI UNIESTADOS;104;SUREG Erechim RS;CENTRAL SICREDI SUL/SUDESTE;105.0 Hora(s);2d7h06m;09/11/2023 16:09:46;REGISTRAR CONTRATO MANUALMENTE;1h00m;09/11/2023 16:09:42;09/11/2023 16:09:46;Paola dos Santos Lima;0h00m
0000355794;08/11/2023 08:11:14;" William Valim Bertoldo";" Pagamento de crédito";" 258- AQUISIÇÃO E REEMBOLSO-MÓVEL COM REGISTRO";059.251.216-94;" RONIVALDO GONCALVES";010547/0758-00;;" Concluído";021753;Jacutinga;104;SICREDI UNIESTADOS;104;SUREG Erechim RS;CENTRAL SICREDI SUL/SUDESTE;105.0 Hora(s);2d7h06m;09/11/2023 16:09:42;ALIENAR O BEM;1h00m;09/11/2023 16:07:52;09/11/2023 16:09:42;Paola dos Santos Lima;0h01m
0000355794;08/11/2023 08:11:14;" William Valim Bertoldo";" Pagamento de crédito";" 258- AQUISIÇÃO E REEMBOLSO-MÓVEL COM REGISTRO";059.251.216-94;" RONIVALDO GONCALVES";010547/0758-00;;" Concluído";021753;Jacutinga;104;SICREDI UNIESTADOS;104;SUREG Erechim RS;CENTRAL SICREDI SUL/SUDESTE;105.0 Hora(s);2d7h06m;09/11/2023 16:07:51;FINALIZAR CADASTRO DO BEM;1h00m;09/11/2023 16:07:40;09/11/2023 16:07:51;Paola dos Santos Lima;0h00m
0000355794;08/11/2023 08:11:14;" William Valim Bertoldo";" Pagamento de crédito";" 258- AQUISIÇÃO E REEMBOLSO-MÓVEL COM REGISTRO";059.251.216-94;" RONIVALDO GONCALVES";010547/0758-00;;" Concluído";021753;Jacutinga;104;SICREDI UNIESTADOS;104;SUREG Erechim RS;CENTRAL SICREDI SUL/SUDESTE;105.0 Hora(s);2d7h06m;09/11/2023 16:07:40;ANÁLISE DE DOCUMENTOS 1ª ETAPA;18h00m;08/11/2023 08:32:13;09/11/2023 16:07:40;Paola dos Santos Lima;0h18m
0000355794;08/11/2023 08:11:14;" William Valim Bertoldo";" Pagamento de crédito";" 258- AQUISIÇÃO E REEMBOLSO-MÓVEL COM REGISTRO";059.251.216-94;" RONIVALDO GONCALVES";010547/0758-00;;" Concluído";021753;Jacutinga;104;SICREDI UNIESTADOS;104;SUREG Erechim RS;CENTRAL SICREDI SUL/SUDESTE;105.0 Hora(s);2d7h06m;08/11/2023 08:32:12;ENVIAR DOCUMENTOS;1d21h00m;08/11/2023 08:29:53;08/11/2023 08:32:12;William Valim Bertoldo;0h00m
0000355794;08/11/2023 08:11:14;" William Valim Bertoldo";" Pagamento de crédito";" 258- AQUISIÇÃO E REEMBOLSO-MÓVEL COM REGISTRO";059.251.216-94;" RONIVALDO GONCALVES";010547/0758-00;;" Concluído";021753;Jacutinga;104;SICREDI UNIESTADOS;104;SUREG Erechim RS;CENTRAL SICREDI SUL/SUDESTE;105.0 Hora(s);2d7h06m;08/11/2023 08:29:53;AUTORIZAÇÃO DE FATURAMENTO;0h00m;08/11/2023 08:29:38;08/11/2023 08:29:53;;0h00m
0000355794;08/11/2023 08:11:14;" William Valim Bertoldo";" Pagamento de crédito";" 258- AQUISIÇÃO E REEMBOLSO-MÓVEL COM REGISTRO";059.251.216-94;" RONIVALDO GONCALVES";010547/0758-00;;" Concluído";021753;Jacutinga;104;SICREDI UNIESTADOS;104;SUREG Erechim RS;CENTRAL SICREDI SUL/SUDESTE;105.0 Hora(s);2d7h06m;10/11/2023 15:35:29;;;;;;
0000355794;08/11/2023 08:11:14;" William Valim Bertoldo";" Pagamento de crédito";" 258- AQUISIÇÃO E REEMBOLSO-MÓVEL COM REGISTRO";059.251.216-94;" RONIVALDO GONCALVES";010547/0758-00;;" Concluído";021753;Jacutinga;104;SICREDI UNIESTADOS;104;SUREG Erechim RS;CENTRAL SICREDI SUL/SUDESTE;105.0 Hora(s);2d7h06m;10/11/2023 14:40:29;;;;;;
0000355794;08/11/2023 08:11:14;" William Valim Bertoldo";" Pagamento de crédito";" 258- AQUISIÇÃO E REEMBOLSO-MÓVEL COM REGISTRO";059.251.216-94;" RONIVALDO GONCALVES";010547/0758-00;;" Concluído";021753;Jacutinga;104;SICREDI UNIESTADOS;104;SUREG Erechim RS;CENTRAL SICREDI SUL/SUDESTE;105.0 Hora(s);2d7h06m;10/11/2023 14:39:23;;;;;;
0000355794;08/11/2023 08:11:14;" William Valim Bertoldo";" Pagamento de crédito";" 258- AQUISIÇÃO E REEMBOLSO-MÓVEL COM REGISTRO";059.251.216-94;" RONIVALDO GONCALVES";010547/0758-00;;" Concluído";021753;Jacutinga;104;SICREDI UNIESTADOS;104;SUREG Erechim RS;CENTRAL SICREDI SUL/SUDESTE;105.0 Hora(s);2d7h06m;10/11/2023 14:39:00;;;;;;
0000355794;08/11/2023 08:11:14;" William Valim Bertoldo";" Pagamento de crédito";" 258- AQUISIÇÃO E REEMBOLSO-MÓVEL COM REGISTRO";059.251.216-94;" RONIVALDO GONCALVES";010547/0758-00;;" Concluído";021753;Jacutinga;104;SICREDI UNIESTADOS;104;SUREG Erechim RS;CENTRAL SICREDI SUL/SUDESTE;105.0 Hora(s);2d7h06m;10/11/2023 12:21:34;;;;;;
0000355794;08/11/2023 08:11:14;" William Valim Bertoldo";" Pagamento de crédito";" 258- AQUISIÇÃO E REEMBOLSO-MÓVEL COM REGISTRO";059.251.216-94;" RONIVALDO GONCALVES";010547/0758-00;;" Concluído";021753;Jacutinga;104;SICREDI UNIESTADOS;104;SUREG Erechim RS;CENTRAL SICREDI SUL/SUDESTE;105.0 Hora(s);2d7h06m;10/11/2023 09:54:44;;;;;;
0000355794;08/11/2023 08:11:14;" William Valim Bertoldo";" Pagamento de crédito";" 258- AQUISIÇÃO E REEMBOLSO-MÓVEL COM REGISTRO";059.251.216-94;" RONIVALDO GONCALVES";010547/0758-00;;" Concluído";021753;Jacutinga;104;SICREDI UNIESTADOS;104;SUREG Erechim RS;CENTRAL SICREDI SUL/SUDESTE;105.0 Hora(s);2d7h06m;09/11/2023 17:11:41;;;;;;
0000355794;08/11/2023 08:11:14;" William Valim Bertoldo";" Pagamento de crédito";" 258- AQUISIÇÃO E REEMBOLSO-MÓVEL COM REGISTRO";059.251.216-94;" RONIVALDO GONCALVES";010547/0758-00;;" Concluído";021753;Jacutinga;104;SICREDI UNIESTADOS;104;SUREG Erechim RS;CENTRAL SICREDI SUL/SUDESTE;105.0 Hora(s);2d7h06m;09/11/2023 16:09:46;;;;;;
0000355794;08/11/2023 08:11:14;" William Valim Bertoldo";" Pagamento de crédito";" 258- AQUISIÇÃO E REEMBOLSO-MÓVEL COM REGISTRO";059.251.216-94;" RONIVALDO GONCALVES";010547/0758-00;;" Concluído";021753;Jacutinga;104;SICREDI UNIESTADOS;104;SUREG Erechim RS;CENTRAL SICREDI SUL/SUDESTE;105.0 Hora(s);2d7h06m;09/11/2023 16:09:42;;;;;;
0000355794;08/11/2023 08:11:14;" William Valim Bertoldo";" Pagamento de crédito";" 258- AQUISIÇÃO E REEMBOLSO-MÓVEL COM REGISTRO";059.251.216-94;" RONIVALDO GONCALVES";010547/0758-00;;" Concluído";021753;Jacutinga;104;SICREDI UNIESTADOS;104;SUREG Erechim RS;CENTRAL SICREDI SUL/SUDESTE;105.0 Hora(s);2d7h06m;09/11/2023 16:07:51;;;;;;
0000355794;08/11/2023 08:11:14;" William Valim Bertoldo";" Pagamento de crédito";" 258- AQUISIÇÃO E REEMBOLSO-MÓVEL COM REGISTRO";059.251.216-94;" RONIVALDO GONCALVES";010547/0758-00;;" Concluído";021753;Jacutinga;104;SICREDI UNIESTADOS;104;SUREG Erechim RS;CENTRAL SICREDI SUL/SUDESTE;105.0 Hora(s);2d7h06m;09/11/2023 16:07:40;;;;;;
0000355794;08/11/2023 08:11:14;" William Valim Bertoldo";" Pagamento de crédito";" 258- AQUISIÇÃO E REEMBOLSO-MÓVEL COM REGISTRO";059.251.216-94;" RONIVALDO GONCALVES";010547/0758-00;;" Concluído";021753;Jacutinga;104;SICREDI UNIESTADOS;104;SUREG Erechim RS;CENTRAL SICREDI SUL/SUDESTE;105.0 Hora(s);2d7h06m;08/11/2023 08:32:12;;;;;;
0000355794;08/11/2023 08:11:14;" William Valim Bertoldo";" Pagamento de crédito";" 258- AQUISIÇÃO E REEMBOLSO-MÓVEL COM REGISTRO";059.251.216-94;" RONIVALDO GONCALVES";010547/0758-00;;" Concluído";021753;Jacutinga;104;SICREDI UNIESTADOS;104;SUREG Erechim RS;CENTRAL SICREDI SUL/SUDESTE;105.0 Hora(s);2d7h06m;08/11/2023 08:29:53;;;;;;
