﻿ID_Processo7;DT_Solicitacao8;NM_Usuario_Solicitacao8;NM_Tipo_Processo8;NM_Processo8;CD_Inscricao_Nacional8;NM_Pessoa8;Usuário;Grupo_Cota_Outros8;ST_Status8;CD_Comissionado2;NM_Fantasia_Comissionado2;CD_Tipo_Ponto_Venda3;NM_Fantasia_Ponto_Venda2;CD_Tipo_Ponto_Venda4;NM_Tipo_Ponto_Venda2;NM_Filial_Venda2;Nivel_Servico8;Tempo_Processo8;DH_Conclusao8;NM_Atividade1;Nivel_Servico_Atividade1;DT_Inicio_Atividade1;DT_Fim_Atividade1;NM_Usuario_Atividade1;Tempo_Processo_Atividade1
0000367438;23/11/2023 12:11:44;" MAIARA DIAS ZANELA";" Pagamento de crédito";" 264- AQUISIÇÃO E REEMBOLSO-MÓVEL SEM  REGISTRO";934.017.449-68;" JAIR KOTTWITZ";010570/0286-00;;" Aguardando Regularização";072626;Braganey;207;SICREDI VALE DO PIQUIRI ABCD P;207;SUREG Vale do Piquiri PR;CENTRAL SICREDI PR/SP/RJ;103.0 Hora(s);2h11m;"                   ";EMITIR DOCUMENTOS PARA LIBERAÇÃO;18h00m;23/11/2023 15:03:21;"                   ";;0h00m
0000367438;23/11/2023 12:11:44;" MAIARA DIAS ZANELA";" Pagamento de crédito";" 264- AQUISIÇÃO E REEMBOLSO-MÓVEL SEM  REGISTRO";934.017.449-68;" JAIR KOTTWITZ";010570/0286-00;;" Aguardando Regularização";072626;Braganey;207;SICREDI VALE DO PIQUIRI ABCD P;207;SUREG Vale do Piquiri PR;CENTRAL SICREDI PR/SP/RJ;103.0 Hora(s);2h11m;23/11/2023 15:03:21;ALIENAÇÃO DE BENS;1h00m;23/11/2023 15:03:17;23/11/2023 15:03:21;Camille Lyandra Paz dos Santos;0h00m
0000367438;23/11/2023 12:11:44;" MAIARA DIAS ZANELA";" Pagamento de crédito";" 264- AQUISIÇÃO E REEMBOLSO-MÓVEL SEM  REGISTRO";934.017.449-68;" JAIR KOTTWITZ";010570/0286-00;;" Aguardando Regularização";072626;Braganey;207;SICREDI VALE DO PIQUIRI ABCD P;207;SUREG Vale do Piquiri PR;CENTRAL SICREDI PR/SP/RJ;103.0 Hora(s);2h11m;23/11/2023 15:03:17;FINALIZAR CADASTRO DO BEM;1h00m;23/11/2023 15:03:09;23/11/2023 15:03:17;Camille Lyandra Paz dos Santos;0h00m
0000367438;23/11/2023 12:11:44;" MAIARA DIAS ZANELA";" Pagamento de crédito";" 264- AQUISIÇÃO E REEMBOLSO-MÓVEL SEM  REGISTRO";934.017.449-68;" JAIR KOTTWITZ";010570/0286-00;;" Aguardando Regularização";072626;Braganey;207;SICREDI VALE DO PIQUIRI ABCD P;207;SUREG Vale do Piquiri PR;CENTRAL SICREDI PR/SP/RJ;103.0 Hora(s);2h11m;23/11/2023 15:03:09;ANÁLISE DE DOCUMENTOS 1ª ETAPA;18h00m;23/11/2023 12:53:53;23/11/2023 15:03:09;Camille Lyandra Paz dos Santos;0h11m
0000367438;23/11/2023 12:11:44;" MAIARA DIAS ZANELA";" Pagamento de crédito";" 264- AQUISIÇÃO E REEMBOLSO-MÓVEL SEM  REGISTRO";934.017.449-68;" JAIR KOTTWITZ";010570/0286-00;;" Aguardando Regularização";072626;Braganey;207;SICREDI VALE DO PIQUIRI ABCD P;207;SUREG Vale do Piquiri PR;CENTRAL SICREDI PR/SP/RJ;103.0 Hora(s);2h11m;23/11/2023 12:53:53;ENVIAR DOCUMENTOS;1d21h00m;23/11/2023 12:52:35;23/11/2023 12:53:53;MAIARA DIAS ZANELA;0h00m
0000367438;23/11/2023 12:11:44;" MAIARA DIAS ZANELA";" Pagamento de crédito";" 264- AQUISIÇÃO E REEMBOLSO-MÓVEL SEM  REGISTRO";934.017.449-68;" JAIR KOTTWITZ";010570/0286-00;;" Aguardando Regularização";072626;Braganey;207;SICREDI VALE DO PIQUIRI ABCD P;207;SUREG Vale do Piquiri PR;CENTRAL SICREDI PR/SP/RJ;103.0 Hora(s);2h11m;23/11/2023 12:52:34;AUTORIZAÇÃO DE FATURAMENTO;0h00m;23/11/2023 12:52:11;23/11/2023 12:52:34;;0h00m
0000367438;23/11/2023 12:11:44;" MAIARA DIAS ZANELA";" Pagamento de crédito";" 264- AQUISIÇÃO E REEMBOLSO-MÓVEL SEM  REGISTRO";934.017.449-68;" JAIR KOTTWITZ";010570/0286-00;;" Aguardando Regularização";072626;Braganey;207;SICREDI VALE DO PIQUIRI ABCD P;207;SUREG Vale do Piquiri PR;CENTRAL SICREDI PR/SP/RJ;103.0 Hora(s);2h11m;"                   ";;;;;;
0000367438;23/11/2023 12:11:44;" MAIARA DIAS ZANELA";" Pagamento de crédito";" 264- AQUISIÇÃO E REEMBOLSO-MÓVEL SEM  REGISTRO";934.017.449-68;" JAIR KOTTWITZ";010570/0286-00;;" Aguardando Regularização";072626;Braganey;207;SICREDI VALE DO PIQUIRI ABCD P;207;SUREG Vale do Piquiri PR;CENTRAL SICREDI PR/SP/RJ;103.0 Hora(s);2h11m;23/11/2023 15:03:21;;;;;;
0000367438;23/11/2023 12:11:44;" MAIARA DIAS ZANELA";" Pagamento de crédito";" 264- AQUISIÇÃO E REEMBOLSO-MÓVEL SEM  REGISTRO";934.017.449-68;" JAIR KOTTWITZ";010570/0286-00;;" Aguardando Regularização";072626;Braganey;207;SICREDI VALE DO PIQUIRI ABCD P;207;SUREG Vale do Piquiri PR;CENTRAL SICREDI PR/SP/RJ;103.0 Hora(s);2h11m;23/11/2023 15:03:17;;;;;;
0000367438;23/11/2023 12:11:44;" MAIARA DIAS ZANELA";" Pagamento de crédito";" 264- AQUISIÇÃO E REEMBOLSO-MÓVEL SEM  REGISTRO";934.017.449-68;" JAIR KOTTWITZ";010570/0286-00;;" Aguardando Regularização";072626;Braganey;207;SICREDI VALE DO PIQUIRI ABCD P;207;SUREG Vale do Piquiri PR;CENTRAL SICREDI PR/SP/RJ;103.0 Hora(s);2h11m;23/11/2023 15:03:09;;;;;;
0000367438;23/11/2023 12:11:44;" MAIARA DIAS ZANELA";" Pagamento de crédito";" 264- AQUISIÇÃO E REEMBOLSO-MÓVEL SEM  REGISTRO";934.017.449-68;" JAIR KOTTWITZ";010570/0286-00;;" Aguardando Regularização";072626;Braganey;207;SICREDI VALE DO PIQUIRI ABCD P;207;SUREG Vale do Piquiri PR;CENTRAL SICREDI PR/SP/RJ;103.0 Hora(s);2h11m;23/11/2023 12:53:53;;;;;;
0000367438;23/11/2023 12:11:44;" MAIARA DIAS ZANELA";" Pagamento de crédito";" 264- AQUISIÇÃO E REEMBOLSO-MÓVEL SEM  REGISTRO";934.017.449-68;" JAIR KOTTWITZ";010570/0286-00;;" Aguardando Regularização";072626;Braganey;207;SICREDI VALE DO PIQUIRI ABCD P;207;SUREG Vale do Piquiri PR;CENTRAL SICREDI PR/SP/RJ;103.0 Hora(s);2h11m;23/11/2023 12:52:34;;;;;;
