﻿ID_Processo7;DT_Solicitacao8;NM_Usuario_Solicitacao8;NM_Tipo_Processo8;NM_Processo8;CD_Inscricao_Nacional8;NM_Pessoa8;Usuário;Grupo_Cota_Outros8;ST_Status8;CD_Comissionado2;NM_Fantasia_Comissionado2;CD_Tipo_Ponto_Venda3;NM_Fantasia_Ponto_Venda2;CD_Tipo_Ponto_Venda4;NM_Tipo_Ponto_Venda2;NM_Filial_Venda2;Nivel_Servico8;Tempo_Processo8;DH_Conclusao8;NM_Atividade1;Nivel_Servico_Atividade1;DT_Inicio_Atividade1;DT_Fim_Atividade1;NM_Usuario_Atividade1;Tempo_Processo_Atividade1
0000357715;14/11/2023 08:11:46;" LUCAS DA SILVA ESTANISLAU";" Pagamento de crédito";" 258- AQUISIÇÃO E REEMBOLSO-MÓVEL COM REGISTRO";101.802.979-61;" GRAZIELE BRAGA DA ROCHA";010558/0677-00;;" Concluído";072606;Umuarama;207;SICREDI VALE DO PIQUIRI ABCD P;207;SUREG Vale do Piquiri PR;CENTRAL SICREDI PR/SP/RJ;105.0 Hora(s);3d7h13m;17/11/2023 15:47:40;LIBERAR PAGAMENTOS;0h00m;17/11/2023 12:51:08;17/11/2023 15:47:40;Kelen Hahn Paulo;0h00m
0000357715;14/11/2023 08:11:46;" LUCAS DA SILVA ESTANISLAU";" Pagamento de crédito";" 258- AQUISIÇÃO E REEMBOLSO-MÓVEL COM REGISTRO";101.802.979-61;" GRAZIELE BRAGA DA ROCHA";010558/0677-00;;" Concluído";072606;Umuarama;207;SICREDI VALE DO PIQUIRI ABCD P;207;SUREG Vale do Piquiri PR;CENTRAL SICREDI PR/SP/RJ;105.0 Hora(s);3d7h13m;17/11/2023 12:51:08;APROVAR PAGAMENTO;1h00m;17/11/2023 12:51:00;17/11/2023 12:51:08;Eliane Ribas Barcelos;0h00m
0000357715;14/11/2023 08:11:46;" LUCAS DA SILVA ESTANISLAU";" Pagamento de crédito";" 258- AQUISIÇÃO E REEMBOLSO-MÓVEL COM REGISTRO";101.802.979-61;" GRAZIELE BRAGA DA ROCHA";010558/0677-00;;" Concluído";072606;Umuarama;207;SICREDI VALE DO PIQUIRI ABCD P;207;SUREG Vale do Piquiri PR;CENTRAL SICREDI PR/SP/RJ;105.0 Hora(s);3d7h13m;17/11/2023 12:51:00;PROGRAMAR PAGAMENTO;1h00m;17/11/2023 12:50:09;17/11/2023 12:51:00;Eliane Ribas Barcelos;0h01m
0000357715;14/11/2023 08:11:46;" LUCAS DA SILVA ESTANISLAU";" Pagamento de crédito";" 258- AQUISIÇÃO E REEMBOLSO-MÓVEL COM REGISTRO";101.802.979-61;" GRAZIELE BRAGA DA ROCHA";010558/0677-00;;" Concluído";072606;Umuarama;207;SICREDI VALE DO PIQUIRI ABCD P;207;SUREG Vale do Piquiri PR;CENTRAL SICREDI PR/SP/RJ;105.0 Hora(s);3d7h13m;17/11/2023 12:50:09;ANALISAR DOCUMENTOS PARA LIBERAÇÃO 2ª ETAPA;18h00m;16/11/2023 15:58:03;17/11/2023 12:50:09;Eliane Ribas Barcelos;0h31m
0000357715;14/11/2023 08:11:46;" LUCAS DA SILVA ESTANISLAU";" Pagamento de crédito";" 258- AQUISIÇÃO E REEMBOLSO-MÓVEL COM REGISTRO";101.802.979-61;" GRAZIELE BRAGA DA ROCHA";010558/0677-00;;" Concluído";072606;Umuarama;207;SICREDI VALE DO PIQUIRI ABCD P;207;SUREG Vale do Piquiri PR;CENTRAL SICREDI PR/SP/RJ;105.0 Hora(s);3d7h13m;16/11/2023 15:58:03;EMITIR DOCUMENTOS PARA LIBERAÇÃO;18h00m;16/11/2023 10:10:51;16/11/2023 15:58:03;LUCAS DA SILVA ESTANISLAU;0h00m
0000357715;14/11/2023 08:11:46;" LUCAS DA SILVA ESTANISLAU";" Pagamento de crédito";" 258- AQUISIÇÃO E REEMBOLSO-MÓVEL COM REGISTRO";101.802.979-61;" GRAZIELE BRAGA DA ROCHA";010558/0677-00;;" Concluído";072606;Umuarama;207;SICREDI VALE DO PIQUIRI ABCD P;207;SUREG Vale do Piquiri PR;CENTRAL SICREDI PR/SP/RJ;105.0 Hora(s);3d7h13m;16/11/2023 10:10:51;REGISTRAR CONTRATO MANUALMENTE;1h00m;16/11/2023 10:10:44;16/11/2023 10:10:51;Bianca Peck Berwanger;0h00m
0000357715;14/11/2023 08:11:46;" LUCAS DA SILVA ESTANISLAU";" Pagamento de crédito";" 258- AQUISIÇÃO E REEMBOLSO-MÓVEL COM REGISTRO";101.802.979-61;" GRAZIELE BRAGA DA ROCHA";010558/0677-00;;" Concluído";072606;Umuarama;207;SICREDI VALE DO PIQUIRI ABCD P;207;SUREG Vale do Piquiri PR;CENTRAL SICREDI PR/SP/RJ;105.0 Hora(s);3d7h13m;16/11/2023 10:10:44;ALIENAR O BEM;1h00m;14/11/2023 19:12:20;16/11/2023 10:10:44;Bianca Peck Berwanger;0h07m
0000357715;14/11/2023 08:11:46;" LUCAS DA SILVA ESTANISLAU";" Pagamento de crédito";" 258- AQUISIÇÃO E REEMBOLSO-MÓVEL COM REGISTRO";101.802.979-61;" GRAZIELE BRAGA DA ROCHA";010558/0677-00;;" Concluído";072606;Umuarama;207;SICREDI VALE DO PIQUIRI ABCD P;207;SUREG Vale do Piquiri PR;CENTRAL SICREDI PR/SP/RJ;105.0 Hora(s);3d7h13m;14/11/2023 19:12:20;FINALIZAR CADASTRO DO BEM;1h00m;14/11/2023 19:12:13;14/11/2023 19:12:20;Bianca Peck Berwanger;0h00m
0000357715;14/11/2023 08:11:46;" LUCAS DA SILVA ESTANISLAU";" Pagamento de crédito";" 258- AQUISIÇÃO E REEMBOLSO-MÓVEL COM REGISTRO";101.802.979-61;" GRAZIELE BRAGA DA ROCHA";010558/0677-00;;" Concluído";072606;Umuarama;207;SICREDI VALE DO PIQUIRI ABCD P;207;SUREG Vale do Piquiri PR;CENTRAL SICREDI PR/SP/RJ;105.0 Hora(s);3d7h13m;14/11/2023 19:12:13;ANÁLISE DE DOCUMENTOS 1ª ETAPA;18h00m;14/11/2023 08:38:04;14/11/2023 19:12:13;Bianca Peck Berwanger;0h14m
0000357715;14/11/2023 08:11:46;" LUCAS DA SILVA ESTANISLAU";" Pagamento de crédito";" 258- AQUISIÇÃO E REEMBOLSO-MÓVEL COM REGISTRO";101.802.979-61;" GRAZIELE BRAGA DA ROCHA";010558/0677-00;;" Concluído";072606;Umuarama;207;SICREDI VALE DO PIQUIRI ABCD P;207;SUREG Vale do Piquiri PR;CENTRAL SICREDI PR/SP/RJ;105.0 Hora(s);3d7h13m;14/11/2023 08:38:04;ENVIAR DOCUMENTOS;1d21h00m;14/11/2023 08:35:20;14/11/2023 08:38:04;LUCAS DA SILVA ESTANISLAU;0h00m
0000357715;14/11/2023 08:11:46;" LUCAS DA SILVA ESTANISLAU";" Pagamento de crédito";" 258- AQUISIÇÃO E REEMBOLSO-MÓVEL COM REGISTRO";101.802.979-61;" GRAZIELE BRAGA DA ROCHA";010558/0677-00;;" Concluído";072606;Umuarama;207;SICREDI VALE DO PIQUIRI ABCD P;207;SUREG Vale do Piquiri PR;CENTRAL SICREDI PR/SP/RJ;105.0 Hora(s);3d7h13m;14/11/2023 08:35:20;AUTORIZAÇÃO DE FATURAMENTO;0h00m;14/11/2023 08:34:49;14/11/2023 08:35:20;LUCAS DA SILVA ESTANISLAU;0h00m
0000357715;14/11/2023 08:11:46;" LUCAS DA SILVA ESTANISLAU";" Pagamento de crédito";" 258- AQUISIÇÃO E REEMBOLSO-MÓVEL COM REGISTRO";101.802.979-61;" GRAZIELE BRAGA DA ROCHA";010558/0677-00;;" Concluído";072606;Umuarama;207;SICREDI VALE DO PIQUIRI ABCD P;207;SUREG Vale do Piquiri PR;CENTRAL SICREDI PR/SP/RJ;105.0 Hora(s);3d7h13m;17/11/2023 15:47:40;;;;;;
0000357715;14/11/2023 08:11:46;" LUCAS DA SILVA ESTANISLAU";" Pagamento de crédito";" 258- AQUISIÇÃO E REEMBOLSO-MÓVEL COM REGISTRO";101.802.979-61;" GRAZIELE BRAGA DA ROCHA";010558/0677-00;;" Concluído";072606;Umuarama;207;SICREDI VALE DO PIQUIRI ABCD P;207;SUREG Vale do Piquiri PR;CENTRAL SICREDI PR/SP/RJ;105.0 Hora(s);3d7h13m;17/11/2023 12:51:08;;;;;;
0000357715;14/11/2023 08:11:46;" LUCAS DA SILVA ESTANISLAU";" Pagamento de crédito";" 258- AQUISIÇÃO E REEMBOLSO-MÓVEL COM REGISTRO";101.802.979-61;" GRAZIELE BRAGA DA ROCHA";010558/0677-00;;" Concluído";072606;Umuarama;207;SICREDI VALE DO PIQUIRI ABCD P;207;SUREG Vale do Piquiri PR;CENTRAL SICREDI PR/SP/RJ;105.0 Hora(s);3d7h13m;17/11/2023 12:51:00;;;;;;
0000357715;14/11/2023 08:11:46;" LUCAS DA SILVA ESTANISLAU";" Pagamento de crédito";" 258- AQUISIÇÃO E REEMBOLSO-MÓVEL COM REGISTRO";101.802.979-61;" GRAZIELE BRAGA DA ROCHA";010558/0677-00;;" Concluído";072606;Umuarama;207;SICREDI VALE DO PIQUIRI ABCD P;207;SUREG Vale do Piquiri PR;CENTRAL SICREDI PR/SP/RJ;105.0 Hora(s);3d7h13m;17/11/2023 12:50:09;;;;;;
0000357715;14/11/2023 08:11:46;" LUCAS DA SILVA ESTANISLAU";" Pagamento de crédito";" 258- AQUISIÇÃO E REEMBOLSO-MÓVEL COM REGISTRO";101.802.979-61;" GRAZIELE BRAGA DA ROCHA";010558/0677-00;;" Concluído";072606;Umuarama;207;SICREDI VALE DO PIQUIRI ABCD P;207;SUREG Vale do Piquiri PR;CENTRAL SICREDI PR/SP/RJ;105.0 Hora(s);3d7h13m;16/11/2023 15:58:03;;;;;;
0000357715;14/11/2023 08:11:46;" LUCAS DA SILVA ESTANISLAU";" Pagamento de crédito";" 258- AQUISIÇÃO E REEMBOLSO-MÓVEL COM REGISTRO";101.802.979-61;" GRAZIELE BRAGA DA ROCHA";010558/0677-00;;" Concluído";072606;Umuarama;207;SICREDI VALE DO PIQUIRI ABCD P;207;SUREG Vale do Piquiri PR;CENTRAL SICREDI PR/SP/RJ;105.0 Hora(s);3d7h13m;16/11/2023 10:10:51;;;;;;
0000357715;14/11/2023 08:11:46;" LUCAS DA SILVA ESTANISLAU";" Pagamento de crédito";" 258- AQUISIÇÃO E REEMBOLSO-MÓVEL COM REGISTRO";101.802.979-61;" GRAZIELE BRAGA DA ROCHA";010558/0677-00;;" Concluído";072606;Umuarama;207;SICREDI VALE DO PIQUIRI ABCD P;207;SUREG Vale do Piquiri PR;CENTRAL SICREDI PR/SP/RJ;105.0 Hora(s);3d7h13m;16/11/2023 10:10:44;;;;;;
0000357715;14/11/2023 08:11:46;" LUCAS DA SILVA ESTANISLAU";" Pagamento de crédito";" 258- AQUISIÇÃO E REEMBOLSO-MÓVEL COM REGISTRO";101.802.979-61;" GRAZIELE BRAGA DA ROCHA";010558/0677-00;;" Concluído";072606;Umuarama;207;SICREDI VALE DO PIQUIRI ABCD P;207;SUREG Vale do Piquiri PR;CENTRAL SICREDI PR/SP/RJ;105.0 Hora(s);3d7h13m;14/11/2023 19:12:20;;;;;;
0000357715;14/11/2023 08:11:46;" LUCAS DA SILVA ESTANISLAU";" Pagamento de crédito";" 258- AQUISIÇÃO E REEMBOLSO-MÓVEL COM REGISTRO";101.802.979-61;" GRAZIELE BRAGA DA ROCHA";010558/0677-00;;" Concluído";072606;Umuarama;207;SICREDI VALE DO PIQUIRI ABCD P;207;SUREG Vale do Piquiri PR;CENTRAL SICREDI PR/SP/RJ;105.0 Hora(s);3d7h13m;14/11/2023 19:12:13;;;;;;
0000357715;14/11/2023 08:11:46;" LUCAS DA SILVA ESTANISLAU";" Pagamento de crédito";" 258- AQUISIÇÃO E REEMBOLSO-MÓVEL COM REGISTRO";101.802.979-61;" GRAZIELE BRAGA DA ROCHA";010558/0677-00;;" Concluído";072606;Umuarama;207;SICREDI VALE DO PIQUIRI ABCD P;207;SUREG Vale do Piquiri PR;CENTRAL SICREDI PR/SP/RJ;105.0 Hora(s);3d7h13m;14/11/2023 08:38:04;;;;;;
0000357715;14/11/2023 08:11:46;" LUCAS DA SILVA ESTANISLAU";" Pagamento de crédito";" 258- AQUISIÇÃO E REEMBOLSO-MÓVEL COM REGISTRO";101.802.979-61;" GRAZIELE BRAGA DA ROCHA";010558/0677-00;;" Concluído";072606;Umuarama;207;SICREDI VALE DO PIQUIRI ABCD P;207;SUREG Vale do Piquiri PR;CENTRAL SICREDI PR/SP/RJ;105.0 Hora(s);3d7h13m;14/11/2023 08:35:20;;;;;;
