﻿ID_Processo7;DT_Solicitacao8;NM_Usuario_Solicitacao8;NM_Tipo_Processo8;NM_Processo8;CD_Inscricao_Nacional8;NM_Pessoa8;Usuário;Grupo_Cota_Outros8;ST_Status8;CD_Comissionado2;NM_Fantasia_Comissionado2;CD_Tipo_Ponto_Venda3;NM_Fantasia_Ponto_Venda2;CD_Tipo_Ponto_Venda4;NM_Tipo_Ponto_Venda2;NM_Filial_Venda2;Nivel_Servico8;Tempo_Processo8;DH_Conclusao8;NM_Atividade1;Nivel_Servico_Atividade1;DT_Inicio_Atividade1;DT_Fim_Atividade1;NM_Usuario_Atividade1;Tempo_Processo_Atividade1
0000355328;06/11/2023 14:11:53;" GABRIEL FERNANDES";" Pagamento de crédito";" 258- AQUISIÇÃO E REEMBOLSO-MÓVEL COM REGISTRO";005.101.680-00;" FABIANO ALEX OLLMANN";010540/0131-00;;" Concluído";021728;Praça Jaime Lago;104;SICREDI UNIESTADOS;104;SUREG Erechim RS;CENTRAL SICREDI SUL/SUDESTE;105.0 Hora(s);7d2h09m;13/11/2023 17:05:03;LIBERAR PAGAMENTOS;0h00m;13/11/2023 16:00:11;13/11/2023 17:05:03;Kelen Hahn Paulo;0h00m
0000355328;06/11/2023 14:11:53;" GABRIEL FERNANDES";" Pagamento de crédito";" 258- AQUISIÇÃO E REEMBOLSO-MÓVEL COM REGISTRO";005.101.680-00;" FABIANO ALEX OLLMANN";010540/0131-00;;" Concluído";021728;Praça Jaime Lago;104;SICREDI UNIESTADOS;104;SUREG Erechim RS;CENTRAL SICREDI SUL/SUDESTE;105.0 Hora(s);7d2h09m;13/11/2023 16:00:11;APROVAR PAGAMENTO;1h00m;13/11/2023 16:00:07;13/11/2023 16:00:11;LARISSA JAENISCH DUTRA PINTO;0h00m
0000355328;06/11/2023 14:11:53;" GABRIEL FERNANDES";" Pagamento de crédito";" 258- AQUISIÇÃO E REEMBOLSO-MÓVEL COM REGISTRO";005.101.680-00;" FABIANO ALEX OLLMANN";010540/0131-00;;" Concluído";021728;Praça Jaime Lago;104;SICREDI UNIESTADOS;104;SUREG Erechim RS;CENTRAL SICREDI SUL/SUDESTE;105.0 Hora(s);7d2h09m;13/11/2023 16:00:06;PROGRAMAR PAGAMENTO;1h00m;13/11/2023 15:59:37;13/11/2023 16:00:06;LARISSA JAENISCH DUTRA PINTO;0h01m
0000355328;06/11/2023 14:11:53;" GABRIEL FERNANDES";" Pagamento de crédito";" 258- AQUISIÇÃO E REEMBOLSO-MÓVEL COM REGISTRO";005.101.680-00;" FABIANO ALEX OLLMANN";010540/0131-00;;" Concluído";021728;Praça Jaime Lago;104;SICREDI UNIESTADOS;104;SUREG Erechim RS;CENTRAL SICREDI SUL/SUDESTE;105.0 Hora(s);7d2h09m;13/11/2023 15:59:37;ANALISAR DOCUMENTOS PARA LIBERAÇÃO 2ª ETAPA;18h00m;13/11/2023 11:50:21;13/11/2023 15:59:37;LARISSA JAENISCH DUTRA PINTO;0h01m
0000355328;06/11/2023 14:11:53;" GABRIEL FERNANDES";" Pagamento de crédito";" 258- AQUISIÇÃO E REEMBOLSO-MÓVEL COM REGISTRO";005.101.680-00;" FABIANO ALEX OLLMANN";010540/0131-00;;" Concluído";021728;Praça Jaime Lago;104;SICREDI UNIESTADOS;104;SUREG Erechim RS;CENTRAL SICREDI SUL/SUDESTE;105.0 Hora(s);7d2h09m;13/11/2023 11:50:21;EMITIR DOCUMENTOS PARA LIBERAÇÃO;18h00m;10/11/2023 18:35:06;13/11/2023 11:50:21;GABRIEL FERNANDES;0h00m
0000355328;06/11/2023 14:11:53;" GABRIEL FERNANDES";" Pagamento de crédito";" 258- AQUISIÇÃO E REEMBOLSO-MÓVEL COM REGISTRO";005.101.680-00;" FABIANO ALEX OLLMANN";010540/0131-00;;" Concluído";021728;Praça Jaime Lago;104;SICREDI UNIESTADOS;104;SUREG Erechim RS;CENTRAL SICREDI SUL/SUDESTE;105.0 Hora(s);7d2h09m;10/11/2023 18:35:05;REGISTRAR CONTRATO MANUALMENTE;1h00m;10/11/2023 18:34:59;10/11/2023 18:35:05;João Pedro Pieluhowski Silva;0h00m
0000355328;06/11/2023 14:11:53;" GABRIEL FERNANDES";" Pagamento de crédito";" 258- AQUISIÇÃO E REEMBOLSO-MÓVEL COM REGISTRO";005.101.680-00;" FABIANO ALEX OLLMANN";010540/0131-00;;" Concluído";021728;Praça Jaime Lago;104;SICREDI UNIESTADOS;104;SUREG Erechim RS;CENTRAL SICREDI SUL/SUDESTE;105.0 Hora(s);7d2h09m;10/11/2023 18:34:59;ALIENAR O BEM;1h00m;10/11/2023 12:43:50;10/11/2023 18:34:59;João Pedro Pieluhowski Silva;0h05m
0000355328;06/11/2023 14:11:53;" GABRIEL FERNANDES";" Pagamento de crédito";" 258- AQUISIÇÃO E REEMBOLSO-MÓVEL COM REGISTRO";005.101.680-00;" FABIANO ALEX OLLMANN";010540/0131-00;;" Concluído";021728;Praça Jaime Lago;104;SICREDI UNIESTADOS;104;SUREG Erechim RS;CENTRAL SICREDI SUL/SUDESTE;105.0 Hora(s);7d2h09m;10/11/2023 12:43:50;FINALIZAR CADASTRO DO BEM;1h00m;10/11/2023 12:43:45;10/11/2023 12:43:50;João Pedro Pieluhowski Silva;0h00m
0000355328;06/11/2023 14:11:53;" GABRIEL FERNANDES";" Pagamento de crédito";" 258- AQUISIÇÃO E REEMBOLSO-MÓVEL COM REGISTRO";005.101.680-00;" FABIANO ALEX OLLMANN";010540/0131-00;;" Concluído";021728;Praça Jaime Lago;104;SICREDI UNIESTADOS;104;SUREG Erechim RS;CENTRAL SICREDI SUL/SUDESTE;105.0 Hora(s);7d2h09m;10/11/2023 12:43:45;ANÁLISE DE DOCUMENTOS 1ª ETAPA;18h00m;09/11/2023 14:00:20;10/11/2023 12:43:45;João Pedro Pieluhowski Silva;0h10m
0000355328;06/11/2023 14:11:53;" GABRIEL FERNANDES";" Pagamento de crédito";" 258- AQUISIÇÃO E REEMBOLSO-MÓVEL COM REGISTRO";005.101.680-00;" FABIANO ALEX OLLMANN";010540/0131-00;;" Concluído";021728;Praça Jaime Lago;104;SICREDI UNIESTADOS;104;SUREG Erechim RS;CENTRAL SICREDI SUL/SUDESTE;105.0 Hora(s);7d2h09m;09/11/2023 14:00:20;ENVIAR DOCUMENTOS;1d21h00m;06/11/2023 14:57:30;09/11/2023 14:00:20;GABRIEL FERNANDES;0h00m
0000355328;06/11/2023 14:11:53;" GABRIEL FERNANDES";" Pagamento de crédito";" 258- AQUISIÇÃO E REEMBOLSO-MÓVEL COM REGISTRO";005.101.680-00;" FABIANO ALEX OLLMANN";010540/0131-00;;" Concluído";021728;Praça Jaime Lago;104;SICREDI UNIESTADOS;104;SUREG Erechim RS;CENTRAL SICREDI SUL/SUDESTE;105.0 Hora(s);7d2h09m;06/11/2023 14:57:30;AUTORIZAÇÃO DE FATURAMENTO;0h00m;06/11/2023 14:56:58;06/11/2023 14:57:30;;0h00m
0000355328;06/11/2023 14:11:53;" GABRIEL FERNANDES";" Pagamento de crédito";" 258- AQUISIÇÃO E REEMBOLSO-MÓVEL COM REGISTRO";005.101.680-00;" FABIANO ALEX OLLMANN";010540/0131-00;;" Concluído";021728;Praça Jaime Lago;104;SICREDI UNIESTADOS;104;SUREG Erechim RS;CENTRAL SICREDI SUL/SUDESTE;105.0 Hora(s);7d2h09m;13/11/2023 17:05:03;;;;;;
0000355328;06/11/2023 14:11:53;" GABRIEL FERNANDES";" Pagamento de crédito";" 258- AQUISIÇÃO E REEMBOLSO-MÓVEL COM REGISTRO";005.101.680-00;" FABIANO ALEX OLLMANN";010540/0131-00;;" Concluído";021728;Praça Jaime Lago;104;SICREDI UNIESTADOS;104;SUREG Erechim RS;CENTRAL SICREDI SUL/SUDESTE;105.0 Hora(s);7d2h09m;13/11/2023 16:00:11;;;;;;
0000355328;06/11/2023 14:11:53;" GABRIEL FERNANDES";" Pagamento de crédito";" 258- AQUISIÇÃO E REEMBOLSO-MÓVEL COM REGISTRO";005.101.680-00;" FABIANO ALEX OLLMANN";010540/0131-00;;" Concluído";021728;Praça Jaime Lago;104;SICREDI UNIESTADOS;104;SUREG Erechim RS;CENTRAL SICREDI SUL/SUDESTE;105.0 Hora(s);7d2h09m;13/11/2023 16:00:06;;;;;;
0000355328;06/11/2023 14:11:53;" GABRIEL FERNANDES";" Pagamento de crédito";" 258- AQUISIÇÃO E REEMBOLSO-MÓVEL COM REGISTRO";005.101.680-00;" FABIANO ALEX OLLMANN";010540/0131-00;;" Concluído";021728;Praça Jaime Lago;104;SICREDI UNIESTADOS;104;SUREG Erechim RS;CENTRAL SICREDI SUL/SUDESTE;105.0 Hora(s);7d2h09m;13/11/2023 15:59:37;;;;;;
0000355328;06/11/2023 14:11:53;" GABRIEL FERNANDES";" Pagamento de crédito";" 258- AQUISIÇÃO E REEMBOLSO-MÓVEL COM REGISTRO";005.101.680-00;" FABIANO ALEX OLLMANN";010540/0131-00;;" Concluído";021728;Praça Jaime Lago;104;SICREDI UNIESTADOS;104;SUREG Erechim RS;CENTRAL SICREDI SUL/SUDESTE;105.0 Hora(s);7d2h09m;13/11/2023 11:50:21;;;;;;
0000355328;06/11/2023 14:11:53;" GABRIEL FERNANDES";" Pagamento de crédito";" 258- AQUISIÇÃO E REEMBOLSO-MÓVEL COM REGISTRO";005.101.680-00;" FABIANO ALEX OLLMANN";010540/0131-00;;" Concluído";021728;Praça Jaime Lago;104;SICREDI UNIESTADOS;104;SUREG Erechim RS;CENTRAL SICREDI SUL/SUDESTE;105.0 Hora(s);7d2h09m;10/11/2023 18:35:05;;;;;;
0000355328;06/11/2023 14:11:53;" GABRIEL FERNANDES";" Pagamento de crédito";" 258- AQUISIÇÃO E REEMBOLSO-MÓVEL COM REGISTRO";005.101.680-00;" FABIANO ALEX OLLMANN";010540/0131-00;;" Concluído";021728;Praça Jaime Lago;104;SICREDI UNIESTADOS;104;SUREG Erechim RS;CENTRAL SICREDI SUL/SUDESTE;105.0 Hora(s);7d2h09m;10/11/2023 18:34:59;;;;;;
0000355328;06/11/2023 14:11:53;" GABRIEL FERNANDES";" Pagamento de crédito";" 258- AQUISIÇÃO E REEMBOLSO-MÓVEL COM REGISTRO";005.101.680-00;" FABIANO ALEX OLLMANN";010540/0131-00;;" Concluído";021728;Praça Jaime Lago;104;SICREDI UNIESTADOS;104;SUREG Erechim RS;CENTRAL SICREDI SUL/SUDESTE;105.0 Hora(s);7d2h09m;10/11/2023 12:43:50;;;;;;
0000355328;06/11/2023 14:11:53;" GABRIEL FERNANDES";" Pagamento de crédito";" 258- AQUISIÇÃO E REEMBOLSO-MÓVEL COM REGISTRO";005.101.680-00;" FABIANO ALEX OLLMANN";010540/0131-00;;" Concluído";021728;Praça Jaime Lago;104;SICREDI UNIESTADOS;104;SUREG Erechim RS;CENTRAL SICREDI SUL/SUDESTE;105.0 Hora(s);7d2h09m;10/11/2023 12:43:45;;;;;;
0000355328;06/11/2023 14:11:53;" GABRIEL FERNANDES";" Pagamento de crédito";" 258- AQUISIÇÃO E REEMBOLSO-MÓVEL COM REGISTRO";005.101.680-00;" FABIANO ALEX OLLMANN";010540/0131-00;;" Concluído";021728;Praça Jaime Lago;104;SICREDI UNIESTADOS;104;SUREG Erechim RS;CENTRAL SICREDI SUL/SUDESTE;105.0 Hora(s);7d2h09m;09/11/2023 14:00:20;;;;;;
0000355328;06/11/2023 14:11:53;" GABRIEL FERNANDES";" Pagamento de crédito";" 258- AQUISIÇÃO E REEMBOLSO-MÓVEL COM REGISTRO";005.101.680-00;" FABIANO ALEX OLLMANN";010540/0131-00;;" Concluído";021728;Praça Jaime Lago;104;SICREDI UNIESTADOS;104;SUREG Erechim RS;CENTRAL SICREDI SUL/SUDESTE;105.0 Hora(s);7d2h09m;06/11/2023 14:57:30;;;;;;
