﻿ID_Processo7;DT_Solicitacao8;NM_Usuario_Solicitacao8;NM_Tipo_Processo8;NM_Processo8;CD_Inscricao_Nacional8;NM_Pessoa8;Usuário;Grupo_Cota_Outros8;ST_Status8;CD_Comissionado2;NM_Fantasia_Comissionado2;CD_Tipo_Ponto_Venda3;NM_Fantasia_Ponto_Venda2;CD_Tipo_Ponto_Venda4;NM_Tipo_Ponto_Venda2;NM_Filial_Venda2;Nivel_Servico8;Tempo_Processo8;DH_Conclusao8;NM_Atividade1;Nivel_Servico_Atividade1;DT_Inicio_Atividade1;DT_Fim_Atividade1;NM_Usuario_Atividade1;Tempo_Processo_Atividade1
0000367532;23/11/2023 15:11:05;" MAIARA DIAS ZANELA";" Pagamento de crédito";" 258- AQUISIÇÃO E REEMBOLSO-MÓVEL COM REGISTRO";103.828.629-88;" VITORIA MEDEIROS SILVA";010551/0161-00;;" Andamento";072677;Altamira do Paraná;207;SICREDI VALE DO PIQUIRI ABCD P;207;SUREG Vale do Piquiri PR;CENTRAL SICREDI PR/SP/RJ;105.0 Hora(s);3d15h57m;"                   ";LIBERAR PAGAMENTOS;0h00m;27/11/2023 07:15:12;"                   ";;0h00m
0000367532;23/11/2023 15:11:05;" MAIARA DIAS ZANELA";" Pagamento de crédito";" 258- AQUISIÇÃO E REEMBOLSO-MÓVEL COM REGISTRO";103.828.629-88;" VITORIA MEDEIROS SILVA";010551/0161-00;;" Andamento";072677;Altamira do Paraná;207;SICREDI VALE DO PIQUIRI ABCD P;207;SUREG Vale do Piquiri PR;CENTRAL SICREDI PR/SP/RJ;105.0 Hora(s);3d15h57m;27/11/2023 07:15:12;APROVAR PAGAMENTO;1h00m;27/11/2023 07:15:05;27/11/2023 07:15:12;Eliane Ribas Barcelos;0h00m
0000367532;23/11/2023 15:11:05;" MAIARA DIAS ZANELA";" Pagamento de crédito";" 258- AQUISIÇÃO E REEMBOLSO-MÓVEL COM REGISTRO";103.828.629-88;" VITORIA MEDEIROS SILVA";010551/0161-00;;" Andamento";072677;Altamira do Paraná;207;SICREDI VALE DO PIQUIRI ABCD P;207;SUREG Vale do Piquiri PR;CENTRAL SICREDI PR/SP/RJ;105.0 Hora(s);3d15h57m;27/11/2023 07:15:05;PROGRAMAR PAGAMENTO;1h00m;27/11/2023 07:14:43;27/11/2023 07:15:05;Eliane Ribas Barcelos;0h01m
0000367532;23/11/2023 15:11:05;" MAIARA DIAS ZANELA";" Pagamento de crédito";" 258- AQUISIÇÃO E REEMBOLSO-MÓVEL COM REGISTRO";103.828.629-88;" VITORIA MEDEIROS SILVA";010551/0161-00;;" Andamento";072677;Altamira do Paraná;207;SICREDI VALE DO PIQUIRI ABCD P;207;SUREG Vale do Piquiri PR;CENTRAL SICREDI PR/SP/RJ;105.0 Hora(s);3d15h57m;27/11/2023 07:14:43;ANALISAR DOCUMENTOS PARA LIBERAÇÃO 2ª ETAPA;18h00m;24/11/2023 15:56:09;27/11/2023 07:14:43;Eliane Ribas Barcelos;0h04m
0000367532;23/11/2023 15:11:05;" MAIARA DIAS ZANELA";" Pagamento de crédito";" 258- AQUISIÇÃO E REEMBOLSO-MÓVEL COM REGISTRO";103.828.629-88;" VITORIA MEDEIROS SILVA";010551/0161-00;;" Andamento";072677;Altamira do Paraná;207;SICREDI VALE DO PIQUIRI ABCD P;207;SUREG Vale do Piquiri PR;CENTRAL SICREDI PR/SP/RJ;105.0 Hora(s);3d15h57m;24/11/2023 15:56:09;EMITIR DOCUMENTOS PARA LIBERAÇÃO;18h00m;24/11/2023 13:04:49;24/11/2023 15:56:09;DANIELY MENDONCA DE FREITAS;0h00m
0000367532;23/11/2023 15:11:05;" MAIARA DIAS ZANELA";" Pagamento de crédito";" 258- AQUISIÇÃO E REEMBOLSO-MÓVEL COM REGISTRO";103.828.629-88;" VITORIA MEDEIROS SILVA";010551/0161-00;;" Andamento";072677;Altamira do Paraná;207;SICREDI VALE DO PIQUIRI ABCD P;207;SUREG Vale do Piquiri PR;CENTRAL SICREDI PR/SP/RJ;105.0 Hora(s);3d15h57m;24/11/2023 13:04:49;REGISTRAR CONTRATO MANUALMENTE;1h00m;24/11/2023 13:04:42;24/11/2023 13:04:49;Bianca Peck Berwanger;0h01m
0000367532;23/11/2023 15:11:05;" MAIARA DIAS ZANELA";" Pagamento de crédito";" 258- AQUISIÇÃO E REEMBOLSO-MÓVEL COM REGISTRO";103.828.629-88;" VITORIA MEDEIROS SILVA";010551/0161-00;;" Andamento";072677;Altamira do Paraná;207;SICREDI VALE DO PIQUIRI ABCD P;207;SUREG Vale do Piquiri PR;CENTRAL SICREDI PR/SP/RJ;105.0 Hora(s);3d15h57m;24/11/2023 13:04:42;ALIENAR O BEM;1h00m;24/11/2023 13:04:23;24/11/2023 13:04:42;Bianca Peck Berwanger;0h00m
0000367532;23/11/2023 15:11:05;" MAIARA DIAS ZANELA";" Pagamento de crédito";" 258- AQUISIÇÃO E REEMBOLSO-MÓVEL COM REGISTRO";103.828.629-88;" VITORIA MEDEIROS SILVA";010551/0161-00;;" Andamento";072677;Altamira do Paraná;207;SICREDI VALE DO PIQUIRI ABCD P;207;SUREG Vale do Piquiri PR;CENTRAL SICREDI PR/SP/RJ;105.0 Hora(s);3d15h57m;24/11/2023 13:04:23;FINALIZAR CADASTRO DO BEM;1h00m;24/11/2023 13:04:15;24/11/2023 13:04:23;Bianca Peck Berwanger;0h00m
0000367532;23/11/2023 15:11:05;" MAIARA DIAS ZANELA";" Pagamento de crédito";" 258- AQUISIÇÃO E REEMBOLSO-MÓVEL COM REGISTRO";103.828.629-88;" VITORIA MEDEIROS SILVA";010551/0161-00;;" Andamento";072677;Altamira do Paraná;207;SICREDI VALE DO PIQUIRI ABCD P;207;SUREG Vale do Piquiri PR;CENTRAL SICREDI PR/SP/RJ;105.0 Hora(s);3d15h57m;24/11/2023 13:04:15;ANÁLISE DE DOCUMENTOS 1ª ETAPA;18h00m;23/11/2023 15:19:15;24/11/2023 13:04:15;Bianca Peck Berwanger;0h09m
0000367532;23/11/2023 15:11:05;" MAIARA DIAS ZANELA";" Pagamento de crédito";" 258- AQUISIÇÃO E REEMBOLSO-MÓVEL COM REGISTRO";103.828.629-88;" VITORIA MEDEIROS SILVA";010551/0161-00;;" Andamento";072677;Altamira do Paraná;207;SICREDI VALE DO PIQUIRI ABCD P;207;SUREG Vale do Piquiri PR;CENTRAL SICREDI PR/SP/RJ;105.0 Hora(s);3d15h57m;23/11/2023 15:19:15;ENVIAR DOCUMENTOS;1d21h00m;23/11/2023 15:18:41;23/11/2023 15:19:15;MAIARA DIAS ZANELA;0h00m
0000367532;23/11/2023 15:11:05;" MAIARA DIAS ZANELA";" Pagamento de crédito";" 258- AQUISIÇÃO E REEMBOLSO-MÓVEL COM REGISTRO";103.828.629-88;" VITORIA MEDEIROS SILVA";010551/0161-00;;" Andamento";072677;Altamira do Paraná;207;SICREDI VALE DO PIQUIRI ABCD P;207;SUREG Vale do Piquiri PR;CENTRAL SICREDI PR/SP/RJ;105.0 Hora(s);3d15h57m;23/11/2023 15:18:41;AUTORIZAÇÃO DE FATURAMENTO;0h00m;23/11/2023 15:18:23;23/11/2023 15:18:41;;0h00m
0000367532;23/11/2023 15:11:05;" MAIARA DIAS ZANELA";" Pagamento de crédito";" 258- AQUISIÇÃO E REEMBOLSO-MÓVEL COM REGISTRO";103.828.629-88;" VITORIA MEDEIROS SILVA";010551/0161-00;;" Andamento";072677;Altamira do Paraná;207;SICREDI VALE DO PIQUIRI ABCD P;207;SUREG Vale do Piquiri PR;CENTRAL SICREDI PR/SP/RJ;105.0 Hora(s);3d15h57m;"                   ";;;;;;
0000367532;23/11/2023 15:11:05;" MAIARA DIAS ZANELA";" Pagamento de crédito";" 258- AQUISIÇÃO E REEMBOLSO-MÓVEL COM REGISTRO";103.828.629-88;" VITORIA MEDEIROS SILVA";010551/0161-00;;" Andamento";072677;Altamira do Paraná;207;SICREDI VALE DO PIQUIRI ABCD P;207;SUREG Vale do Piquiri PR;CENTRAL SICREDI PR/SP/RJ;105.0 Hora(s);3d15h57m;27/11/2023 07:15:12;;;;;;
0000367532;23/11/2023 15:11:05;" MAIARA DIAS ZANELA";" Pagamento de crédito";" 258- AQUISIÇÃO E REEMBOLSO-MÓVEL COM REGISTRO";103.828.629-88;" VITORIA MEDEIROS SILVA";010551/0161-00;;" Andamento";072677;Altamira do Paraná;207;SICREDI VALE DO PIQUIRI ABCD P;207;SUREG Vale do Piquiri PR;CENTRAL SICREDI PR/SP/RJ;105.0 Hora(s);3d15h57m;27/11/2023 07:15:05;;;;;;
0000367532;23/11/2023 15:11:05;" MAIARA DIAS ZANELA";" Pagamento de crédito";" 258- AQUISIÇÃO E REEMBOLSO-MÓVEL COM REGISTRO";103.828.629-88;" VITORIA MEDEIROS SILVA";010551/0161-00;;" Andamento";072677;Altamira do Paraná;207;SICREDI VALE DO PIQUIRI ABCD P;207;SUREG Vale do Piquiri PR;CENTRAL SICREDI PR/SP/RJ;105.0 Hora(s);3d15h57m;27/11/2023 07:14:43;;;;;;
0000367532;23/11/2023 15:11:05;" MAIARA DIAS ZANELA";" Pagamento de crédito";" 258- AQUISIÇÃO E REEMBOLSO-MÓVEL COM REGISTRO";103.828.629-88;" VITORIA MEDEIROS SILVA";010551/0161-00;;" Andamento";072677;Altamira do Paraná;207;SICREDI VALE DO PIQUIRI ABCD P;207;SUREG Vale do Piquiri PR;CENTRAL SICREDI PR/SP/RJ;105.0 Hora(s);3d15h57m;24/11/2023 15:56:09;;;;;;
0000367532;23/11/2023 15:11:05;" MAIARA DIAS ZANELA";" Pagamento de crédito";" 258- AQUISIÇÃO E REEMBOLSO-MÓVEL COM REGISTRO";103.828.629-88;" VITORIA MEDEIROS SILVA";010551/0161-00;;" Andamento";072677;Altamira do Paraná;207;SICREDI VALE DO PIQUIRI ABCD P;207;SUREG Vale do Piquiri PR;CENTRAL SICREDI PR/SP/RJ;105.0 Hora(s);3d15h57m;24/11/2023 13:04:49;;;;;;
0000367532;23/11/2023 15:11:05;" MAIARA DIAS ZANELA";" Pagamento de crédito";" 258- AQUISIÇÃO E REEMBOLSO-MÓVEL COM REGISTRO";103.828.629-88;" VITORIA MEDEIROS SILVA";010551/0161-00;;" Andamento";072677;Altamira do Paraná;207;SICREDI VALE DO PIQUIRI ABCD P;207;SUREG Vale do Piquiri PR;CENTRAL SICREDI PR/SP/RJ;105.0 Hora(s);3d15h57m;24/11/2023 13:04:42;;;;;;
0000367532;23/11/2023 15:11:05;" MAIARA DIAS ZANELA";" Pagamento de crédito";" 258- AQUISIÇÃO E REEMBOLSO-MÓVEL COM REGISTRO";103.828.629-88;" VITORIA MEDEIROS SILVA";010551/0161-00;;" Andamento";072677;Altamira do Paraná;207;SICREDI VALE DO PIQUIRI ABCD P;207;SUREG Vale do Piquiri PR;CENTRAL SICREDI PR/SP/RJ;105.0 Hora(s);3d15h57m;24/11/2023 13:04:23;;;;;;
0000367532;23/11/2023 15:11:05;" MAIARA DIAS ZANELA";" Pagamento de crédito";" 258- AQUISIÇÃO E REEMBOLSO-MÓVEL COM REGISTRO";103.828.629-88;" VITORIA MEDEIROS SILVA";010551/0161-00;;" Andamento";072677;Altamira do Paraná;207;SICREDI VALE DO PIQUIRI ABCD P;207;SUREG Vale do Piquiri PR;CENTRAL SICREDI PR/SP/RJ;105.0 Hora(s);3d15h57m;24/11/2023 13:04:15;;;;;;
0000367532;23/11/2023 15:11:05;" MAIARA DIAS ZANELA";" Pagamento de crédito";" 258- AQUISIÇÃO E REEMBOLSO-MÓVEL COM REGISTRO";103.828.629-88;" VITORIA MEDEIROS SILVA";010551/0161-00;;" Andamento";072677;Altamira do Paraná;207;SICREDI VALE DO PIQUIRI ABCD P;207;SUREG Vale do Piquiri PR;CENTRAL SICREDI PR/SP/RJ;105.0 Hora(s);3d15h57m;23/11/2023 15:19:15;;;;;;
0000367532;23/11/2023 15:11:05;" MAIARA DIAS ZANELA";" Pagamento de crédito";" 258- AQUISIÇÃO E REEMBOLSO-MÓVEL COM REGISTRO";103.828.629-88;" VITORIA MEDEIROS SILVA";010551/0161-00;;" Andamento";072677;Altamira do Paraná;207;SICREDI VALE DO PIQUIRI ABCD P;207;SUREG Vale do Piquiri PR;CENTRAL SICREDI PR/SP/RJ;105.0 Hora(s);3d15h57m;23/11/2023 15:18:41;;;;;;
