﻿ID_Processo7;DT_Solicitacao8;NM_Usuario_Solicitacao8;NM_Tipo_Processo8;NM_Processo8;CD_Inscricao_Nacional8;NM_Pessoa8;Usuário;Grupo_Cota_Outros8;ST_Status8;CD_Comissionado2;NM_Fantasia_Comissionado2;CD_Tipo_Ponto_Venda3;NM_Fantasia_Ponto_Venda2;CD_Tipo_Ponto_Venda4;NM_Tipo_Ponto_Venda2;NM_Filial_Venda2;Nivel_Servico8;Tempo_Processo8;DH_Conclusao8;NM_Atividade1;Nivel_Servico_Atividade1;DT_Inicio_Atividade1;DT_Fim_Atividade1;NM_Usuario_Atividade1;Tempo_Processo_Atividade1
0000355369;06/11/2023 15:11:09;" JANAINA DE OLIVEIRA DORNELLES";" Pagamento de crédito";" 258- AQUISIÇÃO E REEMBOLSO-MÓVEL COM REGISTRO";050.382.429-10;" MARCELO FUMAGALLI";010507/0044-00;;" Concluído";072605;Palotina;207;SICREDI VALE DO PIQUIRI ABCD P;207;SUREG Vale do Piquiri PR;CENTRAL SICREDI PR/SP/RJ;105.0 Hora(s);3d19h54m;10/11/2023 11:49:42;LIBERAR PAGAMENTOS;0h00m;10/11/2023 10:37:25;10/11/2023 11:49:42;ELKIAYER FAGUNDES TRINDADE;0h00m
0000355369;06/11/2023 15:11:09;" JANAINA DE OLIVEIRA DORNELLES";" Pagamento de crédito";" 258- AQUISIÇÃO E REEMBOLSO-MÓVEL COM REGISTRO";050.382.429-10;" MARCELO FUMAGALLI";010507/0044-00;;" Concluído";072605;Palotina;207;SICREDI VALE DO PIQUIRI ABCD P;207;SUREG Vale do Piquiri PR;CENTRAL SICREDI PR/SP/RJ;105.0 Hora(s);3d19h54m;10/11/2023 10:37:24;APROVAR PAGAMENTO;1h00m;10/11/2023 10:37:04;10/11/2023 10:37:24;KELLY DA ROCHA KASPER;0h00m
0000355369;06/11/2023 15:11:09;" JANAINA DE OLIVEIRA DORNELLES";" Pagamento de crédito";" 258- AQUISIÇÃO E REEMBOLSO-MÓVEL COM REGISTRO";050.382.429-10;" MARCELO FUMAGALLI";010507/0044-00;;" Concluído";072605;Palotina;207;SICREDI VALE DO PIQUIRI ABCD P;207;SUREG Vale do Piquiri PR;CENTRAL SICREDI PR/SP/RJ;105.0 Hora(s);3d19h54m;10/11/2023 10:37:04;PROGRAMAR PAGAMENTO;1h00m;10/11/2023 10:34:51;10/11/2023 10:37:04;KELLY DA ROCHA KASPER;0h03m
0000355369;06/11/2023 15:11:09;" JANAINA DE OLIVEIRA DORNELLES";" Pagamento de crédito";" 258- AQUISIÇÃO E REEMBOLSO-MÓVEL COM REGISTRO";050.382.429-10;" MARCELO FUMAGALLI";010507/0044-00;;" Concluído";072605;Palotina;207;SICREDI VALE DO PIQUIRI ABCD P;207;SUREG Vale do Piquiri PR;CENTRAL SICREDI PR/SP/RJ;105.0 Hora(s);3d19h54m;10/11/2023 10:34:51;ANALISAR DOCUMENTOS PARA LIBERAÇÃO 2ª ETAPA;18h00m;09/11/2023 10:56:49;10/11/2023 10:34:51;KELLY DA ROCHA KASPER;0h01m
0000355369;06/11/2023 15:11:09;" JANAINA DE OLIVEIRA DORNELLES";" Pagamento de crédito";" 258- AQUISIÇÃO E REEMBOLSO-MÓVEL COM REGISTRO";050.382.429-10;" MARCELO FUMAGALLI";010507/0044-00;;" Concluído";072605;Palotina;207;SICREDI VALE DO PIQUIRI ABCD P;207;SUREG Vale do Piquiri PR;CENTRAL SICREDI PR/SP/RJ;105.0 Hora(s);3d19h54m;09/11/2023 10:56:49;EMITIR DOCUMENTOS PARA LIBERAÇÃO;18h00m;07/11/2023 16:51:07;09/11/2023 10:56:49;JANAINA DE OLIVEIRA DORNELLES;0h00m
0000355369;06/11/2023 15:11:09;" JANAINA DE OLIVEIRA DORNELLES";" Pagamento de crédito";" 258- AQUISIÇÃO E REEMBOLSO-MÓVEL COM REGISTRO";050.382.429-10;" MARCELO FUMAGALLI";010507/0044-00;;" Concluído";072605;Palotina;207;SICREDI VALE DO PIQUIRI ABCD P;207;SUREG Vale do Piquiri PR;CENTRAL SICREDI PR/SP/RJ;105.0 Hora(s);3d19h54m;07/11/2023 16:51:07;REGISTRAR CONTRATO MANUALMENTE;1h00m;07/11/2023 16:50:58;07/11/2023 16:51:07;Clara Vargas;0h00m
0000355369;06/11/2023 15:11:09;" JANAINA DE OLIVEIRA DORNELLES";" Pagamento de crédito";" 258- AQUISIÇÃO E REEMBOLSO-MÓVEL COM REGISTRO";050.382.429-10;" MARCELO FUMAGALLI";010507/0044-00;;" Concluído";072605;Palotina;207;SICREDI VALE DO PIQUIRI ABCD P;207;SUREG Vale do Piquiri PR;CENTRAL SICREDI PR/SP/RJ;105.0 Hora(s);3d19h54m;07/11/2023 16:50:58;ALIENAR O BEM;1h00m;07/11/2023 16:50:17;07/11/2023 16:50:58;Clara Vargas;0h00m
0000355369;06/11/2023 15:11:09;" JANAINA DE OLIVEIRA DORNELLES";" Pagamento de crédito";" 258- AQUISIÇÃO E REEMBOLSO-MÓVEL COM REGISTRO";050.382.429-10;" MARCELO FUMAGALLI";010507/0044-00;;" Concluído";072605;Palotina;207;SICREDI VALE DO PIQUIRI ABCD P;207;SUREG Vale do Piquiri PR;CENTRAL SICREDI PR/SP/RJ;105.0 Hora(s);3d19h54m;07/11/2023 16:50:17;FINALIZAR CADASTRO DO BEM;1h00m;07/11/2023 16:50:14;07/11/2023 16:50:17;Clara Vargas;0h00m
0000355369;06/11/2023 15:11:09;" JANAINA DE OLIVEIRA DORNELLES";" Pagamento de crédito";" 258- AQUISIÇÃO E REEMBOLSO-MÓVEL COM REGISTRO";050.382.429-10;" MARCELO FUMAGALLI";010507/0044-00;;" Concluído";072605;Palotina;207;SICREDI VALE DO PIQUIRI ABCD P;207;SUREG Vale do Piquiri PR;CENTRAL SICREDI PR/SP/RJ;105.0 Hora(s);3d19h54m;07/11/2023 16:50:14;ANÁLISE DE DOCUMENTOS 1ª ETAPA;18h00m;06/11/2023 16:36:45;07/11/2023 16:50:14;Clara Vargas;0h07m
0000355369;06/11/2023 15:11:09;" JANAINA DE OLIVEIRA DORNELLES";" Pagamento de crédito";" 258- AQUISIÇÃO E REEMBOLSO-MÓVEL COM REGISTRO";050.382.429-10;" MARCELO FUMAGALLI";010507/0044-00;;" Concluído";072605;Palotina;207;SICREDI VALE DO PIQUIRI ABCD P;207;SUREG Vale do Piquiri PR;CENTRAL SICREDI PR/SP/RJ;105.0 Hora(s);3d19h54m;06/11/2023 16:36:45;ENVIAR DOCUMENTOS;1d21h00m;06/11/2023 15:55:39;06/11/2023 16:36:45;JANAINA DE OLIVEIRA DORNELLES;0h00m
0000355369;06/11/2023 15:11:09;" JANAINA DE OLIVEIRA DORNELLES";" Pagamento de crédito";" 258- AQUISIÇÃO E REEMBOLSO-MÓVEL COM REGISTRO";050.382.429-10;" MARCELO FUMAGALLI";010507/0044-00;;" Concluído";072605;Palotina;207;SICREDI VALE DO PIQUIRI ABCD P;207;SUREG Vale do Piquiri PR;CENTRAL SICREDI PR/SP/RJ;105.0 Hora(s);3d19h54m;06/11/2023 15:55:39;AUTORIZAÇÃO DE FATURAMENTO;0h00m;06/11/2023 15:55:00;06/11/2023 15:55:39;;0h00m
0000355369;06/11/2023 15:11:09;" JANAINA DE OLIVEIRA DORNELLES";" Pagamento de crédito";" 258- AQUISIÇÃO E REEMBOLSO-MÓVEL COM REGISTRO";050.382.429-10;" MARCELO FUMAGALLI";010507/0044-00;;" Concluído";072605;Palotina;207;SICREDI VALE DO PIQUIRI ABCD P;207;SUREG Vale do Piquiri PR;CENTRAL SICREDI PR/SP/RJ;105.0 Hora(s);3d19h54m;10/11/2023 11:49:42;;;;;;
0000355369;06/11/2023 15:11:09;" JANAINA DE OLIVEIRA DORNELLES";" Pagamento de crédito";" 258- AQUISIÇÃO E REEMBOLSO-MÓVEL COM REGISTRO";050.382.429-10;" MARCELO FUMAGALLI";010507/0044-00;;" Concluído";072605;Palotina;207;SICREDI VALE DO PIQUIRI ABCD P;207;SUREG Vale do Piquiri PR;CENTRAL SICREDI PR/SP/RJ;105.0 Hora(s);3d19h54m;10/11/2023 10:37:24;;;;;;
0000355369;06/11/2023 15:11:09;" JANAINA DE OLIVEIRA DORNELLES";" Pagamento de crédito";" 258- AQUISIÇÃO E REEMBOLSO-MÓVEL COM REGISTRO";050.382.429-10;" MARCELO FUMAGALLI";010507/0044-00;;" Concluído";072605;Palotina;207;SICREDI VALE DO PIQUIRI ABCD P;207;SUREG Vale do Piquiri PR;CENTRAL SICREDI PR/SP/RJ;105.0 Hora(s);3d19h54m;10/11/2023 10:37:04;;;;;;
0000355369;06/11/2023 15:11:09;" JANAINA DE OLIVEIRA DORNELLES";" Pagamento de crédito";" 258- AQUISIÇÃO E REEMBOLSO-MÓVEL COM REGISTRO";050.382.429-10;" MARCELO FUMAGALLI";010507/0044-00;;" Concluído";072605;Palotina;207;SICREDI VALE DO PIQUIRI ABCD P;207;SUREG Vale do Piquiri PR;CENTRAL SICREDI PR/SP/RJ;105.0 Hora(s);3d19h54m;10/11/2023 10:34:51;;;;;;
0000355369;06/11/2023 15:11:09;" JANAINA DE OLIVEIRA DORNELLES";" Pagamento de crédito";" 258- AQUISIÇÃO E REEMBOLSO-MÓVEL COM REGISTRO";050.382.429-10;" MARCELO FUMAGALLI";010507/0044-00;;" Concluído";072605;Palotina;207;SICREDI VALE DO PIQUIRI ABCD P;207;SUREG Vale do Piquiri PR;CENTRAL SICREDI PR/SP/RJ;105.0 Hora(s);3d19h54m;09/11/2023 10:56:49;;;;;;
0000355369;06/11/2023 15:11:09;" JANAINA DE OLIVEIRA DORNELLES";" Pagamento de crédito";" 258- AQUISIÇÃO E REEMBOLSO-MÓVEL COM REGISTRO";050.382.429-10;" MARCELO FUMAGALLI";010507/0044-00;;" Concluído";072605;Palotina;207;SICREDI VALE DO PIQUIRI ABCD P;207;SUREG Vale do Piquiri PR;CENTRAL SICREDI PR/SP/RJ;105.0 Hora(s);3d19h54m;07/11/2023 16:51:07;;;;;;
0000355369;06/11/2023 15:11:09;" JANAINA DE OLIVEIRA DORNELLES";" Pagamento de crédito";" 258- AQUISIÇÃO E REEMBOLSO-MÓVEL COM REGISTRO";050.382.429-10;" MARCELO FUMAGALLI";010507/0044-00;;" Concluído";072605;Palotina;207;SICREDI VALE DO PIQUIRI ABCD P;207;SUREG Vale do Piquiri PR;CENTRAL SICREDI PR/SP/RJ;105.0 Hora(s);3d19h54m;07/11/2023 16:50:58;;;;;;
0000355369;06/11/2023 15:11:09;" JANAINA DE OLIVEIRA DORNELLES";" Pagamento de crédito";" 258- AQUISIÇÃO E REEMBOLSO-MÓVEL COM REGISTRO";050.382.429-10;" MARCELO FUMAGALLI";010507/0044-00;;" Concluído";072605;Palotina;207;SICREDI VALE DO PIQUIRI ABCD P;207;SUREG Vale do Piquiri PR;CENTRAL SICREDI PR/SP/RJ;105.0 Hora(s);3d19h54m;07/11/2023 16:50:17;;;;;;
0000355369;06/11/2023 15:11:09;" JANAINA DE OLIVEIRA DORNELLES";" Pagamento de crédito";" 258- AQUISIÇÃO E REEMBOLSO-MÓVEL COM REGISTRO";050.382.429-10;" MARCELO FUMAGALLI";010507/0044-00;;" Concluído";072605;Palotina;207;SICREDI VALE DO PIQUIRI ABCD P;207;SUREG Vale do Piquiri PR;CENTRAL SICREDI PR/SP/RJ;105.0 Hora(s);3d19h54m;07/11/2023 16:50:14;;;;;;
0000355369;06/11/2023 15:11:09;" JANAINA DE OLIVEIRA DORNELLES";" Pagamento de crédito";" 258- AQUISIÇÃO E REEMBOLSO-MÓVEL COM REGISTRO";050.382.429-10;" MARCELO FUMAGALLI";010507/0044-00;;" Concluído";072605;Palotina;207;SICREDI VALE DO PIQUIRI ABCD P;207;SUREG Vale do Piquiri PR;CENTRAL SICREDI PR/SP/RJ;105.0 Hora(s);3d19h54m;06/11/2023 16:36:45;;;;;;
0000355369;06/11/2023 15:11:09;" JANAINA DE OLIVEIRA DORNELLES";" Pagamento de crédito";" 258- AQUISIÇÃO E REEMBOLSO-MÓVEL COM REGISTRO";050.382.429-10;" MARCELO FUMAGALLI";010507/0044-00;;" Concluído";072605;Palotina;207;SICREDI VALE DO PIQUIRI ABCD P;207;SUREG Vale do Piquiri PR;CENTRAL SICREDI PR/SP/RJ;105.0 Hora(s);3d19h54m;06/11/2023 15:55:39;;;;;;
