﻿ID_Processo7;DT_Solicitacao8;NM_Usuario_Solicitacao8;NM_Tipo_Processo8;NM_Processo8;CD_Inscricao_Nacional8;NM_Pessoa8;Usuário;Grupo_Cota_Outros8;ST_Status8;CD_Comissionado2;NM_Fantasia_Comissionado2;CD_Tipo_Ponto_Venda3;NM_Fantasia_Ponto_Venda2;CD_Tipo_Ponto_Venda4;NM_Tipo_Ponto_Venda2;NM_Filial_Venda2;Nivel_Servico8;Tempo_Processo8;DH_Conclusao8;NM_Atividade1;Nivel_Servico_Atividade1;DT_Inicio_Atividade1;DT_Fim_Atividade1;NM_Usuario_Atividade1;Tempo_Processo_Atividade1
0000369393;24/11/2023 16:11:32;" Iandra Dal Bello";" Pagamento de crédito";" 258- AQUISIÇÃO E REEMBOLSO-MÓVEL COM REGISTRO";083.227.779-73;" JEFERSON DE MOURA";010564/0962-00;;" Andamento";021733;Concórdia;104;SICREDI UNIESTADOS;104;SUREG Erechim RS;CENTRAL SICREDI SUL/SUDESTE;105.0 Hora(s);0h03m;"                   ";ANÁLISE DE DOCUMENTOS 1ª ETAPA;18h00m;24/11/2023 16:13:29;"                   ";;0h00m
0000369393;24/11/2023 16:11:32;" Iandra Dal Bello";" Pagamento de crédito";" 258- AQUISIÇÃO E REEMBOLSO-MÓVEL COM REGISTRO";083.227.779-73;" JEFERSON DE MOURA";010564/0962-00;;" Andamento";021733;Concórdia;104;SICREDI UNIESTADOS;104;SUREG Erechim RS;CENTRAL SICREDI SUL/SUDESTE;105.0 Hora(s);0h03m;24/11/2023 16:13:29;ENVIAR DOCUMENTOS;1d21h00m;24/11/2023 16:10:43;24/11/2023 16:13:29;Iandra Dal Bello;0h00m
0000369393;24/11/2023 16:11:32;" Iandra Dal Bello";" Pagamento de crédito";" 258- AQUISIÇÃO E REEMBOLSO-MÓVEL COM REGISTRO";083.227.779-73;" JEFERSON DE MOURA";010564/0962-00;;" Andamento";021733;Concórdia;104;SICREDI UNIESTADOS;104;SUREG Erechim RS;CENTRAL SICREDI SUL/SUDESTE;105.0 Hora(s);0h03m;24/11/2023 16:10:43;AUTORIZAÇÃO DE FATURAMENTO;0h00m;24/11/2023 16:10:24;24/11/2023 16:10:43;;0h00m
0000369393;24/11/2023 16:11:32;" Iandra Dal Bello";" Pagamento de crédito";" 258- AQUISIÇÃO E REEMBOLSO-MÓVEL COM REGISTRO";083.227.779-73;" JEFERSON DE MOURA";010564/0962-00;;" Andamento";021733;Concórdia;104;SICREDI UNIESTADOS;104;SUREG Erechim RS;CENTRAL SICREDI SUL/SUDESTE;105.0 Hora(s);0h03m;"                   ";;;;;;
0000369393;24/11/2023 16:11:32;" Iandra Dal Bello";" Pagamento de crédito";" 258- AQUISIÇÃO E REEMBOLSO-MÓVEL COM REGISTRO";083.227.779-73;" JEFERSON DE MOURA";010564/0962-00;;" Andamento";021733;Concórdia;104;SICREDI UNIESTADOS;104;SUREG Erechim RS;CENTRAL SICREDI SUL/SUDESTE;105.0 Hora(s);0h03m;24/11/2023 16:13:29;;;;;;
0000369393;24/11/2023 16:11:32;" Iandra Dal Bello";" Pagamento de crédito";" 258- AQUISIÇÃO E REEMBOLSO-MÓVEL COM REGISTRO";083.227.779-73;" JEFERSON DE MOURA";010564/0962-00;;" Andamento";021733;Concórdia;104;SICREDI UNIESTADOS;104;SUREG Erechim RS;CENTRAL SICREDI SUL/SUDESTE;105.0 Hora(s);0h03m;24/11/2023 16:10:43;;;;;;
