﻿ID_Processo7;DT_Solicitacao8;NM_Usuario_Solicitacao8;NM_Tipo_Processo8;NM_Processo8;CD_Inscricao_Nacional8;NM_Pessoa8;Usuário;Grupo_Cota_Outros8;ST_Status8;CD_Comissionado2;NM_Fantasia_Comissionado2;CD_Tipo_Ponto_Venda3;NM_Fantasia_Ponto_Venda2;CD_Tipo_Ponto_Venda4;NM_Tipo_Ponto_Venda2;NM_Filial_Venda2;Nivel_Servico8;Tempo_Processo8;DH_Conclusao8;NM_Atividade1;Nivel_Servico_Atividade1;DT_Inicio_Atividade1;DT_Fim_Atividade1;NM_Usuario_Atividade1;Tempo_Processo_Atividade1
0000355753;07/11/2023 16:11:44;" DANIELY MENDONCA DE FREITAS";" Pagamento de crédito";" 258- AQUISIÇÃO E REEMBOLSO-MÓVEL COM REGISTRO";119.265.089-12;" ARTHUR CARPEJANI DE OLIVEIRA";010584/0142-00;;" Concluído";072658;Boa Esperança;207;SICREDI VALE DO PIQUIRI ABCD P;207;SUREG Vale do Piquiri PR;CENTRAL SICREDI PR/SP/RJ;105.0 Hora(s);2d19h19m;10/11/2023 11:49:35;LIBERAR PAGAMENTOS;0h00m;09/11/2023 23:01:10;10/11/2023 11:49:35;ELKIAYER FAGUNDES TRINDADE;0h00m
0000355753;07/11/2023 16:11:44;" DANIELY MENDONCA DE FREITAS";" Pagamento de crédito";" 258- AQUISIÇÃO E REEMBOLSO-MÓVEL COM REGISTRO";119.265.089-12;" ARTHUR CARPEJANI DE OLIVEIRA";010584/0142-00;;" Concluído";072658;Boa Esperança;207;SICREDI VALE DO PIQUIRI ABCD P;207;SUREG Vale do Piquiri PR;CENTRAL SICREDI PR/SP/RJ;105.0 Hora(s);2d19h19m;09/11/2023 23:01:10;APROVAR PAGAMENTO;1h00m;09/11/2023 23:01:04;09/11/2023 23:01:10;Eliane Ribas Barcelos;0h00m
0000355753;07/11/2023 16:11:44;" DANIELY MENDONCA DE FREITAS";" Pagamento de crédito";" 258- AQUISIÇÃO E REEMBOLSO-MÓVEL COM REGISTRO";119.265.089-12;" ARTHUR CARPEJANI DE OLIVEIRA";010584/0142-00;;" Concluído";072658;Boa Esperança;207;SICREDI VALE DO PIQUIRI ABCD P;207;SUREG Vale do Piquiri PR;CENTRAL SICREDI PR/SP/RJ;105.0 Hora(s);2d19h19m;09/11/2023 23:01:04;PROGRAMAR PAGAMENTO;1h00m;09/11/2023 23:00:42;09/11/2023 23:01:04;Eliane Ribas Barcelos;0h01m
0000355753;07/11/2023 16:11:44;" DANIELY MENDONCA DE FREITAS";" Pagamento de crédito";" 258- AQUISIÇÃO E REEMBOLSO-MÓVEL COM REGISTRO";119.265.089-12;" ARTHUR CARPEJANI DE OLIVEIRA";010584/0142-00;;" Concluído";072658;Boa Esperança;207;SICREDI VALE DO PIQUIRI ABCD P;207;SUREG Vale do Piquiri PR;CENTRAL SICREDI PR/SP/RJ;105.0 Hora(s);2d19h19m;09/11/2023 23:00:41;ANALISAR DOCUMENTOS PARA LIBERAÇÃO 2ª ETAPA;18h00m;09/11/2023 10:56:18;09/11/2023 23:00:41;Eliane Ribas Barcelos;0h05m
0000355753;07/11/2023 16:11:44;" DANIELY MENDONCA DE FREITAS";" Pagamento de crédito";" 258- AQUISIÇÃO E REEMBOLSO-MÓVEL COM REGISTRO";119.265.089-12;" ARTHUR CARPEJANI DE OLIVEIRA";010584/0142-00;;" Concluído";072658;Boa Esperança;207;SICREDI VALE DO PIQUIRI ABCD P;207;SUREG Vale do Piquiri PR;CENTRAL SICREDI PR/SP/RJ;105.0 Hora(s);2d19h19m;09/11/2023 10:56:18;EMITIR DOCUMENTOS PARA LIBERAÇÃO;18h00m;08/11/2023 12:54:09;09/11/2023 10:56:18;DANIELY MENDONCA DE FREITAS;0h00m
0000355753;07/11/2023 16:11:44;" DANIELY MENDONCA DE FREITAS";" Pagamento de crédito";" 258- AQUISIÇÃO E REEMBOLSO-MÓVEL COM REGISTRO";119.265.089-12;" ARTHUR CARPEJANI DE OLIVEIRA";010584/0142-00;;" Concluído";072658;Boa Esperança;207;SICREDI VALE DO PIQUIRI ABCD P;207;SUREG Vale do Piquiri PR;CENTRAL SICREDI PR/SP/RJ;105.0 Hora(s);2d19h19m;08/11/2023 12:54:09;REGISTRAR CONTRATO MANUALMENTE;1h00m;08/11/2023 12:53:55;08/11/2023 12:54:09;Clara Vargas;0h00m
0000355753;07/11/2023 16:11:44;" DANIELY MENDONCA DE FREITAS";" Pagamento de crédito";" 258- AQUISIÇÃO E REEMBOLSO-MÓVEL COM REGISTRO";119.265.089-12;" ARTHUR CARPEJANI DE OLIVEIRA";010584/0142-00;;" Concluído";072658;Boa Esperança;207;SICREDI VALE DO PIQUIRI ABCD P;207;SUREG Vale do Piquiri PR;CENTRAL SICREDI PR/SP/RJ;105.0 Hora(s);2d19h19m;08/11/2023 12:53:55;ALIENAR O BEM;1h00m;08/11/2023 12:53:21;08/11/2023 12:53:55;Clara Vargas;0h01m
0000355753;07/11/2023 16:11:44;" DANIELY MENDONCA DE FREITAS";" Pagamento de crédito";" 258- AQUISIÇÃO E REEMBOLSO-MÓVEL COM REGISTRO";119.265.089-12;" ARTHUR CARPEJANI DE OLIVEIRA";010584/0142-00;;" Concluído";072658;Boa Esperança;207;SICREDI VALE DO PIQUIRI ABCD P;207;SUREG Vale do Piquiri PR;CENTRAL SICREDI PR/SP/RJ;105.0 Hora(s);2d19h19m;08/11/2023 12:53:21;FINALIZAR CADASTRO DO BEM;1h00m;08/11/2023 12:53:17;08/11/2023 12:53:21;Clara Vargas;0h00m
0000355753;07/11/2023 16:11:44;" DANIELY MENDONCA DE FREITAS";" Pagamento de crédito";" 258- AQUISIÇÃO E REEMBOLSO-MÓVEL COM REGISTRO";119.265.089-12;" ARTHUR CARPEJANI DE OLIVEIRA";010584/0142-00;;" Concluído";072658;Boa Esperança;207;SICREDI VALE DO PIQUIRI ABCD P;207;SUREG Vale do Piquiri PR;CENTRAL SICREDI PR/SP/RJ;105.0 Hora(s);2d19h19m;08/11/2023 12:53:17;ANÁLISE DE DOCUMENTOS 1ª ETAPA;18h00m;07/11/2023 16:33:11;08/11/2023 12:53:17;Clara Vargas;0h05m
0000355753;07/11/2023 16:11:44;" DANIELY MENDONCA DE FREITAS";" Pagamento de crédito";" 258- AQUISIÇÃO E REEMBOLSO-MÓVEL COM REGISTRO";119.265.089-12;" ARTHUR CARPEJANI DE OLIVEIRA";010584/0142-00;;" Concluído";072658;Boa Esperança;207;SICREDI VALE DO PIQUIRI ABCD P;207;SUREG Vale do Piquiri PR;CENTRAL SICREDI PR/SP/RJ;105.0 Hora(s);2d19h19m;07/11/2023 16:33:11;ENVIAR DOCUMENTOS;1d21h00m;07/11/2023 16:31:32;07/11/2023 16:33:11;DANIELY MENDONCA DE FREITAS;0h00m
0000355753;07/11/2023 16:11:44;" DANIELY MENDONCA DE FREITAS";" Pagamento de crédito";" 258- AQUISIÇÃO E REEMBOLSO-MÓVEL COM REGISTRO";119.265.089-12;" ARTHUR CARPEJANI DE OLIVEIRA";010584/0142-00;;" Concluído";072658;Boa Esperança;207;SICREDI VALE DO PIQUIRI ABCD P;207;SUREG Vale do Piquiri PR;CENTRAL SICREDI PR/SP/RJ;105.0 Hora(s);2d19h19m;07/11/2023 16:31:31;AUTORIZAÇÃO DE FATURAMENTO;0h00m;07/11/2023 16:30:17;07/11/2023 16:31:31;;0h00m
0000355753;07/11/2023 16:11:44;" DANIELY MENDONCA DE FREITAS";" Pagamento de crédito";" 258- AQUISIÇÃO E REEMBOLSO-MÓVEL COM REGISTRO";119.265.089-12;" ARTHUR CARPEJANI DE OLIVEIRA";010584/0142-00;;" Concluído";072658;Boa Esperança;207;SICREDI VALE DO PIQUIRI ABCD P;207;SUREG Vale do Piquiri PR;CENTRAL SICREDI PR/SP/RJ;105.0 Hora(s);2d19h19m;10/11/2023 11:49:35;;;;;;
0000355753;07/11/2023 16:11:44;" DANIELY MENDONCA DE FREITAS";" Pagamento de crédito";" 258- AQUISIÇÃO E REEMBOLSO-MÓVEL COM REGISTRO";119.265.089-12;" ARTHUR CARPEJANI DE OLIVEIRA";010584/0142-00;;" Concluído";072658;Boa Esperança;207;SICREDI VALE DO PIQUIRI ABCD P;207;SUREG Vale do Piquiri PR;CENTRAL SICREDI PR/SP/RJ;105.0 Hora(s);2d19h19m;09/11/2023 23:01:10;;;;;;
0000355753;07/11/2023 16:11:44;" DANIELY MENDONCA DE FREITAS";" Pagamento de crédito";" 258- AQUISIÇÃO E REEMBOLSO-MÓVEL COM REGISTRO";119.265.089-12;" ARTHUR CARPEJANI DE OLIVEIRA";010584/0142-00;;" Concluído";072658;Boa Esperança;207;SICREDI VALE DO PIQUIRI ABCD P;207;SUREG Vale do Piquiri PR;CENTRAL SICREDI PR/SP/RJ;105.0 Hora(s);2d19h19m;09/11/2023 23:01:04;;;;;;
0000355753;07/11/2023 16:11:44;" DANIELY MENDONCA DE FREITAS";" Pagamento de crédito";" 258- AQUISIÇÃO E REEMBOLSO-MÓVEL COM REGISTRO";119.265.089-12;" ARTHUR CARPEJANI DE OLIVEIRA";010584/0142-00;;" Concluído";072658;Boa Esperança;207;SICREDI VALE DO PIQUIRI ABCD P;207;SUREG Vale do Piquiri PR;CENTRAL SICREDI PR/SP/RJ;105.0 Hora(s);2d19h19m;09/11/2023 23:00:41;;;;;;
0000355753;07/11/2023 16:11:44;" DANIELY MENDONCA DE FREITAS";" Pagamento de crédito";" 258- AQUISIÇÃO E REEMBOLSO-MÓVEL COM REGISTRO";119.265.089-12;" ARTHUR CARPEJANI DE OLIVEIRA";010584/0142-00;;" Concluído";072658;Boa Esperança;207;SICREDI VALE DO PIQUIRI ABCD P;207;SUREG Vale do Piquiri PR;CENTRAL SICREDI PR/SP/RJ;105.0 Hora(s);2d19h19m;09/11/2023 10:56:18;;;;;;
0000355753;07/11/2023 16:11:44;" DANIELY MENDONCA DE FREITAS";" Pagamento de crédito";" 258- AQUISIÇÃO E REEMBOLSO-MÓVEL COM REGISTRO";119.265.089-12;" ARTHUR CARPEJANI DE OLIVEIRA";010584/0142-00;;" Concluído";072658;Boa Esperança;207;SICREDI VALE DO PIQUIRI ABCD P;207;SUREG Vale do Piquiri PR;CENTRAL SICREDI PR/SP/RJ;105.0 Hora(s);2d19h19m;08/11/2023 12:54:09;;;;;;
0000355753;07/11/2023 16:11:44;" DANIELY MENDONCA DE FREITAS";" Pagamento de crédito";" 258- AQUISIÇÃO E REEMBOLSO-MÓVEL COM REGISTRO";119.265.089-12;" ARTHUR CARPEJANI DE OLIVEIRA";010584/0142-00;;" Concluído";072658;Boa Esperança;207;SICREDI VALE DO PIQUIRI ABCD P;207;SUREG Vale do Piquiri PR;CENTRAL SICREDI PR/SP/RJ;105.0 Hora(s);2d19h19m;08/11/2023 12:53:55;;;;;;
0000355753;07/11/2023 16:11:44;" DANIELY MENDONCA DE FREITAS";" Pagamento de crédito";" 258- AQUISIÇÃO E REEMBOLSO-MÓVEL COM REGISTRO";119.265.089-12;" ARTHUR CARPEJANI DE OLIVEIRA";010584/0142-00;;" Concluído";072658;Boa Esperança;207;SICREDI VALE DO PIQUIRI ABCD P;207;SUREG Vale do Piquiri PR;CENTRAL SICREDI PR/SP/RJ;105.0 Hora(s);2d19h19m;08/11/2023 12:53:21;;;;;;
0000355753;07/11/2023 16:11:44;" DANIELY MENDONCA DE FREITAS";" Pagamento de crédito";" 258- AQUISIÇÃO E REEMBOLSO-MÓVEL COM REGISTRO";119.265.089-12;" ARTHUR CARPEJANI DE OLIVEIRA";010584/0142-00;;" Concluído";072658;Boa Esperança;207;SICREDI VALE DO PIQUIRI ABCD P;207;SUREG Vale do Piquiri PR;CENTRAL SICREDI PR/SP/RJ;105.0 Hora(s);2d19h19m;08/11/2023 12:53:17;;;;;;
0000355753;07/11/2023 16:11:44;" DANIELY MENDONCA DE FREITAS";" Pagamento de crédito";" 258- AQUISIÇÃO E REEMBOLSO-MÓVEL COM REGISTRO";119.265.089-12;" ARTHUR CARPEJANI DE OLIVEIRA";010584/0142-00;;" Concluído";072658;Boa Esperança;207;SICREDI VALE DO PIQUIRI ABCD P;207;SUREG Vale do Piquiri PR;CENTRAL SICREDI PR/SP/RJ;105.0 Hora(s);2d19h19m;07/11/2023 16:33:11;;;;;;
0000355753;07/11/2023 16:11:44;" DANIELY MENDONCA DE FREITAS";" Pagamento de crédito";" 258- AQUISIÇÃO E REEMBOLSO-MÓVEL COM REGISTRO";119.265.089-12;" ARTHUR CARPEJANI DE OLIVEIRA";010584/0142-00;;" Concluído";072658;Boa Esperança;207;SICREDI VALE DO PIQUIRI ABCD P;207;SUREG Vale do Piquiri PR;CENTRAL SICREDI PR/SP/RJ;105.0 Hora(s);2d19h19m;07/11/2023 16:31:31;;;;;;
