﻿ID_Processo7;DT_Solicitacao8;NM_Usuario_Solicitacao8;NM_Tipo_Processo8;NM_Processo8;CD_Inscricao_Nacional8;NM_Pessoa8;Usuário;Grupo_Cota_Outros8;ST_Status8;CD_Comissionado2;NM_Fantasia_Comissionado2;CD_Tipo_Ponto_Venda3;NM_Fantasia_Ponto_Venda2;CD_Tipo_Ponto_Venda4;NM_Tipo_Ponto_Venda2;NM_Filial_Venda2;Nivel_Servico8;Tempo_Processo8;DH_Conclusao8;NM_Atividade1;Nivel_Servico_Atividade1;DT_Inicio_Atividade1;DT_Fim_Atividade1;NM_Usuario_Atividade1;Tempo_Processo_Atividade1
0000357906;14/11/2023 15:11:55;" MARIA DE FATIMA DE LIMA KLEIN";" Pagamento de crédito";" 299 - PAGAMENTO EM ESPÉCIE-MÓVEIS";049.601.999-62;" AYRTON JOSE JUNGLES PACHECO JUNIOR";010549/0260-00;;" Concluído";072605;Palotina;207;SICREDI VALE DO PIQUIRI ABCD P;207;SUREG Vale do Piquiri PR;CENTRAL SICREDI PR/SP/RJ;28.0 Hora(s);2d0h18m;16/11/2023 15:40:27;LIBERAR PAGAMENTO;0h00m;16/11/2023 12:28:51;16/11/2023 15:40:27;Kelen Hahn Paulo;0h00m
0000357906;14/11/2023 15:11:55;" MARIA DE FATIMA DE LIMA KLEIN";" Pagamento de crédito";" 299 - PAGAMENTO EM ESPÉCIE-MÓVEIS";049.601.999-62;" AYRTON JOSE JUNGLES PACHECO JUNIOR";010549/0260-00;;" Concluído";072605;Palotina;207;SICREDI VALE DO PIQUIRI ABCD P;207;SUREG Vale do Piquiri PR;CENTRAL SICREDI PR/SP/RJ;28.0 Hora(s);2d0h18m;16/11/2023 12:28:51;APROVAR PAGAMENTO;1h00m;16/11/2023 12:28:44;16/11/2023 12:28:51;Eliane Ribas Barcelos;0h00m
0000357906;14/11/2023 15:11:55;" MARIA DE FATIMA DE LIMA KLEIN";" Pagamento de crédito";" 299 - PAGAMENTO EM ESPÉCIE-MÓVEIS";049.601.999-62;" AYRTON JOSE JUNGLES PACHECO JUNIOR";010549/0260-00;;" Concluído";072605;Palotina;207;SICREDI VALE DO PIQUIRI ABCD P;207;SUREG Vale do Piquiri PR;CENTRAL SICREDI PR/SP/RJ;28.0 Hora(s);2d0h18m;16/11/2023 12:28:44;ANALISAR DOCUMENTOS ESPECIE;18h00m;14/11/2023 15:47:23;16/11/2023 12:28:44;Eliane Ribas Barcelos;0h04m
0000357906;14/11/2023 15:11:55;" MARIA DE FATIMA DE LIMA KLEIN";" Pagamento de crédito";" 299 - PAGAMENTO EM ESPÉCIE-MÓVEIS";049.601.999-62;" AYRTON JOSE JUNGLES PACHECO JUNIOR";010549/0260-00;;" Concluído";072605;Palotina;207;SICREDI VALE DO PIQUIRI ABCD P;207;SUREG Vale do Piquiri PR;CENTRAL SICREDI PR/SP/RJ;28.0 Hora(s);2d0h18m;14/11/2023 15:47:23;ENVIAR DOCUMENTOS;1h00m;14/11/2023 15:23:35;14/11/2023 15:47:23;MARIA DE FATIMA DE LIMA KLEIN;0h00m
0000357906;14/11/2023 15:11:55;" MARIA DE FATIMA DE LIMA KLEIN";" Pagamento de crédito";" 299 - PAGAMENTO EM ESPÉCIE-MÓVEIS";049.601.999-62;" AYRTON JOSE JUNGLES PACHECO JUNIOR";010549/0260-00;;" Concluído";072605;Palotina;207;SICREDI VALE DO PIQUIRI ABCD P;207;SUREG Vale do Piquiri PR;CENTRAL SICREDI PR/SP/RJ;28.0 Hora(s);2d0h18m;14/11/2023 15:23:35;EMISSÃO SOLICITAÇÃO DE PAGAMENTO;1d21h00m;14/11/2023 15:22:40;14/11/2023 15:23:35;;0h00m
0000357906;14/11/2023 15:11:55;" MARIA DE FATIMA DE LIMA KLEIN";" Pagamento de crédito";" 299 - PAGAMENTO EM ESPÉCIE-MÓVEIS";049.601.999-62;" AYRTON JOSE JUNGLES PACHECO JUNIOR";010549/0260-00;;" Concluído";072605;Palotina;207;SICREDI VALE DO PIQUIRI ABCD P;207;SUREG Vale do Piquiri PR;CENTRAL SICREDI PR/SP/RJ;28.0 Hora(s);2d0h18m;16/11/2023 15:40:27;;;;;;
0000357906;14/11/2023 15:11:55;" MARIA DE FATIMA DE LIMA KLEIN";" Pagamento de crédito";" 299 - PAGAMENTO EM ESPÉCIE-MÓVEIS";049.601.999-62;" AYRTON JOSE JUNGLES PACHECO JUNIOR";010549/0260-00;;" Concluído";072605;Palotina;207;SICREDI VALE DO PIQUIRI ABCD P;207;SUREG Vale do Piquiri PR;CENTRAL SICREDI PR/SP/RJ;28.0 Hora(s);2d0h18m;16/11/2023 12:28:51;;;;;;
0000357906;14/11/2023 15:11:55;" MARIA DE FATIMA DE LIMA KLEIN";" Pagamento de crédito";" 299 - PAGAMENTO EM ESPÉCIE-MÓVEIS";049.601.999-62;" AYRTON JOSE JUNGLES PACHECO JUNIOR";010549/0260-00;;" Concluído";072605;Palotina;207;SICREDI VALE DO PIQUIRI ABCD P;207;SUREG Vale do Piquiri PR;CENTRAL SICREDI PR/SP/RJ;28.0 Hora(s);2d0h18m;16/11/2023 12:28:44;;;;;;
0000357906;14/11/2023 15:11:55;" MARIA DE FATIMA DE LIMA KLEIN";" Pagamento de crédito";" 299 - PAGAMENTO EM ESPÉCIE-MÓVEIS";049.601.999-62;" AYRTON JOSE JUNGLES PACHECO JUNIOR";010549/0260-00;;" Concluído";072605;Palotina;207;SICREDI VALE DO PIQUIRI ABCD P;207;SUREG Vale do Piquiri PR;CENTRAL SICREDI PR/SP/RJ;28.0 Hora(s);2d0h18m;14/11/2023 15:47:23;;;;;;
0000357906;14/11/2023 15:11:55;" MARIA DE FATIMA DE LIMA KLEIN";" Pagamento de crédito";" 299 - PAGAMENTO EM ESPÉCIE-MÓVEIS";049.601.999-62;" AYRTON JOSE JUNGLES PACHECO JUNIOR";010549/0260-00;;" Concluído";072605;Palotina;207;SICREDI VALE DO PIQUIRI ABCD P;207;SUREG Vale do Piquiri PR;CENTRAL SICREDI PR/SP/RJ;28.0 Hora(s);2d0h18m;14/11/2023 15:23:35;;;;;;
