﻿ID_Processo7;DT_Solicitacao8;NM_Usuario_Solicitacao8;NM_Tipo_Processo8;NM_Processo8;CD_Inscricao_Nacional8;NM_Pessoa8;Usuário;Grupo_Cota_Outros8;ST_Status8;CD_Comissionado2;NM_Fantasia_Comissionado2;CD_Tipo_Ponto_Venda3;NM_Fantasia_Ponto_Venda2;CD_Tipo_Ponto_Venda4;NM_Tipo_Ponto_Venda2;NM_Filial_Venda2;Nivel_Servico8;Tempo_Processo8;DH_Conclusao8;NM_Atividade1;Nivel_Servico_Atividade1;DT_Inicio_Atividade1;DT_Fim_Atividade1;NM_Usuario_Atividade1;Tempo_Processo_Atividade1
0000363951;20/11/2023 10:11:26;" DANIELY MENDONCA DE FREITAS";" Pagamento de crédito";" 258- AQUISIÇÃO E REEMBOLSO-MÓVEL COM REGISTRO";066.814.159-03;" GUILHERME DRUCIAK DE CASTRO";010576/0002-00;;" Concluído";072609;Perobal;207;SICREDI VALE DO PIQUIRI ABCD P;207;SUREG Vale do Piquiri PR;CENTRAL SICREDI PR/SP/RJ;105.0 Hora(s);2d5h21m;22/11/2023 15:52:29;LIBERAR PAGAMENTOS;0h00m;22/11/2023 14:04:42;22/11/2023 15:52:29;Kelen Hahn Paulo;0h00m
0000363951;20/11/2023 10:11:26;" DANIELY MENDONCA DE FREITAS";" Pagamento de crédito";" 258- AQUISIÇÃO E REEMBOLSO-MÓVEL COM REGISTRO";066.814.159-03;" GUILHERME DRUCIAK DE CASTRO";010576/0002-00;;" Concluído";072609;Perobal;207;SICREDI VALE DO PIQUIRI ABCD P;207;SUREG Vale do Piquiri PR;CENTRAL SICREDI PR/SP/RJ;105.0 Hora(s);2d5h21m;22/11/2023 14:04:41;APROVAR PAGAMENTO;1h00m;22/11/2023 14:04:35;22/11/2023 14:04:41;Eliane Ribas Barcelos;0h00m
0000363951;20/11/2023 10:11:26;" DANIELY MENDONCA DE FREITAS";" Pagamento de crédito";" 258- AQUISIÇÃO E REEMBOLSO-MÓVEL COM REGISTRO";066.814.159-03;" GUILHERME DRUCIAK DE CASTRO";010576/0002-00;;" Concluído";072609;Perobal;207;SICREDI VALE DO PIQUIRI ABCD P;207;SUREG Vale do Piquiri PR;CENTRAL SICREDI PR/SP/RJ;105.0 Hora(s);2d5h21m;22/11/2023 14:04:35;PROGRAMAR PAGAMENTO;1h00m;22/11/2023 14:03:44;22/11/2023 14:04:35;Eliane Ribas Barcelos;0h01m
0000363951;20/11/2023 10:11:26;" DANIELY MENDONCA DE FREITAS";" Pagamento de crédito";" 258- AQUISIÇÃO E REEMBOLSO-MÓVEL COM REGISTRO";066.814.159-03;" GUILHERME DRUCIAK DE CASTRO";010576/0002-00;;" Concluído";072609;Perobal;207;SICREDI VALE DO PIQUIRI ABCD P;207;SUREG Vale do Piquiri PR;CENTRAL SICREDI PR/SP/RJ;105.0 Hora(s);2d5h21m;22/11/2023 14:03:44;ANALISAR DOCUMENTOS PARA LIBERAÇÃO 2ª ETAPA;18h00m;22/11/2023 11:45:41;22/11/2023 14:03:44;Eliane Ribas Barcelos;0h03m
0000363951;20/11/2023 10:11:26;" DANIELY MENDONCA DE FREITAS";" Pagamento de crédito";" 258- AQUISIÇÃO E REEMBOLSO-MÓVEL COM REGISTRO";066.814.159-03;" GUILHERME DRUCIAK DE CASTRO";010576/0002-00;;" Concluído";072609;Perobal;207;SICREDI VALE DO PIQUIRI ABCD P;207;SUREG Vale do Piquiri PR;CENTRAL SICREDI PR/SP/RJ;105.0 Hora(s);2d5h21m;22/11/2023 11:45:40;EMITIR DOCUMENTOS PARA LIBERAÇÃO;18h00m;20/11/2023 11:52:46;22/11/2023 11:45:40;DANIELY MENDONCA DE FREITAS;0h00m
0000363951;20/11/2023 10:11:26;" DANIELY MENDONCA DE FREITAS";" Pagamento de crédito";" 258- AQUISIÇÃO E REEMBOLSO-MÓVEL COM REGISTRO";066.814.159-03;" GUILHERME DRUCIAK DE CASTRO";010576/0002-00;;" Concluído";072609;Perobal;207;SICREDI VALE DO PIQUIRI ABCD P;207;SUREG Vale do Piquiri PR;CENTRAL SICREDI PR/SP/RJ;105.0 Hora(s);2d5h21m;20/11/2023 11:52:46;REGISTRAR CONTRATO MANUALMENTE;1h00m;20/11/2023 11:51:20;20/11/2023 11:52:46;Eliane Ribas Barcelos;0h00m
0000363951;20/11/2023 10:11:26;" DANIELY MENDONCA DE FREITAS";" Pagamento de crédito";" 258- AQUISIÇÃO E REEMBOLSO-MÓVEL COM REGISTRO";066.814.159-03;" GUILHERME DRUCIAK DE CASTRO";010576/0002-00;;" Concluído";072609;Perobal;207;SICREDI VALE DO PIQUIRI ABCD P;207;SUREG Vale do Piquiri PR;CENTRAL SICREDI PR/SP/RJ;105.0 Hora(s);2d5h21m;20/11/2023 11:51:20;ALIENAR O BEM;1h00m;20/11/2023 11:50:25;20/11/2023 11:51:20;Eliane Ribas Barcelos;0h01m
0000363951;20/11/2023 10:11:26;" DANIELY MENDONCA DE FREITAS";" Pagamento de crédito";" 258- AQUISIÇÃO E REEMBOLSO-MÓVEL COM REGISTRO";066.814.159-03;" GUILHERME DRUCIAK DE CASTRO";010576/0002-00;;" Concluído";072609;Perobal;207;SICREDI VALE DO PIQUIRI ABCD P;207;SUREG Vale do Piquiri PR;CENTRAL SICREDI PR/SP/RJ;105.0 Hora(s);2d5h21m;20/11/2023 11:50:25;FINALIZAR CADASTRO DO BEM;1h00m;20/11/2023 11:50:19;20/11/2023 11:50:25;Eliane Ribas Barcelos;0h00m
0000363951;20/11/2023 10:11:26;" DANIELY MENDONCA DE FREITAS";" Pagamento de crédito";" 258- AQUISIÇÃO E REEMBOLSO-MÓVEL COM REGISTRO";066.814.159-03;" GUILHERME DRUCIAK DE CASTRO";010576/0002-00;;" Concluído";072609;Perobal;207;SICREDI VALE DO PIQUIRI ABCD P;207;SUREG Vale do Piquiri PR;CENTRAL SICREDI PR/SP/RJ;105.0 Hora(s);2d5h21m;20/11/2023 11:50:19;ANÁLISE DE DOCUMENTOS 1ª ETAPA;18h00m;20/11/2023 10:32:44;20/11/2023 11:50:19;Eliane Ribas Barcelos;0h04m
0000363951;20/11/2023 10:11:26;" DANIELY MENDONCA DE FREITAS";" Pagamento de crédito";" 258- AQUISIÇÃO E REEMBOLSO-MÓVEL COM REGISTRO";066.814.159-03;" GUILHERME DRUCIAK DE CASTRO";010576/0002-00;;" Concluído";072609;Perobal;207;SICREDI VALE DO PIQUIRI ABCD P;207;SUREG Vale do Piquiri PR;CENTRAL SICREDI PR/SP/RJ;105.0 Hora(s);2d5h21m;20/11/2023 10:32:44;ENVIAR DOCUMENTOS;1d21h00m;20/11/2023 10:31:16;20/11/2023 10:32:44;DANIELY MENDONCA DE FREITAS;0h00m
0000363951;20/11/2023 10:11:26;" DANIELY MENDONCA DE FREITAS";" Pagamento de crédito";" 258- AQUISIÇÃO E REEMBOLSO-MÓVEL COM REGISTRO";066.814.159-03;" GUILHERME DRUCIAK DE CASTRO";010576/0002-00;;" Concluído";072609;Perobal;207;SICREDI VALE DO PIQUIRI ABCD P;207;SUREG Vale do Piquiri PR;CENTRAL SICREDI PR/SP/RJ;105.0 Hora(s);2d5h21m;20/11/2023 10:31:16;AUTORIZAÇÃO DE FATURAMENTO;0h00m;20/11/2023 10:31:05;20/11/2023 10:31:16;;0h00m
0000363951;20/11/2023 10:11:26;" DANIELY MENDONCA DE FREITAS";" Pagamento de crédito";" 258- AQUISIÇÃO E REEMBOLSO-MÓVEL COM REGISTRO";066.814.159-03;" GUILHERME DRUCIAK DE CASTRO";010576/0002-00;;" Concluído";072609;Perobal;207;SICREDI VALE DO PIQUIRI ABCD P;207;SUREG Vale do Piquiri PR;CENTRAL SICREDI PR/SP/RJ;105.0 Hora(s);2d5h21m;22/11/2023 15:52:29;;;;;;
0000363951;20/11/2023 10:11:26;" DANIELY MENDONCA DE FREITAS";" Pagamento de crédito";" 258- AQUISIÇÃO E REEMBOLSO-MÓVEL COM REGISTRO";066.814.159-03;" GUILHERME DRUCIAK DE CASTRO";010576/0002-00;;" Concluído";072609;Perobal;207;SICREDI VALE DO PIQUIRI ABCD P;207;SUREG Vale do Piquiri PR;CENTRAL SICREDI PR/SP/RJ;105.0 Hora(s);2d5h21m;22/11/2023 14:04:41;;;;;;
0000363951;20/11/2023 10:11:26;" DANIELY MENDONCA DE FREITAS";" Pagamento de crédito";" 258- AQUISIÇÃO E REEMBOLSO-MÓVEL COM REGISTRO";066.814.159-03;" GUILHERME DRUCIAK DE CASTRO";010576/0002-00;;" Concluído";072609;Perobal;207;SICREDI VALE DO PIQUIRI ABCD P;207;SUREG Vale do Piquiri PR;CENTRAL SICREDI PR/SP/RJ;105.0 Hora(s);2d5h21m;22/11/2023 14:04:35;;;;;;
0000363951;20/11/2023 10:11:26;" DANIELY MENDONCA DE FREITAS";" Pagamento de crédito";" 258- AQUISIÇÃO E REEMBOLSO-MÓVEL COM REGISTRO";066.814.159-03;" GUILHERME DRUCIAK DE CASTRO";010576/0002-00;;" Concluído";072609;Perobal;207;SICREDI VALE DO PIQUIRI ABCD P;207;SUREG Vale do Piquiri PR;CENTRAL SICREDI PR/SP/RJ;105.0 Hora(s);2d5h21m;22/11/2023 14:03:44;;;;;;
0000363951;20/11/2023 10:11:26;" DANIELY MENDONCA DE FREITAS";" Pagamento de crédito";" 258- AQUISIÇÃO E REEMBOLSO-MÓVEL COM REGISTRO";066.814.159-03;" GUILHERME DRUCIAK DE CASTRO";010576/0002-00;;" Concluído";072609;Perobal;207;SICREDI VALE DO PIQUIRI ABCD P;207;SUREG Vale do Piquiri PR;CENTRAL SICREDI PR/SP/RJ;105.0 Hora(s);2d5h21m;22/11/2023 11:45:40;;;;;;
0000363951;20/11/2023 10:11:26;" DANIELY MENDONCA DE FREITAS";" Pagamento de crédito";" 258- AQUISIÇÃO E REEMBOLSO-MÓVEL COM REGISTRO";066.814.159-03;" GUILHERME DRUCIAK DE CASTRO";010576/0002-00;;" Concluído";072609;Perobal;207;SICREDI VALE DO PIQUIRI ABCD P;207;SUREG Vale do Piquiri PR;CENTRAL SICREDI PR/SP/RJ;105.0 Hora(s);2d5h21m;20/11/2023 11:52:46;;;;;;
0000363951;20/11/2023 10:11:26;" DANIELY MENDONCA DE FREITAS";" Pagamento de crédito";" 258- AQUISIÇÃO E REEMBOLSO-MÓVEL COM REGISTRO";066.814.159-03;" GUILHERME DRUCIAK DE CASTRO";010576/0002-00;;" Concluído";072609;Perobal;207;SICREDI VALE DO PIQUIRI ABCD P;207;SUREG Vale do Piquiri PR;CENTRAL SICREDI PR/SP/RJ;105.0 Hora(s);2d5h21m;20/11/2023 11:51:20;;;;;;
0000363951;20/11/2023 10:11:26;" DANIELY MENDONCA DE FREITAS";" Pagamento de crédito";" 258- AQUISIÇÃO E REEMBOLSO-MÓVEL COM REGISTRO";066.814.159-03;" GUILHERME DRUCIAK DE CASTRO";010576/0002-00;;" Concluído";072609;Perobal;207;SICREDI VALE DO PIQUIRI ABCD P;207;SUREG Vale do Piquiri PR;CENTRAL SICREDI PR/SP/RJ;105.0 Hora(s);2d5h21m;20/11/2023 11:50:25;;;;;;
0000363951;20/11/2023 10:11:26;" DANIELY MENDONCA DE FREITAS";" Pagamento de crédito";" 258- AQUISIÇÃO E REEMBOLSO-MÓVEL COM REGISTRO";066.814.159-03;" GUILHERME DRUCIAK DE CASTRO";010576/0002-00;;" Concluído";072609;Perobal;207;SICREDI VALE DO PIQUIRI ABCD P;207;SUREG Vale do Piquiri PR;CENTRAL SICREDI PR/SP/RJ;105.0 Hora(s);2d5h21m;20/11/2023 11:50:19;;;;;;
0000363951;20/11/2023 10:11:26;" DANIELY MENDONCA DE FREITAS";" Pagamento de crédito";" 258- AQUISIÇÃO E REEMBOLSO-MÓVEL COM REGISTRO";066.814.159-03;" GUILHERME DRUCIAK DE CASTRO";010576/0002-00;;" Concluído";072609;Perobal;207;SICREDI VALE DO PIQUIRI ABCD P;207;SUREG Vale do Piquiri PR;CENTRAL SICREDI PR/SP/RJ;105.0 Hora(s);2d5h21m;20/11/2023 10:32:44;;;;;;
0000363951;20/11/2023 10:11:26;" DANIELY MENDONCA DE FREITAS";" Pagamento de crédito";" 258- AQUISIÇÃO E REEMBOLSO-MÓVEL COM REGISTRO";066.814.159-03;" GUILHERME DRUCIAK DE CASTRO";010576/0002-00;;" Concluído";072609;Perobal;207;SICREDI VALE DO PIQUIRI ABCD P;207;SUREG Vale do Piquiri PR;CENTRAL SICREDI PR/SP/RJ;105.0 Hora(s);2d5h21m;20/11/2023 10:31:16;;;;;;
