﻿ID_Processo7;DT_Solicitacao8;NM_Usuario_Solicitacao8;NM_Tipo_Processo8;NM_Processo8;CD_Inscricao_Nacional8;NM_Pessoa8;Usuário;Grupo_Cota_Outros8;ST_Status8;CD_Comissionado2;NM_Fantasia_Comissionado2;CD_Tipo_Ponto_Venda3;NM_Fantasia_Ponto_Venda2;CD_Tipo_Ponto_Venda4;NM_Tipo_Ponto_Venda2;NM_Filial_Venda2;Nivel_Servico8;Tempo_Processo8;DH_Conclusao8;NM_Atividade1;Nivel_Servico_Atividade1;DT_Inicio_Atividade1;DT_Fim_Atividade1;NM_Usuario_Atividade1;Tempo_Processo_Atividade1
0000363301;16/11/2023 17:11:58;" DANIELY MENDONCA DE FREITAS";" Pagamento de crédito";" 258- AQUISIÇÃO E REEMBOLSO-MÓVEL COM REGISTRO";23.615.890/0001-41;" HS DISTRIBUIDORA DE MATERIAIS PARA CONST";010559/0693-00;;" Concluído";072642;Santana - SP;207;SICREDI VALE DO PIQUIRI ABCD P;207;SUREG Vale do Piquiri PR;CENTRAL SICREDI PR/SP/RJ;105.0 Hora(s);3d18h45m;20/11/2023 11:50:22;LIBERAR PAGAMENTOS;0h00m;20/11/2023 06:50:28;20/11/2023 11:50:22;Kelen Hahn Paulo;0h00m
0000363301;16/11/2023 17:11:58;" DANIELY MENDONCA DE FREITAS";" Pagamento de crédito";" 258- AQUISIÇÃO E REEMBOLSO-MÓVEL COM REGISTRO";23.615.890/0001-41;" HS DISTRIBUIDORA DE MATERIAIS PARA CONST";010559/0693-00;;" Concluído";072642;Santana - SP;207;SICREDI VALE DO PIQUIRI ABCD P;207;SUREG Vale do Piquiri PR;CENTRAL SICREDI PR/SP/RJ;105.0 Hora(s);3d18h45m;20/11/2023 06:50:27;APROVAR PAGAMENTO;1h00m;20/11/2023 06:50:20;20/11/2023 06:50:27;Eliane Ribas Barcelos;0h00m
0000363301;16/11/2023 17:11:58;" DANIELY MENDONCA DE FREITAS";" Pagamento de crédito";" 258- AQUISIÇÃO E REEMBOLSO-MÓVEL COM REGISTRO";23.615.890/0001-41;" HS DISTRIBUIDORA DE MATERIAIS PARA CONST";010559/0693-00;;" Concluído";072642;Santana - SP;207;SICREDI VALE DO PIQUIRI ABCD P;207;SUREG Vale do Piquiri PR;CENTRAL SICREDI PR/SP/RJ;105.0 Hora(s);3d18h45m;20/11/2023 06:50:20;PROGRAMAR PAGAMENTO;1h00m;20/11/2023 06:49:52;20/11/2023 06:50:20;Eliane Ribas Barcelos;0h01m
0000363301;16/11/2023 17:11:58;" DANIELY MENDONCA DE FREITAS";" Pagamento de crédito";" 258- AQUISIÇÃO E REEMBOLSO-MÓVEL COM REGISTRO";23.615.890/0001-41;" HS DISTRIBUIDORA DE MATERIAIS PARA CONST";010559/0693-00;;" Concluído";072642;Santana - SP;207;SICREDI VALE DO PIQUIRI ABCD P;207;SUREG Vale do Piquiri PR;CENTRAL SICREDI PR/SP/RJ;105.0 Hora(s);3d18h45m;20/11/2023 06:49:52;ANALISAR DOCUMENTOS PARA LIBERAÇÃO 2ª ETAPA;18h00m;17/11/2023 16:58:53;20/11/2023 06:49:52;Eliane Ribas Barcelos;0h05m
0000363301;16/11/2023 17:11:58;" DANIELY MENDONCA DE FREITAS";" Pagamento de crédito";" 258- AQUISIÇÃO E REEMBOLSO-MÓVEL COM REGISTRO";23.615.890/0001-41;" HS DISTRIBUIDORA DE MATERIAIS PARA CONST";010559/0693-00;;" Concluído";072642;Santana - SP;207;SICREDI VALE DO PIQUIRI ABCD P;207;SUREG Vale do Piquiri PR;CENTRAL SICREDI PR/SP/RJ;105.0 Hora(s);3d18h45m;17/11/2023 16:58:52;EMITIR DOCUMENTOS PARA LIBERAÇÃO;18h00m;17/11/2023 11:31:12;17/11/2023 16:58:52;DANIELY MENDONCA DE FREITAS;0h00m
0000363301;16/11/2023 17:11:58;" DANIELY MENDONCA DE FREITAS";" Pagamento de crédito";" 258- AQUISIÇÃO E REEMBOLSO-MÓVEL COM REGISTRO";23.615.890/0001-41;" HS DISTRIBUIDORA DE MATERIAIS PARA CONST";010559/0693-00;;" Concluído";072642;Santana - SP;207;SICREDI VALE DO PIQUIRI ABCD P;207;SUREG Vale do Piquiri PR;CENTRAL SICREDI PR/SP/RJ;105.0 Hora(s);3d18h45m;17/11/2023 11:31:11;REGISTRAR CONTRATO MANUALMENTE;1h00m;17/11/2023 11:31:07;17/11/2023 11:31:11;Clara Vargas;0h00m
0000363301;16/11/2023 17:11:58;" DANIELY MENDONCA DE FREITAS";" Pagamento de crédito";" 258- AQUISIÇÃO E REEMBOLSO-MÓVEL COM REGISTRO";23.615.890/0001-41;" HS DISTRIBUIDORA DE MATERIAIS PARA CONST";010559/0693-00;;" Concluído";072642;Santana - SP;207;SICREDI VALE DO PIQUIRI ABCD P;207;SUREG Vale do Piquiri PR;CENTRAL SICREDI PR/SP/RJ;105.0 Hora(s);3d18h45m;17/11/2023 11:31:07;ALIENAR O BEM;1h00m;17/11/2023 10:56:20;17/11/2023 11:31:07;Clara Vargas;0h07m
0000363301;16/11/2023 17:11:58;" DANIELY MENDONCA DE FREITAS";" Pagamento de crédito";" 258- AQUISIÇÃO E REEMBOLSO-MÓVEL COM REGISTRO";23.615.890/0001-41;" HS DISTRIBUIDORA DE MATERIAIS PARA CONST";010559/0693-00;;" Concluído";072642;Santana - SP;207;SICREDI VALE DO PIQUIRI ABCD P;207;SUREG Vale do Piquiri PR;CENTRAL SICREDI PR/SP/RJ;105.0 Hora(s);3d18h45m;17/11/2023 10:56:20;FINALIZAR CADASTRO DO BEM;1h00m;17/11/2023 10:56:16;17/11/2023 10:56:20;Clara Vargas;0h00m
0000363301;16/11/2023 17:11:58;" DANIELY MENDONCA DE FREITAS";" Pagamento de crédito";" 258- AQUISIÇÃO E REEMBOLSO-MÓVEL COM REGISTRO";23.615.890/0001-41;" HS DISTRIBUIDORA DE MATERIAIS PARA CONST";010559/0693-00;;" Concluído";072642;Santana - SP;207;SICREDI VALE DO PIQUIRI ABCD P;207;SUREG Vale do Piquiri PR;CENTRAL SICREDI PR/SP/RJ;105.0 Hora(s);3d18h45m;17/11/2023 10:56:16;ANÁLISE DE DOCUMENTOS 1ª ETAPA;18h00m;16/11/2023 17:09:40;17/11/2023 10:56:16;Clara Vargas;0h05m
0000363301;16/11/2023 17:11:58;" DANIELY MENDONCA DE FREITAS";" Pagamento de crédito";" 258- AQUISIÇÃO E REEMBOLSO-MÓVEL COM REGISTRO";23.615.890/0001-41;" HS DISTRIBUIDORA DE MATERIAIS PARA CONST";010559/0693-00;;" Concluído";072642;Santana - SP;207;SICREDI VALE DO PIQUIRI ABCD P;207;SUREG Vale do Piquiri PR;CENTRAL SICREDI PR/SP/RJ;105.0 Hora(s);3d18h45m;16/11/2023 17:09:40;ENVIAR DOCUMENTOS;1d21h00m;16/11/2023 17:05:17;16/11/2023 17:09:40;DANIELY MENDONCA DE FREITAS;0h00m
0000363301;16/11/2023 17:11:58;" DANIELY MENDONCA DE FREITAS";" Pagamento de crédito";" 258- AQUISIÇÃO E REEMBOLSO-MÓVEL COM REGISTRO";23.615.890/0001-41;" HS DISTRIBUIDORA DE MATERIAIS PARA CONST";010559/0693-00;;" Concluído";072642;Santana - SP;207;SICREDI VALE DO PIQUIRI ABCD P;207;SUREG Vale do Piquiri PR;CENTRAL SICREDI PR/SP/RJ;105.0 Hora(s);3d18h45m;16/11/2023 17:05:17;AUTORIZAÇÃO DE FATURAMENTO;0h00m;16/11/2023 17:05:06;16/11/2023 17:05:17;;0h00m
0000363301;16/11/2023 17:11:58;" DANIELY MENDONCA DE FREITAS";" Pagamento de crédito";" 258- AQUISIÇÃO E REEMBOLSO-MÓVEL COM REGISTRO";23.615.890/0001-41;" HS DISTRIBUIDORA DE MATERIAIS PARA CONST";010559/0693-00;;" Concluído";072642;Santana - SP;207;SICREDI VALE DO PIQUIRI ABCD P;207;SUREG Vale do Piquiri PR;CENTRAL SICREDI PR/SP/RJ;105.0 Hora(s);3d18h45m;20/11/2023 11:50:22;;;;;;
0000363301;16/11/2023 17:11:58;" DANIELY MENDONCA DE FREITAS";" Pagamento de crédito";" 258- AQUISIÇÃO E REEMBOLSO-MÓVEL COM REGISTRO";23.615.890/0001-41;" HS DISTRIBUIDORA DE MATERIAIS PARA CONST";010559/0693-00;;" Concluído";072642;Santana - SP;207;SICREDI VALE DO PIQUIRI ABCD P;207;SUREG Vale do Piquiri PR;CENTRAL SICREDI PR/SP/RJ;105.0 Hora(s);3d18h45m;20/11/2023 06:50:27;;;;;;
0000363301;16/11/2023 17:11:58;" DANIELY MENDONCA DE FREITAS";" Pagamento de crédito";" 258- AQUISIÇÃO E REEMBOLSO-MÓVEL COM REGISTRO";23.615.890/0001-41;" HS DISTRIBUIDORA DE MATERIAIS PARA CONST";010559/0693-00;;" Concluído";072642;Santana - SP;207;SICREDI VALE DO PIQUIRI ABCD P;207;SUREG Vale do Piquiri PR;CENTRAL SICREDI PR/SP/RJ;105.0 Hora(s);3d18h45m;20/11/2023 06:50:20;;;;;;
0000363301;16/11/2023 17:11:58;" DANIELY MENDONCA DE FREITAS";" Pagamento de crédito";" 258- AQUISIÇÃO E REEMBOLSO-MÓVEL COM REGISTRO";23.615.890/0001-41;" HS DISTRIBUIDORA DE MATERIAIS PARA CONST";010559/0693-00;;" Concluído";072642;Santana - SP;207;SICREDI VALE DO PIQUIRI ABCD P;207;SUREG Vale do Piquiri PR;CENTRAL SICREDI PR/SP/RJ;105.0 Hora(s);3d18h45m;20/11/2023 06:49:52;;;;;;
0000363301;16/11/2023 17:11:58;" DANIELY MENDONCA DE FREITAS";" Pagamento de crédito";" 258- AQUISIÇÃO E REEMBOLSO-MÓVEL COM REGISTRO";23.615.890/0001-41;" HS DISTRIBUIDORA DE MATERIAIS PARA CONST";010559/0693-00;;" Concluído";072642;Santana - SP;207;SICREDI VALE DO PIQUIRI ABCD P;207;SUREG Vale do Piquiri PR;CENTRAL SICREDI PR/SP/RJ;105.0 Hora(s);3d18h45m;17/11/2023 16:58:52;;;;;;
0000363301;16/11/2023 17:11:58;" DANIELY MENDONCA DE FREITAS";" Pagamento de crédito";" 258- AQUISIÇÃO E REEMBOLSO-MÓVEL COM REGISTRO";23.615.890/0001-41;" HS DISTRIBUIDORA DE MATERIAIS PARA CONST";010559/0693-00;;" Concluído";072642;Santana - SP;207;SICREDI VALE DO PIQUIRI ABCD P;207;SUREG Vale do Piquiri PR;CENTRAL SICREDI PR/SP/RJ;105.0 Hora(s);3d18h45m;17/11/2023 11:31:11;;;;;;
0000363301;16/11/2023 17:11:58;" DANIELY MENDONCA DE FREITAS";" Pagamento de crédito";" 258- AQUISIÇÃO E REEMBOLSO-MÓVEL COM REGISTRO";23.615.890/0001-41;" HS DISTRIBUIDORA DE MATERIAIS PARA CONST";010559/0693-00;;" Concluído";072642;Santana - SP;207;SICREDI VALE DO PIQUIRI ABCD P;207;SUREG Vale do Piquiri PR;CENTRAL SICREDI PR/SP/RJ;105.0 Hora(s);3d18h45m;17/11/2023 11:31:07;;;;;;
0000363301;16/11/2023 17:11:58;" DANIELY MENDONCA DE FREITAS";" Pagamento de crédito";" 258- AQUISIÇÃO E REEMBOLSO-MÓVEL COM REGISTRO";23.615.890/0001-41;" HS DISTRIBUIDORA DE MATERIAIS PARA CONST";010559/0693-00;;" Concluído";072642;Santana - SP;207;SICREDI VALE DO PIQUIRI ABCD P;207;SUREG Vale do Piquiri PR;CENTRAL SICREDI PR/SP/RJ;105.0 Hora(s);3d18h45m;17/11/2023 10:56:20;;;;;;
0000363301;16/11/2023 17:11:58;" DANIELY MENDONCA DE FREITAS";" Pagamento de crédito";" 258- AQUISIÇÃO E REEMBOLSO-MÓVEL COM REGISTRO";23.615.890/0001-41;" HS DISTRIBUIDORA DE MATERIAIS PARA CONST";010559/0693-00;;" Concluído";072642;Santana - SP;207;SICREDI VALE DO PIQUIRI ABCD P;207;SUREG Vale do Piquiri PR;CENTRAL SICREDI PR/SP/RJ;105.0 Hora(s);3d18h45m;17/11/2023 10:56:16;;;;;;
0000363301;16/11/2023 17:11:58;" DANIELY MENDONCA DE FREITAS";" Pagamento de crédito";" 258- AQUISIÇÃO E REEMBOLSO-MÓVEL COM REGISTRO";23.615.890/0001-41;" HS DISTRIBUIDORA DE MATERIAIS PARA CONST";010559/0693-00;;" Concluído";072642;Santana - SP;207;SICREDI VALE DO PIQUIRI ABCD P;207;SUREG Vale do Piquiri PR;CENTRAL SICREDI PR/SP/RJ;105.0 Hora(s);3d18h45m;16/11/2023 17:09:40;;;;;;
0000363301;16/11/2023 17:11:58;" DANIELY MENDONCA DE FREITAS";" Pagamento de crédito";" 258- AQUISIÇÃO E REEMBOLSO-MÓVEL COM REGISTRO";23.615.890/0001-41;" HS DISTRIBUIDORA DE MATERIAIS PARA CONST";010559/0693-00;;" Concluído";072642;Santana - SP;207;SICREDI VALE DO PIQUIRI ABCD P;207;SUREG Vale do Piquiri PR;CENTRAL SICREDI PR/SP/RJ;105.0 Hora(s);3d18h45m;16/11/2023 17:05:17;;;;;;
