﻿ID_Processo7;DT_Solicitacao8;NM_Usuario_Solicitacao8;NM_Tipo_Processo8;NM_Processo8;CD_Inscricao_Nacional8;NM_Pessoa8;Usuário;Grupo_Cota_Outros8;ST_Status8;CD_Comissionado2;NM_Fantasia_Comissionado2;CD_Tipo_Ponto_Venda3;NM_Fantasia_Ponto_Venda2;CD_Tipo_Ponto_Venda4;NM_Tipo_Ponto_Venda2;NM_Filial_Venda2;Nivel_Servico8;Tempo_Processo8;DH_Conclusao8;NM_Atividade1;Nivel_Servico_Atividade1;DT_Inicio_Atividade1;DT_Fim_Atividade1;NM_Usuario_Atividade1;Tempo_Processo_Atividade1
0000355302;06/11/2023 14:11:15;" DANIELY MENDONCA DE FREITAS";" Pagamento de crédito";" 258- AQUISIÇÃO E REEMBOLSO-MÓVEL COM REGISTRO";025.342.029-60;" JULIO CESAR LIBERATO";010557/0189-00;;" Concluído";072620;Moreira Sales;207;SICREDI VALE DO PIQUIRI ABCD P;207;SUREG Vale do Piquiri PR;CENTRAL SICREDI PR/SP/RJ;105.0 Hora(s);21h32m;07/11/2023 12:06:43;LIBERAR PAGAMENTOS;0h00m;07/11/2023 08:53:20;07/11/2023 12:06:43;Kelen Hahn Paulo;0h00m
0000355302;06/11/2023 14:11:15;" DANIELY MENDONCA DE FREITAS";" Pagamento de crédito";" 258- AQUISIÇÃO E REEMBOLSO-MÓVEL COM REGISTRO";025.342.029-60;" JULIO CESAR LIBERATO";010557/0189-00;;" Concluído";072620;Moreira Sales;207;SICREDI VALE DO PIQUIRI ABCD P;207;SUREG Vale do Piquiri PR;CENTRAL SICREDI PR/SP/RJ;105.0 Hora(s);21h32m;07/11/2023 08:53:20;APROVAR PAGAMENTO;1h00m;07/11/2023 08:53:10;07/11/2023 08:53:20;KELLY DA ROCHA KASPER;0h00m
0000355302;06/11/2023 14:11:15;" DANIELY MENDONCA DE FREITAS";" Pagamento de crédito";" 258- AQUISIÇÃO E REEMBOLSO-MÓVEL COM REGISTRO";025.342.029-60;" JULIO CESAR LIBERATO";010557/0189-00;;" Concluído";072620;Moreira Sales;207;SICREDI VALE DO PIQUIRI ABCD P;207;SUREG Vale do Piquiri PR;CENTRAL SICREDI PR/SP/RJ;105.0 Hora(s);21h32m;07/11/2023 08:53:10;PROGRAMAR PAGAMENTO;1h00m;07/11/2023 08:49:55;07/11/2023 08:53:10;KELLY DA ROCHA KASPER;0h01m
0000355302;06/11/2023 14:11:15;" DANIELY MENDONCA DE FREITAS";" Pagamento de crédito";" 258- AQUISIÇÃO E REEMBOLSO-MÓVEL COM REGISTRO";025.342.029-60;" JULIO CESAR LIBERATO";010557/0189-00;;" Concluído";072620;Moreira Sales;207;SICREDI VALE DO PIQUIRI ABCD P;207;SUREG Vale do Piquiri PR;CENTRAL SICREDI PR/SP/RJ;105.0 Hora(s);21h32m;07/11/2023 08:49:55;ANALISAR DOCUMENTOS PARA LIBERAÇÃO 2ª ETAPA;18h00m;06/11/2023 16:49:09;07/11/2023 08:49:55;KELLY DA ROCHA KASPER;0h02m
0000355302;06/11/2023 14:11:15;" DANIELY MENDONCA DE FREITAS";" Pagamento de crédito";" 258- AQUISIÇÃO E REEMBOLSO-MÓVEL COM REGISTRO";025.342.029-60;" JULIO CESAR LIBERATO";010557/0189-00;;" Concluído";072620;Moreira Sales;207;SICREDI VALE DO PIQUIRI ABCD P;207;SUREG Vale do Piquiri PR;CENTRAL SICREDI PR/SP/RJ;105.0 Hora(s);21h32m;06/11/2023 16:49:09;EMITIR DOCUMENTOS PARA LIBERAÇÃO;18h00m;06/11/2023 15:14:10;06/11/2023 16:49:09;DANIELY MENDONCA DE FREITAS;0h00m
0000355302;06/11/2023 14:11:15;" DANIELY MENDONCA DE FREITAS";" Pagamento de crédito";" 258- AQUISIÇÃO E REEMBOLSO-MÓVEL COM REGISTRO";025.342.029-60;" JULIO CESAR LIBERATO";010557/0189-00;;" Concluído";072620;Moreira Sales;207;SICREDI VALE DO PIQUIRI ABCD P;207;SUREG Vale do Piquiri PR;CENTRAL SICREDI PR/SP/RJ;105.0 Hora(s);21h32m;06/11/2023 15:14:10;REGISTRAR CONTRATO MANUALMENTE;1h00m;06/11/2023 15:14:02;06/11/2023 15:14:10;Bianca Peck Berwanger;0h00m
0000355302;06/11/2023 14:11:15;" DANIELY MENDONCA DE FREITAS";" Pagamento de crédito";" 258- AQUISIÇÃO E REEMBOLSO-MÓVEL COM REGISTRO";025.342.029-60;" JULIO CESAR LIBERATO";010557/0189-00;;" Concluído";072620;Moreira Sales;207;SICREDI VALE DO PIQUIRI ABCD P;207;SUREG Vale do Piquiri PR;CENTRAL SICREDI PR/SP/RJ;105.0 Hora(s);21h32m;06/11/2023 15:14:01;ALIENAR O BEM;1h00m;06/11/2023 15:10:53;06/11/2023 15:14:01;Bianca Peck Berwanger;0h04m
0000355302;06/11/2023 14:11:15;" DANIELY MENDONCA DE FREITAS";" Pagamento de crédito";" 258- AQUISIÇÃO E REEMBOLSO-MÓVEL COM REGISTRO";025.342.029-60;" JULIO CESAR LIBERATO";010557/0189-00;;" Concluído";072620;Moreira Sales;207;SICREDI VALE DO PIQUIRI ABCD P;207;SUREG Vale do Piquiri PR;CENTRAL SICREDI PR/SP/RJ;105.0 Hora(s);21h32m;06/11/2023 15:10:52;FINALIZAR CADASTRO DO BEM;1h00m;06/11/2023 15:10:29;06/11/2023 15:10:52;Bianca Peck Berwanger;0h00m
0000355302;06/11/2023 14:11:15;" DANIELY MENDONCA DE FREITAS";" Pagamento de crédito";" 258- AQUISIÇÃO E REEMBOLSO-MÓVEL COM REGISTRO";025.342.029-60;" JULIO CESAR LIBERATO";010557/0189-00;;" Concluído";072620;Moreira Sales;207;SICREDI VALE DO PIQUIRI ABCD P;207;SUREG Vale do Piquiri PR;CENTRAL SICREDI PR/SP/RJ;105.0 Hora(s);21h32m;06/11/2023 15:10:29;ANÁLISE DE DOCUMENTOS 1ª ETAPA;18h00m;06/11/2023 14:36:52;06/11/2023 15:10:29;Bianca Peck Berwanger;0h09m
0000355302;06/11/2023 14:11:15;" DANIELY MENDONCA DE FREITAS";" Pagamento de crédito";" 258- AQUISIÇÃO E REEMBOLSO-MÓVEL COM REGISTRO";025.342.029-60;" JULIO CESAR LIBERATO";010557/0189-00;;" Concluído";072620;Moreira Sales;207;SICREDI VALE DO PIQUIRI ABCD P;207;SUREG Vale do Piquiri PR;CENTRAL SICREDI PR/SP/RJ;105.0 Hora(s);21h32m;06/11/2023 14:36:52;ENVIAR DOCUMENTOS;1d21h00m;06/11/2023 14:35:34;06/11/2023 14:36:52;DANIELY MENDONCA DE FREITAS;0h00m
0000355302;06/11/2023 14:11:15;" DANIELY MENDONCA DE FREITAS";" Pagamento de crédito";" 258- AQUISIÇÃO E REEMBOLSO-MÓVEL COM REGISTRO";025.342.029-60;" JULIO CESAR LIBERATO";010557/0189-00;;" Concluído";072620;Moreira Sales;207;SICREDI VALE DO PIQUIRI ABCD P;207;SUREG Vale do Piquiri PR;CENTRAL SICREDI PR/SP/RJ;105.0 Hora(s);21h32m;06/11/2023 14:35:34;AUTORIZAÇÃO DE FATURAMENTO;0h00m;06/11/2023 14:34:33;06/11/2023 14:35:34;;0h00m
0000355302;06/11/2023 14:11:15;" DANIELY MENDONCA DE FREITAS";" Pagamento de crédito";" 258- AQUISIÇÃO E REEMBOLSO-MÓVEL COM REGISTRO";025.342.029-60;" JULIO CESAR LIBERATO";010557/0189-00;;" Concluído";072620;Moreira Sales;207;SICREDI VALE DO PIQUIRI ABCD P;207;SUREG Vale do Piquiri PR;CENTRAL SICREDI PR/SP/RJ;105.0 Hora(s);21h32m;07/11/2023 12:06:43;;;;;;
0000355302;06/11/2023 14:11:15;" DANIELY MENDONCA DE FREITAS";" Pagamento de crédito";" 258- AQUISIÇÃO E REEMBOLSO-MÓVEL COM REGISTRO";025.342.029-60;" JULIO CESAR LIBERATO";010557/0189-00;;" Concluído";072620;Moreira Sales;207;SICREDI VALE DO PIQUIRI ABCD P;207;SUREG Vale do Piquiri PR;CENTRAL SICREDI PR/SP/RJ;105.0 Hora(s);21h32m;07/11/2023 08:53:20;;;;;;
0000355302;06/11/2023 14:11:15;" DANIELY MENDONCA DE FREITAS";" Pagamento de crédito";" 258- AQUISIÇÃO E REEMBOLSO-MÓVEL COM REGISTRO";025.342.029-60;" JULIO CESAR LIBERATO";010557/0189-00;;" Concluído";072620;Moreira Sales;207;SICREDI VALE DO PIQUIRI ABCD P;207;SUREG Vale do Piquiri PR;CENTRAL SICREDI PR/SP/RJ;105.0 Hora(s);21h32m;07/11/2023 08:53:10;;;;;;
0000355302;06/11/2023 14:11:15;" DANIELY MENDONCA DE FREITAS";" Pagamento de crédito";" 258- AQUISIÇÃO E REEMBOLSO-MÓVEL COM REGISTRO";025.342.029-60;" JULIO CESAR LIBERATO";010557/0189-00;;" Concluído";072620;Moreira Sales;207;SICREDI VALE DO PIQUIRI ABCD P;207;SUREG Vale do Piquiri PR;CENTRAL SICREDI PR/SP/RJ;105.0 Hora(s);21h32m;07/11/2023 08:49:55;;;;;;
0000355302;06/11/2023 14:11:15;" DANIELY MENDONCA DE FREITAS";" Pagamento de crédito";" 258- AQUISIÇÃO E REEMBOLSO-MÓVEL COM REGISTRO";025.342.029-60;" JULIO CESAR LIBERATO";010557/0189-00;;" Concluído";072620;Moreira Sales;207;SICREDI VALE DO PIQUIRI ABCD P;207;SUREG Vale do Piquiri PR;CENTRAL SICREDI PR/SP/RJ;105.0 Hora(s);21h32m;06/11/2023 16:49:09;;;;;;
0000355302;06/11/2023 14:11:15;" DANIELY MENDONCA DE FREITAS";" Pagamento de crédito";" 258- AQUISIÇÃO E REEMBOLSO-MÓVEL COM REGISTRO";025.342.029-60;" JULIO CESAR LIBERATO";010557/0189-00;;" Concluído";072620;Moreira Sales;207;SICREDI VALE DO PIQUIRI ABCD P;207;SUREG Vale do Piquiri PR;CENTRAL SICREDI PR/SP/RJ;105.0 Hora(s);21h32m;06/11/2023 15:14:10;;;;;;
0000355302;06/11/2023 14:11:15;" DANIELY MENDONCA DE FREITAS";" Pagamento de crédito";" 258- AQUISIÇÃO E REEMBOLSO-MÓVEL COM REGISTRO";025.342.029-60;" JULIO CESAR LIBERATO";010557/0189-00;;" Concluído";072620;Moreira Sales;207;SICREDI VALE DO PIQUIRI ABCD P;207;SUREG Vale do Piquiri PR;CENTRAL SICREDI PR/SP/RJ;105.0 Hora(s);21h32m;06/11/2023 15:14:01;;;;;;
0000355302;06/11/2023 14:11:15;" DANIELY MENDONCA DE FREITAS";" Pagamento de crédito";" 258- AQUISIÇÃO E REEMBOLSO-MÓVEL COM REGISTRO";025.342.029-60;" JULIO CESAR LIBERATO";010557/0189-00;;" Concluído";072620;Moreira Sales;207;SICREDI VALE DO PIQUIRI ABCD P;207;SUREG Vale do Piquiri PR;CENTRAL SICREDI PR/SP/RJ;105.0 Hora(s);21h32m;06/11/2023 15:10:52;;;;;;
0000355302;06/11/2023 14:11:15;" DANIELY MENDONCA DE FREITAS";" Pagamento de crédito";" 258- AQUISIÇÃO E REEMBOLSO-MÓVEL COM REGISTRO";025.342.029-60;" JULIO CESAR LIBERATO";010557/0189-00;;" Concluído";072620;Moreira Sales;207;SICREDI VALE DO PIQUIRI ABCD P;207;SUREG Vale do Piquiri PR;CENTRAL SICREDI PR/SP/RJ;105.0 Hora(s);21h32m;06/11/2023 15:10:29;;;;;;
0000355302;06/11/2023 14:11:15;" DANIELY MENDONCA DE FREITAS";" Pagamento de crédito";" 258- AQUISIÇÃO E REEMBOLSO-MÓVEL COM REGISTRO";025.342.029-60;" JULIO CESAR LIBERATO";010557/0189-00;;" Concluído";072620;Moreira Sales;207;SICREDI VALE DO PIQUIRI ABCD P;207;SUREG Vale do Piquiri PR;CENTRAL SICREDI PR/SP/RJ;105.0 Hora(s);21h32m;06/11/2023 14:36:52;;;;;;
0000355302;06/11/2023 14:11:15;" DANIELY MENDONCA DE FREITAS";" Pagamento de crédito";" 258- AQUISIÇÃO E REEMBOLSO-MÓVEL COM REGISTRO";025.342.029-60;" JULIO CESAR LIBERATO";010557/0189-00;;" Concluído";072620;Moreira Sales;207;SICREDI VALE DO PIQUIRI ABCD P;207;SUREG Vale do Piquiri PR;CENTRAL SICREDI PR/SP/RJ;105.0 Hora(s);21h32m;06/11/2023 14:35:34;;;;;;
