﻿ID_Processo7;DT_Solicitacao8;NM_Usuario_Solicitacao8;NM_Tipo_Processo8;NM_Processo8;CD_Inscricao_Nacional8;NM_Pessoa8;Usuário;Grupo_Cota_Outros8;ST_Status8;CD_Comissionado2;NM_Fantasia_Comissionado2;CD_Tipo_Ponto_Venda3;NM_Fantasia_Ponto_Venda2;CD_Tipo_Ponto_Venda4;NM_Tipo_Ponto_Venda2;NM_Filial_Venda2;Nivel_Servico8;Tempo_Processo8;DH_Conclusao8;NM_Atividade1;Nivel_Servico_Atividade1;DT_Inicio_Atividade1;DT_Fim_Atividade1;NM_Usuario_Atividade1;Tempo_Processo_Atividade1
0000363829;17/11/2023 16:11:22;" THAIS FERNANDA FORATTI";" Pagamento de crédito";" 258- AQUISIÇÃO E REEMBOLSO-MÓVEL COM REGISTRO";036.511.490-13;" LETICIA DALL AGNOL";010569/1063-00;;" Concluído";021741;Cruzaltense;104;SICREDI UNIESTADOS;104;SUREG Erechim RS;CENTRAL SICREDI SUL/SUDESTE;105.0 Hora(s);5d19h39m;23/11/2023 11:52:46;LIBERAR PAGAMENTOS;0h00m;23/11/2023 09:53:15;23/11/2023 11:52:46;Kelen Hahn Paulo;0h00m
0000363829;17/11/2023 16:11:22;" THAIS FERNANDA FORATTI";" Pagamento de crédito";" 258- AQUISIÇÃO E REEMBOLSO-MÓVEL COM REGISTRO";036.511.490-13;" LETICIA DALL AGNOL";010569/1063-00;;" Concluído";021741;Cruzaltense;104;SICREDI UNIESTADOS;104;SUREG Erechim RS;CENTRAL SICREDI SUL/SUDESTE;105.0 Hora(s);5d19h39m;23/11/2023 09:53:15;APROVAR PAGAMENTO;1h00m;23/11/2023 09:53:11;23/11/2023 09:53:15;LARISSA JAENISCH DUTRA PINTO;0h00m
0000363829;17/11/2023 16:11:22;" THAIS FERNANDA FORATTI";" Pagamento de crédito";" 258- AQUISIÇÃO E REEMBOLSO-MÓVEL COM REGISTRO";036.511.490-13;" LETICIA DALL AGNOL";010569/1063-00;;" Concluído";021741;Cruzaltense;104;SICREDI UNIESTADOS;104;SUREG Erechim RS;CENTRAL SICREDI SUL/SUDESTE;105.0 Hora(s);5d19h39m;23/11/2023 09:53:11;PROGRAMAR PAGAMENTO;1h00m;23/11/2023 09:52:04;23/11/2023 09:53:11;LARISSA JAENISCH DUTRA PINTO;0h01m
0000363829;17/11/2023 16:11:22;" THAIS FERNANDA FORATTI";" Pagamento de crédito";" 258- AQUISIÇÃO E REEMBOLSO-MÓVEL COM REGISTRO";036.511.490-13;" LETICIA DALL AGNOL";010569/1063-00;;" Concluído";021741;Cruzaltense;104;SICREDI UNIESTADOS;104;SUREG Erechim RS;CENTRAL SICREDI SUL/SUDESTE;105.0 Hora(s);5d19h39m;23/11/2023 09:52:04;ANALISAR DOCUMENTOS PARA LIBERAÇÃO 2ª ETAPA;18h00m;22/11/2023 15:40:40;23/11/2023 09:52:04;LARISSA JAENISCH DUTRA PINTO;0h03m
0000363829;17/11/2023 16:11:22;" THAIS FERNANDA FORATTI";" Pagamento de crédito";" 258- AQUISIÇÃO E REEMBOLSO-MÓVEL COM REGISTRO";036.511.490-13;" LETICIA DALL AGNOL";010569/1063-00;;" Concluído";021741;Cruzaltense;104;SICREDI UNIESTADOS;104;SUREG Erechim RS;CENTRAL SICREDI SUL/SUDESTE;105.0 Hora(s);5d19h39m;22/11/2023 15:40:40;EMITIR DOCUMENTOS PARA LIBERAÇÃO;18h00m;21/11/2023 10:32:50;22/11/2023 15:40:40;THAIS FERNANDA FORATTI;0h00m
0000363829;17/11/2023 16:11:22;" THAIS FERNANDA FORATTI";" Pagamento de crédito";" 258- AQUISIÇÃO E REEMBOLSO-MÓVEL COM REGISTRO";036.511.490-13;" LETICIA DALL AGNOL";010569/1063-00;;" Concluído";021741;Cruzaltense;104;SICREDI UNIESTADOS;104;SUREG Erechim RS;CENTRAL SICREDI SUL/SUDESTE;105.0 Hora(s);5d19h39m;21/11/2023 10:32:50;REGISTRAR CONTRATO MANUALMENTE;1h00m;21/11/2023 10:32:10;21/11/2023 10:32:50;Clara Vargas;0h00m
0000363829;17/11/2023 16:11:22;" THAIS FERNANDA FORATTI";" Pagamento de crédito";" 258- AQUISIÇÃO E REEMBOLSO-MÓVEL COM REGISTRO";036.511.490-13;" LETICIA DALL AGNOL";010569/1063-00;;" Concluído";021741;Cruzaltense;104;SICREDI UNIESTADOS;104;SUREG Erechim RS;CENTRAL SICREDI SUL/SUDESTE;105.0 Hora(s);5d19h39m;21/11/2023 10:32:10;ALIENAR O BEM;1h00m;21/11/2023 10:31:28;21/11/2023 10:32:10;Clara Vargas;0h01m
0000363829;17/11/2023 16:11:22;" THAIS FERNANDA FORATTI";" Pagamento de crédito";" 258- AQUISIÇÃO E REEMBOLSO-MÓVEL COM REGISTRO";036.511.490-13;" LETICIA DALL AGNOL";010569/1063-00;;" Concluído";021741;Cruzaltense;104;SICREDI UNIESTADOS;104;SUREG Erechim RS;CENTRAL SICREDI SUL/SUDESTE;105.0 Hora(s);5d19h39m;21/11/2023 10:31:28;FINALIZAR CADASTRO DO BEM;1h00m;21/11/2023 10:31:08;21/11/2023 10:31:28;Clara Vargas;0h00m
0000363829;17/11/2023 16:11:22;" THAIS FERNANDA FORATTI";" Pagamento de crédito";" 258- AQUISIÇÃO E REEMBOLSO-MÓVEL COM REGISTRO";036.511.490-13;" LETICIA DALL AGNOL";010569/1063-00;;" Concluído";021741;Cruzaltense;104;SICREDI UNIESTADOS;104;SUREG Erechim RS;CENTRAL SICREDI SUL/SUDESTE;105.0 Hora(s);5d19h39m;21/11/2023 10:31:08;ANÁLISE DE DOCUMENTOS 1ª ETAPA;18h13m;21/11/2023 09:46:21;21/11/2023 10:31:08;Clara Vargas;0h17m
0000363829;17/11/2023 16:11:22;" THAIS FERNANDA FORATTI";" Pagamento de crédito";" 258- AQUISIÇÃO E REEMBOLSO-MÓVEL COM REGISTRO";036.511.490-13;" LETICIA DALL AGNOL";010569/1063-00;;" Concluído";021741;Cruzaltense;104;SICREDI UNIESTADOS;104;SUREG Erechim RS;CENTRAL SICREDI SUL/SUDESTE;105.0 Hora(s);5d19h39m;21/11/2023 09:46:21;REGULARIZAR DOCUMENTOS INICIAIS;0h00m;20/11/2023 15:48:04;21/11/2023 09:46:21;THAIS FERNANDA FORATTI;0h00m
0000363829;17/11/2023 16:11:22;" THAIS FERNANDA FORATTI";" Pagamento de crédito";" 258- AQUISIÇÃO E REEMBOLSO-MÓVEL COM REGISTRO";036.511.490-13;" LETICIA DALL AGNOL";010569/1063-00;;" Concluído";021741;Cruzaltense;104;SICREDI UNIESTADOS;104;SUREG Erechim RS;CENTRAL SICREDI SUL/SUDESTE;105.0 Hora(s);5d19h39m;20/11/2023 15:48:04;ANÁLISE DE DOCUMENTOS 1ª ETAPA;18h13m;17/11/2023 16:27:15;20/11/2023 15:48:04;Clara Vargas;0h17m
0000363829;17/11/2023 16:11:22;" THAIS FERNANDA FORATTI";" Pagamento de crédito";" 258- AQUISIÇÃO E REEMBOLSO-MÓVEL COM REGISTRO";036.511.490-13;" LETICIA DALL AGNOL";010569/1063-00;;" Concluído";021741;Cruzaltense;104;SICREDI UNIESTADOS;104;SUREG Erechim RS;CENTRAL SICREDI SUL/SUDESTE;105.0 Hora(s);5d19h39m;17/11/2023 16:27:14;ENVIAR DOCUMENTOS;1d21h00m;17/11/2023 16:14:08;17/11/2023 16:27:14;THAIS FERNANDA FORATTI;0h00m
0000363829;17/11/2023 16:11:22;" THAIS FERNANDA FORATTI";" Pagamento de crédito";" 258- AQUISIÇÃO E REEMBOLSO-MÓVEL COM REGISTRO";036.511.490-13;" LETICIA DALL AGNOL";010569/1063-00;;" Concluído";021741;Cruzaltense;104;SICREDI UNIESTADOS;104;SUREG Erechim RS;CENTRAL SICREDI SUL/SUDESTE;105.0 Hora(s);5d19h39m;17/11/2023 16:14:07;AUTORIZAÇÃO DE FATURAMENTO;0h00m;17/11/2023 16:13:07;17/11/2023 16:14:07;;0h00m
0000363829;17/11/2023 16:11:22;" THAIS FERNANDA FORATTI";" Pagamento de crédito";" 258- AQUISIÇÃO E REEMBOLSO-MÓVEL COM REGISTRO";036.511.490-13;" LETICIA DALL AGNOL";010569/1063-00;;" Concluído";021741;Cruzaltense;104;SICREDI UNIESTADOS;104;SUREG Erechim RS;CENTRAL SICREDI SUL/SUDESTE;105.0 Hora(s);5d19h39m;23/11/2023 11:52:46;;;;;;
0000363829;17/11/2023 16:11:22;" THAIS FERNANDA FORATTI";" Pagamento de crédito";" 258- AQUISIÇÃO E REEMBOLSO-MÓVEL COM REGISTRO";036.511.490-13;" LETICIA DALL AGNOL";010569/1063-00;;" Concluído";021741;Cruzaltense;104;SICREDI UNIESTADOS;104;SUREG Erechim RS;CENTRAL SICREDI SUL/SUDESTE;105.0 Hora(s);5d19h39m;23/11/2023 09:53:15;;;;;;
0000363829;17/11/2023 16:11:22;" THAIS FERNANDA FORATTI";" Pagamento de crédito";" 258- AQUISIÇÃO E REEMBOLSO-MÓVEL COM REGISTRO";036.511.490-13;" LETICIA DALL AGNOL";010569/1063-00;;" Concluído";021741;Cruzaltense;104;SICREDI UNIESTADOS;104;SUREG Erechim RS;CENTRAL SICREDI SUL/SUDESTE;105.0 Hora(s);5d19h39m;23/11/2023 09:53:11;;;;;;
0000363829;17/11/2023 16:11:22;" THAIS FERNANDA FORATTI";" Pagamento de crédito";" 258- AQUISIÇÃO E REEMBOLSO-MÓVEL COM REGISTRO";036.511.490-13;" LETICIA DALL AGNOL";010569/1063-00;;" Concluído";021741;Cruzaltense;104;SICREDI UNIESTADOS;104;SUREG Erechim RS;CENTRAL SICREDI SUL/SUDESTE;105.0 Hora(s);5d19h39m;23/11/2023 09:52:04;;;;;;
0000363829;17/11/2023 16:11:22;" THAIS FERNANDA FORATTI";" Pagamento de crédito";" 258- AQUISIÇÃO E REEMBOLSO-MÓVEL COM REGISTRO";036.511.490-13;" LETICIA DALL AGNOL";010569/1063-00;;" Concluído";021741;Cruzaltense;104;SICREDI UNIESTADOS;104;SUREG Erechim RS;CENTRAL SICREDI SUL/SUDESTE;105.0 Hora(s);5d19h39m;22/11/2023 15:40:40;;;;;;
0000363829;17/11/2023 16:11:22;" THAIS FERNANDA FORATTI";" Pagamento de crédito";" 258- AQUISIÇÃO E REEMBOLSO-MÓVEL COM REGISTRO";036.511.490-13;" LETICIA DALL AGNOL";010569/1063-00;;" Concluído";021741;Cruzaltense;104;SICREDI UNIESTADOS;104;SUREG Erechim RS;CENTRAL SICREDI SUL/SUDESTE;105.0 Hora(s);5d19h39m;21/11/2023 10:32:50;;;;;;
0000363829;17/11/2023 16:11:22;" THAIS FERNANDA FORATTI";" Pagamento de crédito";" 258- AQUISIÇÃO E REEMBOLSO-MÓVEL COM REGISTRO";036.511.490-13;" LETICIA DALL AGNOL";010569/1063-00;;" Concluído";021741;Cruzaltense;104;SICREDI UNIESTADOS;104;SUREG Erechim RS;CENTRAL SICREDI SUL/SUDESTE;105.0 Hora(s);5d19h39m;21/11/2023 10:32:10;;;;;;
0000363829;17/11/2023 16:11:22;" THAIS FERNANDA FORATTI";" Pagamento de crédito";" 258- AQUISIÇÃO E REEMBOLSO-MÓVEL COM REGISTRO";036.511.490-13;" LETICIA DALL AGNOL";010569/1063-00;;" Concluído";021741;Cruzaltense;104;SICREDI UNIESTADOS;104;SUREG Erechim RS;CENTRAL SICREDI SUL/SUDESTE;105.0 Hora(s);5d19h39m;21/11/2023 10:31:28;;;;;;
0000363829;17/11/2023 16:11:22;" THAIS FERNANDA FORATTI";" Pagamento de crédito";" 258- AQUISIÇÃO E REEMBOLSO-MÓVEL COM REGISTRO";036.511.490-13;" LETICIA DALL AGNOL";010569/1063-00;;" Concluído";021741;Cruzaltense;104;SICREDI UNIESTADOS;104;SUREG Erechim RS;CENTRAL SICREDI SUL/SUDESTE;105.0 Hora(s);5d19h39m;21/11/2023 10:31:08;;;;;;
0000363829;17/11/2023 16:11:22;" THAIS FERNANDA FORATTI";" Pagamento de crédito";" 258- AQUISIÇÃO E REEMBOLSO-MÓVEL COM REGISTRO";036.511.490-13;" LETICIA DALL AGNOL";010569/1063-00;;" Concluído";021741;Cruzaltense;104;SICREDI UNIESTADOS;104;SUREG Erechim RS;CENTRAL SICREDI SUL/SUDESTE;105.0 Hora(s);5d19h39m;21/11/2023 09:46:21;;;;;;
0000363829;17/11/2023 16:11:22;" THAIS FERNANDA FORATTI";" Pagamento de crédito";" 258- AQUISIÇÃO E REEMBOLSO-MÓVEL COM REGISTRO";036.511.490-13;" LETICIA DALL AGNOL";010569/1063-00;;" Concluído";021741;Cruzaltense;104;SICREDI UNIESTADOS;104;SUREG Erechim RS;CENTRAL SICREDI SUL/SUDESTE;105.0 Hora(s);5d19h39m;20/11/2023 15:48:04;;;;;;
0000363829;17/11/2023 16:11:22;" THAIS FERNANDA FORATTI";" Pagamento de crédito";" 258- AQUISIÇÃO E REEMBOLSO-MÓVEL COM REGISTRO";036.511.490-13;" LETICIA DALL AGNOL";010569/1063-00;;" Concluído";021741;Cruzaltense;104;SICREDI UNIESTADOS;104;SUREG Erechim RS;CENTRAL SICREDI SUL/SUDESTE;105.0 Hora(s);5d19h39m;17/11/2023 16:27:14;;;;;;
0000363829;17/11/2023 16:11:22;" THAIS FERNANDA FORATTI";" Pagamento de crédito";" 258- AQUISIÇÃO E REEMBOLSO-MÓVEL COM REGISTRO";036.511.490-13;" LETICIA DALL AGNOL";010569/1063-00;;" Concluído";021741;Cruzaltense;104;SICREDI UNIESTADOS;104;SUREG Erechim RS;CENTRAL SICREDI SUL/SUDESTE;105.0 Hora(s);5d19h39m;17/11/2023 16:14:07;;;;;;
