﻿ID_Processo7;DT_Solicitacao8;NM_Usuario_Solicitacao8;NM_Tipo_Processo8;NM_Processo8;CD_Inscricao_Nacional8;NM_Pessoa8;Usuário;Grupo_Cota_Outros8;ST_Status8;CD_Comissionado2;NM_Fantasia_Comissionado2;CD_Tipo_Ponto_Venda3;NM_Fantasia_Ponto_Venda2;CD_Tipo_Ponto_Venda4;NM_Tipo_Ponto_Venda2;NM_Filial_Venda2;Nivel_Servico8;Tempo_Processo8;DH_Conclusao8;NM_Atividade1;Nivel_Servico_Atividade1;DT_Inicio_Atividade1;DT_Fim_Atividade1;NM_Usuario_Atividade1;Tempo_Processo_Atividade1
0000358031;16/11/2023 10:11:45;" HIANCA KARINE COSMANN";" Pagamento de crédito";" 258- AQUISIÇÃO E REEMBOLSO-MÓVEL COM REGISTRO";064.136.449-07;" MARINA APARECIDA LEMOS DA ROSA";010558/0996-00;;" Concluído";021729;Seara;104;SICREDI UNIESTADOS;104;SUREG Erechim RS;CENTRAL SICREDI SUL/SUDESTE;105.0 Hora(s);1d5h28m;17/11/2023 15:47:40;LIBERAR PAGAMENTOS;0h00m;17/11/2023 12:44:31;17/11/2023 15:47:40;Kelen Hahn Paulo;0h00m
0000358031;16/11/2023 10:11:45;" HIANCA KARINE COSMANN";" Pagamento de crédito";" 258- AQUISIÇÃO E REEMBOLSO-MÓVEL COM REGISTRO";064.136.449-07;" MARINA APARECIDA LEMOS DA ROSA";010558/0996-00;;" Concluído";021729;Seara;104;SICREDI UNIESTADOS;104;SUREG Erechim RS;CENTRAL SICREDI SUL/SUDESTE;105.0 Hora(s);1d5h28m;17/11/2023 12:44:31;APROVAR PAGAMENTO;1h00m;17/11/2023 12:44:15;17/11/2023 12:44:31;PAOLA MENEZES DA COSTA;0h00m
0000358031;16/11/2023 10:11:45;" HIANCA KARINE COSMANN";" Pagamento de crédito";" 258- AQUISIÇÃO E REEMBOLSO-MÓVEL COM REGISTRO";064.136.449-07;" MARINA APARECIDA LEMOS DA ROSA";010558/0996-00;;" Concluído";021729;Seara;104;SICREDI UNIESTADOS;104;SUREG Erechim RS;CENTRAL SICREDI SUL/SUDESTE;105.0 Hora(s);1d5h28m;17/11/2023 12:44:15;PROGRAMAR PAGAMENTO;1h00m;17/11/2023 12:41:52;17/11/2023 12:44:15;PAOLA MENEZES DA COSTA;0h03m
0000358031;16/11/2023 10:11:45;" HIANCA KARINE COSMANN";" Pagamento de crédito";" 258- AQUISIÇÃO E REEMBOLSO-MÓVEL COM REGISTRO";064.136.449-07;" MARINA APARECIDA LEMOS DA ROSA";010558/0996-00;;" Concluído";021729;Seara;104;SICREDI UNIESTADOS;104;SUREG Erechim RS;CENTRAL SICREDI SUL/SUDESTE;105.0 Hora(s);1d5h28m;17/11/2023 12:41:52;ANALISAR DOCUMENTOS PARA LIBERAÇÃO 2ª ETAPA;18h00m;17/11/2023 09:51:45;17/11/2023 12:41:52;PAOLA MENEZES DA COSTA;0h03m
0000358031;16/11/2023 10:11:45;" HIANCA KARINE COSMANN";" Pagamento de crédito";" 258- AQUISIÇÃO E REEMBOLSO-MÓVEL COM REGISTRO";064.136.449-07;" MARINA APARECIDA LEMOS DA ROSA";010558/0996-00;;" Concluído";021729;Seara;104;SICREDI UNIESTADOS;104;SUREG Erechim RS;CENTRAL SICREDI SUL/SUDESTE;105.0 Hora(s);1d5h28m;17/11/2023 09:51:45;EMITIR DOCUMENTOS PARA LIBERAÇÃO;18h00m;16/11/2023 16:14:35;17/11/2023 09:51:45;HIANCA KARINE COSMANN;0h00m
0000358031;16/11/2023 10:11:45;" HIANCA KARINE COSMANN";" Pagamento de crédito";" 258- AQUISIÇÃO E REEMBOLSO-MÓVEL COM REGISTRO";064.136.449-07;" MARINA APARECIDA LEMOS DA ROSA";010558/0996-00;;" Concluído";021729;Seara;104;SICREDI UNIESTADOS;104;SUREG Erechim RS;CENTRAL SICREDI SUL/SUDESTE;105.0 Hora(s);1d5h28m;16/11/2023 16:14:35;REGISTRAR CONTRATO MANUALMENTE;1h00m;16/11/2023 16:14:28;16/11/2023 16:14:35;NICOLAS PAULO DE SOUSA CUNHA;0h00m
0000358031;16/11/2023 10:11:45;" HIANCA KARINE COSMANN";" Pagamento de crédito";" 258- AQUISIÇÃO E REEMBOLSO-MÓVEL COM REGISTRO";064.136.449-07;" MARINA APARECIDA LEMOS DA ROSA";010558/0996-00;;" Concluído";021729;Seara;104;SICREDI UNIESTADOS;104;SUREG Erechim RS;CENTRAL SICREDI SUL/SUDESTE;105.0 Hora(s);1d5h28m;16/11/2023 16:14:28;ALIENAR O BEM;1h00m;16/11/2023 16:12:47;16/11/2023 16:14:28;NICOLAS PAULO DE SOUSA CUNHA;0h02m
0000358031;16/11/2023 10:11:45;" HIANCA KARINE COSMANN";" Pagamento de crédito";" 258- AQUISIÇÃO E REEMBOLSO-MÓVEL COM REGISTRO";064.136.449-07;" MARINA APARECIDA LEMOS DA ROSA";010558/0996-00;;" Concluído";021729;Seara;104;SICREDI UNIESTADOS;104;SUREG Erechim RS;CENTRAL SICREDI SUL/SUDESTE;105.0 Hora(s);1d5h28m;16/11/2023 16:12:47;FINALIZAR CADASTRO DO BEM;1h00m;16/11/2023 16:12:41;16/11/2023 16:12:47;NICOLAS PAULO DE SOUSA CUNHA;0h00m
0000358031;16/11/2023 10:11:45;" HIANCA KARINE COSMANN";" Pagamento de crédito";" 258- AQUISIÇÃO E REEMBOLSO-MÓVEL COM REGISTRO";064.136.449-07;" MARINA APARECIDA LEMOS DA ROSA";010558/0996-00;;" Concluído";021729;Seara;104;SICREDI UNIESTADOS;104;SUREG Erechim RS;CENTRAL SICREDI SUL/SUDESTE;105.0 Hora(s);1d5h28m;16/11/2023 16:12:40;ANÁLISE DE DOCUMENTOS 1ª ETAPA;18h00m;16/11/2023 10:30:49;16/11/2023 16:12:40;NICOLAS PAULO DE SOUSA CUNHA;0h06m
0000358031;16/11/2023 10:11:45;" HIANCA KARINE COSMANN";" Pagamento de crédito";" 258- AQUISIÇÃO E REEMBOLSO-MÓVEL COM REGISTRO";064.136.449-07;" MARINA APARECIDA LEMOS DA ROSA";010558/0996-00;;" Concluído";021729;Seara;104;SICREDI UNIESTADOS;104;SUREG Erechim RS;CENTRAL SICREDI SUL/SUDESTE;105.0 Hora(s);1d5h28m;16/11/2023 10:30:49;ENVIAR DOCUMENTOS;1d21h00m;16/11/2023 10:20:19;16/11/2023 10:30:49;HIANCA KARINE COSMANN;0h00m
0000358031;16/11/2023 10:11:45;" HIANCA KARINE COSMANN";" Pagamento de crédito";" 258- AQUISIÇÃO E REEMBOLSO-MÓVEL COM REGISTRO";064.136.449-07;" MARINA APARECIDA LEMOS DA ROSA";010558/0996-00;;" Concluído";021729;Seara;104;SICREDI UNIESTADOS;104;SUREG Erechim RS;CENTRAL SICREDI SUL/SUDESTE;105.0 Hora(s);1d5h28m;16/11/2023 10:20:19;AUTORIZAÇÃO DE FATURAMENTO;0h00m;16/11/2023 10:19:59;16/11/2023 10:20:19;;0h00m
0000358031;16/11/2023 10:11:45;" HIANCA KARINE COSMANN";" Pagamento de crédito";" 258- AQUISIÇÃO E REEMBOLSO-MÓVEL COM REGISTRO";064.136.449-07;" MARINA APARECIDA LEMOS DA ROSA";010558/0996-00;;" Concluído";021729;Seara;104;SICREDI UNIESTADOS;104;SUREG Erechim RS;CENTRAL SICREDI SUL/SUDESTE;105.0 Hora(s);1d5h28m;17/11/2023 15:47:40;;;;;;
0000358031;16/11/2023 10:11:45;" HIANCA KARINE COSMANN";" Pagamento de crédito";" 258- AQUISIÇÃO E REEMBOLSO-MÓVEL COM REGISTRO";064.136.449-07;" MARINA APARECIDA LEMOS DA ROSA";010558/0996-00;;" Concluído";021729;Seara;104;SICREDI UNIESTADOS;104;SUREG Erechim RS;CENTRAL SICREDI SUL/SUDESTE;105.0 Hora(s);1d5h28m;17/11/2023 12:44:31;;;;;;
0000358031;16/11/2023 10:11:45;" HIANCA KARINE COSMANN";" Pagamento de crédito";" 258- AQUISIÇÃO E REEMBOLSO-MÓVEL COM REGISTRO";064.136.449-07;" MARINA APARECIDA LEMOS DA ROSA";010558/0996-00;;" Concluído";021729;Seara;104;SICREDI UNIESTADOS;104;SUREG Erechim RS;CENTRAL SICREDI SUL/SUDESTE;105.0 Hora(s);1d5h28m;17/11/2023 12:44:15;;;;;;
0000358031;16/11/2023 10:11:45;" HIANCA KARINE COSMANN";" Pagamento de crédito";" 258- AQUISIÇÃO E REEMBOLSO-MÓVEL COM REGISTRO";064.136.449-07;" MARINA APARECIDA LEMOS DA ROSA";010558/0996-00;;" Concluído";021729;Seara;104;SICREDI UNIESTADOS;104;SUREG Erechim RS;CENTRAL SICREDI SUL/SUDESTE;105.0 Hora(s);1d5h28m;17/11/2023 12:41:52;;;;;;
0000358031;16/11/2023 10:11:45;" HIANCA KARINE COSMANN";" Pagamento de crédito";" 258- AQUISIÇÃO E REEMBOLSO-MÓVEL COM REGISTRO";064.136.449-07;" MARINA APARECIDA LEMOS DA ROSA";010558/0996-00;;" Concluído";021729;Seara;104;SICREDI UNIESTADOS;104;SUREG Erechim RS;CENTRAL SICREDI SUL/SUDESTE;105.0 Hora(s);1d5h28m;17/11/2023 09:51:45;;;;;;
0000358031;16/11/2023 10:11:45;" HIANCA KARINE COSMANN";" Pagamento de crédito";" 258- AQUISIÇÃO E REEMBOLSO-MÓVEL COM REGISTRO";064.136.449-07;" MARINA APARECIDA LEMOS DA ROSA";010558/0996-00;;" Concluído";021729;Seara;104;SICREDI UNIESTADOS;104;SUREG Erechim RS;CENTRAL SICREDI SUL/SUDESTE;105.0 Hora(s);1d5h28m;16/11/2023 16:14:35;;;;;;
0000358031;16/11/2023 10:11:45;" HIANCA KARINE COSMANN";" Pagamento de crédito";" 258- AQUISIÇÃO E REEMBOLSO-MÓVEL COM REGISTRO";064.136.449-07;" MARINA APARECIDA LEMOS DA ROSA";010558/0996-00;;" Concluído";021729;Seara;104;SICREDI UNIESTADOS;104;SUREG Erechim RS;CENTRAL SICREDI SUL/SUDESTE;105.0 Hora(s);1d5h28m;16/11/2023 16:14:28;;;;;;
0000358031;16/11/2023 10:11:45;" HIANCA KARINE COSMANN";" Pagamento de crédito";" 258- AQUISIÇÃO E REEMBOLSO-MÓVEL COM REGISTRO";064.136.449-07;" MARINA APARECIDA LEMOS DA ROSA";010558/0996-00;;" Concluído";021729;Seara;104;SICREDI UNIESTADOS;104;SUREG Erechim RS;CENTRAL SICREDI SUL/SUDESTE;105.0 Hora(s);1d5h28m;16/11/2023 16:12:47;;;;;;
0000358031;16/11/2023 10:11:45;" HIANCA KARINE COSMANN";" Pagamento de crédito";" 258- AQUISIÇÃO E REEMBOLSO-MÓVEL COM REGISTRO";064.136.449-07;" MARINA APARECIDA LEMOS DA ROSA";010558/0996-00;;" Concluído";021729;Seara;104;SICREDI UNIESTADOS;104;SUREG Erechim RS;CENTRAL SICREDI SUL/SUDESTE;105.0 Hora(s);1d5h28m;16/11/2023 16:12:40;;;;;;
0000358031;16/11/2023 10:11:45;" HIANCA KARINE COSMANN";" Pagamento de crédito";" 258- AQUISIÇÃO E REEMBOLSO-MÓVEL COM REGISTRO";064.136.449-07;" MARINA APARECIDA LEMOS DA ROSA";010558/0996-00;;" Concluído";021729;Seara;104;SICREDI UNIESTADOS;104;SUREG Erechim RS;CENTRAL SICREDI SUL/SUDESTE;105.0 Hora(s);1d5h28m;16/11/2023 10:30:49;;;;;;
0000358031;16/11/2023 10:11:45;" HIANCA KARINE COSMANN";" Pagamento de crédito";" 258- AQUISIÇÃO E REEMBOLSO-MÓVEL COM REGISTRO";064.136.449-07;" MARINA APARECIDA LEMOS DA ROSA";010558/0996-00;;" Concluído";021729;Seara;104;SICREDI UNIESTADOS;104;SUREG Erechim RS;CENTRAL SICREDI SUL/SUDESTE;105.0 Hora(s);1d5h28m;16/11/2023 10:20:19;;;;;;
