﻿ID_Processo7;DT_Solicitacao8;NM_Usuario_Solicitacao8;NM_Tipo_Processo8;NM_Processo8;CD_Inscricao_Nacional8;NM_Pessoa8;Usuário;Grupo_Cota_Outros8;ST_Status8;CD_Comissionado2;NM_Fantasia_Comissionado2;CD_Tipo_Ponto_Venda3;NM_Fantasia_Ponto_Venda2;CD_Tipo_Ponto_Venda4;NM_Tipo_Ponto_Venda2;NM_Filial_Venda2;Nivel_Servico8;Tempo_Processo8;DH_Conclusao8;NM_Atividade1;Nivel_Servico_Atividade1;DT_Inicio_Atividade1;DT_Fim_Atividade1;NM_Usuario_Atividade1;Tempo_Processo_Atividade1
0000356182;08/11/2023 16:11:07;" DANIELY MENDONCA DE FREITAS";" Pagamento de crédito";" 258- AQUISIÇÃO E REEMBOLSO-MÓVEL COM REGISTRO";491.191.458-02;" AUGUSTO MORENO MORAIS FRANCO";010505/0278-00;;" Concluído";072634;São Bernardo do Campo SP;207;SICREDI VALE DO PIQUIRI ABCD P;207;SUREG Vale do Piquiri PR;CENTRAL SICREDI PR/SP/RJ;105.0 Hora(s);1d19h16m;10/11/2023 11:49:45;LIBERAR PAGAMENTOS;0h00m;10/11/2023 11:01:32;10/11/2023 11:49:45;ELKIAYER FAGUNDES TRINDADE;0h00m
0000356182;08/11/2023 16:11:07;" DANIELY MENDONCA DE FREITAS";" Pagamento de crédito";" 258- AQUISIÇÃO E REEMBOLSO-MÓVEL COM REGISTRO";491.191.458-02;" AUGUSTO MORENO MORAIS FRANCO";010505/0278-00;;" Concluído";072634;São Bernardo do Campo SP;207;SICREDI VALE DO PIQUIRI ABCD P;207;SUREG Vale do Piquiri PR;CENTRAL SICREDI PR/SP/RJ;105.0 Hora(s);1d19h16m;10/11/2023 11:01:31;APROVAR PAGAMENTO;1h00m;10/11/2023 11:01:27;10/11/2023 11:01:31;KELLY DA ROCHA KASPER;0h00m
0000356182;08/11/2023 16:11:07;" DANIELY MENDONCA DE FREITAS";" Pagamento de crédito";" 258- AQUISIÇÃO E REEMBOLSO-MÓVEL COM REGISTRO";491.191.458-02;" AUGUSTO MORENO MORAIS FRANCO";010505/0278-00;;" Concluído";072634;São Bernardo do Campo SP;207;SICREDI VALE DO PIQUIRI ABCD P;207;SUREG Vale do Piquiri PR;CENTRAL SICREDI PR/SP/RJ;105.0 Hora(s);1d19h16m;10/11/2023 11:01:27;PROGRAMAR PAGAMENTO;1h00m;10/11/2023 11:00:08;10/11/2023 11:01:27;KELLY DA ROCHA KASPER;0h01m
0000356182;08/11/2023 16:11:07;" DANIELY MENDONCA DE FREITAS";" Pagamento de crédito";" 258- AQUISIÇÃO E REEMBOLSO-MÓVEL COM REGISTRO";491.191.458-02;" AUGUSTO MORENO MORAIS FRANCO";010505/0278-00;;" Concluído";072634;São Bernardo do Campo SP;207;SICREDI VALE DO PIQUIRI ABCD P;207;SUREG Vale do Piquiri PR;CENTRAL SICREDI PR/SP/RJ;105.0 Hora(s);1d19h16m;10/11/2023 11:00:08;ANALISAR DOCUMENTOS PARA LIBERAÇÃO 2ª ETAPA;18h00m;09/11/2023 11:57:39;10/11/2023 11:00:08;KELLY DA ROCHA KASPER;0h02m
0000356182;08/11/2023 16:11:07;" DANIELY MENDONCA DE FREITAS";" Pagamento de crédito";" 258- AQUISIÇÃO E REEMBOLSO-MÓVEL COM REGISTRO";491.191.458-02;" AUGUSTO MORENO MORAIS FRANCO";010505/0278-00;;" Concluído";072634;São Bernardo do Campo SP;207;SICREDI VALE DO PIQUIRI ABCD P;207;SUREG Vale do Piquiri PR;CENTRAL SICREDI PR/SP/RJ;105.0 Hora(s);1d19h16m;09/11/2023 11:57:39;EMITIR DOCUMENTOS PARA LIBERAÇÃO;18h00m;09/11/2023 10:29:04;09/11/2023 11:57:39;DANIELY MENDONCA DE FREITAS;0h00m
0000356182;08/11/2023 16:11:07;" DANIELY MENDONCA DE FREITAS";" Pagamento de crédito";" 258- AQUISIÇÃO E REEMBOLSO-MÓVEL COM REGISTRO";491.191.458-02;" AUGUSTO MORENO MORAIS FRANCO";010505/0278-00;;" Concluído";072634;São Bernardo do Campo SP;207;SICREDI VALE DO PIQUIRI ABCD P;207;SUREG Vale do Piquiri PR;CENTRAL SICREDI PR/SP/RJ;105.0 Hora(s);1d19h16m;09/11/2023 10:29:04;REGISTRAR CONTRATO MANUALMENTE;1h00m;09/11/2023 10:28:58;09/11/2023 10:29:04;Eliane Ribas Barcelos;0h00m
0000356182;08/11/2023 16:11:07;" DANIELY MENDONCA DE FREITAS";" Pagamento de crédito";" 258- AQUISIÇÃO E REEMBOLSO-MÓVEL COM REGISTRO";491.191.458-02;" AUGUSTO MORENO MORAIS FRANCO";010505/0278-00;;" Concluído";072634;São Bernardo do Campo SP;207;SICREDI VALE DO PIQUIRI ABCD P;207;SUREG Vale do Piquiri PR;CENTRAL SICREDI PR/SP/RJ;105.0 Hora(s);1d19h16m;09/11/2023 10:28:57;ALIENAR O BEM;1h00m;09/11/2023 10:27:12;09/11/2023 10:28:57;Eliane Ribas Barcelos;0h01m
0000356182;08/11/2023 16:11:07;" DANIELY MENDONCA DE FREITAS";" Pagamento de crédito";" 258- AQUISIÇÃO E REEMBOLSO-MÓVEL COM REGISTRO";491.191.458-02;" AUGUSTO MORENO MORAIS FRANCO";010505/0278-00;;" Concluído";072634;São Bernardo do Campo SP;207;SICREDI VALE DO PIQUIRI ABCD P;207;SUREG Vale do Piquiri PR;CENTRAL SICREDI PR/SP/RJ;105.0 Hora(s);1d19h16m;09/11/2023 10:27:12;FINALIZAR CADASTRO DO BEM;1h00m;09/11/2023 10:26:50;09/11/2023 10:27:12;Eliane Ribas Barcelos;0h01m
0000356182;08/11/2023 16:11:07;" DANIELY MENDONCA DE FREITAS";" Pagamento de crédito";" 258- AQUISIÇÃO E REEMBOLSO-MÓVEL COM REGISTRO";491.191.458-02;" AUGUSTO MORENO MORAIS FRANCO";010505/0278-00;;" Concluído";072634;São Bernardo do Campo SP;207;SICREDI VALE DO PIQUIRI ABCD P;207;SUREG Vale do Piquiri PR;CENTRAL SICREDI PR/SP/RJ;105.0 Hora(s);1d19h16m;09/11/2023 10:26:49;ANÁLISE DE DOCUMENTOS 1ª ETAPA;18h00m;08/11/2023 16:38:35;09/11/2023 10:26:49;Eliane Ribas Barcelos;0h08m
0000356182;08/11/2023 16:11:07;" DANIELY MENDONCA DE FREITAS";" Pagamento de crédito";" 258- AQUISIÇÃO E REEMBOLSO-MÓVEL COM REGISTRO";491.191.458-02;" AUGUSTO MORENO MORAIS FRANCO";010505/0278-00;;" Concluído";072634;São Bernardo do Campo SP;207;SICREDI VALE DO PIQUIRI ABCD P;207;SUREG Vale do Piquiri PR;CENTRAL SICREDI PR/SP/RJ;105.0 Hora(s);1d19h16m;08/11/2023 16:38:35;ENVIAR DOCUMENTOS;1d21h00m;08/11/2023 16:34:10;08/11/2023 16:38:35;DANIELY MENDONCA DE FREITAS;0h00m
0000356182;08/11/2023 16:11:07;" DANIELY MENDONCA DE FREITAS";" Pagamento de crédito";" 258- AQUISIÇÃO E REEMBOLSO-MÓVEL COM REGISTRO";491.191.458-02;" AUGUSTO MORENO MORAIS FRANCO";010505/0278-00;;" Concluído";072634;São Bernardo do Campo SP;207;SICREDI VALE DO PIQUIRI ABCD P;207;SUREG Vale do Piquiri PR;CENTRAL SICREDI PR/SP/RJ;105.0 Hora(s);1d19h16m;08/11/2023 16:34:10;AUTORIZAÇÃO DE FATURAMENTO;0h00m;08/11/2023 16:33:46;08/11/2023 16:34:10;;0h00m
0000356182;08/11/2023 16:11:07;" DANIELY MENDONCA DE FREITAS";" Pagamento de crédito";" 258- AQUISIÇÃO E REEMBOLSO-MÓVEL COM REGISTRO";491.191.458-02;" AUGUSTO MORENO MORAIS FRANCO";010505/0278-00;;" Concluído";072634;São Bernardo do Campo SP;207;SICREDI VALE DO PIQUIRI ABCD P;207;SUREG Vale do Piquiri PR;CENTRAL SICREDI PR/SP/RJ;105.0 Hora(s);1d19h16m;10/11/2023 11:49:45;;;;;;
0000356182;08/11/2023 16:11:07;" DANIELY MENDONCA DE FREITAS";" Pagamento de crédito";" 258- AQUISIÇÃO E REEMBOLSO-MÓVEL COM REGISTRO";491.191.458-02;" AUGUSTO MORENO MORAIS FRANCO";010505/0278-00;;" Concluído";072634;São Bernardo do Campo SP;207;SICREDI VALE DO PIQUIRI ABCD P;207;SUREG Vale do Piquiri PR;CENTRAL SICREDI PR/SP/RJ;105.0 Hora(s);1d19h16m;10/11/2023 11:01:31;;;;;;
0000356182;08/11/2023 16:11:07;" DANIELY MENDONCA DE FREITAS";" Pagamento de crédito";" 258- AQUISIÇÃO E REEMBOLSO-MÓVEL COM REGISTRO";491.191.458-02;" AUGUSTO MORENO MORAIS FRANCO";010505/0278-00;;" Concluído";072634;São Bernardo do Campo SP;207;SICREDI VALE DO PIQUIRI ABCD P;207;SUREG Vale do Piquiri PR;CENTRAL SICREDI PR/SP/RJ;105.0 Hora(s);1d19h16m;10/11/2023 11:01:27;;;;;;
0000356182;08/11/2023 16:11:07;" DANIELY MENDONCA DE FREITAS";" Pagamento de crédito";" 258- AQUISIÇÃO E REEMBOLSO-MÓVEL COM REGISTRO";491.191.458-02;" AUGUSTO MORENO MORAIS FRANCO";010505/0278-00;;" Concluído";072634;São Bernardo do Campo SP;207;SICREDI VALE DO PIQUIRI ABCD P;207;SUREG Vale do Piquiri PR;CENTRAL SICREDI PR/SP/RJ;105.0 Hora(s);1d19h16m;10/11/2023 11:00:08;;;;;;
0000356182;08/11/2023 16:11:07;" DANIELY MENDONCA DE FREITAS";" Pagamento de crédito";" 258- AQUISIÇÃO E REEMBOLSO-MÓVEL COM REGISTRO";491.191.458-02;" AUGUSTO MORENO MORAIS FRANCO";010505/0278-00;;" Concluído";072634;São Bernardo do Campo SP;207;SICREDI VALE DO PIQUIRI ABCD P;207;SUREG Vale do Piquiri PR;CENTRAL SICREDI PR/SP/RJ;105.0 Hora(s);1d19h16m;09/11/2023 11:57:39;;;;;;
0000356182;08/11/2023 16:11:07;" DANIELY MENDONCA DE FREITAS";" Pagamento de crédito";" 258- AQUISIÇÃO E REEMBOLSO-MÓVEL COM REGISTRO";491.191.458-02;" AUGUSTO MORENO MORAIS FRANCO";010505/0278-00;;" Concluído";072634;São Bernardo do Campo SP;207;SICREDI VALE DO PIQUIRI ABCD P;207;SUREG Vale do Piquiri PR;CENTRAL SICREDI PR/SP/RJ;105.0 Hora(s);1d19h16m;09/11/2023 10:29:04;;;;;;
0000356182;08/11/2023 16:11:07;" DANIELY MENDONCA DE FREITAS";" Pagamento de crédito";" 258- AQUISIÇÃO E REEMBOLSO-MÓVEL COM REGISTRO";491.191.458-02;" AUGUSTO MORENO MORAIS FRANCO";010505/0278-00;;" Concluído";072634;São Bernardo do Campo SP;207;SICREDI VALE DO PIQUIRI ABCD P;207;SUREG Vale do Piquiri PR;CENTRAL SICREDI PR/SP/RJ;105.0 Hora(s);1d19h16m;09/11/2023 10:28:57;;;;;;
0000356182;08/11/2023 16:11:07;" DANIELY MENDONCA DE FREITAS";" Pagamento de crédito";" 258- AQUISIÇÃO E REEMBOLSO-MÓVEL COM REGISTRO";491.191.458-02;" AUGUSTO MORENO MORAIS FRANCO";010505/0278-00;;" Concluído";072634;São Bernardo do Campo SP;207;SICREDI VALE DO PIQUIRI ABCD P;207;SUREG Vale do Piquiri PR;CENTRAL SICREDI PR/SP/RJ;105.0 Hora(s);1d19h16m;09/11/2023 10:27:12;;;;;;
0000356182;08/11/2023 16:11:07;" DANIELY MENDONCA DE FREITAS";" Pagamento de crédito";" 258- AQUISIÇÃO E REEMBOLSO-MÓVEL COM REGISTRO";491.191.458-02;" AUGUSTO MORENO MORAIS FRANCO";010505/0278-00;;" Concluído";072634;São Bernardo do Campo SP;207;SICREDI VALE DO PIQUIRI ABCD P;207;SUREG Vale do Piquiri PR;CENTRAL SICREDI PR/SP/RJ;105.0 Hora(s);1d19h16m;09/11/2023 10:26:49;;;;;;
0000356182;08/11/2023 16:11:07;" DANIELY MENDONCA DE FREITAS";" Pagamento de crédito";" 258- AQUISIÇÃO E REEMBOLSO-MÓVEL COM REGISTRO";491.191.458-02;" AUGUSTO MORENO MORAIS FRANCO";010505/0278-00;;" Concluído";072634;São Bernardo do Campo SP;207;SICREDI VALE DO PIQUIRI ABCD P;207;SUREG Vale do Piquiri PR;CENTRAL SICREDI PR/SP/RJ;105.0 Hora(s);1d19h16m;08/11/2023 16:38:35;;;;;;
0000356182;08/11/2023 16:11:07;" DANIELY MENDONCA DE FREITAS";" Pagamento de crédito";" 258- AQUISIÇÃO E REEMBOLSO-MÓVEL COM REGISTRO";491.191.458-02;" AUGUSTO MORENO MORAIS FRANCO";010505/0278-00;;" Concluído";072634;São Bernardo do Campo SP;207;SICREDI VALE DO PIQUIRI ABCD P;207;SUREG Vale do Piquiri PR;CENTRAL SICREDI PR/SP/RJ;105.0 Hora(s);1d19h16m;08/11/2023 16:34:10;;;;;;
