﻿ID_Processo7;DT_Solicitacao8;NM_Usuario_Solicitacao8;NM_Tipo_Processo8;NM_Processo8;CD_Inscricao_Nacional8;NM_Pessoa8;Usuário;Grupo_Cota_Outros8;ST_Status8;CD_Comissionado2;NM_Fantasia_Comissionado2;CD_Tipo_Ponto_Venda3;NM_Fantasia_Ponto_Venda2;CD_Tipo_Ponto_Venda4;NM_Tipo_Ponto_Venda2;NM_Filial_Venda2;Nivel_Servico8;Tempo_Processo8;DH_Conclusao8;NM_Atividade1;Nivel_Servico_Atividade1;DT_Inicio_Atividade1;DT_Fim_Atividade1;NM_Usuario_Atividade1;Tempo_Processo_Atividade1
0000356328;09/11/2023 11:11:43;" LUCAS DA SILVA ESTANISLAU";" Pagamento de crédito";" 258- AQUISIÇÃO E REEMBOLSO-MÓVEL COM REGISTRO";018.501.799-13;" ROBERVAL WAGNER DOS SANTOS";010551/1171-00;;" Concluído";072619;Janiópolis;207;SICREDI VALE DO PIQUIRI ABCD P;207;SUREG Vale do Piquiri PR;CENTRAL SICREDI PR/SP/RJ;105.0 Hora(s);23h50m;10/11/2023 11:44:26;LIBERAR PAGAMENTOS;0h00m;10/11/2023 10:32:04;10/11/2023 11:44:26;ELKIAYER FAGUNDES TRINDADE;0h00m
0000356328;09/11/2023 11:11:43;" LUCAS DA SILVA ESTANISLAU";" Pagamento de crédito";" 258- AQUISIÇÃO E REEMBOLSO-MÓVEL COM REGISTRO";018.501.799-13;" ROBERVAL WAGNER DOS SANTOS";010551/1171-00;;" Concluído";072619;Janiópolis;207;SICREDI VALE DO PIQUIRI ABCD P;207;SUREG Vale do Piquiri PR;CENTRAL SICREDI PR/SP/RJ;105.0 Hora(s);23h50m;10/11/2023 10:32:03;APROVAR PAGAMENTO;1h00m;10/11/2023 10:31:52;10/11/2023 10:32:03;KELLY DA ROCHA KASPER;0h00m
0000356328;09/11/2023 11:11:43;" LUCAS DA SILVA ESTANISLAU";" Pagamento de crédito";" 258- AQUISIÇÃO E REEMBOLSO-MÓVEL COM REGISTRO";018.501.799-13;" ROBERVAL WAGNER DOS SANTOS";010551/1171-00;;" Concluído";072619;Janiópolis;207;SICREDI VALE DO PIQUIRI ABCD P;207;SUREG Vale do Piquiri PR;CENTRAL SICREDI PR/SP/RJ;105.0 Hora(s);23h50m;10/11/2023 10:31:51;PROGRAMAR PAGAMENTO;1h00m;10/11/2023 10:31:08;10/11/2023 10:31:51;KELLY DA ROCHA KASPER;0h00m
0000356328;09/11/2023 11:11:43;" LUCAS DA SILVA ESTANISLAU";" Pagamento de crédito";" 258- AQUISIÇÃO E REEMBOLSO-MÓVEL COM REGISTRO";018.501.799-13;" ROBERVAL WAGNER DOS SANTOS";010551/1171-00;;" Concluído";072619;Janiópolis;207;SICREDI VALE DO PIQUIRI ABCD P;207;SUREG Vale do Piquiri PR;CENTRAL SICREDI PR/SP/RJ;105.0 Hora(s);23h50m;10/11/2023 10:31:08;ANALISAR DOCUMENTOS PARA LIBERAÇÃO 2ª ETAPA;18h00m;10/11/2023 09:24:19;10/11/2023 10:31:08;KELLY DA ROCHA KASPER;0h06m
0000356328;09/11/2023 11:11:43;" LUCAS DA SILVA ESTANISLAU";" Pagamento de crédito";" 258- AQUISIÇÃO E REEMBOLSO-MÓVEL COM REGISTRO";018.501.799-13;" ROBERVAL WAGNER DOS SANTOS";010551/1171-00;;" Concluído";072619;Janiópolis;207;SICREDI VALE DO PIQUIRI ABCD P;207;SUREG Vale do Piquiri PR;CENTRAL SICREDI PR/SP/RJ;105.0 Hora(s);23h50m;10/11/2023 09:24:19;EMITIR DOCUMENTOS PARA LIBERAÇÃO;18h00m;09/11/2023 17:02:10;10/11/2023 09:24:19;LUCAS DA SILVA ESTANISLAU;0h00m
0000356328;09/11/2023 11:11:43;" LUCAS DA SILVA ESTANISLAU";" Pagamento de crédito";" 258- AQUISIÇÃO E REEMBOLSO-MÓVEL COM REGISTRO";018.501.799-13;" ROBERVAL WAGNER DOS SANTOS";010551/1171-00;;" Concluído";072619;Janiópolis;207;SICREDI VALE DO PIQUIRI ABCD P;207;SUREG Vale do Piquiri PR;CENTRAL SICREDI PR/SP/RJ;105.0 Hora(s);23h50m;09/11/2023 17:02:09;REGISTRAR CONTRATO MANUALMENTE;1h00m;09/11/2023 17:01:50;09/11/2023 17:02:09;Bianca Peck Berwanger;0h01m
0000356328;09/11/2023 11:11:43;" LUCAS DA SILVA ESTANISLAU";" Pagamento de crédito";" 258- AQUISIÇÃO E REEMBOLSO-MÓVEL COM REGISTRO";018.501.799-13;" ROBERVAL WAGNER DOS SANTOS";010551/1171-00;;" Concluído";072619;Janiópolis;207;SICREDI VALE DO PIQUIRI ABCD P;207;SUREG Vale do Piquiri PR;CENTRAL SICREDI PR/SP/RJ;105.0 Hora(s);23h50m;09/11/2023 17:01:50;ALIENAR O BEM;1h00m;09/11/2023 17:01:02;09/11/2023 17:01:50;Bianca Peck Berwanger;0h00m
0000356328;09/11/2023 11:11:43;" LUCAS DA SILVA ESTANISLAU";" Pagamento de crédito";" 258- AQUISIÇÃO E REEMBOLSO-MÓVEL COM REGISTRO";018.501.799-13;" ROBERVAL WAGNER DOS SANTOS";010551/1171-00;;" Concluído";072619;Janiópolis;207;SICREDI VALE DO PIQUIRI ABCD P;207;SUREG Vale do Piquiri PR;CENTRAL SICREDI PR/SP/RJ;105.0 Hora(s);23h50m;09/11/2023 17:01:02;FINALIZAR CADASTRO DO BEM;1h00m;09/11/2023 17:00:25;09/11/2023 17:01:02;Bianca Peck Berwanger;0h01m
0000356328;09/11/2023 11:11:43;" LUCAS DA SILVA ESTANISLAU";" Pagamento de crédito";" 258- AQUISIÇÃO E REEMBOLSO-MÓVEL COM REGISTRO";018.501.799-13;" ROBERVAL WAGNER DOS SANTOS";010551/1171-00;;" Concluído";072619;Janiópolis;207;SICREDI VALE DO PIQUIRI ABCD P;207;SUREG Vale do Piquiri PR;CENTRAL SICREDI PR/SP/RJ;105.0 Hora(s);23h50m;09/11/2023 17:00:25;ANÁLISE DE DOCUMENTOS 1ª ETAPA;18h00m;09/11/2023 11:55:06;09/11/2023 17:00:25;Bianca Peck Berwanger;0h05m
0000356328;09/11/2023 11:11:43;" LUCAS DA SILVA ESTANISLAU";" Pagamento de crédito";" 258- AQUISIÇÃO E REEMBOLSO-MÓVEL COM REGISTRO";018.501.799-13;" ROBERVAL WAGNER DOS SANTOS";010551/1171-00;;" Concluído";072619;Janiópolis;207;SICREDI VALE DO PIQUIRI ABCD P;207;SUREG Vale do Piquiri PR;CENTRAL SICREDI PR/SP/RJ;105.0 Hora(s);23h50m;09/11/2023 11:55:05;ENVIAR DOCUMENTOS;1d21h00m;09/11/2023 11:54:30;09/11/2023 11:55:05;LUCAS DA SILVA ESTANISLAU;0h00m
0000356328;09/11/2023 11:11:43;" LUCAS DA SILVA ESTANISLAU";" Pagamento de crédito";" 258- AQUISIÇÃO E REEMBOLSO-MÓVEL COM REGISTRO";018.501.799-13;" ROBERVAL WAGNER DOS SANTOS";010551/1171-00;;" Concluído";072619;Janiópolis;207;SICREDI VALE DO PIQUIRI ABCD P;207;SUREG Vale do Piquiri PR;CENTRAL SICREDI PR/SP/RJ;105.0 Hora(s);23h50m;09/11/2023 11:54:30;AUTORIZAÇÃO DE FATURAMENTO;0h00m;09/11/2023 11:54:01;09/11/2023 11:54:30;LUCAS DA SILVA ESTANISLAU;0h00m
0000356328;09/11/2023 11:11:43;" LUCAS DA SILVA ESTANISLAU";" Pagamento de crédito";" 258- AQUISIÇÃO E REEMBOLSO-MÓVEL COM REGISTRO";018.501.799-13;" ROBERVAL WAGNER DOS SANTOS";010551/1171-00;;" Concluído";072619;Janiópolis;207;SICREDI VALE DO PIQUIRI ABCD P;207;SUREG Vale do Piquiri PR;CENTRAL SICREDI PR/SP/RJ;105.0 Hora(s);23h50m;10/11/2023 11:44:26;;;;;;
0000356328;09/11/2023 11:11:43;" LUCAS DA SILVA ESTANISLAU";" Pagamento de crédito";" 258- AQUISIÇÃO E REEMBOLSO-MÓVEL COM REGISTRO";018.501.799-13;" ROBERVAL WAGNER DOS SANTOS";010551/1171-00;;" Concluído";072619;Janiópolis;207;SICREDI VALE DO PIQUIRI ABCD P;207;SUREG Vale do Piquiri PR;CENTRAL SICREDI PR/SP/RJ;105.0 Hora(s);23h50m;10/11/2023 10:32:03;;;;;;
0000356328;09/11/2023 11:11:43;" LUCAS DA SILVA ESTANISLAU";" Pagamento de crédito";" 258- AQUISIÇÃO E REEMBOLSO-MÓVEL COM REGISTRO";018.501.799-13;" ROBERVAL WAGNER DOS SANTOS";010551/1171-00;;" Concluído";072619;Janiópolis;207;SICREDI VALE DO PIQUIRI ABCD P;207;SUREG Vale do Piquiri PR;CENTRAL SICREDI PR/SP/RJ;105.0 Hora(s);23h50m;10/11/2023 10:31:51;;;;;;
0000356328;09/11/2023 11:11:43;" LUCAS DA SILVA ESTANISLAU";" Pagamento de crédito";" 258- AQUISIÇÃO E REEMBOLSO-MÓVEL COM REGISTRO";018.501.799-13;" ROBERVAL WAGNER DOS SANTOS";010551/1171-00;;" Concluído";072619;Janiópolis;207;SICREDI VALE DO PIQUIRI ABCD P;207;SUREG Vale do Piquiri PR;CENTRAL SICREDI PR/SP/RJ;105.0 Hora(s);23h50m;10/11/2023 10:31:08;;;;;;
0000356328;09/11/2023 11:11:43;" LUCAS DA SILVA ESTANISLAU";" Pagamento de crédito";" 258- AQUISIÇÃO E REEMBOLSO-MÓVEL COM REGISTRO";018.501.799-13;" ROBERVAL WAGNER DOS SANTOS";010551/1171-00;;" Concluído";072619;Janiópolis;207;SICREDI VALE DO PIQUIRI ABCD P;207;SUREG Vale do Piquiri PR;CENTRAL SICREDI PR/SP/RJ;105.0 Hora(s);23h50m;10/11/2023 09:24:19;;;;;;
0000356328;09/11/2023 11:11:43;" LUCAS DA SILVA ESTANISLAU";" Pagamento de crédito";" 258- AQUISIÇÃO E REEMBOLSO-MÓVEL COM REGISTRO";018.501.799-13;" ROBERVAL WAGNER DOS SANTOS";010551/1171-00;;" Concluído";072619;Janiópolis;207;SICREDI VALE DO PIQUIRI ABCD P;207;SUREG Vale do Piquiri PR;CENTRAL SICREDI PR/SP/RJ;105.0 Hora(s);23h50m;09/11/2023 17:02:09;;;;;;
0000356328;09/11/2023 11:11:43;" LUCAS DA SILVA ESTANISLAU";" Pagamento de crédito";" 258- AQUISIÇÃO E REEMBOLSO-MÓVEL COM REGISTRO";018.501.799-13;" ROBERVAL WAGNER DOS SANTOS";010551/1171-00;;" Concluído";072619;Janiópolis;207;SICREDI VALE DO PIQUIRI ABCD P;207;SUREG Vale do Piquiri PR;CENTRAL SICREDI PR/SP/RJ;105.0 Hora(s);23h50m;09/11/2023 17:01:50;;;;;;
0000356328;09/11/2023 11:11:43;" LUCAS DA SILVA ESTANISLAU";" Pagamento de crédito";" 258- AQUISIÇÃO E REEMBOLSO-MÓVEL COM REGISTRO";018.501.799-13;" ROBERVAL WAGNER DOS SANTOS";010551/1171-00;;" Concluído";072619;Janiópolis;207;SICREDI VALE DO PIQUIRI ABCD P;207;SUREG Vale do Piquiri PR;CENTRAL SICREDI PR/SP/RJ;105.0 Hora(s);23h50m;09/11/2023 17:01:02;;;;;;
0000356328;09/11/2023 11:11:43;" LUCAS DA SILVA ESTANISLAU";" Pagamento de crédito";" 258- AQUISIÇÃO E REEMBOLSO-MÓVEL COM REGISTRO";018.501.799-13;" ROBERVAL WAGNER DOS SANTOS";010551/1171-00;;" Concluído";072619;Janiópolis;207;SICREDI VALE DO PIQUIRI ABCD P;207;SUREG Vale do Piquiri PR;CENTRAL SICREDI PR/SP/RJ;105.0 Hora(s);23h50m;09/11/2023 17:00:25;;;;;;
0000356328;09/11/2023 11:11:43;" LUCAS DA SILVA ESTANISLAU";" Pagamento de crédito";" 258- AQUISIÇÃO E REEMBOLSO-MÓVEL COM REGISTRO";018.501.799-13;" ROBERVAL WAGNER DOS SANTOS";010551/1171-00;;" Concluído";072619;Janiópolis;207;SICREDI VALE DO PIQUIRI ABCD P;207;SUREG Vale do Piquiri PR;CENTRAL SICREDI PR/SP/RJ;105.0 Hora(s);23h50m;09/11/2023 11:55:05;;;;;;
0000356328;09/11/2023 11:11:43;" LUCAS DA SILVA ESTANISLAU";" Pagamento de crédito";" 258- AQUISIÇÃO E REEMBOLSO-MÓVEL COM REGISTRO";018.501.799-13;" ROBERVAL WAGNER DOS SANTOS";010551/1171-00;;" Concluído";072619;Janiópolis;207;SICREDI VALE DO PIQUIRI ABCD P;207;SUREG Vale do Piquiri PR;CENTRAL SICREDI PR/SP/RJ;105.0 Hora(s);23h50m;09/11/2023 11:54:30;;;;;;
