﻿ID_Processo7;DT_Solicitacao8;NM_Usuario_Solicitacao8;NM_Tipo_Processo8;NM_Processo8;CD_Inscricao_Nacional8;NM_Pessoa8;Usuário;Grupo_Cota_Outros8;ST_Status8;CD_Comissionado2;NM_Fantasia_Comissionado2;CD_Tipo_Ponto_Venda3;NM_Fantasia_Ponto_Venda2;CD_Tipo_Ponto_Venda4;NM_Tipo_Ponto_Venda2;NM_Filial_Venda2;Nivel_Servico8;Tempo_Processo8;DH_Conclusao8;NM_Atividade1;Nivel_Servico_Atividade1;DT_Inicio_Atividade1;DT_Fim_Atividade1;NM_Usuario_Atividade1;Tempo_Processo_Atividade1
0000367146;22/11/2023 15:11:22;" MAIARA DIAS ZANELA";" Pagamento de crédito";" 258- AQUISIÇÃO E REEMBOLSO-MÓVEL COM REGISTRO";831.044.379-04;" SILVANA APARECIDA RICCI";010584/0906-00;;" Aguardando Regularização";072625;Ubirata;207;SICREDI VALE DO PIQUIRI ABCD P;207;SUREG Vale do Piquiri PR;CENTRAL SICREDI PR/SP/RJ;105.0 Hora(s);23h32m;"                   ";EMITIR DOCUMENTOS PARA LIBERAÇÃO;18h00m;23/11/2023 15:30:42;"                   ";;0h00m
0000367146;22/11/2023 15:11:22;" MAIARA DIAS ZANELA";" Pagamento de crédito";" 258- AQUISIÇÃO E REEMBOLSO-MÓVEL COM REGISTRO";831.044.379-04;" SILVANA APARECIDA RICCI";010584/0906-00;;" Aguardando Regularização";072625;Ubirata;207;SICREDI VALE DO PIQUIRI ABCD P;207;SUREG Vale do Piquiri PR;CENTRAL SICREDI PR/SP/RJ;105.0 Hora(s);23h32m;23/11/2023 15:30:41;REGISTRAR CONTRATO MANUALMENTE;1h00m;23/11/2023 15:30:25;23/11/2023 15:30:41;PAOLA MENEZES DA COSTA;0h00m
0000367146;22/11/2023 15:11:22;" MAIARA DIAS ZANELA";" Pagamento de crédito";" 258- AQUISIÇÃO E REEMBOLSO-MÓVEL COM REGISTRO";831.044.379-04;" SILVANA APARECIDA RICCI";010584/0906-00;;" Aguardando Regularização";072625;Ubirata;207;SICREDI VALE DO PIQUIRI ABCD P;207;SUREG Vale do Piquiri PR;CENTRAL SICREDI PR/SP/RJ;105.0 Hora(s);23h32m;23/11/2023 15:30:25;ALIENAR O BEM;1h00m;23/11/2023 15:27:33;23/11/2023 15:30:25;PAOLA MENEZES DA COSTA;0h03m
0000367146;22/11/2023 15:11:22;" MAIARA DIAS ZANELA";" Pagamento de crédito";" 258- AQUISIÇÃO E REEMBOLSO-MÓVEL COM REGISTRO";831.044.379-04;" SILVANA APARECIDA RICCI";010584/0906-00;;" Aguardando Regularização";072625;Ubirata;207;SICREDI VALE DO PIQUIRI ABCD P;207;SUREG Vale do Piquiri PR;CENTRAL SICREDI PR/SP/RJ;105.0 Hora(s);23h32m;23/11/2023 15:27:33;FINALIZAR CADASTRO DO BEM;1h00m;23/11/2023 15:26:49;23/11/2023 15:27:33;PAOLA MENEZES DA COSTA;0h00m
0000367146;22/11/2023 15:11:22;" MAIARA DIAS ZANELA";" Pagamento de crédito";" 258- AQUISIÇÃO E REEMBOLSO-MÓVEL COM REGISTRO";831.044.379-04;" SILVANA APARECIDA RICCI";010584/0906-00;;" Aguardando Regularização";072625;Ubirata;207;SICREDI VALE DO PIQUIRI ABCD P;207;SUREG Vale do Piquiri PR;CENTRAL SICREDI PR/SP/RJ;105.0 Hora(s);23h32m;23/11/2023 15:26:49;ANÁLISE DE DOCUMENTOS 1ª ETAPA;18h00m;23/11/2023 10:08:29;23/11/2023 15:26:49;PAOLA MENEZES DA COSTA;0h09m
0000367146;22/11/2023 15:11:22;" MAIARA DIAS ZANELA";" Pagamento de crédito";" 258- AQUISIÇÃO E REEMBOLSO-MÓVEL COM REGISTRO";831.044.379-04;" SILVANA APARECIDA RICCI";010584/0906-00;;" Aguardando Regularização";072625;Ubirata;207;SICREDI VALE DO PIQUIRI ABCD P;207;SUREG Vale do Piquiri PR;CENTRAL SICREDI PR/SP/RJ;105.0 Hora(s);23h32m;23/11/2023 10:08:29;ENVIAR DOCUMENTOS;1d21h00m;22/11/2023 15:59:15;23/11/2023 10:08:29;MAIARA DIAS ZANELA;0h00m
0000367146;22/11/2023 15:11:22;" MAIARA DIAS ZANELA";" Pagamento de crédito";" 258- AQUISIÇÃO E REEMBOLSO-MÓVEL COM REGISTRO";831.044.379-04;" SILVANA APARECIDA RICCI";010584/0906-00;;" Aguardando Regularização";072625;Ubirata;207;SICREDI VALE DO PIQUIRI ABCD P;207;SUREG Vale do Piquiri PR;CENTRAL SICREDI PR/SP/RJ;105.0 Hora(s);23h32m;22/11/2023 15:59:15;AUTORIZAÇÃO DE FATURAMENTO;0h00m;22/11/2023 15:58:47;22/11/2023 15:59:15;;0h00m
0000367146;22/11/2023 15:11:22;" MAIARA DIAS ZANELA";" Pagamento de crédito";" 258- AQUISIÇÃO E REEMBOLSO-MÓVEL COM REGISTRO";831.044.379-04;" SILVANA APARECIDA RICCI";010584/0906-00;;" Aguardando Regularização";072625;Ubirata;207;SICREDI VALE DO PIQUIRI ABCD P;207;SUREG Vale do Piquiri PR;CENTRAL SICREDI PR/SP/RJ;105.0 Hora(s);23h32m;"                   ";;;;;;
0000367146;22/11/2023 15:11:22;" MAIARA DIAS ZANELA";" Pagamento de crédito";" 258- AQUISIÇÃO E REEMBOLSO-MÓVEL COM REGISTRO";831.044.379-04;" SILVANA APARECIDA RICCI";010584/0906-00;;" Aguardando Regularização";072625;Ubirata;207;SICREDI VALE DO PIQUIRI ABCD P;207;SUREG Vale do Piquiri PR;CENTRAL SICREDI PR/SP/RJ;105.0 Hora(s);23h32m;23/11/2023 15:30:41;;;;;;
0000367146;22/11/2023 15:11:22;" MAIARA DIAS ZANELA";" Pagamento de crédito";" 258- AQUISIÇÃO E REEMBOLSO-MÓVEL COM REGISTRO";831.044.379-04;" SILVANA APARECIDA RICCI";010584/0906-00;;" Aguardando Regularização";072625;Ubirata;207;SICREDI VALE DO PIQUIRI ABCD P;207;SUREG Vale do Piquiri PR;CENTRAL SICREDI PR/SP/RJ;105.0 Hora(s);23h32m;23/11/2023 15:30:25;;;;;;
0000367146;22/11/2023 15:11:22;" MAIARA DIAS ZANELA";" Pagamento de crédito";" 258- AQUISIÇÃO E REEMBOLSO-MÓVEL COM REGISTRO";831.044.379-04;" SILVANA APARECIDA RICCI";010584/0906-00;;" Aguardando Regularização";072625;Ubirata;207;SICREDI VALE DO PIQUIRI ABCD P;207;SUREG Vale do Piquiri PR;CENTRAL SICREDI PR/SP/RJ;105.0 Hora(s);23h32m;23/11/2023 15:27:33;;;;;;
0000367146;22/11/2023 15:11:22;" MAIARA DIAS ZANELA";" Pagamento de crédito";" 258- AQUISIÇÃO E REEMBOLSO-MÓVEL COM REGISTRO";831.044.379-04;" SILVANA APARECIDA RICCI";010584/0906-00;;" Aguardando Regularização";072625;Ubirata;207;SICREDI VALE DO PIQUIRI ABCD P;207;SUREG Vale do Piquiri PR;CENTRAL SICREDI PR/SP/RJ;105.0 Hora(s);23h32m;23/11/2023 15:26:49;;;;;;
0000367146;22/11/2023 15:11:22;" MAIARA DIAS ZANELA";" Pagamento de crédito";" 258- AQUISIÇÃO E REEMBOLSO-MÓVEL COM REGISTRO";831.044.379-04;" SILVANA APARECIDA RICCI";010584/0906-00;;" Aguardando Regularização";072625;Ubirata;207;SICREDI VALE DO PIQUIRI ABCD P;207;SUREG Vale do Piquiri PR;CENTRAL SICREDI PR/SP/RJ;105.0 Hora(s);23h32m;23/11/2023 10:08:29;;;;;;
0000367146;22/11/2023 15:11:22;" MAIARA DIAS ZANELA";" Pagamento de crédito";" 258- AQUISIÇÃO E REEMBOLSO-MÓVEL COM REGISTRO";831.044.379-04;" SILVANA APARECIDA RICCI";010584/0906-00;;" Aguardando Regularização";072625;Ubirata;207;SICREDI VALE DO PIQUIRI ABCD P;207;SUREG Vale do Piquiri PR;CENTRAL SICREDI PR/SP/RJ;105.0 Hora(s);23h32m;22/11/2023 15:59:15;;;;;;
