﻿ID_Processo7;DT_Solicitacao8;NM_Usuario_Solicitacao8;NM_Tipo_Processo8;NM_Processo8;CD_Inscricao_Nacional8;NM_Pessoa8;Usuário;Grupo_Cota_Outros8;ST_Status8;CD_Comissionado2;NM_Fantasia_Comissionado2;CD_Tipo_Ponto_Venda3;NM_Fantasia_Ponto_Venda2;CD_Tipo_Ponto_Venda4;NM_Tipo_Ponto_Venda2;NM_Filial_Venda2;Nivel_Servico8;Tempo_Processo8;DH_Conclusao8;NM_Atividade1;Nivel_Servico_Atividade1;DT_Inicio_Atividade1;DT_Fim_Atividade1;NM_Usuario_Atividade1;Tempo_Processo_Atividade1
0000364072;20/11/2023 14:11:17;" Marcella Regina Barancelli Alv";" Pagamento de crédito";" 258- AQUISIÇÃO E REEMBOLSO-MÓVEL COM REGISTRO";013.929.250-02;" OBERDAN ZAPAROLI";010588/0081-00;;" Concluído";021711;Maximiliano de Almeida;104;SICREDI UNIESTADOS;104;SUREG Erechim RS;CENTRAL SICREDI SUL/SUDESTE;105.0 Hora(s);4d1h11m;24/11/2023 15:49:52;LIBERAR PAGAMENTOS;0h00m;24/11/2023 14:07:48;24/11/2023 15:49:52;Kelen Hahn Paulo;0h00m
0000364072;20/11/2023 14:11:17;" Marcella Regina Barancelli Alv";" Pagamento de crédito";" 258- AQUISIÇÃO E REEMBOLSO-MÓVEL COM REGISTRO";013.929.250-02;" OBERDAN ZAPAROLI";010588/0081-00;;" Concluído";021711;Maximiliano de Almeida;104;SICREDI UNIESTADOS;104;SUREG Erechim RS;CENTRAL SICREDI SUL/SUDESTE;105.0 Hora(s);4d1h11m;24/11/2023 14:07:48;APROVAR PAGAMENTO;1h00m;24/11/2023 14:07:44;24/11/2023 14:07:48;LARISSA JAENISCH DUTRA PINTO;0h00m
0000364072;20/11/2023 14:11:17;" Marcella Regina Barancelli Alv";" Pagamento de crédito";" 258- AQUISIÇÃO E REEMBOLSO-MÓVEL COM REGISTRO";013.929.250-02;" OBERDAN ZAPAROLI";010588/0081-00;;" Concluído";021711;Maximiliano de Almeida;104;SICREDI UNIESTADOS;104;SUREG Erechim RS;CENTRAL SICREDI SUL/SUDESTE;105.0 Hora(s);4d1h11m;24/11/2023 14:07:44;PROGRAMAR PAGAMENTO;1h00m;24/11/2023 14:06:54;24/11/2023 14:07:44;LARISSA JAENISCH DUTRA PINTO;0h00m
0000364072;20/11/2023 14:11:17;" Marcella Regina Barancelli Alv";" Pagamento de crédito";" 258- AQUISIÇÃO E REEMBOLSO-MÓVEL COM REGISTRO";013.929.250-02;" OBERDAN ZAPAROLI";010588/0081-00;;" Concluído";021711;Maximiliano de Almeida;104;SICREDI UNIESTADOS;104;SUREG Erechim RS;CENTRAL SICREDI SUL/SUDESTE;105.0 Hora(s);4d1h11m;24/11/2023 14:06:54;ANALISAR DOCUMENTOS PARA LIBERAÇÃO 2ª ETAPA;18h00m;24/11/2023 09:36:30;24/11/2023 14:06:54;LARISSA JAENISCH DUTRA PINTO;0h01m
0000364072;20/11/2023 14:11:17;" Marcella Regina Barancelli Alv";" Pagamento de crédito";" 258- AQUISIÇÃO E REEMBOLSO-MÓVEL COM REGISTRO";013.929.250-02;" OBERDAN ZAPAROLI";010588/0081-00;;" Concluído";021711;Maximiliano de Almeida;104;SICREDI UNIESTADOS;104;SUREG Erechim RS;CENTRAL SICREDI SUL/SUDESTE;105.0 Hora(s);4d1h11m;24/11/2023 09:36:30;EMITIR DOCUMENTOS PARA LIBERAÇÃO;18h00m;22/11/2023 12:28:04;24/11/2023 09:36:30;Marcella Regina Barancelli Alv;0h00m
0000364072;20/11/2023 14:11:17;" Marcella Regina Barancelli Alv";" Pagamento de crédito";" 258- AQUISIÇÃO E REEMBOLSO-MÓVEL COM REGISTRO";013.929.250-02;" OBERDAN ZAPAROLI";010588/0081-00;;" Concluído";021711;Maximiliano de Almeida;104;SICREDI UNIESTADOS;104;SUREG Erechim RS;CENTRAL SICREDI SUL/SUDESTE;105.0 Hora(s);4d1h11m;22/11/2023 12:28:04;REGISTRAR CONTRATO MANUALMENTE;1h00m;22/11/2023 12:28:01;22/11/2023 12:28:04;NICOLAS PAULO DE SOUSA CUNHA;0h00m
0000364072;20/11/2023 14:11:17;" Marcella Regina Barancelli Alv";" Pagamento de crédito";" 258- AQUISIÇÃO E REEMBOLSO-MÓVEL COM REGISTRO";013.929.250-02;" OBERDAN ZAPAROLI";010588/0081-00;;" Concluído";021711;Maximiliano de Almeida;104;SICREDI UNIESTADOS;104;SUREG Erechim RS;CENTRAL SICREDI SUL/SUDESTE;105.0 Hora(s);4d1h11m;22/11/2023 12:28:01;ALIENAR O BEM;1h00m;22/11/2023 12:24:34;22/11/2023 12:28:01;NICOLAS PAULO DE SOUSA CUNHA;0h04m
0000364072;20/11/2023 14:11:17;" Marcella Regina Barancelli Alv";" Pagamento de crédito";" 258- AQUISIÇÃO E REEMBOLSO-MÓVEL COM REGISTRO";013.929.250-02;" OBERDAN ZAPAROLI";010588/0081-00;;" Concluído";021711;Maximiliano de Almeida;104;SICREDI UNIESTADOS;104;SUREG Erechim RS;CENTRAL SICREDI SUL/SUDESTE;105.0 Hora(s);4d1h11m;22/11/2023 12:24:34;FINALIZAR CADASTRO DO BEM;1h00m;22/11/2023 12:24:30;22/11/2023 12:24:34;NICOLAS PAULO DE SOUSA CUNHA;0h00m
0000364072;20/11/2023 14:11:17;" Marcella Regina Barancelli Alv";" Pagamento de crédito";" 258- AQUISIÇÃO E REEMBOLSO-MÓVEL COM REGISTRO";013.929.250-02;" OBERDAN ZAPAROLI";010588/0081-00;;" Concluído";021711;Maximiliano de Almeida;104;SICREDI UNIESTADOS;104;SUREG Erechim RS;CENTRAL SICREDI SUL/SUDESTE;105.0 Hora(s);4d1h11m;22/11/2023 12:24:30;ANÁLISE DE DOCUMENTOS 1ª ETAPA;18h00m;22/11/2023 10:40:48;22/11/2023 12:24:30;NICOLAS PAULO DE SOUSA CUNHA;0h02m
0000364072;20/11/2023 14:11:17;" Marcella Regina Barancelli Alv";" Pagamento de crédito";" 258- AQUISIÇÃO E REEMBOLSO-MÓVEL COM REGISTRO";013.929.250-02;" OBERDAN ZAPAROLI";010588/0081-00;;" Concluído";021711;Maximiliano de Almeida;104;SICREDI UNIESTADOS;104;SUREG Erechim RS;CENTRAL SICREDI SUL/SUDESTE;105.0 Hora(s);4d1h11m;22/11/2023 10:40:48;ENVIAR DOCUMENTOS;1d21h00m;20/11/2023 14:39:09;22/11/2023 10:40:48;Marcella Regina Barancelli Alv;0h00m
0000364072;20/11/2023 14:11:17;" Marcella Regina Barancelli Alv";" Pagamento de crédito";" 258- AQUISIÇÃO E REEMBOLSO-MÓVEL COM REGISTRO";013.929.250-02;" OBERDAN ZAPAROLI";010588/0081-00;;" Concluído";021711;Maximiliano de Almeida;104;SICREDI UNIESTADOS;104;SUREG Erechim RS;CENTRAL SICREDI SUL/SUDESTE;105.0 Hora(s);4d1h11m;20/11/2023 14:39:08;AUTORIZAÇÃO DE FATURAMENTO;0h00m;20/11/2023 14:38:08;20/11/2023 14:39:08;;0h00m
0000364072;20/11/2023 14:11:17;" Marcella Regina Barancelli Alv";" Pagamento de crédito";" 258- AQUISIÇÃO E REEMBOLSO-MÓVEL COM REGISTRO";013.929.250-02;" OBERDAN ZAPAROLI";010588/0081-00;;" Concluído";021711;Maximiliano de Almeida;104;SICREDI UNIESTADOS;104;SUREG Erechim RS;CENTRAL SICREDI SUL/SUDESTE;105.0 Hora(s);4d1h11m;24/11/2023 15:49:52;;;;;;
0000364072;20/11/2023 14:11:17;" Marcella Regina Barancelli Alv";" Pagamento de crédito";" 258- AQUISIÇÃO E REEMBOLSO-MÓVEL COM REGISTRO";013.929.250-02;" OBERDAN ZAPAROLI";010588/0081-00;;" Concluído";021711;Maximiliano de Almeida;104;SICREDI UNIESTADOS;104;SUREG Erechim RS;CENTRAL SICREDI SUL/SUDESTE;105.0 Hora(s);4d1h11m;24/11/2023 14:07:48;;;;;;
0000364072;20/11/2023 14:11:17;" Marcella Regina Barancelli Alv";" Pagamento de crédito";" 258- AQUISIÇÃO E REEMBOLSO-MÓVEL COM REGISTRO";013.929.250-02;" OBERDAN ZAPAROLI";010588/0081-00;;" Concluído";021711;Maximiliano de Almeida;104;SICREDI UNIESTADOS;104;SUREG Erechim RS;CENTRAL SICREDI SUL/SUDESTE;105.0 Hora(s);4d1h11m;24/11/2023 14:07:44;;;;;;
0000364072;20/11/2023 14:11:17;" Marcella Regina Barancelli Alv";" Pagamento de crédito";" 258- AQUISIÇÃO E REEMBOLSO-MÓVEL COM REGISTRO";013.929.250-02;" OBERDAN ZAPAROLI";010588/0081-00;;" Concluído";021711;Maximiliano de Almeida;104;SICREDI UNIESTADOS;104;SUREG Erechim RS;CENTRAL SICREDI SUL/SUDESTE;105.0 Hora(s);4d1h11m;24/11/2023 14:06:54;;;;;;
0000364072;20/11/2023 14:11:17;" Marcella Regina Barancelli Alv";" Pagamento de crédito";" 258- AQUISIÇÃO E REEMBOLSO-MÓVEL COM REGISTRO";013.929.250-02;" OBERDAN ZAPAROLI";010588/0081-00;;" Concluído";021711;Maximiliano de Almeida;104;SICREDI UNIESTADOS;104;SUREG Erechim RS;CENTRAL SICREDI SUL/SUDESTE;105.0 Hora(s);4d1h11m;24/11/2023 09:36:30;;;;;;
0000364072;20/11/2023 14:11:17;" Marcella Regina Barancelli Alv";" Pagamento de crédito";" 258- AQUISIÇÃO E REEMBOLSO-MÓVEL COM REGISTRO";013.929.250-02;" OBERDAN ZAPAROLI";010588/0081-00;;" Concluído";021711;Maximiliano de Almeida;104;SICREDI UNIESTADOS;104;SUREG Erechim RS;CENTRAL SICREDI SUL/SUDESTE;105.0 Hora(s);4d1h11m;22/11/2023 12:28:04;;;;;;
0000364072;20/11/2023 14:11:17;" Marcella Regina Barancelli Alv";" Pagamento de crédito";" 258- AQUISIÇÃO E REEMBOLSO-MÓVEL COM REGISTRO";013.929.250-02;" OBERDAN ZAPAROLI";010588/0081-00;;" Concluído";021711;Maximiliano de Almeida;104;SICREDI UNIESTADOS;104;SUREG Erechim RS;CENTRAL SICREDI SUL/SUDESTE;105.0 Hora(s);4d1h11m;22/11/2023 12:28:01;;;;;;
0000364072;20/11/2023 14:11:17;" Marcella Regina Barancelli Alv";" Pagamento de crédito";" 258- AQUISIÇÃO E REEMBOLSO-MÓVEL COM REGISTRO";013.929.250-02;" OBERDAN ZAPAROLI";010588/0081-00;;" Concluído";021711;Maximiliano de Almeida;104;SICREDI UNIESTADOS;104;SUREG Erechim RS;CENTRAL SICREDI SUL/SUDESTE;105.0 Hora(s);4d1h11m;22/11/2023 12:24:34;;;;;;
0000364072;20/11/2023 14:11:17;" Marcella Regina Barancelli Alv";" Pagamento de crédito";" 258- AQUISIÇÃO E REEMBOLSO-MÓVEL COM REGISTRO";013.929.250-02;" OBERDAN ZAPAROLI";010588/0081-00;;" Concluído";021711;Maximiliano de Almeida;104;SICREDI UNIESTADOS;104;SUREG Erechim RS;CENTRAL SICREDI SUL/SUDESTE;105.0 Hora(s);4d1h11m;22/11/2023 12:24:30;;;;;;
0000364072;20/11/2023 14:11:17;" Marcella Regina Barancelli Alv";" Pagamento de crédito";" 258- AQUISIÇÃO E REEMBOLSO-MÓVEL COM REGISTRO";013.929.250-02;" OBERDAN ZAPAROLI";010588/0081-00;;" Concluído";021711;Maximiliano de Almeida;104;SICREDI UNIESTADOS;104;SUREG Erechim RS;CENTRAL SICREDI SUL/SUDESTE;105.0 Hora(s);4d1h11m;22/11/2023 10:40:48;;;;;;
0000364072;20/11/2023 14:11:17;" Marcella Regina Barancelli Alv";" Pagamento de crédito";" 258- AQUISIÇÃO E REEMBOLSO-MÓVEL COM REGISTRO";013.929.250-02;" OBERDAN ZAPAROLI";010588/0081-00;;" Concluído";021711;Maximiliano de Almeida;104;SICREDI UNIESTADOS;104;SUREG Erechim RS;CENTRAL SICREDI SUL/SUDESTE;105.0 Hora(s);4d1h11m;20/11/2023 14:39:08;;;;;;
