﻿ID_Processo7;DT_Solicitacao8;NM_Usuario_Solicitacao8;NM_Tipo_Processo8;NM_Processo8;CD_Inscricao_Nacional8;NM_Pessoa8;Usuário;Grupo_Cota_Outros8;ST_Status8;CD_Comissionado2;NM_Fantasia_Comissionado2;CD_Tipo_Ponto_Venda3;NM_Fantasia_Ponto_Venda2;CD_Tipo_Ponto_Venda4;NM_Tipo_Ponto_Venda2;NM_Filial_Venda2;Nivel_Servico8;Tempo_Processo8;DH_Conclusao8;NM_Atividade1;Nivel_Servico_Atividade1;DT_Inicio_Atividade1;DT_Fim_Atividade1;NM_Usuario_Atividade1;Tempo_Processo_Atividade1
0000367026;22/11/2023 12:11:33;" LARISSA DA CUNHA OLIVEIRA";" Pagamento de crédito";" 258- AQUISIÇÃO E REEMBOLSO-MÓVEL COM REGISTRO";098.538.196-51;" LUCAS SILVA DE MORAIS";010591/0232-00;;" Concluído";021766;UA DE MONTE SIÃO;104;SICREDI UNIESTADOS;104;SUREG Erechim RS;CENTRAL SICREDI SUL/SUDESTE;105.0 Hora(s);23h05m;23/11/2023 11:57:36;LIBERAR PAGAMENTOS;0h00m;23/11/2023 10:47:14;23/11/2023 11:57:36;Kelen Hahn Paulo;0h00m
0000367026;22/11/2023 12:11:33;" LARISSA DA CUNHA OLIVEIRA";" Pagamento de crédito";" 258- AQUISIÇÃO E REEMBOLSO-MÓVEL COM REGISTRO";098.538.196-51;" LUCAS SILVA DE MORAIS";010591/0232-00;;" Concluído";021766;UA DE MONTE SIÃO;104;SICREDI UNIESTADOS;104;SUREG Erechim RS;CENTRAL SICREDI SUL/SUDESTE;105.0 Hora(s);23h05m;23/11/2023 10:47:14;APROVAR PAGAMENTO;1h00m;23/11/2023 10:47:10;23/11/2023 10:47:14;LARISSA JAENISCH DUTRA PINTO;0h00m
0000367026;22/11/2023 12:11:33;" LARISSA DA CUNHA OLIVEIRA";" Pagamento de crédito";" 258- AQUISIÇÃO E REEMBOLSO-MÓVEL COM REGISTRO";098.538.196-51;" LUCAS SILVA DE MORAIS";010591/0232-00;;" Concluído";021766;UA DE MONTE SIÃO;104;SICREDI UNIESTADOS;104;SUREG Erechim RS;CENTRAL SICREDI SUL/SUDESTE;105.0 Hora(s);23h05m;23/11/2023 10:47:10;PROGRAMAR PAGAMENTO;1h00m;23/11/2023 10:46:46;23/11/2023 10:47:10;LARISSA JAENISCH DUTRA PINTO;0h01m
0000367026;22/11/2023 12:11:33;" LARISSA DA CUNHA OLIVEIRA";" Pagamento de crédito";" 258- AQUISIÇÃO E REEMBOLSO-MÓVEL COM REGISTRO";098.538.196-51;" LUCAS SILVA DE MORAIS";010591/0232-00;;" Concluído";021766;UA DE MONTE SIÃO;104;SICREDI UNIESTADOS;104;SUREG Erechim RS;CENTRAL SICREDI SUL/SUDESTE;105.0 Hora(s);23h05m;23/11/2023 10:46:46;ANALISAR DOCUMENTOS PARA LIBERAÇÃO 2ª ETAPA;18h00m;23/11/2023 08:16:49;23/11/2023 10:46:46;LARISSA JAENISCH DUTRA PINTO;0h02m
0000367026;22/11/2023 12:11:33;" LARISSA DA CUNHA OLIVEIRA";" Pagamento de crédito";" 258- AQUISIÇÃO E REEMBOLSO-MÓVEL COM REGISTRO";098.538.196-51;" LUCAS SILVA DE MORAIS";010591/0232-00;;" Concluído";021766;UA DE MONTE SIÃO;104;SICREDI UNIESTADOS;104;SUREG Erechim RS;CENTRAL SICREDI SUL/SUDESTE;105.0 Hora(s);23h05m;23/11/2023 08:16:49;EMITIR DOCUMENTOS PARA LIBERAÇÃO;18h00m;22/11/2023 14:16:21;23/11/2023 08:16:49;LARISSA DA CUNHA OLIVEIRA;0h00m
0000367026;22/11/2023 12:11:33;" LARISSA DA CUNHA OLIVEIRA";" Pagamento de crédito";" 258- AQUISIÇÃO E REEMBOLSO-MÓVEL COM REGISTRO";098.538.196-51;" LUCAS SILVA DE MORAIS";010591/0232-00;;" Concluído";021766;UA DE MONTE SIÃO;104;SICREDI UNIESTADOS;104;SUREG Erechim RS;CENTRAL SICREDI SUL/SUDESTE;105.0 Hora(s);23h05m;22/11/2023 14:16:21;REGISTRAR CONTRATO MANUALMENTE;1h00m;22/11/2023 14:16:16;22/11/2023 14:16:21;NICOLAS PAULO DE SOUSA CUNHA;0h00m
0000367026;22/11/2023 12:11:33;" LARISSA DA CUNHA OLIVEIRA";" Pagamento de crédito";" 258- AQUISIÇÃO E REEMBOLSO-MÓVEL COM REGISTRO";098.538.196-51;" LUCAS SILVA DE MORAIS";010591/0232-00;;" Concluído";021766;UA DE MONTE SIÃO;104;SICREDI UNIESTADOS;104;SUREG Erechim RS;CENTRAL SICREDI SUL/SUDESTE;105.0 Hora(s);23h05m;22/11/2023 14:16:16;ALIENAR O BEM;1h00m;22/11/2023 14:15:25;22/11/2023 14:16:16;NICOLAS PAULO DE SOUSA CUNHA;0h01m
0000367026;22/11/2023 12:11:33;" LARISSA DA CUNHA OLIVEIRA";" Pagamento de crédito";" 258- AQUISIÇÃO E REEMBOLSO-MÓVEL COM REGISTRO";098.538.196-51;" LUCAS SILVA DE MORAIS";010591/0232-00;;" Concluído";021766;UA DE MONTE SIÃO;104;SICREDI UNIESTADOS;104;SUREG Erechim RS;CENTRAL SICREDI SUL/SUDESTE;105.0 Hora(s);23h05m;22/11/2023 14:15:25;FINALIZAR CADASTRO DO BEM;1h00m;22/11/2023 14:15:20;22/11/2023 14:15:25;NICOLAS PAULO DE SOUSA CUNHA;0h00m
0000367026;22/11/2023 12:11:33;" LARISSA DA CUNHA OLIVEIRA";" Pagamento de crédito";" 258- AQUISIÇÃO E REEMBOLSO-MÓVEL COM REGISTRO";098.538.196-51;" LUCAS SILVA DE MORAIS";010591/0232-00;;" Concluído";021766;UA DE MONTE SIÃO;104;SICREDI UNIESTADOS;104;SUREG Erechim RS;CENTRAL SICREDI SUL/SUDESTE;105.0 Hora(s);23h05m;22/11/2023 14:15:20;ANÁLISE DE DOCUMENTOS 1ª ETAPA;18h00m;22/11/2023 13:00:59;22/11/2023 14:15:20;NICOLAS PAULO DE SOUSA CUNHA;0h05m
0000367026;22/11/2023 12:11:33;" LARISSA DA CUNHA OLIVEIRA";" Pagamento de crédito";" 258- AQUISIÇÃO E REEMBOLSO-MÓVEL COM REGISTRO";098.538.196-51;" LUCAS SILVA DE MORAIS";010591/0232-00;;" Concluído";021766;UA DE MONTE SIÃO;104;SICREDI UNIESTADOS;104;SUREG Erechim RS;CENTRAL SICREDI SUL/SUDESTE;105.0 Hora(s);23h05m;22/11/2023 13:00:59;ENVIAR DOCUMENTOS;1d21h00m;22/11/2023 12:52:46;22/11/2023 13:00:59;LARISSA DA CUNHA OLIVEIRA;0h00m
0000367026;22/11/2023 12:11:33;" LARISSA DA CUNHA OLIVEIRA";" Pagamento de crédito";" 258- AQUISIÇÃO E REEMBOLSO-MÓVEL COM REGISTRO";098.538.196-51;" LUCAS SILVA DE MORAIS";010591/0232-00;;" Concluído";021766;UA DE MONTE SIÃO;104;SICREDI UNIESTADOS;104;SUREG Erechim RS;CENTRAL SICREDI SUL/SUDESTE;105.0 Hora(s);23h05m;22/11/2023 12:52:46;AUTORIZAÇÃO DE FATURAMENTO;0h00m;22/11/2023 12:52:36;22/11/2023 12:52:46;;0h00m
0000367026;22/11/2023 12:11:33;" LARISSA DA CUNHA OLIVEIRA";" Pagamento de crédito";" 258- AQUISIÇÃO E REEMBOLSO-MÓVEL COM REGISTRO";098.538.196-51;" LUCAS SILVA DE MORAIS";010591/0232-00;;" Concluído";021766;UA DE MONTE SIÃO;104;SICREDI UNIESTADOS;104;SUREG Erechim RS;CENTRAL SICREDI SUL/SUDESTE;105.0 Hora(s);23h05m;23/11/2023 11:57:36;;;;;;
0000367026;22/11/2023 12:11:33;" LARISSA DA CUNHA OLIVEIRA";" Pagamento de crédito";" 258- AQUISIÇÃO E REEMBOLSO-MÓVEL COM REGISTRO";098.538.196-51;" LUCAS SILVA DE MORAIS";010591/0232-00;;" Concluído";021766;UA DE MONTE SIÃO;104;SICREDI UNIESTADOS;104;SUREG Erechim RS;CENTRAL SICREDI SUL/SUDESTE;105.0 Hora(s);23h05m;23/11/2023 10:47:14;;;;;;
0000367026;22/11/2023 12:11:33;" LARISSA DA CUNHA OLIVEIRA";" Pagamento de crédito";" 258- AQUISIÇÃO E REEMBOLSO-MÓVEL COM REGISTRO";098.538.196-51;" LUCAS SILVA DE MORAIS";010591/0232-00;;" Concluído";021766;UA DE MONTE SIÃO;104;SICREDI UNIESTADOS;104;SUREG Erechim RS;CENTRAL SICREDI SUL/SUDESTE;105.0 Hora(s);23h05m;23/11/2023 10:47:10;;;;;;
0000367026;22/11/2023 12:11:33;" LARISSA DA CUNHA OLIVEIRA";" Pagamento de crédito";" 258- AQUISIÇÃO E REEMBOLSO-MÓVEL COM REGISTRO";098.538.196-51;" LUCAS SILVA DE MORAIS";010591/0232-00;;" Concluído";021766;UA DE MONTE SIÃO;104;SICREDI UNIESTADOS;104;SUREG Erechim RS;CENTRAL SICREDI SUL/SUDESTE;105.0 Hora(s);23h05m;23/11/2023 10:46:46;;;;;;
0000367026;22/11/2023 12:11:33;" LARISSA DA CUNHA OLIVEIRA";" Pagamento de crédito";" 258- AQUISIÇÃO E REEMBOLSO-MÓVEL COM REGISTRO";098.538.196-51;" LUCAS SILVA DE MORAIS";010591/0232-00;;" Concluído";021766;UA DE MONTE SIÃO;104;SICREDI UNIESTADOS;104;SUREG Erechim RS;CENTRAL SICREDI SUL/SUDESTE;105.0 Hora(s);23h05m;23/11/2023 08:16:49;;;;;;
0000367026;22/11/2023 12:11:33;" LARISSA DA CUNHA OLIVEIRA";" Pagamento de crédito";" 258- AQUISIÇÃO E REEMBOLSO-MÓVEL COM REGISTRO";098.538.196-51;" LUCAS SILVA DE MORAIS";010591/0232-00;;" Concluído";021766;UA DE MONTE SIÃO;104;SICREDI UNIESTADOS;104;SUREG Erechim RS;CENTRAL SICREDI SUL/SUDESTE;105.0 Hora(s);23h05m;22/11/2023 14:16:21;;;;;;
0000367026;22/11/2023 12:11:33;" LARISSA DA CUNHA OLIVEIRA";" Pagamento de crédito";" 258- AQUISIÇÃO E REEMBOLSO-MÓVEL COM REGISTRO";098.538.196-51;" LUCAS SILVA DE MORAIS";010591/0232-00;;" Concluído";021766;UA DE MONTE SIÃO;104;SICREDI UNIESTADOS;104;SUREG Erechim RS;CENTRAL SICREDI SUL/SUDESTE;105.0 Hora(s);23h05m;22/11/2023 14:16:16;;;;;;
0000367026;22/11/2023 12:11:33;" LARISSA DA CUNHA OLIVEIRA";" Pagamento de crédito";" 258- AQUISIÇÃO E REEMBOLSO-MÓVEL COM REGISTRO";098.538.196-51;" LUCAS SILVA DE MORAIS";010591/0232-00;;" Concluído";021766;UA DE MONTE SIÃO;104;SICREDI UNIESTADOS;104;SUREG Erechim RS;CENTRAL SICREDI SUL/SUDESTE;105.0 Hora(s);23h05m;22/11/2023 14:15:25;;;;;;
0000367026;22/11/2023 12:11:33;" LARISSA DA CUNHA OLIVEIRA";" Pagamento de crédito";" 258- AQUISIÇÃO E REEMBOLSO-MÓVEL COM REGISTRO";098.538.196-51;" LUCAS SILVA DE MORAIS";010591/0232-00;;" Concluído";021766;UA DE MONTE SIÃO;104;SICREDI UNIESTADOS;104;SUREG Erechim RS;CENTRAL SICREDI SUL/SUDESTE;105.0 Hora(s);23h05m;22/11/2023 14:15:20;;;;;;
0000367026;22/11/2023 12:11:33;" LARISSA DA CUNHA OLIVEIRA";" Pagamento de crédito";" 258- AQUISIÇÃO E REEMBOLSO-MÓVEL COM REGISTRO";098.538.196-51;" LUCAS SILVA DE MORAIS";010591/0232-00;;" Concluído";021766;UA DE MONTE SIÃO;104;SICREDI UNIESTADOS;104;SUREG Erechim RS;CENTRAL SICREDI SUL/SUDESTE;105.0 Hora(s);23h05m;22/11/2023 13:00:59;;;;;;
0000367026;22/11/2023 12:11:33;" LARISSA DA CUNHA OLIVEIRA";" Pagamento de crédito";" 258- AQUISIÇÃO E REEMBOLSO-MÓVEL COM REGISTRO";098.538.196-51;" LUCAS SILVA DE MORAIS";010591/0232-00;;" Concluído";021766;UA DE MONTE SIÃO;104;SICREDI UNIESTADOS;104;SUREG Erechim RS;CENTRAL SICREDI SUL/SUDESTE;105.0 Hora(s);23h05m;22/11/2023 12:52:46;;;;;;
