﻿ID_Processo7;DT_Solicitacao8;NM_Usuario_Solicitacao8;NM_Tipo_Processo8;NM_Processo8;CD_Inscricao_Nacional8;NM_Pessoa8;Usuário;Grupo_Cota_Outros8;ST_Status8;CD_Comissionado2;NM_Fantasia_Comissionado2;CD_Tipo_Ponto_Venda3;NM_Fantasia_Ponto_Venda2;CD_Tipo_Ponto_Venda4;NM_Tipo_Ponto_Venda2;NM_Filial_Venda2;Nivel_Servico8;Tempo_Processo8;DH_Conclusao8;NM_Atividade1;Nivel_Servico_Atividade1;DT_Inicio_Atividade1;DT_Fim_Atividade1;NM_Usuario_Atividade1;Tempo_Processo_Atividade1
0000357966;14/11/2023 16:11:35;" Aline Paula Kozak";" Pagamento de crédito";" 258- AQUISIÇÃO E REEMBOLSO-MÓVEL COM REGISTRO";42.808.068/0001-41;" ARLEI DUARTE LTDA";010568/0835-00;;" Concluído";021710;Marcelino Ramos;104;SICREDI UNIESTADOS;104;SUREG Erechim RS;CENTRAL SICREDI SUL/SUDESTE;105.0 Hora(s);5d18h48m;20/11/2023 11:47:14;LIBERAR PAGAMENTOS;0h00m;17/11/2023 15:27:36;20/11/2023 11:47:14;Kelen Hahn Paulo;0h00m
0000357966;14/11/2023 16:11:35;" Aline Paula Kozak";" Pagamento de crédito";" 258- AQUISIÇÃO E REEMBOLSO-MÓVEL COM REGISTRO";42.808.068/0001-41;" ARLEI DUARTE LTDA";010568/0835-00;;" Concluído";021710;Marcelino Ramos;104;SICREDI UNIESTADOS;104;SUREG Erechim RS;CENTRAL SICREDI SUL/SUDESTE;105.0 Hora(s);5d18h48m;17/11/2023 15:27:36;APROVAR PAGAMENTO;1h00m;17/11/2023 15:27:31;17/11/2023 15:27:36;Paola dos Santos Lima;0h00m
0000357966;14/11/2023 16:11:35;" Aline Paula Kozak";" Pagamento de crédito";" 258- AQUISIÇÃO E REEMBOLSO-MÓVEL COM REGISTRO";42.808.068/0001-41;" ARLEI DUARTE LTDA";010568/0835-00;;" Concluído";021710;Marcelino Ramos;104;SICREDI UNIESTADOS;104;SUREG Erechim RS;CENTRAL SICREDI SUL/SUDESTE;105.0 Hora(s);5d18h48m;17/11/2023 15:27:31;PROGRAMAR PAGAMENTO;1h00m;17/11/2023 15:26:40;17/11/2023 15:27:31;Paola dos Santos Lima;0h01m
0000357966;14/11/2023 16:11:35;" Aline Paula Kozak";" Pagamento de crédito";" 258- AQUISIÇÃO E REEMBOLSO-MÓVEL COM REGISTRO";42.808.068/0001-41;" ARLEI DUARTE LTDA";010568/0835-00;;" Concluído";021710;Marcelino Ramos;104;SICREDI UNIESTADOS;104;SUREG Erechim RS;CENTRAL SICREDI SUL/SUDESTE;105.0 Hora(s);5d18h48m;17/11/2023 15:26:40;ANALISAR DOCUMENTOS PARA LIBERAÇÃO 2ª ETAPA;18h00m;17/11/2023 14:14:10;17/11/2023 15:26:40;Paola dos Santos Lima;0h04m
0000357966;14/11/2023 16:11:35;" Aline Paula Kozak";" Pagamento de crédito";" 258- AQUISIÇÃO E REEMBOLSO-MÓVEL COM REGISTRO";42.808.068/0001-41;" ARLEI DUARTE LTDA";010568/0835-00;;" Concluído";021710;Marcelino Ramos;104;SICREDI UNIESTADOS;104;SUREG Erechim RS;CENTRAL SICREDI SUL/SUDESTE;105.0 Hora(s);5d18h48m;17/11/2023 14:14:10;EMITIR DOCUMENTOS PARA LIBERAÇÃO;18h00m;16/11/2023 14:21:45;17/11/2023 14:14:10;Sabrina Benetti Ferazzo;0h00m
0000357966;14/11/2023 16:11:35;" Aline Paula Kozak";" Pagamento de crédito";" 258- AQUISIÇÃO E REEMBOLSO-MÓVEL COM REGISTRO";42.808.068/0001-41;" ARLEI DUARTE LTDA";010568/0835-00;;" Concluído";021710;Marcelino Ramos;104;SICREDI UNIESTADOS;104;SUREG Erechim RS;CENTRAL SICREDI SUL/SUDESTE;105.0 Hora(s);5d18h48m;16/11/2023 14:21:45;REGISTRAR CONTRATO MANUALMENTE;1h00m;16/11/2023 14:21:22;16/11/2023 14:21:45;João Pedro Pieluhowski Silva;0h00m
0000357966;14/11/2023 16:11:35;" Aline Paula Kozak";" Pagamento de crédito";" 258- AQUISIÇÃO E REEMBOLSO-MÓVEL COM REGISTRO";42.808.068/0001-41;" ARLEI DUARTE LTDA";010568/0835-00;;" Concluído";021710;Marcelino Ramos;104;SICREDI UNIESTADOS;104;SUREG Erechim RS;CENTRAL SICREDI SUL/SUDESTE;105.0 Hora(s);5d18h48m;16/11/2023 14:21:22;ALIENAR O BEM;1h00m;16/11/2023 14:18:26;16/11/2023 14:21:22;João Pedro Pieluhowski Silva;0h03m
0000357966;14/11/2023 16:11:35;" Aline Paula Kozak";" Pagamento de crédito";" 258- AQUISIÇÃO E REEMBOLSO-MÓVEL COM REGISTRO";42.808.068/0001-41;" ARLEI DUARTE LTDA";010568/0835-00;;" Concluído";021710;Marcelino Ramos;104;SICREDI UNIESTADOS;104;SUREG Erechim RS;CENTRAL SICREDI SUL/SUDESTE;105.0 Hora(s);5d18h48m;16/11/2023 14:18:26;FINALIZAR CADASTRO DO BEM;1h00m;16/11/2023 14:18:20;16/11/2023 14:18:26;João Pedro Pieluhowski Silva;0h00m
0000357966;14/11/2023 16:11:35;" Aline Paula Kozak";" Pagamento de crédito";" 258- AQUISIÇÃO E REEMBOLSO-MÓVEL COM REGISTRO";42.808.068/0001-41;" ARLEI DUARTE LTDA";010568/0835-00;;" Concluído";021710;Marcelino Ramos;104;SICREDI UNIESTADOS;104;SUREG Erechim RS;CENTRAL SICREDI SUL/SUDESTE;105.0 Hora(s);5d18h48m;16/11/2023 14:18:20;ANÁLISE DE DOCUMENTOS 1ª ETAPA;18h00m;16/11/2023 08:57:50;16/11/2023 14:18:20;João Pedro Pieluhowski Silva;0h18m
0000357966;14/11/2023 16:11:35;" Aline Paula Kozak";" Pagamento de crédito";" 258- AQUISIÇÃO E REEMBOLSO-MÓVEL COM REGISTRO";42.808.068/0001-41;" ARLEI DUARTE LTDA";010568/0835-00;;" Concluído";021710;Marcelino Ramos;104;SICREDI UNIESTADOS;104;SUREG Erechim RS;CENTRAL SICREDI SUL/SUDESTE;105.0 Hora(s);5d18h48m;16/11/2023 08:57:50;ENVIAR DOCUMENTOS;1d21h00m;14/11/2023 17:00:03;16/11/2023 08:57:50;Sabrina Benetti Ferazzo;0h00m
0000357966;14/11/2023 16:11:35;" Aline Paula Kozak";" Pagamento de crédito";" 258- AQUISIÇÃO E REEMBOLSO-MÓVEL COM REGISTRO";42.808.068/0001-41;" ARLEI DUARTE LTDA";010568/0835-00;;" Concluído";021710;Marcelino Ramos;104;SICREDI UNIESTADOS;104;SUREG Erechim RS;CENTRAL SICREDI SUL/SUDESTE;105.0 Hora(s);5d18h48m;14/11/2023 17:00:03;AUTORIZAÇÃO DE FATURAMENTO;0h00m;14/11/2023 16:59:44;14/11/2023 17:00:03;;0h00m
0000357966;14/11/2023 16:11:35;" Aline Paula Kozak";" Pagamento de crédito";" 258- AQUISIÇÃO E REEMBOLSO-MÓVEL COM REGISTRO";42.808.068/0001-41;" ARLEI DUARTE LTDA";010568/0835-00;;" Concluído";021710;Marcelino Ramos;104;SICREDI UNIESTADOS;104;SUREG Erechim RS;CENTRAL SICREDI SUL/SUDESTE;105.0 Hora(s);5d18h48m;20/11/2023 11:47:14;;;;;;
0000357966;14/11/2023 16:11:35;" Aline Paula Kozak";" Pagamento de crédito";" 258- AQUISIÇÃO E REEMBOLSO-MÓVEL COM REGISTRO";42.808.068/0001-41;" ARLEI DUARTE LTDA";010568/0835-00;;" Concluído";021710;Marcelino Ramos;104;SICREDI UNIESTADOS;104;SUREG Erechim RS;CENTRAL SICREDI SUL/SUDESTE;105.0 Hora(s);5d18h48m;17/11/2023 15:27:36;;;;;;
0000357966;14/11/2023 16:11:35;" Aline Paula Kozak";" Pagamento de crédito";" 258- AQUISIÇÃO E REEMBOLSO-MÓVEL COM REGISTRO";42.808.068/0001-41;" ARLEI DUARTE LTDA";010568/0835-00;;" Concluído";021710;Marcelino Ramos;104;SICREDI UNIESTADOS;104;SUREG Erechim RS;CENTRAL SICREDI SUL/SUDESTE;105.0 Hora(s);5d18h48m;17/11/2023 15:27:31;;;;;;
0000357966;14/11/2023 16:11:35;" Aline Paula Kozak";" Pagamento de crédito";" 258- AQUISIÇÃO E REEMBOLSO-MÓVEL COM REGISTRO";42.808.068/0001-41;" ARLEI DUARTE LTDA";010568/0835-00;;" Concluído";021710;Marcelino Ramos;104;SICREDI UNIESTADOS;104;SUREG Erechim RS;CENTRAL SICREDI SUL/SUDESTE;105.0 Hora(s);5d18h48m;17/11/2023 15:26:40;;;;;;
0000357966;14/11/2023 16:11:35;" Aline Paula Kozak";" Pagamento de crédito";" 258- AQUISIÇÃO E REEMBOLSO-MÓVEL COM REGISTRO";42.808.068/0001-41;" ARLEI DUARTE LTDA";010568/0835-00;;" Concluído";021710;Marcelino Ramos;104;SICREDI UNIESTADOS;104;SUREG Erechim RS;CENTRAL SICREDI SUL/SUDESTE;105.0 Hora(s);5d18h48m;17/11/2023 14:14:10;;;;;;
0000357966;14/11/2023 16:11:35;" Aline Paula Kozak";" Pagamento de crédito";" 258- AQUISIÇÃO E REEMBOLSO-MÓVEL COM REGISTRO";42.808.068/0001-41;" ARLEI DUARTE LTDA";010568/0835-00;;" Concluído";021710;Marcelino Ramos;104;SICREDI UNIESTADOS;104;SUREG Erechim RS;CENTRAL SICREDI SUL/SUDESTE;105.0 Hora(s);5d18h48m;16/11/2023 14:21:45;;;;;;
0000357966;14/11/2023 16:11:35;" Aline Paula Kozak";" Pagamento de crédito";" 258- AQUISIÇÃO E REEMBOLSO-MÓVEL COM REGISTRO";42.808.068/0001-41;" ARLEI DUARTE LTDA";010568/0835-00;;" Concluído";021710;Marcelino Ramos;104;SICREDI UNIESTADOS;104;SUREG Erechim RS;CENTRAL SICREDI SUL/SUDESTE;105.0 Hora(s);5d18h48m;16/11/2023 14:21:22;;;;;;
0000357966;14/11/2023 16:11:35;" Aline Paula Kozak";" Pagamento de crédito";" 258- AQUISIÇÃO E REEMBOLSO-MÓVEL COM REGISTRO";42.808.068/0001-41;" ARLEI DUARTE LTDA";010568/0835-00;;" Concluído";021710;Marcelino Ramos;104;SICREDI UNIESTADOS;104;SUREG Erechim RS;CENTRAL SICREDI SUL/SUDESTE;105.0 Hora(s);5d18h48m;16/11/2023 14:18:26;;;;;;
0000357966;14/11/2023 16:11:35;" Aline Paula Kozak";" Pagamento de crédito";" 258- AQUISIÇÃO E REEMBOLSO-MÓVEL COM REGISTRO";42.808.068/0001-41;" ARLEI DUARTE LTDA";010568/0835-00;;" Concluído";021710;Marcelino Ramos;104;SICREDI UNIESTADOS;104;SUREG Erechim RS;CENTRAL SICREDI SUL/SUDESTE;105.0 Hora(s);5d18h48m;16/11/2023 14:18:20;;;;;;
0000357966;14/11/2023 16:11:35;" Aline Paula Kozak";" Pagamento de crédito";" 258- AQUISIÇÃO E REEMBOLSO-MÓVEL COM REGISTRO";42.808.068/0001-41;" ARLEI DUARTE LTDA";010568/0835-00;;" Concluído";021710;Marcelino Ramos;104;SICREDI UNIESTADOS;104;SUREG Erechim RS;CENTRAL SICREDI SUL/SUDESTE;105.0 Hora(s);5d18h48m;16/11/2023 08:57:50;;;;;;
0000357966;14/11/2023 16:11:35;" Aline Paula Kozak";" Pagamento de crédito";" 258- AQUISIÇÃO E REEMBOLSO-MÓVEL COM REGISTRO";42.808.068/0001-41;" ARLEI DUARTE LTDA";010568/0835-00;;" Concluído";021710;Marcelino Ramos;104;SICREDI UNIESTADOS;104;SUREG Erechim RS;CENTRAL SICREDI SUL/SUDESTE;105.0 Hora(s);5d18h48m;14/11/2023 17:00:03;;;;;;
