﻿ID_Processo7;DT_Solicitacao8;NM_Usuario_Solicitacao8;NM_Tipo_Processo8;NM_Processo8;CD_Inscricao_Nacional8;NM_Pessoa8;Usuário;Grupo_Cota_Outros8;ST_Status8;CD_Comissionado2;NM_Fantasia_Comissionado2;CD_Tipo_Ponto_Venda3;NM_Fantasia_Ponto_Venda2;CD_Tipo_Ponto_Venda4;NM_Tipo_Ponto_Venda2;NM_Filial_Venda2;Nivel_Servico8;Tempo_Processo8;DH_Conclusao8;NM_Atividade1;Nivel_Servico_Atividade1;DT_Inicio_Atividade1;DT_Fim_Atividade1;NM_Usuario_Atividade1;Tempo_Processo_Atividade1
0000364338;21/11/2023 11:11:53;" Viviane Marca Ciarini";" Pagamento de crédito";" 264- AQUISIÇÃO E REEMBOLSO-MÓVEL SEM  REGISTRO";028.828.660-03;" HIGOR AFONSO COPPI";010568/0001-00;"010588/0723-00&#x0D;
030476/0345-00";" Aguardando Regularização";021708;Erval Grande;104;SICREDI UNIESTADOS;104;SUREG Erechim RS;CENTRAL SICREDI SUL/SUDESTE;103.0 Hora(s);0h01m;"                   ";ENVIAR DOCUMENTOS;1d21h00m;21/11/2023 11:17:01;"                   ";;0h00m
0000364338;21/11/2023 11:11:53;" Viviane Marca Ciarini";" Pagamento de crédito";" 264- AQUISIÇÃO E REEMBOLSO-MÓVEL SEM  REGISTRO";028.828.660-03;" HIGOR AFONSO COPPI";010568/0001-00;"010588/0723-00&#x0D;
030476/0345-00";" Aguardando Regularização";021708;Erval Grande;104;SICREDI UNIESTADOS;104;SUREG Erechim RS;CENTRAL SICREDI SUL/SUDESTE;103.0 Hora(s);0h01m;21/11/2023 11:17:01;AUTORIZAÇÃO DE FATURAMENTO;0h00m;21/11/2023 11:16:20;21/11/2023 11:17:01;;0h00m
0000364338;21/11/2023 11:11:53;" Viviane Marca Ciarini";" Pagamento de crédito";" 264- AQUISIÇÃO E REEMBOLSO-MÓVEL SEM  REGISTRO";028.828.660-03;" HIGOR AFONSO COPPI";010568/0001-00;"010588/0723-00&#x0D;
030476/0345-00";" Aguardando Regularização";021708;Erval Grande;104;SICREDI UNIESTADOS;104;SUREG Erechim RS;CENTRAL SICREDI SUL/SUDESTE;103.0 Hora(s);0h01m;"                   ";;;;;;
0000364338;21/11/2023 11:11:53;" Viviane Marca Ciarini";" Pagamento de crédito";" 264- AQUISIÇÃO E REEMBOLSO-MÓVEL SEM  REGISTRO";028.828.660-03;" HIGOR AFONSO COPPI";010568/0001-00;"010588/0723-00&#x0D;
030476/0345-00";" Aguardando Regularização";021708;Erval Grande;104;SICREDI UNIESTADOS;104;SUREG Erechim RS;CENTRAL SICREDI SUL/SUDESTE;103.0 Hora(s);0h01m;21/11/2023 11:17:01;;;;;;
