﻿ID_Processo7;DT_Solicitacao8;NM_Usuario_Solicitacao8;NM_Tipo_Processo8;NM_Processo8;CD_Inscricao_Nacional8;NM_Pessoa8;Usuário;Grupo_Cota_Outros8;ST_Status8;CD_Comissionado2;NM_Fantasia_Comissionado2;CD_Tipo_Ponto_Venda3;NM_Fantasia_Ponto_Venda2;CD_Tipo_Ponto_Venda4;NM_Tipo_Ponto_Venda2;NM_Filial_Venda2;Nivel_Servico8;Tempo_Processo8;DH_Conclusao8;NM_Atividade1;Nivel_Servico_Atividade1;DT_Inicio_Atividade1;DT_Fim_Atividade1;NM_Usuario_Atividade1;Tempo_Processo_Atividade1
0000367833;24/11/2023 12:11:03;" DANIELY MENDONCA DE FREITAS";" Pagamento de crédito";" 258- AQUISIÇÃO E REEMBOLSO-MÓVEL COM REGISTRO";640.727.629-20;" NELSON DA CUNHA NABAO";010538/0076-00;;" Aguardando Regularização";072607;Terra Roxa;207;SICREDI VALE DO PIQUIRI ABCD P;207;SUREG Vale do Piquiri PR;CENTRAL SICREDI PR/SP/RJ;105.0 Hora(s);4h01m;"                   ";EMITIR DOCUMENTOS PARA LIBERAÇÃO;18h00m;24/11/2023 16:16:35;"                   ";;0h00m
0000367833;24/11/2023 12:11:03;" DANIELY MENDONCA DE FREITAS";" Pagamento de crédito";" 258- AQUISIÇÃO E REEMBOLSO-MÓVEL COM REGISTRO";640.727.629-20;" NELSON DA CUNHA NABAO";010538/0076-00;;" Aguardando Regularização";072607;Terra Roxa;207;SICREDI VALE DO PIQUIRI ABCD P;207;SUREG Vale do Piquiri PR;CENTRAL SICREDI PR/SP/RJ;105.0 Hora(s);4h01m;24/11/2023 16:16:35;REGISTRAR CONTRATO MANUALMENTE;1h00m;24/11/2023 16:16:31;24/11/2023 16:16:35;Clara Vargas;0h00m
0000367833;24/11/2023 12:11:03;" DANIELY MENDONCA DE FREITAS";" Pagamento de crédito";" 258- AQUISIÇÃO E REEMBOLSO-MÓVEL COM REGISTRO";640.727.629-20;" NELSON DA CUNHA NABAO";010538/0076-00;;" Aguardando Regularização";072607;Terra Roxa;207;SICREDI VALE DO PIQUIRI ABCD P;207;SUREG Vale do Piquiri PR;CENTRAL SICREDI PR/SP/RJ;105.0 Hora(s);4h01m;24/11/2023 16:16:31;ALIENAR O BEM;1h00m;24/11/2023 16:15:52;24/11/2023 16:16:31;Clara Vargas;0h01m
0000367833;24/11/2023 12:11:03;" DANIELY MENDONCA DE FREITAS";" Pagamento de crédito";" 258- AQUISIÇÃO E REEMBOLSO-MÓVEL COM REGISTRO";640.727.629-20;" NELSON DA CUNHA NABAO";010538/0076-00;;" Aguardando Regularização";072607;Terra Roxa;207;SICREDI VALE DO PIQUIRI ABCD P;207;SUREG Vale do Piquiri PR;CENTRAL SICREDI PR/SP/RJ;105.0 Hora(s);4h01m;24/11/2023 16:15:52;FINALIZAR CADASTRO DO BEM;1h00m;24/11/2023 16:15:47;24/11/2023 16:15:52;Clara Vargas;0h00m
0000367833;24/11/2023 12:11:03;" DANIELY MENDONCA DE FREITAS";" Pagamento de crédito";" 258- AQUISIÇÃO E REEMBOLSO-MÓVEL COM REGISTRO";640.727.629-20;" NELSON DA CUNHA NABAO";010538/0076-00;;" Aguardando Regularização";072607;Terra Roxa;207;SICREDI VALE DO PIQUIRI ABCD P;207;SUREG Vale do Piquiri PR;CENTRAL SICREDI PR/SP/RJ;105.0 Hora(s);4h01m;24/11/2023 16:15:47;ANÁLISE DE DOCUMENTOS 1ª ETAPA;18h00m;24/11/2023 12:17:08;24/11/2023 16:15:47;Clara Vargas;0h03m
0000367833;24/11/2023 12:11:03;" DANIELY MENDONCA DE FREITAS";" Pagamento de crédito";" 258- AQUISIÇÃO E REEMBOLSO-MÓVEL COM REGISTRO";640.727.629-20;" NELSON DA CUNHA NABAO";010538/0076-00;;" Aguardando Regularização";072607;Terra Roxa;207;SICREDI VALE DO PIQUIRI ABCD P;207;SUREG Vale do Piquiri PR;CENTRAL SICREDI PR/SP/RJ;105.0 Hora(s);4h01m;24/11/2023 12:17:07;ENVIAR DOCUMENTOS;1d21h00m;24/11/2023 12:16:21;24/11/2023 12:17:07;DANIELY MENDONCA DE FREITAS;0h00m
0000367833;24/11/2023 12:11:03;" DANIELY MENDONCA DE FREITAS";" Pagamento de crédito";" 258- AQUISIÇÃO E REEMBOLSO-MÓVEL COM REGISTRO";640.727.629-20;" NELSON DA CUNHA NABAO";010538/0076-00;;" Aguardando Regularização";072607;Terra Roxa;207;SICREDI VALE DO PIQUIRI ABCD P;207;SUREG Vale do Piquiri PR;CENTRAL SICREDI PR/SP/RJ;105.0 Hora(s);4h01m;24/11/2023 12:16:21;AUTORIZAÇÃO DE FATURAMENTO;0h00m;24/11/2023 12:15:57;24/11/2023 12:16:21;;0h00m
0000367833;24/11/2023 12:11:03;" DANIELY MENDONCA DE FREITAS";" Pagamento de crédito";" 258- AQUISIÇÃO E REEMBOLSO-MÓVEL COM REGISTRO";640.727.629-20;" NELSON DA CUNHA NABAO";010538/0076-00;;" Aguardando Regularização";072607;Terra Roxa;207;SICREDI VALE DO PIQUIRI ABCD P;207;SUREG Vale do Piquiri PR;CENTRAL SICREDI PR/SP/RJ;105.0 Hora(s);4h01m;"                   ";;;;;;
0000367833;24/11/2023 12:11:03;" DANIELY MENDONCA DE FREITAS";" Pagamento de crédito";" 258- AQUISIÇÃO E REEMBOLSO-MÓVEL COM REGISTRO";640.727.629-20;" NELSON DA CUNHA NABAO";010538/0076-00;;" Aguardando Regularização";072607;Terra Roxa;207;SICREDI VALE DO PIQUIRI ABCD P;207;SUREG Vale do Piquiri PR;CENTRAL SICREDI PR/SP/RJ;105.0 Hora(s);4h01m;24/11/2023 16:16:35;;;;;;
0000367833;24/11/2023 12:11:03;" DANIELY MENDONCA DE FREITAS";" Pagamento de crédito";" 258- AQUISIÇÃO E REEMBOLSO-MÓVEL COM REGISTRO";640.727.629-20;" NELSON DA CUNHA NABAO";010538/0076-00;;" Aguardando Regularização";072607;Terra Roxa;207;SICREDI VALE DO PIQUIRI ABCD P;207;SUREG Vale do Piquiri PR;CENTRAL SICREDI PR/SP/RJ;105.0 Hora(s);4h01m;24/11/2023 16:16:31;;;;;;
0000367833;24/11/2023 12:11:03;" DANIELY MENDONCA DE FREITAS";" Pagamento de crédito";" 258- AQUISIÇÃO E REEMBOLSO-MÓVEL COM REGISTRO";640.727.629-20;" NELSON DA CUNHA NABAO";010538/0076-00;;" Aguardando Regularização";072607;Terra Roxa;207;SICREDI VALE DO PIQUIRI ABCD P;207;SUREG Vale do Piquiri PR;CENTRAL SICREDI PR/SP/RJ;105.0 Hora(s);4h01m;24/11/2023 16:15:52;;;;;;
0000367833;24/11/2023 12:11:03;" DANIELY MENDONCA DE FREITAS";" Pagamento de crédito";" 258- AQUISIÇÃO E REEMBOLSO-MÓVEL COM REGISTRO";640.727.629-20;" NELSON DA CUNHA NABAO";010538/0076-00;;" Aguardando Regularização";072607;Terra Roxa;207;SICREDI VALE DO PIQUIRI ABCD P;207;SUREG Vale do Piquiri PR;CENTRAL SICREDI PR/SP/RJ;105.0 Hora(s);4h01m;24/11/2023 16:15:47;;;;;;
0000367833;24/11/2023 12:11:03;" DANIELY MENDONCA DE FREITAS";" Pagamento de crédito";" 258- AQUISIÇÃO E REEMBOLSO-MÓVEL COM REGISTRO";640.727.629-20;" NELSON DA CUNHA NABAO";010538/0076-00;;" Aguardando Regularização";072607;Terra Roxa;207;SICREDI VALE DO PIQUIRI ABCD P;207;SUREG Vale do Piquiri PR;CENTRAL SICREDI PR/SP/RJ;105.0 Hora(s);4h01m;24/11/2023 12:17:07;;;;;;
0000367833;24/11/2023 12:11:03;" DANIELY MENDONCA DE FREITAS";" Pagamento de crédito";" 258- AQUISIÇÃO E REEMBOLSO-MÓVEL COM REGISTRO";640.727.629-20;" NELSON DA CUNHA NABAO";010538/0076-00;;" Aguardando Regularização";072607;Terra Roxa;207;SICREDI VALE DO PIQUIRI ABCD P;207;SUREG Vale do Piquiri PR;CENTRAL SICREDI PR/SP/RJ;105.0 Hora(s);4h01m;24/11/2023 12:16:21;;;;;;
