﻿ID_Processo7;DT_Solicitacao8;NM_Usuario_Solicitacao8;NM_Tipo_Processo8;NM_Processo8;CD_Inscricao_Nacional8;NM_Pessoa8;Usuário;Grupo_Cota_Outros8;ST_Status8;CD_Comissionado2;NM_Fantasia_Comissionado2;CD_Tipo_Ponto_Venda3;NM_Fantasia_Ponto_Venda2;CD_Tipo_Ponto_Venda4;NM_Tipo_Ponto_Venda2;NM_Filial_Venda2;Nivel_Servico8;Tempo_Processo8;DH_Conclusao8;NM_Atividade1;Nivel_Servico_Atividade1;DT_Inicio_Atividade1;DT_Fim_Atividade1;NM_Usuario_Atividade1;Tempo_Processo_Atividade1
0000355420;06/11/2023 16:11:43;" LUCAS DA SILVA ESTANISLAU";" Pagamento de crédito";" 258- AQUISIÇÃO E REEMBOLSO-MÓVEL COM REGISTRO";35.568.345/0001-20;" M G LOPES PASTRO";010565/0193-00;;" Concluído";072625;Ubirata;207;SICREDI VALE DO PIQUIRI ABCD P;207;SUREG Vale do Piquiri PR;CENTRAL SICREDI PR/SP/RJ;105.0 Hora(s);2d18h56m;09/11/2023 11:53:51;LIBERAR PAGAMENTOS;0h00m;08/11/2023 16:58:37;09/11/2023 11:53:51;Kelen Hahn Paulo;0h00m
0000355420;06/11/2023 16:11:43;" LUCAS DA SILVA ESTANISLAU";" Pagamento de crédito";" 258- AQUISIÇÃO E REEMBOLSO-MÓVEL COM REGISTRO";35.568.345/0001-20;" M G LOPES PASTRO";010565/0193-00;;" Concluído";072625;Ubirata;207;SICREDI VALE DO PIQUIRI ABCD P;207;SUREG Vale do Piquiri PR;CENTRAL SICREDI PR/SP/RJ;105.0 Hora(s);2d18h56m;08/11/2023 16:58:37;APROVAR PAGAMENTO;1h00m;08/11/2023 16:58:19;08/11/2023 16:58:37;KELLY DA ROCHA KASPER;0h00m
0000355420;06/11/2023 16:11:43;" LUCAS DA SILVA ESTANISLAU";" Pagamento de crédito";" 258- AQUISIÇÃO E REEMBOLSO-MÓVEL COM REGISTRO";35.568.345/0001-20;" M G LOPES PASTRO";010565/0193-00;;" Concluído";072625;Ubirata;207;SICREDI VALE DO PIQUIRI ABCD P;207;SUREG Vale do Piquiri PR;CENTRAL SICREDI PR/SP/RJ;105.0 Hora(s);2d18h56m;08/11/2023 16:58:18;PROGRAMAR PAGAMENTO;1h00m;08/11/2023 16:57:37;08/11/2023 16:58:18;KELLY DA ROCHA KASPER;0h01m
0000355420;06/11/2023 16:11:43;" LUCAS DA SILVA ESTANISLAU";" Pagamento de crédito";" 258- AQUISIÇÃO E REEMBOLSO-MÓVEL COM REGISTRO";35.568.345/0001-20;" M G LOPES PASTRO";010565/0193-00;;" Concluído";072625;Ubirata;207;SICREDI VALE DO PIQUIRI ABCD P;207;SUREG Vale do Piquiri PR;CENTRAL SICREDI PR/SP/RJ;105.0 Hora(s);2d18h56m;08/11/2023 16:57:37;ANALISAR DOCUMENTOS PARA LIBERAÇÃO 2ª ETAPA;18h00m;08/11/2023 11:35:03;08/11/2023 16:57:37;KELLY DA ROCHA KASPER;0h02m
0000355420;06/11/2023 16:11:43;" LUCAS DA SILVA ESTANISLAU";" Pagamento de crédito";" 258- AQUISIÇÃO E REEMBOLSO-MÓVEL COM REGISTRO";35.568.345/0001-20;" M G LOPES PASTRO";010565/0193-00;;" Concluído";072625;Ubirata;207;SICREDI VALE DO PIQUIRI ABCD P;207;SUREG Vale do Piquiri PR;CENTRAL SICREDI PR/SP/RJ;105.0 Hora(s);2d18h56m;08/11/2023 11:35:03;EMITIR DOCUMENTOS PARA LIBERAÇÃO;18h00m;07/11/2023 17:06:49;08/11/2023 11:35:03;LUCAS DA SILVA ESTANISLAU;0h00m
0000355420;06/11/2023 16:11:43;" LUCAS DA SILVA ESTANISLAU";" Pagamento de crédito";" 258- AQUISIÇÃO E REEMBOLSO-MÓVEL COM REGISTRO";35.568.345/0001-20;" M G LOPES PASTRO";010565/0193-00;;" Concluído";072625;Ubirata;207;SICREDI VALE DO PIQUIRI ABCD P;207;SUREG Vale do Piquiri PR;CENTRAL SICREDI PR/SP/RJ;105.0 Hora(s);2d18h56m;07/11/2023 17:06:49;REGISTRAR CONTRATO MANUALMENTE;1h00m;07/11/2023 17:06:44;07/11/2023 17:06:49;PAOLA MENEZES DA COSTA;0h00m
0000355420;06/11/2023 16:11:43;" LUCAS DA SILVA ESTANISLAU";" Pagamento de crédito";" 258- AQUISIÇÃO E REEMBOLSO-MÓVEL COM REGISTRO";35.568.345/0001-20;" M G LOPES PASTRO";010565/0193-00;;" Concluído";072625;Ubirata;207;SICREDI VALE DO PIQUIRI ABCD P;207;SUREG Vale do Piquiri PR;CENTRAL SICREDI PR/SP/RJ;105.0 Hora(s);2d18h56m;07/11/2023 17:06:44;ALIENAR O BEM;1h00m;07/11/2023 17:05:59;07/11/2023 17:06:44;PAOLA MENEZES DA COSTA;0h00m
0000355420;06/11/2023 16:11:43;" LUCAS DA SILVA ESTANISLAU";" Pagamento de crédito";" 258- AQUISIÇÃO E REEMBOLSO-MÓVEL COM REGISTRO";35.568.345/0001-20;" M G LOPES PASTRO";010565/0193-00;;" Concluído";072625;Ubirata;207;SICREDI VALE DO PIQUIRI ABCD P;207;SUREG Vale do Piquiri PR;CENTRAL SICREDI PR/SP/RJ;105.0 Hora(s);2d18h56m;07/11/2023 17:05:59;FINALIZAR CADASTRO DO BEM;1h00m;07/11/2023 17:05:44;07/11/2023 17:05:59;PAOLA MENEZES DA COSTA;0h00m
0000355420;06/11/2023 16:11:43;" LUCAS DA SILVA ESTANISLAU";" Pagamento de crédito";" 258- AQUISIÇÃO E REEMBOLSO-MÓVEL COM REGISTRO";35.568.345/0001-20;" M G LOPES PASTRO";010565/0193-00;;" Concluído";072625;Ubirata;207;SICREDI VALE DO PIQUIRI ABCD P;207;SUREG Vale do Piquiri PR;CENTRAL SICREDI PR/SP/RJ;105.0 Hora(s);2d18h56m;07/11/2023 17:05:44;ANÁLISE DE DOCUMENTOS 1ª ETAPA;18h00m;06/11/2023 16:59:58;07/11/2023 17:05:44;PAOLA MENEZES DA COSTA;0h03m
0000355420;06/11/2023 16:11:43;" LUCAS DA SILVA ESTANISLAU";" Pagamento de crédito";" 258- AQUISIÇÃO E REEMBOLSO-MÓVEL COM REGISTRO";35.568.345/0001-20;" M G LOPES PASTRO";010565/0193-00;;" Concluído";072625;Ubirata;207;SICREDI VALE DO PIQUIRI ABCD P;207;SUREG Vale do Piquiri PR;CENTRAL SICREDI PR/SP/RJ;105.0 Hora(s);2d18h56m;06/11/2023 16:59:57;ENVIAR DOCUMENTOS;1d21h00m;06/11/2023 16:58:36;06/11/2023 16:59:57;LUCAS DA SILVA ESTANISLAU;0h00m
0000355420;06/11/2023 16:11:43;" LUCAS DA SILVA ESTANISLAU";" Pagamento de crédito";" 258- AQUISIÇÃO E REEMBOLSO-MÓVEL COM REGISTRO";35.568.345/0001-20;" M G LOPES PASTRO";010565/0193-00;;" Concluído";072625;Ubirata;207;SICREDI VALE DO PIQUIRI ABCD P;207;SUREG Vale do Piquiri PR;CENTRAL SICREDI PR/SP/RJ;105.0 Hora(s);2d18h56m;06/11/2023 16:58:36;AUTORIZAÇÃO DE FATURAMENTO;0h00m;06/11/2023 16:57:54;06/11/2023 16:58:36;;0h00m
0000355420;06/11/2023 16:11:43;" LUCAS DA SILVA ESTANISLAU";" Pagamento de crédito";" 258- AQUISIÇÃO E REEMBOLSO-MÓVEL COM REGISTRO";35.568.345/0001-20;" M G LOPES PASTRO";010565/0193-00;;" Concluído";072625;Ubirata;207;SICREDI VALE DO PIQUIRI ABCD P;207;SUREG Vale do Piquiri PR;CENTRAL SICREDI PR/SP/RJ;105.0 Hora(s);2d18h56m;09/11/2023 11:53:51;;;;;;
0000355420;06/11/2023 16:11:43;" LUCAS DA SILVA ESTANISLAU";" Pagamento de crédito";" 258- AQUISIÇÃO E REEMBOLSO-MÓVEL COM REGISTRO";35.568.345/0001-20;" M G LOPES PASTRO";010565/0193-00;;" Concluído";072625;Ubirata;207;SICREDI VALE DO PIQUIRI ABCD P;207;SUREG Vale do Piquiri PR;CENTRAL SICREDI PR/SP/RJ;105.0 Hora(s);2d18h56m;08/11/2023 16:58:37;;;;;;
0000355420;06/11/2023 16:11:43;" LUCAS DA SILVA ESTANISLAU";" Pagamento de crédito";" 258- AQUISIÇÃO E REEMBOLSO-MÓVEL COM REGISTRO";35.568.345/0001-20;" M G LOPES PASTRO";010565/0193-00;;" Concluído";072625;Ubirata;207;SICREDI VALE DO PIQUIRI ABCD P;207;SUREG Vale do Piquiri PR;CENTRAL SICREDI PR/SP/RJ;105.0 Hora(s);2d18h56m;08/11/2023 16:58:18;;;;;;
0000355420;06/11/2023 16:11:43;" LUCAS DA SILVA ESTANISLAU";" Pagamento de crédito";" 258- AQUISIÇÃO E REEMBOLSO-MÓVEL COM REGISTRO";35.568.345/0001-20;" M G LOPES PASTRO";010565/0193-00;;" Concluído";072625;Ubirata;207;SICREDI VALE DO PIQUIRI ABCD P;207;SUREG Vale do Piquiri PR;CENTRAL SICREDI PR/SP/RJ;105.0 Hora(s);2d18h56m;08/11/2023 16:57:37;;;;;;
0000355420;06/11/2023 16:11:43;" LUCAS DA SILVA ESTANISLAU";" Pagamento de crédito";" 258- AQUISIÇÃO E REEMBOLSO-MÓVEL COM REGISTRO";35.568.345/0001-20;" M G LOPES PASTRO";010565/0193-00;;" Concluído";072625;Ubirata;207;SICREDI VALE DO PIQUIRI ABCD P;207;SUREG Vale do Piquiri PR;CENTRAL SICREDI PR/SP/RJ;105.0 Hora(s);2d18h56m;08/11/2023 11:35:03;;;;;;
0000355420;06/11/2023 16:11:43;" LUCAS DA SILVA ESTANISLAU";" Pagamento de crédito";" 258- AQUISIÇÃO E REEMBOLSO-MÓVEL COM REGISTRO";35.568.345/0001-20;" M G LOPES PASTRO";010565/0193-00;;" Concluído";072625;Ubirata;207;SICREDI VALE DO PIQUIRI ABCD P;207;SUREG Vale do Piquiri PR;CENTRAL SICREDI PR/SP/RJ;105.0 Hora(s);2d18h56m;07/11/2023 17:06:49;;;;;;
0000355420;06/11/2023 16:11:43;" LUCAS DA SILVA ESTANISLAU";" Pagamento de crédito";" 258- AQUISIÇÃO E REEMBOLSO-MÓVEL COM REGISTRO";35.568.345/0001-20;" M G LOPES PASTRO";010565/0193-00;;" Concluído";072625;Ubirata;207;SICREDI VALE DO PIQUIRI ABCD P;207;SUREG Vale do Piquiri PR;CENTRAL SICREDI PR/SP/RJ;105.0 Hora(s);2d18h56m;07/11/2023 17:06:44;;;;;;
0000355420;06/11/2023 16:11:43;" LUCAS DA SILVA ESTANISLAU";" Pagamento de crédito";" 258- AQUISIÇÃO E REEMBOLSO-MÓVEL COM REGISTRO";35.568.345/0001-20;" M G LOPES PASTRO";010565/0193-00;;" Concluído";072625;Ubirata;207;SICREDI VALE DO PIQUIRI ABCD P;207;SUREG Vale do Piquiri PR;CENTRAL SICREDI PR/SP/RJ;105.0 Hora(s);2d18h56m;07/11/2023 17:05:59;;;;;;
0000355420;06/11/2023 16:11:43;" LUCAS DA SILVA ESTANISLAU";" Pagamento de crédito";" 258- AQUISIÇÃO E REEMBOLSO-MÓVEL COM REGISTRO";35.568.345/0001-20;" M G LOPES PASTRO";010565/0193-00;;" Concluído";072625;Ubirata;207;SICREDI VALE DO PIQUIRI ABCD P;207;SUREG Vale do Piquiri PR;CENTRAL SICREDI PR/SP/RJ;105.0 Hora(s);2d18h56m;07/11/2023 17:05:44;;;;;;
0000355420;06/11/2023 16:11:43;" LUCAS DA SILVA ESTANISLAU";" Pagamento de crédito";" 258- AQUISIÇÃO E REEMBOLSO-MÓVEL COM REGISTRO";35.568.345/0001-20;" M G LOPES PASTRO";010565/0193-00;;" Concluído";072625;Ubirata;207;SICREDI VALE DO PIQUIRI ABCD P;207;SUREG Vale do Piquiri PR;CENTRAL SICREDI PR/SP/RJ;105.0 Hora(s);2d18h56m;06/11/2023 16:59:57;;;;;;
0000355420;06/11/2023 16:11:43;" LUCAS DA SILVA ESTANISLAU";" Pagamento de crédito";" 258- AQUISIÇÃO E REEMBOLSO-MÓVEL COM REGISTRO";35.568.345/0001-20;" M G LOPES PASTRO";010565/0193-00;;" Concluído";072625;Ubirata;207;SICREDI VALE DO PIQUIRI ABCD P;207;SUREG Vale do Piquiri PR;CENTRAL SICREDI PR/SP/RJ;105.0 Hora(s);2d18h56m;06/11/2023 16:58:36;;;;;;
