﻿ID_Processo7;DT_Solicitacao8;NM_Usuario_Solicitacao8;NM_Tipo_Processo8;NM_Processo8;CD_Inscricao_Nacional8;NM_Pessoa8;Usuário;Grupo_Cota_Outros8;ST_Status8;CD_Comissionado2;NM_Fantasia_Comissionado2;CD_Tipo_Ponto_Venda3;NM_Fantasia_Ponto_Venda2;CD_Tipo_Ponto_Venda4;NM_Tipo_Ponto_Venda2;NM_Filial_Venda2;Nivel_Servico8;Tempo_Processo8;DH_Conclusao8;NM_Atividade1;Nivel_Servico_Atividade1;DT_Inicio_Atividade1;DT_Fim_Atividade1;NM_Usuario_Atividade1;Tempo_Processo_Atividade1
0000358098;16/11/2023 12:11:14;" Susan Keisi Mattia";" Pagamento de crédito";" 258- AQUISIÇÃO E REEMBOLSO-MÓVEL COM REGISTRO";016.888.260-41;" CARLOS DIOGO TRENTIN";010516/0325-00;"030482/0010-00&#x0D;
030459/0378-00&#x0D;
030501/0219-00";" Reprovado";021714;Severiano de Almeida;104;SICREDI UNIESTADOS;104;SUREG Erechim RS;CENTRAL SICREDI SUL/SUDESTE;105.0 Hora(s);6d3h29m;22/11/2023 15:59:34;CANCELAMENTO;1h02m;22/11/2023 15:49:18;22/11/2023 15:59:34;NICOLAS PAULO DE SOUSA CUNHA;0h06m
0000358098;16/11/2023 12:11:14;" Susan Keisi Mattia";" Pagamento de crédito";" 258- AQUISIÇÃO E REEMBOLSO-MÓVEL COM REGISTRO";016.888.260-41;" CARLOS DIOGO TRENTIN";010516/0325-00;"030482/0010-00&#x0D;
030459/0378-00&#x0D;
030501/0219-00";" Reprovado";021714;Severiano de Almeida;104;SICREDI UNIESTADOS;104;SUREG Erechim RS;CENTRAL SICREDI SUL/SUDESTE;105.0 Hora(s);6d3h29m;22/11/2023 15:49:18;AJUSTAR DOCUMENTOS P/ ALIENAÇÃO;0h00m;22/11/2023 15:48:54;22/11/2023 15:49:18;Susan Keisi Mattia;0h00m
0000358098;16/11/2023 12:11:14;" Susan Keisi Mattia";" Pagamento de crédito";" 258- AQUISIÇÃO E REEMBOLSO-MÓVEL COM REGISTRO";016.888.260-41;" CARLOS DIOGO TRENTIN";010516/0325-00;"030482/0010-00&#x0D;
030459/0378-00&#x0D;
030501/0219-00";" Reprovado";021714;Severiano de Almeida;104;SICREDI UNIESTADOS;104;SUREG Erechim RS;CENTRAL SICREDI SUL/SUDESTE;105.0 Hora(s);6d3h29m;22/11/2023 15:48:54;ALIENAR O BEM;1h02m;21/11/2023 08:13:23;22/11/2023 15:48:54;NICOLAS PAULO DE SOUSA CUNHA;0h06m
0000358098;16/11/2023 12:11:14;" Susan Keisi Mattia";" Pagamento de crédito";" 258- AQUISIÇÃO E REEMBOLSO-MÓVEL COM REGISTRO";016.888.260-41;" CARLOS DIOGO TRENTIN";010516/0325-00;"030482/0010-00&#x0D;
030459/0378-00&#x0D;
030501/0219-00";" Reprovado";021714;Severiano de Almeida;104;SICREDI UNIESTADOS;104;SUREG Erechim RS;CENTRAL SICREDI SUL/SUDESTE;105.0 Hora(s);6d3h29m;21/11/2023 08:13:23;AJUSTAR DOCUMENTOS P/ ALIENAÇÃO;0h00m;17/11/2023 16:01:59;21/11/2023 08:13:23;Susan Keisi Mattia;0h00m
0000358098;16/11/2023 12:11:14;" Susan Keisi Mattia";" Pagamento de crédito";" 258- AQUISIÇÃO E REEMBOLSO-MÓVEL COM REGISTRO";016.888.260-41;" CARLOS DIOGO TRENTIN";010516/0325-00;"030482/0010-00&#x0D;
030459/0378-00&#x0D;
030501/0219-00";" Reprovado";021714;Severiano de Almeida;104;SICREDI UNIESTADOS;104;SUREG Erechim RS;CENTRAL SICREDI SUL/SUDESTE;105.0 Hora(s);6d3h29m;17/11/2023 16:01:59;ALIENAR O BEM;1h02m;16/11/2023 16:23:03;17/11/2023 16:01:59;NICOLAS PAULO DE SOUSA CUNHA;0h06m
0000358098;16/11/2023 12:11:14;" Susan Keisi Mattia";" Pagamento de crédito";" 258- AQUISIÇÃO E REEMBOLSO-MÓVEL COM REGISTRO";016.888.260-41;" CARLOS DIOGO TRENTIN";010516/0325-00;"030482/0010-00&#x0D;
030459/0378-00&#x0D;
030501/0219-00";" Reprovado";021714;Severiano de Almeida;104;SICREDI UNIESTADOS;104;SUREG Erechim RS;CENTRAL SICREDI SUL/SUDESTE;105.0 Hora(s);6d3h29m;16/11/2023 16:23:03;FINALIZAR CADASTRO DO BEM;1h00m;16/11/2023 16:22:08;16/11/2023 16:23:03;NICOLAS PAULO DE SOUSA CUNHA;0h01m
0000358098;16/11/2023 12:11:14;" Susan Keisi Mattia";" Pagamento de crédito";" 258- AQUISIÇÃO E REEMBOLSO-MÓVEL COM REGISTRO";016.888.260-41;" CARLOS DIOGO TRENTIN";010516/0325-00;"030482/0010-00&#x0D;
030459/0378-00&#x0D;
030501/0219-00";" Reprovado";021714;Severiano de Almeida;104;SICREDI UNIESTADOS;104;SUREG Erechim RS;CENTRAL SICREDI SUL/SUDESTE;105.0 Hora(s);6d3h29m;16/11/2023 16:22:07;ANÁLISE DE DOCUMENTOS 1ª ETAPA;18h00m;16/11/2023 12:36:49;16/11/2023 16:22:07;NICOLAS PAULO DE SOUSA CUNHA;0h12m
0000358098;16/11/2023 12:11:14;" Susan Keisi Mattia";" Pagamento de crédito";" 258- AQUISIÇÃO E REEMBOLSO-MÓVEL COM REGISTRO";016.888.260-41;" CARLOS DIOGO TRENTIN";010516/0325-00;"030482/0010-00&#x0D;
030459/0378-00&#x0D;
030501/0219-00";" Reprovado";021714;Severiano de Almeida;104;SICREDI UNIESTADOS;104;SUREG Erechim RS;CENTRAL SICREDI SUL/SUDESTE;105.0 Hora(s);6d3h29m;16/11/2023 12:36:49;ENVIAR DOCUMENTOS;1d21h00m;16/11/2023 12:30:35;16/11/2023 12:36:49;Susan Keisi Mattia;0h00m
0000358098;16/11/2023 12:11:14;" Susan Keisi Mattia";" Pagamento de crédito";" 258- AQUISIÇÃO E REEMBOLSO-MÓVEL COM REGISTRO";016.888.260-41;" CARLOS DIOGO TRENTIN";010516/0325-00;"030482/0010-00&#x0D;
030459/0378-00&#x0D;
030501/0219-00";" Reprovado";021714;Severiano de Almeida;104;SICREDI UNIESTADOS;104;SUREG Erechim RS;CENTRAL SICREDI SUL/SUDESTE;105.0 Hora(s);6d3h29m;16/11/2023 12:30:35;AUTORIZAÇÃO DE FATURAMENTO;0h00m;16/11/2023 12:30:14;16/11/2023 12:30:35;;0h00m
0000358098;16/11/2023 12:11:14;" Susan Keisi Mattia";" Pagamento de crédito";" 258- AQUISIÇÃO E REEMBOLSO-MÓVEL COM REGISTRO";016.888.260-41;" CARLOS DIOGO TRENTIN";010516/0325-00;"030482/0010-00&#x0D;
030459/0378-00&#x0D;
030501/0219-00";" Reprovado";021714;Severiano de Almeida;104;SICREDI UNIESTADOS;104;SUREG Erechim RS;CENTRAL SICREDI SUL/SUDESTE;105.0 Hora(s);6d3h29m;22/11/2023 15:59:34;;;;;;
0000358098;16/11/2023 12:11:14;" Susan Keisi Mattia";" Pagamento de crédito";" 258- AQUISIÇÃO E REEMBOLSO-MÓVEL COM REGISTRO";016.888.260-41;" CARLOS DIOGO TRENTIN";010516/0325-00;"030482/0010-00&#x0D;
030459/0378-00&#x0D;
030501/0219-00";" Reprovado";021714;Severiano de Almeida;104;SICREDI UNIESTADOS;104;SUREG Erechim RS;CENTRAL SICREDI SUL/SUDESTE;105.0 Hora(s);6d3h29m;22/11/2023 15:49:18;;;;;;
0000358098;16/11/2023 12:11:14;" Susan Keisi Mattia";" Pagamento de crédito";" 258- AQUISIÇÃO E REEMBOLSO-MÓVEL COM REGISTRO";016.888.260-41;" CARLOS DIOGO TRENTIN";010516/0325-00;"030482/0010-00&#x0D;
030459/0378-00&#x0D;
030501/0219-00";" Reprovado";021714;Severiano de Almeida;104;SICREDI UNIESTADOS;104;SUREG Erechim RS;CENTRAL SICREDI SUL/SUDESTE;105.0 Hora(s);6d3h29m;22/11/2023 15:48:54;;;;;;
0000358098;16/11/2023 12:11:14;" Susan Keisi Mattia";" Pagamento de crédito";" 258- AQUISIÇÃO E REEMBOLSO-MÓVEL COM REGISTRO";016.888.260-41;" CARLOS DIOGO TRENTIN";010516/0325-00;"030482/0010-00&#x0D;
030459/0378-00&#x0D;
030501/0219-00";" Reprovado";021714;Severiano de Almeida;104;SICREDI UNIESTADOS;104;SUREG Erechim RS;CENTRAL SICREDI SUL/SUDESTE;105.0 Hora(s);6d3h29m;21/11/2023 08:13:23;;;;;;
0000358098;16/11/2023 12:11:14;" Susan Keisi Mattia";" Pagamento de crédito";" 258- AQUISIÇÃO E REEMBOLSO-MÓVEL COM REGISTRO";016.888.260-41;" CARLOS DIOGO TRENTIN";010516/0325-00;"030482/0010-00&#x0D;
030459/0378-00&#x0D;
030501/0219-00";" Reprovado";021714;Severiano de Almeida;104;SICREDI UNIESTADOS;104;SUREG Erechim RS;CENTRAL SICREDI SUL/SUDESTE;105.0 Hora(s);6d3h29m;17/11/2023 16:01:59;;;;;;
0000358098;16/11/2023 12:11:14;" Susan Keisi Mattia";" Pagamento de crédito";" 258- AQUISIÇÃO E REEMBOLSO-MÓVEL COM REGISTRO";016.888.260-41;" CARLOS DIOGO TRENTIN";010516/0325-00;"030482/0010-00&#x0D;
030459/0378-00&#x0D;
030501/0219-00";" Reprovado";021714;Severiano de Almeida;104;SICREDI UNIESTADOS;104;SUREG Erechim RS;CENTRAL SICREDI SUL/SUDESTE;105.0 Hora(s);6d3h29m;16/11/2023 16:23:03;;;;;;
0000358098;16/11/2023 12:11:14;" Susan Keisi Mattia";" Pagamento de crédito";" 258- AQUISIÇÃO E REEMBOLSO-MÓVEL COM REGISTRO";016.888.260-41;" CARLOS DIOGO TRENTIN";010516/0325-00;"030482/0010-00&#x0D;
030459/0378-00&#x0D;
030501/0219-00";" Reprovado";021714;Severiano de Almeida;104;SICREDI UNIESTADOS;104;SUREG Erechim RS;CENTRAL SICREDI SUL/SUDESTE;105.0 Hora(s);6d3h29m;16/11/2023 16:22:07;;;;;;
0000358098;16/11/2023 12:11:14;" Susan Keisi Mattia";" Pagamento de crédito";" 258- AQUISIÇÃO E REEMBOLSO-MÓVEL COM REGISTRO";016.888.260-41;" CARLOS DIOGO TRENTIN";010516/0325-00;"030482/0010-00&#x0D;
030459/0378-00&#x0D;
030501/0219-00";" Reprovado";021714;Severiano de Almeida;104;SICREDI UNIESTADOS;104;SUREG Erechim RS;CENTRAL SICREDI SUL/SUDESTE;105.0 Hora(s);6d3h29m;16/11/2023 12:36:49;;;;;;
0000358098;16/11/2023 12:11:14;" Susan Keisi Mattia";" Pagamento de crédito";" 258- AQUISIÇÃO E REEMBOLSO-MÓVEL COM REGISTRO";016.888.260-41;" CARLOS DIOGO TRENTIN";010516/0325-00;"030482/0010-00&#x0D;
030459/0378-00&#x0D;
030501/0219-00";" Reprovado";021714;Severiano de Almeida;104;SICREDI UNIESTADOS;104;SUREG Erechim RS;CENTRAL SICREDI SUL/SUDESTE;105.0 Hora(s);6d3h29m;16/11/2023 12:30:35;;;;;;
