﻿ID_Processo7;DT_Solicitacao8;NM_Usuario_Solicitacao8;NM_Tipo_Processo8;NM_Processo8;CD_Inscricao_Nacional8;NM_Pessoa8;Usuário;Grupo_Cota_Outros8;ST_Status8;CD_Comissionado2;NM_Fantasia_Comissionado2;CD_Tipo_Ponto_Venda3;NM_Fantasia_Ponto_Venda2;CD_Tipo_Ponto_Venda4;NM_Tipo_Ponto_Venda2;NM_Filial_Venda2;Nivel_Servico8;Tempo_Processo8;DH_Conclusao8;NM_Atividade1;Nivel_Servico_Atividade1;DT_Inicio_Atividade1;DT_Fim_Atividade1;NM_Usuario_Atividade1;Tempo_Processo_Atividade1
0000365874;21/11/2023 15:11:14;" MAIARA DIAS ZANELA";" Pagamento de crédito";" 258- AQUISIÇÃO E REEMBOLSO-MÓVEL COM REGISTRO";062.397.539-47;" RODRIGO MARIANO DA SILVA";010555/0201-00;;" Concluído";072631;Umuarama - Avenida Londrina;207;SICREDI VALE DO PIQUIRI ABCD P;207;SUREG Vale do Piquiri PR;CENTRAL SICREDI PR/SP/RJ;105.0 Hora(s);1d20h34m;23/11/2023 11:52:33;LIBERAR PAGAMENTOS;0h00m;22/11/2023 17:17:07;23/11/2023 11:52:33;Kelen Hahn Paulo;0h00m
0000365874;21/11/2023 15:11:14;" MAIARA DIAS ZANELA";" Pagamento de crédito";" 258- AQUISIÇÃO E REEMBOLSO-MÓVEL COM REGISTRO";062.397.539-47;" RODRIGO MARIANO DA SILVA";010555/0201-00;;" Concluído";072631;Umuarama - Avenida Londrina;207;SICREDI VALE DO PIQUIRI ABCD P;207;SUREG Vale do Piquiri PR;CENTRAL SICREDI PR/SP/RJ;105.0 Hora(s);1d20h34m;22/11/2023 17:17:07;APROVAR PAGAMENTO;1h00m;22/11/2023 17:17:03;22/11/2023 17:17:07;LARISSA JAENISCH DUTRA PINTO;0h00m
0000365874;21/11/2023 15:11:14;" MAIARA DIAS ZANELA";" Pagamento de crédito";" 258- AQUISIÇÃO E REEMBOLSO-MÓVEL COM REGISTRO";062.397.539-47;" RODRIGO MARIANO DA SILVA";010555/0201-00;;" Concluído";072631;Umuarama - Avenida Londrina;207;SICREDI VALE DO PIQUIRI ABCD P;207;SUREG Vale do Piquiri PR;CENTRAL SICREDI PR/SP/RJ;105.0 Hora(s);1d20h34m;22/11/2023 17:17:03;PROGRAMAR PAGAMENTO;1h00m;22/11/2023 17:16:31;22/11/2023 17:17:03;LARISSA JAENISCH DUTRA PINTO;0h01m
0000365874;21/11/2023 15:11:14;" MAIARA DIAS ZANELA";" Pagamento de crédito";" 258- AQUISIÇÃO E REEMBOLSO-MÓVEL COM REGISTRO";062.397.539-47;" RODRIGO MARIANO DA SILVA";010555/0201-00;;" Concluído";072631;Umuarama - Avenida Londrina;207;SICREDI VALE DO PIQUIRI ABCD P;207;SUREG Vale do Piquiri PR;CENTRAL SICREDI PR/SP/RJ;105.0 Hora(s);1d20h34m;22/11/2023 17:16:31;ANALISAR DOCUMENTOS PARA LIBERAÇÃO 2ª ETAPA;18h00m;22/11/2023 16:42:54;22/11/2023 17:16:31;LARISSA JAENISCH DUTRA PINTO;0h01m
0000365874;21/11/2023 15:11:14;" MAIARA DIAS ZANELA";" Pagamento de crédito";" 258- AQUISIÇÃO E REEMBOLSO-MÓVEL COM REGISTRO";062.397.539-47;" RODRIGO MARIANO DA SILVA";010555/0201-00;;" Concluído";072631;Umuarama - Avenida Londrina;207;SICREDI VALE DO PIQUIRI ABCD P;207;SUREG Vale do Piquiri PR;CENTRAL SICREDI PR/SP/RJ;105.0 Hora(s);1d20h34m;22/11/2023 16:42:54;EMITIR DOCUMENTOS PARA LIBERAÇÃO;18h00m;22/11/2023 14:20:18;22/11/2023 16:42:54;MAIARA DIAS ZANELA;0h00m
0000365874;21/11/2023 15:11:14;" MAIARA DIAS ZANELA";" Pagamento de crédito";" 258- AQUISIÇÃO E REEMBOLSO-MÓVEL COM REGISTRO";062.397.539-47;" RODRIGO MARIANO DA SILVA";010555/0201-00;;" Concluído";072631;Umuarama - Avenida Londrina;207;SICREDI VALE DO PIQUIRI ABCD P;207;SUREG Vale do Piquiri PR;CENTRAL SICREDI PR/SP/RJ;105.0 Hora(s);1d20h34m;22/11/2023 14:20:17;REGISTRAR CONTRATO MANUALMENTE;1h00m;22/11/2023 14:20:00;22/11/2023 14:20:17;Clara Vargas;0h00m
0000365874;21/11/2023 15:11:14;" MAIARA DIAS ZANELA";" Pagamento de crédito";" 258- AQUISIÇÃO E REEMBOLSO-MÓVEL COM REGISTRO";062.397.539-47;" RODRIGO MARIANO DA SILVA";010555/0201-00;;" Concluído";072631;Umuarama - Avenida Londrina;207;SICREDI VALE DO PIQUIRI ABCD P;207;SUREG Vale do Piquiri PR;CENTRAL SICREDI PR/SP/RJ;105.0 Hora(s);1d20h34m;22/11/2023 14:19:59;ALIENAR O BEM;1h00m;22/11/2023 14:18:49;22/11/2023 14:19:59;Clara Vargas;0h02m
0000365874;21/11/2023 15:11:14;" MAIARA DIAS ZANELA";" Pagamento de crédito";" 258- AQUISIÇÃO E REEMBOLSO-MÓVEL COM REGISTRO";062.397.539-47;" RODRIGO MARIANO DA SILVA";010555/0201-00;;" Concluído";072631;Umuarama - Avenida Londrina;207;SICREDI VALE DO PIQUIRI ABCD P;207;SUREG Vale do Piquiri PR;CENTRAL SICREDI PR/SP/RJ;105.0 Hora(s);1d20h34m;22/11/2023 14:18:49;FINALIZAR CADASTRO DO BEM;1h00m;22/11/2023 14:18:44;22/11/2023 14:18:49;Clara Vargas;0h00m
0000365874;21/11/2023 15:11:14;" MAIARA DIAS ZANELA";" Pagamento de crédito";" 258- AQUISIÇÃO E REEMBOLSO-MÓVEL COM REGISTRO";062.397.539-47;" RODRIGO MARIANO DA SILVA";010555/0201-00;;" Concluído";072631;Umuarama - Avenida Londrina;207;SICREDI VALE DO PIQUIRI ABCD P;207;SUREG Vale do Piquiri PR;CENTRAL SICREDI PR/SP/RJ;105.0 Hora(s);1d20h34m;22/11/2023 14:18:44;ANÁLISE DE DOCUMENTOS 1ª ETAPA;18h00m;21/11/2023 15:19:01;22/11/2023 14:18:44;Clara Vargas;0h06m
0000365874;21/11/2023 15:11:14;" MAIARA DIAS ZANELA";" Pagamento de crédito";" 258- AQUISIÇÃO E REEMBOLSO-MÓVEL COM REGISTRO";062.397.539-47;" RODRIGO MARIANO DA SILVA";010555/0201-00;;" Concluído";072631;Umuarama - Avenida Londrina;207;SICREDI VALE DO PIQUIRI ABCD P;207;SUREG Vale do Piquiri PR;CENTRAL SICREDI PR/SP/RJ;105.0 Hora(s);1d20h34m;21/11/2023 15:19:01;ENVIAR DOCUMENTOS;1d21h00m;21/11/2023 15:18:16;21/11/2023 15:19:01;MAIARA DIAS ZANELA;0h00m
0000365874;21/11/2023 15:11:14;" MAIARA DIAS ZANELA";" Pagamento de crédito";" 258- AQUISIÇÃO E REEMBOLSO-MÓVEL COM REGISTRO";062.397.539-47;" RODRIGO MARIANO DA SILVA";010555/0201-00;;" Concluído";072631;Umuarama - Avenida Londrina;207;SICREDI VALE DO PIQUIRI ABCD P;207;SUREG Vale do Piquiri PR;CENTRAL SICREDI PR/SP/RJ;105.0 Hora(s);1d20h34m;21/11/2023 15:18:16;AUTORIZAÇÃO DE FATURAMENTO;0h00m;21/11/2023 15:17:53;21/11/2023 15:18:16;;0h00m
0000365874;21/11/2023 15:11:14;" MAIARA DIAS ZANELA";" Pagamento de crédito";" 258- AQUISIÇÃO E REEMBOLSO-MÓVEL COM REGISTRO";062.397.539-47;" RODRIGO MARIANO DA SILVA";010555/0201-00;;" Concluído";072631;Umuarama - Avenida Londrina;207;SICREDI VALE DO PIQUIRI ABCD P;207;SUREG Vale do Piquiri PR;CENTRAL SICREDI PR/SP/RJ;105.0 Hora(s);1d20h34m;23/11/2023 11:52:33;;;;;;
0000365874;21/11/2023 15:11:14;" MAIARA DIAS ZANELA";" Pagamento de crédito";" 258- AQUISIÇÃO E REEMBOLSO-MÓVEL COM REGISTRO";062.397.539-47;" RODRIGO MARIANO DA SILVA";010555/0201-00;;" Concluído";072631;Umuarama - Avenida Londrina;207;SICREDI VALE DO PIQUIRI ABCD P;207;SUREG Vale do Piquiri PR;CENTRAL SICREDI PR/SP/RJ;105.0 Hora(s);1d20h34m;22/11/2023 17:17:07;;;;;;
0000365874;21/11/2023 15:11:14;" MAIARA DIAS ZANELA";" Pagamento de crédito";" 258- AQUISIÇÃO E REEMBOLSO-MÓVEL COM REGISTRO";062.397.539-47;" RODRIGO MARIANO DA SILVA";010555/0201-00;;" Concluído";072631;Umuarama - Avenida Londrina;207;SICREDI VALE DO PIQUIRI ABCD P;207;SUREG Vale do Piquiri PR;CENTRAL SICREDI PR/SP/RJ;105.0 Hora(s);1d20h34m;22/11/2023 17:17:03;;;;;;
0000365874;21/11/2023 15:11:14;" MAIARA DIAS ZANELA";" Pagamento de crédito";" 258- AQUISIÇÃO E REEMBOLSO-MÓVEL COM REGISTRO";062.397.539-47;" RODRIGO MARIANO DA SILVA";010555/0201-00;;" Concluído";072631;Umuarama - Avenida Londrina;207;SICREDI VALE DO PIQUIRI ABCD P;207;SUREG Vale do Piquiri PR;CENTRAL SICREDI PR/SP/RJ;105.0 Hora(s);1d20h34m;22/11/2023 17:16:31;;;;;;
0000365874;21/11/2023 15:11:14;" MAIARA DIAS ZANELA";" Pagamento de crédito";" 258- AQUISIÇÃO E REEMBOLSO-MÓVEL COM REGISTRO";062.397.539-47;" RODRIGO MARIANO DA SILVA";010555/0201-00;;" Concluído";072631;Umuarama - Avenida Londrina;207;SICREDI VALE DO PIQUIRI ABCD P;207;SUREG Vale do Piquiri PR;CENTRAL SICREDI PR/SP/RJ;105.0 Hora(s);1d20h34m;22/11/2023 16:42:54;;;;;;
0000365874;21/11/2023 15:11:14;" MAIARA DIAS ZANELA";" Pagamento de crédito";" 258- AQUISIÇÃO E REEMBOLSO-MÓVEL COM REGISTRO";062.397.539-47;" RODRIGO MARIANO DA SILVA";010555/0201-00;;" Concluído";072631;Umuarama - Avenida Londrina;207;SICREDI VALE DO PIQUIRI ABCD P;207;SUREG Vale do Piquiri PR;CENTRAL SICREDI PR/SP/RJ;105.0 Hora(s);1d20h34m;22/11/2023 14:20:17;;;;;;
0000365874;21/11/2023 15:11:14;" MAIARA DIAS ZANELA";" Pagamento de crédito";" 258- AQUISIÇÃO E REEMBOLSO-MÓVEL COM REGISTRO";062.397.539-47;" RODRIGO MARIANO DA SILVA";010555/0201-00;;" Concluído";072631;Umuarama - Avenida Londrina;207;SICREDI VALE DO PIQUIRI ABCD P;207;SUREG Vale do Piquiri PR;CENTRAL SICREDI PR/SP/RJ;105.0 Hora(s);1d20h34m;22/11/2023 14:19:59;;;;;;
0000365874;21/11/2023 15:11:14;" MAIARA DIAS ZANELA";" Pagamento de crédito";" 258- AQUISIÇÃO E REEMBOLSO-MÓVEL COM REGISTRO";062.397.539-47;" RODRIGO MARIANO DA SILVA";010555/0201-00;;" Concluído";072631;Umuarama - Avenida Londrina;207;SICREDI VALE DO PIQUIRI ABCD P;207;SUREG Vale do Piquiri PR;CENTRAL SICREDI PR/SP/RJ;105.0 Hora(s);1d20h34m;22/11/2023 14:18:49;;;;;;
0000365874;21/11/2023 15:11:14;" MAIARA DIAS ZANELA";" Pagamento de crédito";" 258- AQUISIÇÃO E REEMBOLSO-MÓVEL COM REGISTRO";062.397.539-47;" RODRIGO MARIANO DA SILVA";010555/0201-00;;" Concluído";072631;Umuarama - Avenida Londrina;207;SICREDI VALE DO PIQUIRI ABCD P;207;SUREG Vale do Piquiri PR;CENTRAL SICREDI PR/SP/RJ;105.0 Hora(s);1d20h34m;22/11/2023 14:18:44;;;;;;
0000365874;21/11/2023 15:11:14;" MAIARA DIAS ZANELA";" Pagamento de crédito";" 258- AQUISIÇÃO E REEMBOLSO-MÓVEL COM REGISTRO";062.397.539-47;" RODRIGO MARIANO DA SILVA";010555/0201-00;;" Concluído";072631;Umuarama - Avenida Londrina;207;SICREDI VALE DO PIQUIRI ABCD P;207;SUREG Vale do Piquiri PR;CENTRAL SICREDI PR/SP/RJ;105.0 Hora(s);1d20h34m;21/11/2023 15:19:01;;;;;;
0000365874;21/11/2023 15:11:14;" MAIARA DIAS ZANELA";" Pagamento de crédito";" 258- AQUISIÇÃO E REEMBOLSO-MÓVEL COM REGISTRO";062.397.539-47;" RODRIGO MARIANO DA SILVA";010555/0201-00;;" Concluído";072631;Umuarama - Avenida Londrina;207;SICREDI VALE DO PIQUIRI ABCD P;207;SUREG Vale do Piquiri PR;CENTRAL SICREDI PR/SP/RJ;105.0 Hora(s);1d20h34m;21/11/2023 15:18:16;;;;;;
