﻿ID_Processo7;DT_Solicitacao8;NM_Usuario_Solicitacao8;NM_Tipo_Processo8;NM_Processo8;CD_Inscricao_Nacional8;NM_Pessoa8;Usuário;Grupo_Cota_Outros8;ST_Status8;CD_Comissionado2;NM_Fantasia_Comissionado2;CD_Tipo_Ponto_Venda3;NM_Fantasia_Ponto_Venda2;CD_Tipo_Ponto_Venda4;NM_Tipo_Ponto_Venda2;NM_Filial_Venda2;Nivel_Servico8;Tempo_Processo8;DH_Conclusao8;NM_Atividade1;Nivel_Servico_Atividade1;DT_Inicio_Atividade1;DT_Fim_Atividade1;NM_Usuario_Atividade1;Tempo_Processo_Atividade1
0000366663;22/11/2023 10:11:18;" WILLIAM UBIALI CEQUIN";" Pagamento de crédito";" 258- AQUISIÇÃO E REEMBOLSO-MÓVEL COM REGISTRO";518.077.269-91;" MAURI CORADI";010539/0059-00;;" Aguardando Regularização";021751;Jaborá;104;SICREDI UNIESTADOS;104;SUREG Erechim RS;CENTRAL SICREDI SUL/SUDESTE;105.0 Hora(s);1d9h43m;"                   ";EMITIR DOCUMENTOS PARA LIBERAÇÃO;18h00m;23/11/2023 19:50:58;"                   ";;0h00m
0000366663;22/11/2023 10:11:18;" WILLIAM UBIALI CEQUIN";" Pagamento de crédito";" 258- AQUISIÇÃO E REEMBOLSO-MÓVEL COM REGISTRO";518.077.269-91;" MAURI CORADI";010539/0059-00;;" Aguardando Regularização";021751;Jaborá;104;SICREDI UNIESTADOS;104;SUREG Erechim RS;CENTRAL SICREDI SUL/SUDESTE;105.0 Hora(s);1d9h43m;23/11/2023 19:50:58;REGISTRAR CONTRATO MANUALMENTE;1h00m;23/11/2023 19:50:52;23/11/2023 19:50:58;NICOLAS PAULO DE SOUSA CUNHA;0h00m
0000366663;22/11/2023 10:11:18;" WILLIAM UBIALI CEQUIN";" Pagamento de crédito";" 258- AQUISIÇÃO E REEMBOLSO-MÓVEL COM REGISTRO";518.077.269-91;" MAURI CORADI";010539/0059-00;;" Aguardando Regularização";021751;Jaborá;104;SICREDI UNIESTADOS;104;SUREG Erechim RS;CENTRAL SICREDI SUL/SUDESTE;105.0 Hora(s);1d9h43m;23/11/2023 19:50:52;ALIENAR O BEM;1h00m;23/11/2023 19:50:00;23/11/2023 19:50:52;NICOLAS PAULO DE SOUSA CUNHA;0h00m
0000366663;22/11/2023 10:11:18;" WILLIAM UBIALI CEQUIN";" Pagamento de crédito";" 258- AQUISIÇÃO E REEMBOLSO-MÓVEL COM REGISTRO";518.077.269-91;" MAURI CORADI";010539/0059-00;;" Aguardando Regularização";021751;Jaborá;104;SICREDI UNIESTADOS;104;SUREG Erechim RS;CENTRAL SICREDI SUL/SUDESTE;105.0 Hora(s);1d9h43m;23/11/2023 19:50:00;FINALIZAR CADASTRO DO BEM;1h00m;23/11/2023 19:49:54;23/11/2023 19:50:00;NICOLAS PAULO DE SOUSA CUNHA;0h01m
0000366663;22/11/2023 10:11:18;" WILLIAM UBIALI CEQUIN";" Pagamento de crédito";" 258- AQUISIÇÃO E REEMBOLSO-MÓVEL COM REGISTRO";518.077.269-91;" MAURI CORADI";010539/0059-00;;" Aguardando Regularização";021751;Jaborá;104;SICREDI UNIESTADOS;104;SUREG Erechim RS;CENTRAL SICREDI SUL/SUDESTE;105.0 Hora(s);1d9h43m;23/11/2023 19:49:54;ANÁLISE DE DOCUMENTOS 1ª ETAPA;18h00m;23/11/2023 16:30:54;23/11/2023 19:49:54;NICOLAS PAULO DE SOUSA CUNHA;0h03m
0000366663;22/11/2023 10:11:18;" WILLIAM UBIALI CEQUIN";" Pagamento de crédito";" 258- AQUISIÇÃO E REEMBOLSO-MÓVEL COM REGISTRO";518.077.269-91;" MAURI CORADI";010539/0059-00;;" Aguardando Regularização";021751;Jaborá;104;SICREDI UNIESTADOS;104;SUREG Erechim RS;CENTRAL SICREDI SUL/SUDESTE;105.0 Hora(s);1d9h43m;23/11/2023 16:30:54;ENVIAR DOCUMENTOS;1d21h00m;22/11/2023 10:08:31;23/11/2023 16:30:54;WILLIAM UBIALI CEQUIN;0h00m
0000366663;22/11/2023 10:11:18;" WILLIAM UBIALI CEQUIN";" Pagamento de crédito";" 258- AQUISIÇÃO E REEMBOLSO-MÓVEL COM REGISTRO";518.077.269-91;" MAURI CORADI";010539/0059-00;;" Aguardando Regularização";021751;Jaborá;104;SICREDI UNIESTADOS;104;SUREG Erechim RS;CENTRAL SICREDI SUL/SUDESTE;105.0 Hora(s);1d9h43m;22/11/2023 10:08:31;AUTORIZAÇÃO DE FATURAMENTO;0h00m;22/11/2023 10:07:31;22/11/2023 10:08:31;;0h00m
0000366663;22/11/2023 10:11:18;" WILLIAM UBIALI CEQUIN";" Pagamento de crédito";" 258- AQUISIÇÃO E REEMBOLSO-MÓVEL COM REGISTRO";518.077.269-91;" MAURI CORADI";010539/0059-00;;" Aguardando Regularização";021751;Jaborá;104;SICREDI UNIESTADOS;104;SUREG Erechim RS;CENTRAL SICREDI SUL/SUDESTE;105.0 Hora(s);1d9h43m;"                   ";;;;;;
0000366663;22/11/2023 10:11:18;" WILLIAM UBIALI CEQUIN";" Pagamento de crédito";" 258- AQUISIÇÃO E REEMBOLSO-MÓVEL COM REGISTRO";518.077.269-91;" MAURI CORADI";010539/0059-00;;" Aguardando Regularização";021751;Jaborá;104;SICREDI UNIESTADOS;104;SUREG Erechim RS;CENTRAL SICREDI SUL/SUDESTE;105.0 Hora(s);1d9h43m;23/11/2023 19:50:58;;;;;;
0000366663;22/11/2023 10:11:18;" WILLIAM UBIALI CEQUIN";" Pagamento de crédito";" 258- AQUISIÇÃO E REEMBOLSO-MÓVEL COM REGISTRO";518.077.269-91;" MAURI CORADI";010539/0059-00;;" Aguardando Regularização";021751;Jaborá;104;SICREDI UNIESTADOS;104;SUREG Erechim RS;CENTRAL SICREDI SUL/SUDESTE;105.0 Hora(s);1d9h43m;23/11/2023 19:50:52;;;;;;
0000366663;22/11/2023 10:11:18;" WILLIAM UBIALI CEQUIN";" Pagamento de crédito";" 258- AQUISIÇÃO E REEMBOLSO-MÓVEL COM REGISTRO";518.077.269-91;" MAURI CORADI";010539/0059-00;;" Aguardando Regularização";021751;Jaborá;104;SICREDI UNIESTADOS;104;SUREG Erechim RS;CENTRAL SICREDI SUL/SUDESTE;105.0 Hora(s);1d9h43m;23/11/2023 19:50:00;;;;;;
0000366663;22/11/2023 10:11:18;" WILLIAM UBIALI CEQUIN";" Pagamento de crédito";" 258- AQUISIÇÃO E REEMBOLSO-MÓVEL COM REGISTRO";518.077.269-91;" MAURI CORADI";010539/0059-00;;" Aguardando Regularização";021751;Jaborá;104;SICREDI UNIESTADOS;104;SUREG Erechim RS;CENTRAL SICREDI SUL/SUDESTE;105.0 Hora(s);1d9h43m;23/11/2023 19:49:54;;;;;;
0000366663;22/11/2023 10:11:18;" WILLIAM UBIALI CEQUIN";" Pagamento de crédito";" 258- AQUISIÇÃO E REEMBOLSO-MÓVEL COM REGISTRO";518.077.269-91;" MAURI CORADI";010539/0059-00;;" Aguardando Regularização";021751;Jaborá;104;SICREDI UNIESTADOS;104;SUREG Erechim RS;CENTRAL SICREDI SUL/SUDESTE;105.0 Hora(s);1d9h43m;23/11/2023 16:30:54;;;;;;
0000366663;22/11/2023 10:11:18;" WILLIAM UBIALI CEQUIN";" Pagamento de crédito";" 258- AQUISIÇÃO E REEMBOLSO-MÓVEL COM REGISTRO";518.077.269-91;" MAURI CORADI";010539/0059-00;;" Aguardando Regularização";021751;Jaborá;104;SICREDI UNIESTADOS;104;SUREG Erechim RS;CENTRAL SICREDI SUL/SUDESTE;105.0 Hora(s);1d9h43m;22/11/2023 10:08:31;;;;;;
