﻿ID_Processo7;DT_Solicitacao8;NM_Usuario_Solicitacao8;NM_Tipo_Processo8;NM_Processo8;CD_Inscricao_Nacional8;NM_Pessoa8;Usuário;Grupo_Cota_Outros8;ST_Status8;CD_Comissionado2;NM_Fantasia_Comissionado2;CD_Tipo_Ponto_Venda3;NM_Fantasia_Ponto_Venda2;CD_Tipo_Ponto_Venda4;NM_Tipo_Ponto_Venda2;NM_Filial_Venda2;Nivel_Servico8;Tempo_Processo8;DH_Conclusao8;NM_Atividade1;Nivel_Servico_Atividade1;DT_Inicio_Atividade1;DT_Fim_Atividade1;NM_Usuario_Atividade1;Tempo_Processo_Atividade1
0000364089;20/11/2023 15:11:16;" Daniel Henrique de Souza";" Pagamento de crédito";" 264- AQUISIÇÃO E REEMBOLSO-MÓVEL SEM  REGISTRO";000.530.466-09;" DENILSON HONORIO LEMES";010598/0800-00;;" Aguardando Regularização";021772;"UA SANTA RITA DE CALDAS ";104;SICREDI UNIESTADOS;104;SUREG Erechim RS;CENTRAL SICREDI SUL/SUDESTE;103.0 Hora(s);2d0h31m;"                   ";REGULARIZAR DOCS DE PAGAMENTO;0h00m;22/11/2023 15:32:34;"                   ";;0h00m
0000364089;20/11/2023 15:11:16;" Daniel Henrique de Souza";" Pagamento de crédito";" 264- AQUISIÇÃO E REEMBOLSO-MÓVEL SEM  REGISTRO";000.530.466-09;" DENILSON HONORIO LEMES";010598/0800-00;;" Aguardando Regularização";021772;"UA SANTA RITA DE CALDAS ";104;SICREDI UNIESTADOS;104;SUREG Erechim RS;CENTRAL SICREDI SUL/SUDESTE;103.0 Hora(s);2d0h31m;22/11/2023 15:32:34;ANALISAR DOCUMENTOS PARA LIBERAÇÃO 2ª ETAPA;18h00m;22/11/2023 11:24:17;22/11/2023 15:32:34;LARISSA JAENISCH DUTRA PINTO;0h03m
0000364089;20/11/2023 15:11:16;" Daniel Henrique de Souza";" Pagamento de crédito";" 264- AQUISIÇÃO E REEMBOLSO-MÓVEL SEM  REGISTRO";000.530.466-09;" DENILSON HONORIO LEMES";010598/0800-00;;" Aguardando Regularização";021772;"UA SANTA RITA DE CALDAS ";104;SICREDI UNIESTADOS;104;SUREG Erechim RS;CENTRAL SICREDI SUL/SUDESTE;103.0 Hora(s);2d0h31m;22/11/2023 11:24:17;EMITIR DOCUMENTOS PARA LIBERAÇÃO;18h00m;21/11/2023 14:12:07;22/11/2023 11:24:17;Daniel Henrique de Souza;0h00m
0000364089;20/11/2023 15:11:16;" Daniel Henrique de Souza";" Pagamento de crédito";" 264- AQUISIÇÃO E REEMBOLSO-MÓVEL SEM  REGISTRO";000.530.466-09;" DENILSON HONORIO LEMES";010598/0800-00;;" Aguardando Regularização";021772;"UA SANTA RITA DE CALDAS ";104;SICREDI UNIESTADOS;104;SUREG Erechim RS;CENTRAL SICREDI SUL/SUDESTE;103.0 Hora(s);2d0h31m;21/11/2023 14:12:07;ALIENAÇÃO DE BENS;1h00m;21/11/2023 14:12:02;21/11/2023 14:12:07;Camille Lyandra Paz dos Santos;0h00m
0000364089;20/11/2023 15:11:16;" Daniel Henrique de Souza";" Pagamento de crédito";" 264- AQUISIÇÃO E REEMBOLSO-MÓVEL SEM  REGISTRO";000.530.466-09;" DENILSON HONORIO LEMES";010598/0800-00;;" Aguardando Regularização";021772;"UA SANTA RITA DE CALDAS ";104;SICREDI UNIESTADOS;104;SUREG Erechim RS;CENTRAL SICREDI SUL/SUDESTE;103.0 Hora(s);2d0h31m;21/11/2023 14:12:02;FINALIZAR CADASTRO DO BEM;1h00m;21/11/2023 14:11:47;21/11/2023 14:12:02;Camille Lyandra Paz dos Santos;0h01m
0000364089;20/11/2023 15:11:16;" Daniel Henrique de Souza";" Pagamento de crédito";" 264- AQUISIÇÃO E REEMBOLSO-MÓVEL SEM  REGISTRO";000.530.466-09;" DENILSON HONORIO LEMES";010598/0800-00;;" Aguardando Regularização";021772;"UA SANTA RITA DE CALDAS ";104;SICREDI UNIESTADOS;104;SUREG Erechim RS;CENTRAL SICREDI SUL/SUDESTE;103.0 Hora(s);2d0h31m;21/11/2023 14:11:47;ANÁLISE DE DOCUMENTOS 1ª ETAPA;18h00m;21/11/2023 09:54:43;21/11/2023 14:11:47;Camille Lyandra Paz dos Santos;0h37m
0000364089;20/11/2023 15:11:16;" Daniel Henrique de Souza";" Pagamento de crédito";" 264- AQUISIÇÃO E REEMBOLSO-MÓVEL SEM  REGISTRO";000.530.466-09;" DENILSON HONORIO LEMES";010598/0800-00;;" Aguardando Regularização";021772;"UA SANTA RITA DE CALDAS ";104;SICREDI UNIESTADOS;104;SUREG Erechim RS;CENTRAL SICREDI SUL/SUDESTE;103.0 Hora(s);2d0h31m;21/11/2023 09:54:43;ENVIAR DOCUMENTOS;1d21h00m;20/11/2023 15:01:32;21/11/2023 09:54:43;Daniel Henrique de Souza;0h00m
0000364089;20/11/2023 15:11:16;" Daniel Henrique de Souza";" Pagamento de crédito";" 264- AQUISIÇÃO E REEMBOLSO-MÓVEL SEM  REGISTRO";000.530.466-09;" DENILSON HONORIO LEMES";010598/0800-00;;" Aguardando Regularização";021772;"UA SANTA RITA DE CALDAS ";104;SICREDI UNIESTADOS;104;SUREG Erechim RS;CENTRAL SICREDI SUL/SUDESTE;103.0 Hora(s);2d0h31m;20/11/2023 15:01:32;AUTORIZAÇÃO DE FATURAMENTO;0h00m;20/11/2023 15:01:23;20/11/2023 15:01:32;;0h00m
0000364089;20/11/2023 15:11:16;" Daniel Henrique de Souza";" Pagamento de crédito";" 264- AQUISIÇÃO E REEMBOLSO-MÓVEL SEM  REGISTRO";000.530.466-09;" DENILSON HONORIO LEMES";010598/0800-00;;" Aguardando Regularização";021772;"UA SANTA RITA DE CALDAS ";104;SICREDI UNIESTADOS;104;SUREG Erechim RS;CENTRAL SICREDI SUL/SUDESTE;103.0 Hora(s);2d0h31m;"                   ";;;;;;
0000364089;20/11/2023 15:11:16;" Daniel Henrique de Souza";" Pagamento de crédito";" 264- AQUISIÇÃO E REEMBOLSO-MÓVEL SEM  REGISTRO";000.530.466-09;" DENILSON HONORIO LEMES";010598/0800-00;;" Aguardando Regularização";021772;"UA SANTA RITA DE CALDAS ";104;SICREDI UNIESTADOS;104;SUREG Erechim RS;CENTRAL SICREDI SUL/SUDESTE;103.0 Hora(s);2d0h31m;22/11/2023 15:32:34;;;;;;
0000364089;20/11/2023 15:11:16;" Daniel Henrique de Souza";" Pagamento de crédito";" 264- AQUISIÇÃO E REEMBOLSO-MÓVEL SEM  REGISTRO";000.530.466-09;" DENILSON HONORIO LEMES";010598/0800-00;;" Aguardando Regularização";021772;"UA SANTA RITA DE CALDAS ";104;SICREDI UNIESTADOS;104;SUREG Erechim RS;CENTRAL SICREDI SUL/SUDESTE;103.0 Hora(s);2d0h31m;22/11/2023 11:24:17;;;;;;
0000364089;20/11/2023 15:11:16;" Daniel Henrique de Souza";" Pagamento de crédito";" 264- AQUISIÇÃO E REEMBOLSO-MÓVEL SEM  REGISTRO";000.530.466-09;" DENILSON HONORIO LEMES";010598/0800-00;;" Aguardando Regularização";021772;"UA SANTA RITA DE CALDAS ";104;SICREDI UNIESTADOS;104;SUREG Erechim RS;CENTRAL SICREDI SUL/SUDESTE;103.0 Hora(s);2d0h31m;21/11/2023 14:12:07;;;;;;
0000364089;20/11/2023 15:11:16;" Daniel Henrique de Souza";" Pagamento de crédito";" 264- AQUISIÇÃO E REEMBOLSO-MÓVEL SEM  REGISTRO";000.530.466-09;" DENILSON HONORIO LEMES";010598/0800-00;;" Aguardando Regularização";021772;"UA SANTA RITA DE CALDAS ";104;SICREDI UNIESTADOS;104;SUREG Erechim RS;CENTRAL SICREDI SUL/SUDESTE;103.0 Hora(s);2d0h31m;21/11/2023 14:12:02;;;;;;
0000364089;20/11/2023 15:11:16;" Daniel Henrique de Souza";" Pagamento de crédito";" 264- AQUISIÇÃO E REEMBOLSO-MÓVEL SEM  REGISTRO";000.530.466-09;" DENILSON HONORIO LEMES";010598/0800-00;;" Aguardando Regularização";021772;"UA SANTA RITA DE CALDAS ";104;SICREDI UNIESTADOS;104;SUREG Erechim RS;CENTRAL SICREDI SUL/SUDESTE;103.0 Hora(s);2d0h31m;21/11/2023 14:11:47;;;;;;
0000364089;20/11/2023 15:11:16;" Daniel Henrique de Souza";" Pagamento de crédito";" 264- AQUISIÇÃO E REEMBOLSO-MÓVEL SEM  REGISTRO";000.530.466-09;" DENILSON HONORIO LEMES";010598/0800-00;;" Aguardando Regularização";021772;"UA SANTA RITA DE CALDAS ";104;SICREDI UNIESTADOS;104;SUREG Erechim RS;CENTRAL SICREDI SUL/SUDESTE;103.0 Hora(s);2d0h31m;21/11/2023 09:54:43;;;;;;
0000364089;20/11/2023 15:11:16;" Daniel Henrique de Souza";" Pagamento de crédito";" 264- AQUISIÇÃO E REEMBOLSO-MÓVEL SEM  REGISTRO";000.530.466-09;" DENILSON HONORIO LEMES";010598/0800-00;;" Aguardando Regularização";021772;"UA SANTA RITA DE CALDAS ";104;SICREDI UNIESTADOS;104;SUREG Erechim RS;CENTRAL SICREDI SUL/SUDESTE;103.0 Hora(s);2d0h31m;20/11/2023 15:01:32;;;;;;
