﻿ID_Processo7;DT_Solicitacao8;NM_Usuario_Solicitacao8;NM_Tipo_Processo8;NM_Processo8;CD_Inscricao_Nacional8;NM_Pessoa8;Usuário;Grupo_Cota_Outros8;ST_Status8;CD_Comissionado2;NM_Fantasia_Comissionado2;CD_Tipo_Ponto_Venda3;NM_Fantasia_Ponto_Venda2;CD_Tipo_Ponto_Venda4;NM_Tipo_Ponto_Venda2;NM_Filial_Venda2;Nivel_Servico8;Tempo_Processo8;DH_Conclusao8;NM_Atividade1;Nivel_Servico_Atividade1;DT_Inicio_Atividade1;DT_Fim_Atividade1;NM_Usuario_Atividade1;Tempo_Processo_Atividade1
0000356440;09/11/2023 16:11:12;" Camila Cristina Pedroso";" Pagamento de crédito";" 258- AQUISIÇÃO E REEMBOLSO-MÓVEL COM REGISTRO";098.633.269-09;" CRISTIANE FERRI";010551/0146-00;;" Concluído";021739;Ipira;104;SICREDI UNIESTADOS;104;SUREG Erechim RS;CENTRAL SICREDI SUL/SUDESTE;105.0 Hora(s);7d19h37m;17/11/2023 11:45:19;LIBERAR PAGAMENTOS;0h00m;16/11/2023 17:28:11;17/11/2023 11:45:19;Kelen Hahn Paulo;0h00m
0000356440;09/11/2023 16:11:12;" Camila Cristina Pedroso";" Pagamento de crédito";" 258- AQUISIÇÃO E REEMBOLSO-MÓVEL COM REGISTRO";098.633.269-09;" CRISTIANE FERRI";010551/0146-00;;" Concluído";021739;Ipira;104;SICREDI UNIESTADOS;104;SUREG Erechim RS;CENTRAL SICREDI SUL/SUDESTE;105.0 Hora(s);7d19h37m;16/11/2023 17:28:11;APROVAR PAGAMENTO;1h00m;16/11/2023 17:28:05;16/11/2023 17:28:11;PAOLA MENEZES DA COSTA;0h00m
0000356440;09/11/2023 16:11:12;" Camila Cristina Pedroso";" Pagamento de crédito";" 258- AQUISIÇÃO E REEMBOLSO-MÓVEL COM REGISTRO";098.633.269-09;" CRISTIANE FERRI";010551/0146-00;;" Concluído";021739;Ipira;104;SICREDI UNIESTADOS;104;SUREG Erechim RS;CENTRAL SICREDI SUL/SUDESTE;105.0 Hora(s);7d19h37m;16/11/2023 17:28:05;PROGRAMAR PAGAMENTO;1h00m;16/11/2023 17:27:32;16/11/2023 17:28:05;PAOLA MENEZES DA COSTA;0h01m
0000356440;09/11/2023 16:11:12;" Camila Cristina Pedroso";" Pagamento de crédito";" 258- AQUISIÇÃO E REEMBOLSO-MÓVEL COM REGISTRO";098.633.269-09;" CRISTIANE FERRI";010551/0146-00;;" Concluído";021739;Ipira;104;SICREDI UNIESTADOS;104;SUREG Erechim RS;CENTRAL SICREDI SUL/SUDESTE;105.0 Hora(s);7d19h37m;16/11/2023 17:27:32;ANALISAR DOCUMENTOS PARA LIBERAÇÃO 2ª ETAPA;18h00m;16/11/2023 15:13:13;16/11/2023 17:27:32;PAOLA MENEZES DA COSTA;0h04m
0000356440;09/11/2023 16:11:12;" Camila Cristina Pedroso";" Pagamento de crédito";" 258- AQUISIÇÃO E REEMBOLSO-MÓVEL COM REGISTRO";098.633.269-09;" CRISTIANE FERRI";010551/0146-00;;" Concluído";021739;Ipira;104;SICREDI UNIESTADOS;104;SUREG Erechim RS;CENTRAL SICREDI SUL/SUDESTE;105.0 Hora(s);7d19h37m;16/11/2023 15:13:13;EMITIR DOCUMENTOS PARA LIBERAÇÃO;18h00m;16/11/2023 09:04:58;16/11/2023 15:13:13;Camila Cristina Pedroso;0h00m
0000356440;09/11/2023 16:11:12;" Camila Cristina Pedroso";" Pagamento de crédito";" 258- AQUISIÇÃO E REEMBOLSO-MÓVEL COM REGISTRO";098.633.269-09;" CRISTIANE FERRI";010551/0146-00;;" Concluído";021739;Ipira;104;SICREDI UNIESTADOS;104;SUREG Erechim RS;CENTRAL SICREDI SUL/SUDESTE;105.0 Hora(s);7d19h37m;16/11/2023 09:04:58;REGISTRAR CONTRATO MANUALMENTE;1h00m;16/11/2023 09:04:48;16/11/2023 09:04:58;João Pedro Pieluhowski Silva;0h00m
0000356440;09/11/2023 16:11:12;" Camila Cristina Pedroso";" Pagamento de crédito";" 258- AQUISIÇÃO E REEMBOLSO-MÓVEL COM REGISTRO";098.633.269-09;" CRISTIANE FERRI";010551/0146-00;;" Concluído";021739;Ipira;104;SICREDI UNIESTADOS;104;SUREG Erechim RS;CENTRAL SICREDI SUL/SUDESTE;105.0 Hora(s);7d19h37m;16/11/2023 09:04:48;ALIENAR O BEM;1h00m;14/11/2023 17:40:38;16/11/2023 09:04:48;João Pedro Pieluhowski Silva;0h05m
0000356440;09/11/2023 16:11:12;" Camila Cristina Pedroso";" Pagamento de crédito";" 258- AQUISIÇÃO E REEMBOLSO-MÓVEL COM REGISTRO";098.633.269-09;" CRISTIANE FERRI";010551/0146-00;;" Concluído";021739;Ipira;104;SICREDI UNIESTADOS;104;SUREG Erechim RS;CENTRAL SICREDI SUL/SUDESTE;105.0 Hora(s);7d19h37m;14/11/2023 17:40:38;FINALIZAR CADASTRO DO BEM;1h00m;14/11/2023 17:40:34;14/11/2023 17:40:38;João Pedro Pieluhowski Silva;0h00m
0000356440;09/11/2023 16:11:12;" Camila Cristina Pedroso";" Pagamento de crédito";" 258- AQUISIÇÃO E REEMBOLSO-MÓVEL COM REGISTRO";098.633.269-09;" CRISTIANE FERRI";010551/0146-00;;" Concluído";021739;Ipira;104;SICREDI UNIESTADOS;104;SUREG Erechim RS;CENTRAL SICREDI SUL/SUDESTE;105.0 Hora(s);7d19h37m;14/11/2023 17:40:34;ANÁLISE DE DOCUMENTOS 1ª ETAPA;18h09m;14/11/2023 14:32:16;14/11/2023 17:40:34;João Pedro Pieluhowski Silva;0h29m
0000356440;09/11/2023 16:11:12;" Camila Cristina Pedroso";" Pagamento de crédito";" 258- AQUISIÇÃO E REEMBOLSO-MÓVEL COM REGISTRO";098.633.269-09;" CRISTIANE FERRI";010551/0146-00;;" Concluído";021739;Ipira;104;SICREDI UNIESTADOS;104;SUREG Erechim RS;CENTRAL SICREDI SUL/SUDESTE;105.0 Hora(s);7d19h37m;14/11/2023 14:32:16;REGULARIZAR DOCUMENTOS INICIAIS;0h00m;13/11/2023 16:32:13;14/11/2023 14:32:16;Camila Cristina Pedroso;0h00m
0000356440;09/11/2023 16:11:12;" Camila Cristina Pedroso";" Pagamento de crédito";" 258- AQUISIÇÃO E REEMBOLSO-MÓVEL COM REGISTRO";098.633.269-09;" CRISTIANE FERRI";010551/0146-00;;" Concluído";021739;Ipira;104;SICREDI UNIESTADOS;104;SUREG Erechim RS;CENTRAL SICREDI SUL/SUDESTE;105.0 Hora(s);7d19h37m;13/11/2023 16:32:13;ANÁLISE DE DOCUMENTOS 1ª ETAPA;18h09m;10/11/2023 13:54:29;13/11/2023 16:32:13;João Pedro Pieluhowski Silva;0h29m
0000356440;09/11/2023 16:11:12;" Camila Cristina Pedroso";" Pagamento de crédito";" 258- AQUISIÇÃO E REEMBOLSO-MÓVEL COM REGISTRO";098.633.269-09;" CRISTIANE FERRI";010551/0146-00;;" Concluído";021739;Ipira;104;SICREDI UNIESTADOS;104;SUREG Erechim RS;CENTRAL SICREDI SUL/SUDESTE;105.0 Hora(s);7d19h37m;10/11/2023 13:54:28;ENVIAR DOCUMENTOS;1d21h00m;09/11/2023 16:09:21;10/11/2023 13:54:28;Camila Cristina Pedroso;0h00m
0000356440;09/11/2023 16:11:12;" Camila Cristina Pedroso";" Pagamento de crédito";" 258- AQUISIÇÃO E REEMBOLSO-MÓVEL COM REGISTRO";098.633.269-09;" CRISTIANE FERRI";010551/0146-00;;" Concluído";021739;Ipira;104;SICREDI UNIESTADOS;104;SUREG Erechim RS;CENTRAL SICREDI SUL/SUDESTE;105.0 Hora(s);7d19h37m;09/11/2023 16:09:21;AUTORIZAÇÃO DE FATURAMENTO;0h00m;09/11/2023 16:08:57;09/11/2023 16:09:21;;0h00m
0000356440;09/11/2023 16:11:12;" Camila Cristina Pedroso";" Pagamento de crédito";" 258- AQUISIÇÃO E REEMBOLSO-MÓVEL COM REGISTRO";098.633.269-09;" CRISTIANE FERRI";010551/0146-00;;" Concluído";021739;Ipira;104;SICREDI UNIESTADOS;104;SUREG Erechim RS;CENTRAL SICREDI SUL/SUDESTE;105.0 Hora(s);7d19h37m;17/11/2023 11:45:19;;;;;;
0000356440;09/11/2023 16:11:12;" Camila Cristina Pedroso";" Pagamento de crédito";" 258- AQUISIÇÃO E REEMBOLSO-MÓVEL COM REGISTRO";098.633.269-09;" CRISTIANE FERRI";010551/0146-00;;" Concluído";021739;Ipira;104;SICREDI UNIESTADOS;104;SUREG Erechim RS;CENTRAL SICREDI SUL/SUDESTE;105.0 Hora(s);7d19h37m;16/11/2023 17:28:11;;;;;;
0000356440;09/11/2023 16:11:12;" Camila Cristina Pedroso";" Pagamento de crédito";" 258- AQUISIÇÃO E REEMBOLSO-MÓVEL COM REGISTRO";098.633.269-09;" CRISTIANE FERRI";010551/0146-00;;" Concluído";021739;Ipira;104;SICREDI UNIESTADOS;104;SUREG Erechim RS;CENTRAL SICREDI SUL/SUDESTE;105.0 Hora(s);7d19h37m;16/11/2023 17:28:05;;;;;;
0000356440;09/11/2023 16:11:12;" Camila Cristina Pedroso";" Pagamento de crédito";" 258- AQUISIÇÃO E REEMBOLSO-MÓVEL COM REGISTRO";098.633.269-09;" CRISTIANE FERRI";010551/0146-00;;" Concluído";021739;Ipira;104;SICREDI UNIESTADOS;104;SUREG Erechim RS;CENTRAL SICREDI SUL/SUDESTE;105.0 Hora(s);7d19h37m;16/11/2023 17:27:32;;;;;;
0000356440;09/11/2023 16:11:12;" Camila Cristina Pedroso";" Pagamento de crédito";" 258- AQUISIÇÃO E REEMBOLSO-MÓVEL COM REGISTRO";098.633.269-09;" CRISTIANE FERRI";010551/0146-00;;" Concluído";021739;Ipira;104;SICREDI UNIESTADOS;104;SUREG Erechim RS;CENTRAL SICREDI SUL/SUDESTE;105.0 Hora(s);7d19h37m;16/11/2023 15:13:13;;;;;;
0000356440;09/11/2023 16:11:12;" Camila Cristina Pedroso";" Pagamento de crédito";" 258- AQUISIÇÃO E REEMBOLSO-MÓVEL COM REGISTRO";098.633.269-09;" CRISTIANE FERRI";010551/0146-00;;" Concluído";021739;Ipira;104;SICREDI UNIESTADOS;104;SUREG Erechim RS;CENTRAL SICREDI SUL/SUDESTE;105.0 Hora(s);7d19h37m;16/11/2023 09:04:58;;;;;;
0000356440;09/11/2023 16:11:12;" Camila Cristina Pedroso";" Pagamento de crédito";" 258- AQUISIÇÃO E REEMBOLSO-MÓVEL COM REGISTRO";098.633.269-09;" CRISTIANE FERRI";010551/0146-00;;" Concluído";021739;Ipira;104;SICREDI UNIESTADOS;104;SUREG Erechim RS;CENTRAL SICREDI SUL/SUDESTE;105.0 Hora(s);7d19h37m;16/11/2023 09:04:48;;;;;;
0000356440;09/11/2023 16:11:12;" Camila Cristina Pedroso";" Pagamento de crédito";" 258- AQUISIÇÃO E REEMBOLSO-MÓVEL COM REGISTRO";098.633.269-09;" CRISTIANE FERRI";010551/0146-00;;" Concluído";021739;Ipira;104;SICREDI UNIESTADOS;104;SUREG Erechim RS;CENTRAL SICREDI SUL/SUDESTE;105.0 Hora(s);7d19h37m;14/11/2023 17:40:38;;;;;;
0000356440;09/11/2023 16:11:12;" Camila Cristina Pedroso";" Pagamento de crédito";" 258- AQUISIÇÃO E REEMBOLSO-MÓVEL COM REGISTRO";098.633.269-09;" CRISTIANE FERRI";010551/0146-00;;" Concluído";021739;Ipira;104;SICREDI UNIESTADOS;104;SUREG Erechim RS;CENTRAL SICREDI SUL/SUDESTE;105.0 Hora(s);7d19h37m;14/11/2023 17:40:34;;;;;;
0000356440;09/11/2023 16:11:12;" Camila Cristina Pedroso";" Pagamento de crédito";" 258- AQUISIÇÃO E REEMBOLSO-MÓVEL COM REGISTRO";098.633.269-09;" CRISTIANE FERRI";010551/0146-00;;" Concluído";021739;Ipira;104;SICREDI UNIESTADOS;104;SUREG Erechim RS;CENTRAL SICREDI SUL/SUDESTE;105.0 Hora(s);7d19h37m;14/11/2023 14:32:16;;;;;;
0000356440;09/11/2023 16:11:12;" Camila Cristina Pedroso";" Pagamento de crédito";" 258- AQUISIÇÃO E REEMBOLSO-MÓVEL COM REGISTRO";098.633.269-09;" CRISTIANE FERRI";010551/0146-00;;" Concluído";021739;Ipira;104;SICREDI UNIESTADOS;104;SUREG Erechim RS;CENTRAL SICREDI SUL/SUDESTE;105.0 Hora(s);7d19h37m;13/11/2023 16:32:13;;;;;;
0000356440;09/11/2023 16:11:12;" Camila Cristina Pedroso";" Pagamento de crédito";" 258- AQUISIÇÃO E REEMBOLSO-MÓVEL COM REGISTRO";098.633.269-09;" CRISTIANE FERRI";010551/0146-00;;" Concluído";021739;Ipira;104;SICREDI UNIESTADOS;104;SUREG Erechim RS;CENTRAL SICREDI SUL/SUDESTE;105.0 Hora(s);7d19h37m;10/11/2023 13:54:28;;;;;;
0000356440;09/11/2023 16:11:12;" Camila Cristina Pedroso";" Pagamento de crédito";" 258- AQUISIÇÃO E REEMBOLSO-MÓVEL COM REGISTRO";098.633.269-09;" CRISTIANE FERRI";010551/0146-00;;" Concluído";021739;Ipira;104;SICREDI UNIESTADOS;104;SUREG Erechim RS;CENTRAL SICREDI SUL/SUDESTE;105.0 Hora(s);7d19h37m;09/11/2023 16:09:21;;;;;;
