﻿ID_Processo7;DT_Solicitacao8;NM_Usuario_Solicitacao8;NM_Tipo_Processo8;NM_Processo8;CD_Inscricao_Nacional8;NM_Pessoa8;Usuário;Grupo_Cota_Outros8;ST_Status8;CD_Comissionado2;NM_Fantasia_Comissionado2;CD_Tipo_Ponto_Venda3;NM_Fantasia_Ponto_Venda2;CD_Tipo_Ponto_Venda4;NM_Tipo_Ponto_Venda2;NM_Filial_Venda2;Nivel_Servico8;Tempo_Processo8;DH_Conclusao8;NM_Atividade1;Nivel_Servico_Atividade1;DT_Inicio_Atividade1;DT_Fim_Atividade1;NM_Usuario_Atividade1;Tempo_Processo_Atividade1
0000366616;22/11/2023 09:11:27;" DANIELY MENDONCA DE FREITAS";" Pagamento de crédito";" 258- AQUISIÇÃO E REEMBOLSO-MÓVEL COM REGISTRO";600.904.999-72;" MILOS CESAR RAIACOVITCH";010545/0664-00;;" Concluído";072662;Campo Mourão - Centro;207;SICREDI VALE DO PIQUIRI ABCD P;207;SUREG Vale do Piquiri PR;CENTRAL SICREDI PR/SP/RJ;105.0 Hora(s);1d6h11m;23/11/2023 15:37:41;LIBERAR PAGAMENTOS;0h00m;23/11/2023 13:42:59;23/11/2023 15:37:41;Kelen Hahn Paulo;0h00m
0000366616;22/11/2023 09:11:27;" DANIELY MENDONCA DE FREITAS";" Pagamento de crédito";" 258- AQUISIÇÃO E REEMBOLSO-MÓVEL COM REGISTRO";600.904.999-72;" MILOS CESAR RAIACOVITCH";010545/0664-00;;" Concluído";072662;Campo Mourão - Centro;207;SICREDI VALE DO PIQUIRI ABCD P;207;SUREG Vale do Piquiri PR;CENTRAL SICREDI PR/SP/RJ;105.0 Hora(s);1d6h11m;23/11/2023 13:42:59;APROVAR PAGAMENTO;1h00m;23/11/2023 13:42:44;23/11/2023 13:42:59;Eliane Ribas Barcelos;0h00m
0000366616;22/11/2023 09:11:27;" DANIELY MENDONCA DE FREITAS";" Pagamento de crédito";" 258- AQUISIÇÃO E REEMBOLSO-MÓVEL COM REGISTRO";600.904.999-72;" MILOS CESAR RAIACOVITCH";010545/0664-00;;" Concluído";072662;Campo Mourão - Centro;207;SICREDI VALE DO PIQUIRI ABCD P;207;SUREG Vale do Piquiri PR;CENTRAL SICREDI PR/SP/RJ;105.0 Hora(s);1d6h11m;23/11/2023 13:42:44;PROGRAMAR PAGAMENTO;1h00m;23/11/2023 13:42:15;23/11/2023 13:42:44;Eliane Ribas Barcelos;0h00m
0000366616;22/11/2023 09:11:27;" DANIELY MENDONCA DE FREITAS";" Pagamento de crédito";" 258- AQUISIÇÃO E REEMBOLSO-MÓVEL COM REGISTRO";600.904.999-72;" MILOS CESAR RAIACOVITCH";010545/0664-00;;" Concluído";072662;Campo Mourão - Centro;207;SICREDI VALE DO PIQUIRI ABCD P;207;SUREG Vale do Piquiri PR;CENTRAL SICREDI PR/SP/RJ;105.0 Hora(s);1d6h11m;23/11/2023 13:42:15;ANALISAR DOCUMENTOS PARA LIBERAÇÃO 2ª ETAPA;18h00m;23/11/2023 11:01:15;23/11/2023 13:42:15;Eliane Ribas Barcelos;0h06m
0000366616;22/11/2023 09:11:27;" DANIELY MENDONCA DE FREITAS";" Pagamento de crédito";" 258- AQUISIÇÃO E REEMBOLSO-MÓVEL COM REGISTRO";600.904.999-72;" MILOS CESAR RAIACOVITCH";010545/0664-00;;" Concluído";072662;Campo Mourão - Centro;207;SICREDI VALE DO PIQUIRI ABCD P;207;SUREG Vale do Piquiri PR;CENTRAL SICREDI PR/SP/RJ;105.0 Hora(s);1d6h11m;23/11/2023 11:01:15;EMITIR DOCUMENTOS PARA LIBERAÇÃO;18h00m;22/11/2023 15:09:06;23/11/2023 11:01:15;MAIARA DIAS ZANELA;0h00m
0000366616;22/11/2023 09:11:27;" DANIELY MENDONCA DE FREITAS";" Pagamento de crédito";" 258- AQUISIÇÃO E REEMBOLSO-MÓVEL COM REGISTRO";600.904.999-72;" MILOS CESAR RAIACOVITCH";010545/0664-00;;" Concluído";072662;Campo Mourão - Centro;207;SICREDI VALE DO PIQUIRI ABCD P;207;SUREG Vale do Piquiri PR;CENTRAL SICREDI PR/SP/RJ;105.0 Hora(s);1d6h11m;22/11/2023 15:09:06;REGISTRAR CONTRATO MANUALMENTE;1h00m;22/11/2023 15:09:02;22/11/2023 15:09:06;Clara Vargas;0h00m
0000366616;22/11/2023 09:11:27;" DANIELY MENDONCA DE FREITAS";" Pagamento de crédito";" 258- AQUISIÇÃO E REEMBOLSO-MÓVEL COM REGISTRO";600.904.999-72;" MILOS CESAR RAIACOVITCH";010545/0664-00;;" Concluído";072662;Campo Mourão - Centro;207;SICREDI VALE DO PIQUIRI ABCD P;207;SUREG Vale do Piquiri PR;CENTRAL SICREDI PR/SP/RJ;105.0 Hora(s);1d6h11m;22/11/2023 15:09:01;ALIENAR O BEM;1h00m;22/11/2023 15:08:25;22/11/2023 15:09:01;Clara Vargas;0h01m
0000366616;22/11/2023 09:11:27;" DANIELY MENDONCA DE FREITAS";" Pagamento de crédito";" 258- AQUISIÇÃO E REEMBOLSO-MÓVEL COM REGISTRO";600.904.999-72;" MILOS CESAR RAIACOVITCH";010545/0664-00;;" Concluído";072662;Campo Mourão - Centro;207;SICREDI VALE DO PIQUIRI ABCD P;207;SUREG Vale do Piquiri PR;CENTRAL SICREDI PR/SP/RJ;105.0 Hora(s);1d6h11m;22/11/2023 15:08:25;FINALIZAR CADASTRO DO BEM;1h00m;22/11/2023 15:08:20;22/11/2023 15:08:25;Clara Vargas;0h00m
0000366616;22/11/2023 09:11:27;" DANIELY MENDONCA DE FREITAS";" Pagamento de crédito";" 258- AQUISIÇÃO E REEMBOLSO-MÓVEL COM REGISTRO";600.904.999-72;" MILOS CESAR RAIACOVITCH";010545/0664-00;;" Concluído";072662;Campo Mourão - Centro;207;SICREDI VALE DO PIQUIRI ABCD P;207;SUREG Vale do Piquiri PR;CENTRAL SICREDI PR/SP/RJ;105.0 Hora(s);1d6h11m;22/11/2023 15:08:20;ANÁLISE DE DOCUMENTOS 1ª ETAPA;18h00m;22/11/2023 09:28:41;22/11/2023 15:08:20;Clara Vargas;0h08m
0000366616;22/11/2023 09:11:27;" DANIELY MENDONCA DE FREITAS";" Pagamento de crédito";" 258- AQUISIÇÃO E REEMBOLSO-MÓVEL COM REGISTRO";600.904.999-72;" MILOS CESAR RAIACOVITCH";010545/0664-00;;" Concluído";072662;Campo Mourão - Centro;207;SICREDI VALE DO PIQUIRI ABCD P;207;SUREG Vale do Piquiri PR;CENTRAL SICREDI PR/SP/RJ;105.0 Hora(s);1d6h11m;22/11/2023 09:28:41;ENVIAR DOCUMENTOS;1d21h00m;22/11/2023 09:26:20;22/11/2023 09:28:41;DANIELY MENDONCA DE FREITAS;0h00m
0000366616;22/11/2023 09:11:27;" DANIELY MENDONCA DE FREITAS";" Pagamento de crédito";" 258- AQUISIÇÃO E REEMBOLSO-MÓVEL COM REGISTRO";600.904.999-72;" MILOS CESAR RAIACOVITCH";010545/0664-00;;" Concluído";072662;Campo Mourão - Centro;207;SICREDI VALE DO PIQUIRI ABCD P;207;SUREG Vale do Piquiri PR;CENTRAL SICREDI PR/SP/RJ;105.0 Hora(s);1d6h11m;22/11/2023 09:26:20;AUTORIZAÇÃO DE FATURAMENTO;0h00m;22/11/2023 09:26:02;22/11/2023 09:26:20;;0h00m
0000366616;22/11/2023 09:11:27;" DANIELY MENDONCA DE FREITAS";" Pagamento de crédito";" 258- AQUISIÇÃO E REEMBOLSO-MÓVEL COM REGISTRO";600.904.999-72;" MILOS CESAR RAIACOVITCH";010545/0664-00;;" Concluído";072662;Campo Mourão - Centro;207;SICREDI VALE DO PIQUIRI ABCD P;207;SUREG Vale do Piquiri PR;CENTRAL SICREDI PR/SP/RJ;105.0 Hora(s);1d6h11m;23/11/2023 15:37:41;;;;;;
0000366616;22/11/2023 09:11:27;" DANIELY MENDONCA DE FREITAS";" Pagamento de crédito";" 258- AQUISIÇÃO E REEMBOLSO-MÓVEL COM REGISTRO";600.904.999-72;" MILOS CESAR RAIACOVITCH";010545/0664-00;;" Concluído";072662;Campo Mourão - Centro;207;SICREDI VALE DO PIQUIRI ABCD P;207;SUREG Vale do Piquiri PR;CENTRAL SICREDI PR/SP/RJ;105.0 Hora(s);1d6h11m;23/11/2023 13:42:59;;;;;;
0000366616;22/11/2023 09:11:27;" DANIELY MENDONCA DE FREITAS";" Pagamento de crédito";" 258- AQUISIÇÃO E REEMBOLSO-MÓVEL COM REGISTRO";600.904.999-72;" MILOS CESAR RAIACOVITCH";010545/0664-00;;" Concluído";072662;Campo Mourão - Centro;207;SICREDI VALE DO PIQUIRI ABCD P;207;SUREG Vale do Piquiri PR;CENTRAL SICREDI PR/SP/RJ;105.0 Hora(s);1d6h11m;23/11/2023 13:42:44;;;;;;
0000366616;22/11/2023 09:11:27;" DANIELY MENDONCA DE FREITAS";" Pagamento de crédito";" 258- AQUISIÇÃO E REEMBOLSO-MÓVEL COM REGISTRO";600.904.999-72;" MILOS CESAR RAIACOVITCH";010545/0664-00;;" Concluído";072662;Campo Mourão - Centro;207;SICREDI VALE DO PIQUIRI ABCD P;207;SUREG Vale do Piquiri PR;CENTRAL SICREDI PR/SP/RJ;105.0 Hora(s);1d6h11m;23/11/2023 13:42:15;;;;;;
0000366616;22/11/2023 09:11:27;" DANIELY MENDONCA DE FREITAS";" Pagamento de crédito";" 258- AQUISIÇÃO E REEMBOLSO-MÓVEL COM REGISTRO";600.904.999-72;" MILOS CESAR RAIACOVITCH";010545/0664-00;;" Concluído";072662;Campo Mourão - Centro;207;SICREDI VALE DO PIQUIRI ABCD P;207;SUREG Vale do Piquiri PR;CENTRAL SICREDI PR/SP/RJ;105.0 Hora(s);1d6h11m;23/11/2023 11:01:15;;;;;;
0000366616;22/11/2023 09:11:27;" DANIELY MENDONCA DE FREITAS";" Pagamento de crédito";" 258- AQUISIÇÃO E REEMBOLSO-MÓVEL COM REGISTRO";600.904.999-72;" MILOS CESAR RAIACOVITCH";010545/0664-00;;" Concluído";072662;Campo Mourão - Centro;207;SICREDI VALE DO PIQUIRI ABCD P;207;SUREG Vale do Piquiri PR;CENTRAL SICREDI PR/SP/RJ;105.0 Hora(s);1d6h11m;22/11/2023 15:09:06;;;;;;
0000366616;22/11/2023 09:11:27;" DANIELY MENDONCA DE FREITAS";" Pagamento de crédito";" 258- AQUISIÇÃO E REEMBOLSO-MÓVEL COM REGISTRO";600.904.999-72;" MILOS CESAR RAIACOVITCH";010545/0664-00;;" Concluído";072662;Campo Mourão - Centro;207;SICREDI VALE DO PIQUIRI ABCD P;207;SUREG Vale do Piquiri PR;CENTRAL SICREDI PR/SP/RJ;105.0 Hora(s);1d6h11m;22/11/2023 15:09:01;;;;;;
0000366616;22/11/2023 09:11:27;" DANIELY MENDONCA DE FREITAS";" Pagamento de crédito";" 258- AQUISIÇÃO E REEMBOLSO-MÓVEL COM REGISTRO";600.904.999-72;" MILOS CESAR RAIACOVITCH";010545/0664-00;;" Concluído";072662;Campo Mourão - Centro;207;SICREDI VALE DO PIQUIRI ABCD P;207;SUREG Vale do Piquiri PR;CENTRAL SICREDI PR/SP/RJ;105.0 Hora(s);1d6h11m;22/11/2023 15:08:25;;;;;;
0000366616;22/11/2023 09:11:27;" DANIELY MENDONCA DE FREITAS";" Pagamento de crédito";" 258- AQUISIÇÃO E REEMBOLSO-MÓVEL COM REGISTRO";600.904.999-72;" MILOS CESAR RAIACOVITCH";010545/0664-00;;" Concluído";072662;Campo Mourão - Centro;207;SICREDI VALE DO PIQUIRI ABCD P;207;SUREG Vale do Piquiri PR;CENTRAL SICREDI PR/SP/RJ;105.0 Hora(s);1d6h11m;22/11/2023 15:08:20;;;;;;
0000366616;22/11/2023 09:11:27;" DANIELY MENDONCA DE FREITAS";" Pagamento de crédito";" 258- AQUISIÇÃO E REEMBOLSO-MÓVEL COM REGISTRO";600.904.999-72;" MILOS CESAR RAIACOVITCH";010545/0664-00;;" Concluído";072662;Campo Mourão - Centro;207;SICREDI VALE DO PIQUIRI ABCD P;207;SUREG Vale do Piquiri PR;CENTRAL SICREDI PR/SP/RJ;105.0 Hora(s);1d6h11m;22/11/2023 09:28:41;;;;;;
0000366616;22/11/2023 09:11:27;" DANIELY MENDONCA DE FREITAS";" Pagamento de crédito";" 258- AQUISIÇÃO E REEMBOLSO-MÓVEL COM REGISTRO";600.904.999-72;" MILOS CESAR RAIACOVITCH";010545/0664-00;;" Concluído";072662;Campo Mourão - Centro;207;SICREDI VALE DO PIQUIRI ABCD P;207;SUREG Vale do Piquiri PR;CENTRAL SICREDI PR/SP/RJ;105.0 Hora(s);1d6h11m;22/11/2023 09:26:20;;;;;;
