﻿ID_Processo7;DT_Solicitacao8;NM_Usuario_Solicitacao8;NM_Tipo_Processo8;NM_Processo8;CD_Inscricao_Nacional8;NM_Pessoa8;Usuário;Grupo_Cota_Outros8;ST_Status8;CD_Comissionado2;NM_Fantasia_Comissionado2;CD_Tipo_Ponto_Venda3;NM_Fantasia_Ponto_Venda2;CD_Tipo_Ponto_Venda4;NM_Tipo_Ponto_Venda2;NM_Filial_Venda2;Nivel_Servico8;Tempo_Processo8;DH_Conclusao8;NM_Atividade1;Nivel_Servico_Atividade1;DT_Inicio_Atividade1;DT_Fim_Atividade1;NM_Usuario_Atividade1;Tempo_Processo_Atividade1
0000355197;06/11/2023 11:11:49;" TAIS CARLA GASPARETO";" Pagamento de crédito";" 259- QT FINANCIAMENTO SICREDI-MOVEL C/ REGISTRO";000.493.930-14;" LEANDRO ANGOLERI";010555/0420-00;;" Concluído";021715;Benjamin Constant do Sul;104;SICREDI UNIESTADOS;104;SUREG Erechim RS;CENTRAL SICREDI SUL/SUDESTE;104.0 Hora(s);16d1h00m;22/11/2023 12:03:04;LIBERAR PAGAMENTOS;0h00m;22/11/2023 10:43:53;22/11/2023 12:03:04;Kelen Hahn Paulo;0h00m
0000355197;06/11/2023 11:11:49;" TAIS CARLA GASPARETO";" Pagamento de crédito";" 259- QT FINANCIAMENTO SICREDI-MOVEL C/ REGISTRO";000.493.930-14;" LEANDRO ANGOLERI";010555/0420-00;;" Concluído";021715;Benjamin Constant do Sul;104;SICREDI UNIESTADOS;104;SUREG Erechim RS;CENTRAL SICREDI SUL/SUDESTE;104.0 Hora(s);16d1h00m;22/11/2023 10:43:53;APROVAR PAGAMENTO;1h00m;22/11/2023 10:43:25;22/11/2023 10:43:53;LARISSA JAENISCH DUTRA PINTO;0h00m
0000355197;06/11/2023 11:11:49;" TAIS CARLA GASPARETO";" Pagamento de crédito";" 259- QT FINANCIAMENTO SICREDI-MOVEL C/ REGISTRO";000.493.930-14;" LEANDRO ANGOLERI";010555/0420-00;;" Concluído";021715;Benjamin Constant do Sul;104;SICREDI UNIESTADOS;104;SUREG Erechim RS;CENTRAL SICREDI SUL/SUDESTE;104.0 Hora(s);16d1h00m;22/11/2023 10:43:25;PROGRAMAR PAGAMENTO;1h00m;22/11/2023 10:43:01;22/11/2023 10:43:25;LARISSA JAENISCH DUTRA PINTO;0h00m
0000355197;06/11/2023 11:11:49;" TAIS CARLA GASPARETO";" Pagamento de crédito";" 259- QT FINANCIAMENTO SICREDI-MOVEL C/ REGISTRO";000.493.930-14;" LEANDRO ANGOLERI";010555/0420-00;;" Concluído";021715;Benjamin Constant do Sul;104;SICREDI UNIESTADOS;104;SUREG Erechim RS;CENTRAL SICREDI SUL/SUDESTE;104.0 Hora(s);16d1h00m;22/11/2023 10:43:01;ANALISAR DOCUMENTOS PARA LIBERAÇÃO 2ª ETAPA;18h03m;22/11/2023 10:36:47;22/11/2023 10:43:01;LARISSA JAENISCH DUTRA PINTO;0h05m
0000355197;06/11/2023 11:11:49;" TAIS CARLA GASPARETO";" Pagamento de crédito";" 259- QT FINANCIAMENTO SICREDI-MOVEL C/ REGISTRO";000.493.930-14;" LEANDRO ANGOLERI";010555/0420-00;;" Concluído";021715;Benjamin Constant do Sul;104;SICREDI UNIESTADOS;104;SUREG Erechim RS;CENTRAL SICREDI SUL/SUDESTE;104.0 Hora(s);16d1h00m;22/11/2023 10:36:47;REGULARIZAR DOCUMENTOS DE PAGAMENTO;0h00m;21/11/2023 10:24:16;22/11/2023 10:36:47;TAIS CARLA GASPARETO;0h00m
0000355197;06/11/2023 11:11:49;" TAIS CARLA GASPARETO";" Pagamento de crédito";" 259- QT FINANCIAMENTO SICREDI-MOVEL C/ REGISTRO";000.493.930-14;" LEANDRO ANGOLERI";010555/0420-00;;" Concluído";021715;Benjamin Constant do Sul;104;SICREDI UNIESTADOS;104;SUREG Erechim RS;CENTRAL SICREDI SUL/SUDESTE;104.0 Hora(s);16d1h00m;21/11/2023 10:24:16;ANALISAR DOCUMENTOS PARA LIBERAÇÃO 2ª ETAPA;18h03m;20/11/2023 14:53:24;21/11/2023 10:24:16;LARISSA JAENISCH DUTRA PINTO;0h05m
0000355197;06/11/2023 11:11:49;" TAIS CARLA GASPARETO";" Pagamento de crédito";" 259- QT FINANCIAMENTO SICREDI-MOVEL C/ REGISTRO";000.493.930-14;" LEANDRO ANGOLERI";010555/0420-00;;" Concluído";021715;Benjamin Constant do Sul;104;SICREDI UNIESTADOS;104;SUREG Erechim RS;CENTRAL SICREDI SUL/SUDESTE;104.0 Hora(s);16d1h00m;20/11/2023 14:53:24;EMITIR DOCUMENTOS PARA LIBERAÇÃO;18h00m;13/11/2023 12:31:51;20/11/2023 14:53:24;TAIS CARLA GASPARETO;0h00m
0000355197;06/11/2023 11:11:49;" TAIS CARLA GASPARETO";" Pagamento de crédito";" 259- QT FINANCIAMENTO SICREDI-MOVEL C/ REGISTRO";000.493.930-14;" LEANDRO ANGOLERI";010555/0420-00;;" Concluído";021715;Benjamin Constant do Sul;104;SICREDI UNIESTADOS;104;SUREG Erechim RS;CENTRAL SICREDI SUL/SUDESTE;104.0 Hora(s);16d1h00m;13/11/2023 12:31:51;REGISTRAR CONTRATO MANUALMENTE;1h00m;13/11/2023 12:31:48;13/11/2023 12:31:51;NICOLAS PAULO DE SOUSA CUNHA;0h00m
0000355197;06/11/2023 11:11:49;" TAIS CARLA GASPARETO";" Pagamento de crédito";" 259- QT FINANCIAMENTO SICREDI-MOVEL C/ REGISTRO";000.493.930-14;" LEANDRO ANGOLERI";010555/0420-00;;" Concluído";021715;Benjamin Constant do Sul;104;SICREDI UNIESTADOS;104;SUREG Erechim RS;CENTRAL SICREDI SUL/SUDESTE;104.0 Hora(s);16d1h00m;13/11/2023 12:31:47;ALIENAR O BEM;1h02m;13/11/2023 12:09:39;13/11/2023 12:31:47;NICOLAS PAULO DE SOUSA CUNHA;0h02m
0000355197;06/11/2023 11:11:49;" TAIS CARLA GASPARETO";" Pagamento de crédito";" 259- QT FINANCIAMENTO SICREDI-MOVEL C/ REGISTRO";000.493.930-14;" LEANDRO ANGOLERI";010555/0420-00;;" Concluído";021715;Benjamin Constant do Sul;104;SICREDI UNIESTADOS;104;SUREG Erechim RS;CENTRAL SICREDI SUL/SUDESTE;104.0 Hora(s);16d1h00m;13/11/2023 12:09:39;AJUSTAR DOCUMENTOS P/ ALIENAÇÃO;0h00m;10/11/2023 17:31:46;13/11/2023 12:09:39;TAIS CARLA GASPARETO;0h00m
0000355197;06/11/2023 11:11:49;" TAIS CARLA GASPARETO";" Pagamento de crédito";" 259- QT FINANCIAMENTO SICREDI-MOVEL C/ REGISTRO";000.493.930-14;" LEANDRO ANGOLERI";010555/0420-00;;" Concluído";021715;Benjamin Constant do Sul;104;SICREDI UNIESTADOS;104;SUREG Erechim RS;CENTRAL SICREDI SUL/SUDESTE;104.0 Hora(s);16d1h00m;10/11/2023 17:31:46;ALIENAR O BEM;1h02m;07/11/2023 16:42:20;10/11/2023 17:31:46;NICOLAS PAULO DE SOUSA CUNHA;0h02m
0000355197;06/11/2023 11:11:49;" TAIS CARLA GASPARETO";" Pagamento de crédito";" 259- QT FINANCIAMENTO SICREDI-MOVEL C/ REGISTRO";000.493.930-14;" LEANDRO ANGOLERI";010555/0420-00;;" Concluído";021715;Benjamin Constant do Sul;104;SICREDI UNIESTADOS;104;SUREG Erechim RS;CENTRAL SICREDI SUL/SUDESTE;104.0 Hora(s);16d1h00m;07/11/2023 16:42:19;FINALIZAR CADASTRO DO BEM;1h00m;07/11/2023 16:42:09;07/11/2023 16:42:19;NICOLAS PAULO DE SOUSA CUNHA;0h00m
0000355197;06/11/2023 11:11:49;" TAIS CARLA GASPARETO";" Pagamento de crédito";" 259- QT FINANCIAMENTO SICREDI-MOVEL C/ REGISTRO";000.493.930-14;" LEANDRO ANGOLERI";010555/0420-00;;" Concluído";021715;Benjamin Constant do Sul;104;SICREDI UNIESTADOS;104;SUREG Erechim RS;CENTRAL SICREDI SUL/SUDESTE;104.0 Hora(s);16d1h00m;07/11/2023 16:42:09;ANÁLISE DE DOCUMENTOS 1ª ETAPA;18h00m;07/11/2023 11:01:17;07/11/2023 16:42:09;NICOLAS PAULO DE SOUSA CUNHA;0h13m
0000355197;06/11/2023 11:11:49;" TAIS CARLA GASPARETO";" Pagamento de crédito";" 259- QT FINANCIAMENTO SICREDI-MOVEL C/ REGISTRO";000.493.930-14;" LEANDRO ANGOLERI";010555/0420-00;;" Concluído";021715;Benjamin Constant do Sul;104;SICREDI UNIESTADOS;104;SUREG Erechim RS;CENTRAL SICREDI SUL/SUDESTE;104.0 Hora(s);16d1h00m;07/11/2023 11:01:17;ENVIAR DOCUMENTOS;1d21h00m;06/11/2023 11:04:12;07/11/2023 11:01:17;TAIS CARLA GASPARETO;0h00m
0000355197;06/11/2023 11:11:49;" TAIS CARLA GASPARETO";" Pagamento de crédito";" 259- QT FINANCIAMENTO SICREDI-MOVEL C/ REGISTRO";000.493.930-14;" LEANDRO ANGOLERI";010555/0420-00;;" Concluído";021715;Benjamin Constant do Sul;104;SICREDI UNIESTADOS;104;SUREG Erechim RS;CENTRAL SICREDI SUL/SUDESTE;104.0 Hora(s);16d1h00m;06/11/2023 11:04:12;AUTORIZAÇÃO DE FATURAMENTO;0h00m;06/11/2023 11:03:11;06/11/2023 11:04:12;;0h00m
0000355197;06/11/2023 11:11:49;" TAIS CARLA GASPARETO";" Pagamento de crédito";" 259- QT FINANCIAMENTO SICREDI-MOVEL C/ REGISTRO";000.493.930-14;" LEANDRO ANGOLERI";010555/0420-00;;" Concluído";021715;Benjamin Constant do Sul;104;SICREDI UNIESTADOS;104;SUREG Erechim RS;CENTRAL SICREDI SUL/SUDESTE;104.0 Hora(s);16d1h00m;22/11/2023 12:03:04;;;;;;
0000355197;06/11/2023 11:11:49;" TAIS CARLA GASPARETO";" Pagamento de crédito";" 259- QT FINANCIAMENTO SICREDI-MOVEL C/ REGISTRO";000.493.930-14;" LEANDRO ANGOLERI";010555/0420-00;;" Concluído";021715;Benjamin Constant do Sul;104;SICREDI UNIESTADOS;104;SUREG Erechim RS;CENTRAL SICREDI SUL/SUDESTE;104.0 Hora(s);16d1h00m;22/11/2023 10:43:53;;;;;;
0000355197;06/11/2023 11:11:49;" TAIS CARLA GASPARETO";" Pagamento de crédito";" 259- QT FINANCIAMENTO SICREDI-MOVEL C/ REGISTRO";000.493.930-14;" LEANDRO ANGOLERI";010555/0420-00;;" Concluído";021715;Benjamin Constant do Sul;104;SICREDI UNIESTADOS;104;SUREG Erechim RS;CENTRAL SICREDI SUL/SUDESTE;104.0 Hora(s);16d1h00m;22/11/2023 10:43:25;;;;;;
0000355197;06/11/2023 11:11:49;" TAIS CARLA GASPARETO";" Pagamento de crédito";" 259- QT FINANCIAMENTO SICREDI-MOVEL C/ REGISTRO";000.493.930-14;" LEANDRO ANGOLERI";010555/0420-00;;" Concluído";021715;Benjamin Constant do Sul;104;SICREDI UNIESTADOS;104;SUREG Erechim RS;CENTRAL SICREDI SUL/SUDESTE;104.0 Hora(s);16d1h00m;22/11/2023 10:43:01;;;;;;
0000355197;06/11/2023 11:11:49;" TAIS CARLA GASPARETO";" Pagamento de crédito";" 259- QT FINANCIAMENTO SICREDI-MOVEL C/ REGISTRO";000.493.930-14;" LEANDRO ANGOLERI";010555/0420-00;;" Concluído";021715;Benjamin Constant do Sul;104;SICREDI UNIESTADOS;104;SUREG Erechim RS;CENTRAL SICREDI SUL/SUDESTE;104.0 Hora(s);16d1h00m;22/11/2023 10:36:47;;;;;;
0000355197;06/11/2023 11:11:49;" TAIS CARLA GASPARETO";" Pagamento de crédito";" 259- QT FINANCIAMENTO SICREDI-MOVEL C/ REGISTRO";000.493.930-14;" LEANDRO ANGOLERI";010555/0420-00;;" Concluído";021715;Benjamin Constant do Sul;104;SICREDI UNIESTADOS;104;SUREG Erechim RS;CENTRAL SICREDI SUL/SUDESTE;104.0 Hora(s);16d1h00m;21/11/2023 10:24:16;;;;;;
0000355197;06/11/2023 11:11:49;" TAIS CARLA GASPARETO";" Pagamento de crédito";" 259- QT FINANCIAMENTO SICREDI-MOVEL C/ REGISTRO";000.493.930-14;" LEANDRO ANGOLERI";010555/0420-00;;" Concluído";021715;Benjamin Constant do Sul;104;SICREDI UNIESTADOS;104;SUREG Erechim RS;CENTRAL SICREDI SUL/SUDESTE;104.0 Hora(s);16d1h00m;20/11/2023 14:53:24;;;;;;
0000355197;06/11/2023 11:11:49;" TAIS CARLA GASPARETO";" Pagamento de crédito";" 259- QT FINANCIAMENTO SICREDI-MOVEL C/ REGISTRO";000.493.930-14;" LEANDRO ANGOLERI";010555/0420-00;;" Concluído";021715;Benjamin Constant do Sul;104;SICREDI UNIESTADOS;104;SUREG Erechim RS;CENTRAL SICREDI SUL/SUDESTE;104.0 Hora(s);16d1h00m;13/11/2023 12:31:51;;;;;;
0000355197;06/11/2023 11:11:49;" TAIS CARLA GASPARETO";" Pagamento de crédito";" 259- QT FINANCIAMENTO SICREDI-MOVEL C/ REGISTRO";000.493.930-14;" LEANDRO ANGOLERI";010555/0420-00;;" Concluído";021715;Benjamin Constant do Sul;104;SICREDI UNIESTADOS;104;SUREG Erechim RS;CENTRAL SICREDI SUL/SUDESTE;104.0 Hora(s);16d1h00m;13/11/2023 12:31:47;;;;;;
0000355197;06/11/2023 11:11:49;" TAIS CARLA GASPARETO";" Pagamento de crédito";" 259- QT FINANCIAMENTO SICREDI-MOVEL C/ REGISTRO";000.493.930-14;" LEANDRO ANGOLERI";010555/0420-00;;" Concluído";021715;Benjamin Constant do Sul;104;SICREDI UNIESTADOS;104;SUREG Erechim RS;CENTRAL SICREDI SUL/SUDESTE;104.0 Hora(s);16d1h00m;13/11/2023 12:09:39;;;;;;
0000355197;06/11/2023 11:11:49;" TAIS CARLA GASPARETO";" Pagamento de crédito";" 259- QT FINANCIAMENTO SICREDI-MOVEL C/ REGISTRO";000.493.930-14;" LEANDRO ANGOLERI";010555/0420-00;;" Concluído";021715;Benjamin Constant do Sul;104;SICREDI UNIESTADOS;104;SUREG Erechim RS;CENTRAL SICREDI SUL/SUDESTE;104.0 Hora(s);16d1h00m;10/11/2023 17:31:46;;;;;;
0000355197;06/11/2023 11:11:49;" TAIS CARLA GASPARETO";" Pagamento de crédito";" 259- QT FINANCIAMENTO SICREDI-MOVEL C/ REGISTRO";000.493.930-14;" LEANDRO ANGOLERI";010555/0420-00;;" Concluído";021715;Benjamin Constant do Sul;104;SICREDI UNIESTADOS;104;SUREG Erechim RS;CENTRAL SICREDI SUL/SUDESTE;104.0 Hora(s);16d1h00m;07/11/2023 16:42:19;;;;;;
0000355197;06/11/2023 11:11:49;" TAIS CARLA GASPARETO";" Pagamento de crédito";" 259- QT FINANCIAMENTO SICREDI-MOVEL C/ REGISTRO";000.493.930-14;" LEANDRO ANGOLERI";010555/0420-00;;" Concluído";021715;Benjamin Constant do Sul;104;SICREDI UNIESTADOS;104;SUREG Erechim RS;CENTRAL SICREDI SUL/SUDESTE;104.0 Hora(s);16d1h00m;07/11/2023 16:42:09;;;;;;
0000355197;06/11/2023 11:11:49;" TAIS CARLA GASPARETO";" Pagamento de crédito";" 259- QT FINANCIAMENTO SICREDI-MOVEL C/ REGISTRO";000.493.930-14;" LEANDRO ANGOLERI";010555/0420-00;;" Concluído";021715;Benjamin Constant do Sul;104;SICREDI UNIESTADOS;104;SUREG Erechim RS;CENTRAL SICREDI SUL/SUDESTE;104.0 Hora(s);16d1h00m;07/11/2023 11:01:17;;;;;;
0000355197;06/11/2023 11:11:49;" TAIS CARLA GASPARETO";" Pagamento de crédito";" 259- QT FINANCIAMENTO SICREDI-MOVEL C/ REGISTRO";000.493.930-14;" LEANDRO ANGOLERI";010555/0420-00;;" Concluído";021715;Benjamin Constant do Sul;104;SICREDI UNIESTADOS;104;SUREG Erechim RS;CENTRAL SICREDI SUL/SUDESTE;104.0 Hora(s);16d1h00m;06/11/2023 11:04:12;;;;;;
