﻿ID_Processo7;DT_Solicitacao8;NM_Usuario_Solicitacao8;NM_Tipo_Processo8;NM_Processo8;CD_Inscricao_Nacional8;NM_Pessoa8;Usuário;Grupo_Cota_Outros8;ST_Status8;CD_Comissionado2;NM_Fantasia_Comissionado2;CD_Tipo_Ponto_Venda3;NM_Fantasia_Ponto_Venda2;CD_Tipo_Ponto_Venda4;NM_Tipo_Ponto_Venda2;NM_Filial_Venda2;Nivel_Servico8;Tempo_Processo8;DH_Conclusao8;NM_Atividade1;Nivel_Servico_Atividade1;DT_Inicio_Atividade1;DT_Fim_Atividade1;NM_Usuario_Atividade1;Tempo_Processo_Atividade1
0000366735;22/11/2023 11:11:53;" ALINE CRISTIANE FRANCZAK";" Pagamento de crédito";" 258- AQUISIÇÃO E REEMBOLSO-MÓVEL COM REGISTRO";16.807.129/0001-46;" J B A SIMONETTI REPRESENTACOES COMERCIAIS LTDA";010542/0338-00;;" Aguardando Regularização";021720;Erechim Santo Dal Bosco;104;SICREDI UNIESTADOS;104;SUREG Erechim RS;CENTRAL SICREDI SUL/SUDESTE;105.0 Hora(s);23h55m;"                   ";REGULARIZAR DOCUMENTOS INICIAIS;0h00m;23/11/2023 11:05:02;"                   ";;0h00m
0000366735;22/11/2023 11:11:53;" ALINE CRISTIANE FRANCZAK";" Pagamento de crédito";" 258- AQUISIÇÃO E REEMBOLSO-MÓVEL COM REGISTRO";16.807.129/0001-46;" J B A SIMONETTI REPRESENTACOES COMERCIAIS LTDA";010542/0338-00;;" Aguardando Regularização";021720;Erechim Santo Dal Bosco;104;SICREDI UNIESTADOS;104;SUREG Erechim RS;CENTRAL SICREDI SUL/SUDESTE;105.0 Hora(s);23h55m;23/11/2023 11:05:02;ANÁLISE DE DOCUMENTOS 1ª ETAPA;18h00m;22/11/2023 14:13:53;23/11/2023 11:05:02;NICOLAS PAULO DE SOUSA CUNHA;0h04m
0000366735;22/11/2023 11:11:53;" ALINE CRISTIANE FRANCZAK";" Pagamento de crédito";" 258- AQUISIÇÃO E REEMBOLSO-MÓVEL COM REGISTRO";16.807.129/0001-46;" J B A SIMONETTI REPRESENTACOES COMERCIAIS LTDA";010542/0338-00;;" Aguardando Regularização";021720;Erechim Santo Dal Bosco;104;SICREDI UNIESTADOS;104;SUREG Erechim RS;CENTRAL SICREDI SUL/SUDESTE;105.0 Hora(s);23h55m;22/11/2023 14:13:53;ENVIAR DOCUMENTOS;1d21h00m;22/11/2023 11:11:13;22/11/2023 14:13:53;ALINE CRISTIANE FRANCZAK;0h00m
0000366735;22/11/2023 11:11:53;" ALINE CRISTIANE FRANCZAK";" Pagamento de crédito";" 258- AQUISIÇÃO E REEMBOLSO-MÓVEL COM REGISTRO";16.807.129/0001-46;" J B A SIMONETTI REPRESENTACOES COMERCIAIS LTDA";010542/0338-00;;" Aguardando Regularização";021720;Erechim Santo Dal Bosco;104;SICREDI UNIESTADOS;104;SUREG Erechim RS;CENTRAL SICREDI SUL/SUDESTE;105.0 Hora(s);23h55m;22/11/2023 11:11:13;AUTORIZAÇÃO DE FATURAMENTO;0h00m;22/11/2023 11:10:14;22/11/2023 11:11:13;;0h00m
0000366735;22/11/2023 11:11:53;" ALINE CRISTIANE FRANCZAK";" Pagamento de crédito";" 258- AQUISIÇÃO E REEMBOLSO-MÓVEL COM REGISTRO";16.807.129/0001-46;" J B A SIMONETTI REPRESENTACOES COMERCIAIS LTDA";010542/0338-00;;" Aguardando Regularização";021720;Erechim Santo Dal Bosco;104;SICREDI UNIESTADOS;104;SUREG Erechim RS;CENTRAL SICREDI SUL/SUDESTE;105.0 Hora(s);23h55m;"                   ";;;;;;
0000366735;22/11/2023 11:11:53;" ALINE CRISTIANE FRANCZAK";" Pagamento de crédito";" 258- AQUISIÇÃO E REEMBOLSO-MÓVEL COM REGISTRO";16.807.129/0001-46;" J B A SIMONETTI REPRESENTACOES COMERCIAIS LTDA";010542/0338-00;;" Aguardando Regularização";021720;Erechim Santo Dal Bosco;104;SICREDI UNIESTADOS;104;SUREG Erechim RS;CENTRAL SICREDI SUL/SUDESTE;105.0 Hora(s);23h55m;23/11/2023 11:05:02;;;;;;
0000366735;22/11/2023 11:11:53;" ALINE CRISTIANE FRANCZAK";" Pagamento de crédito";" 258- AQUISIÇÃO E REEMBOLSO-MÓVEL COM REGISTRO";16.807.129/0001-46;" J B A SIMONETTI REPRESENTACOES COMERCIAIS LTDA";010542/0338-00;;" Aguardando Regularização";021720;Erechim Santo Dal Bosco;104;SICREDI UNIESTADOS;104;SUREG Erechim RS;CENTRAL SICREDI SUL/SUDESTE;105.0 Hora(s);23h55m;22/11/2023 14:13:53;;;;;;
0000366735;22/11/2023 11:11:53;" ALINE CRISTIANE FRANCZAK";" Pagamento de crédito";" 258- AQUISIÇÃO E REEMBOLSO-MÓVEL COM REGISTRO";16.807.129/0001-46;" J B A SIMONETTI REPRESENTACOES COMERCIAIS LTDA";010542/0338-00;;" Aguardando Regularização";021720;Erechim Santo Dal Bosco;104;SICREDI UNIESTADOS;104;SUREG Erechim RS;CENTRAL SICREDI SUL/SUDESTE;105.0 Hora(s);23h55m;22/11/2023 11:11:13;;;;;;
