﻿ID_Processo7;DT_Solicitacao8;NM_Usuario_Solicitacao8;NM_Tipo_Processo8;NM_Processo8;CD_Inscricao_Nacional8;NM_Pessoa8;Usuário;Grupo_Cota_Outros8;ST_Status8;CD_Comissionado2;NM_Fantasia_Comissionado2;CD_Tipo_Ponto_Venda3;NM_Fantasia_Ponto_Venda2;CD_Tipo_Ponto_Venda4;NM_Tipo_Ponto_Venda2;NM_Filial_Venda2;Nivel_Servico8;Tempo_Processo8;DH_Conclusao8;NM_Atividade1;Nivel_Servico_Atividade1;DT_Inicio_Atividade1;DT_Fim_Atividade1;NM_Usuario_Atividade1;Tempo_Processo_Atividade1
0000367574;23/11/2023 15:11:26;" MAICON ANDRE BISOGNIN";" Pagamento de crédito";" 258- AQUISIÇÃO E REEMBOLSO-MÓVEL COM REGISTRO";476.454.740-68;" CLEONIR BARBIERI";010551/0960-00;;" Aguardando Regularização";021713;Mariano Moro;104;SICREDI UNIESTADOS;104;SUREG Erechim RS;CENTRAL SICREDI SUL/SUDESTE;105.0 Hora(s);19h37m;"                   ";REGULARIZAR DOCUMENTOS INICIAIS;0h00m;24/11/2023 11:36:36;"                   ";;0h00m
0000367574;23/11/2023 15:11:26;" MAICON ANDRE BISOGNIN";" Pagamento de crédito";" 258- AQUISIÇÃO E REEMBOLSO-MÓVEL COM REGISTRO";476.454.740-68;" CLEONIR BARBIERI";010551/0960-00;;" Aguardando Regularização";021713;Mariano Moro;104;SICREDI UNIESTADOS;104;SUREG Erechim RS;CENTRAL SICREDI SUL/SUDESTE;105.0 Hora(s);19h37m;24/11/2023 11:36:36;ANÁLISE DE DOCUMENTOS 1ª ETAPA;18h00m;23/11/2023 16:08:32;24/11/2023 11:36:36;João Pedro Pieluhowski Silva;0h10m
0000367574;23/11/2023 15:11:26;" MAICON ANDRE BISOGNIN";" Pagamento de crédito";" 258- AQUISIÇÃO E REEMBOLSO-MÓVEL COM REGISTRO";476.454.740-68;" CLEONIR BARBIERI";010551/0960-00;;" Aguardando Regularização";021713;Mariano Moro;104;SICREDI UNIESTADOS;104;SUREG Erechim RS;CENTRAL SICREDI SUL/SUDESTE;105.0 Hora(s);19h37m;23/11/2023 16:08:31;ENVIAR DOCUMENTOS;1d21h00m;23/11/2023 16:00:27;23/11/2023 16:08:31;MAICON ANDRE BISOGNIN;0h00m
0000367574;23/11/2023 15:11:26;" MAICON ANDRE BISOGNIN";" Pagamento de crédito";" 258- AQUISIÇÃO E REEMBOLSO-MÓVEL COM REGISTRO";476.454.740-68;" CLEONIR BARBIERI";010551/0960-00;;" Aguardando Regularização";021713;Mariano Moro;104;SICREDI UNIESTADOS;104;SUREG Erechim RS;CENTRAL SICREDI SUL/SUDESTE;105.0 Hora(s);19h37m;23/11/2023 16:00:27;AUTORIZAÇÃO DE FATURAMENTO;0h00m;23/11/2023 15:59:53;23/11/2023 16:00:27;;0h00m
0000367574;23/11/2023 15:11:26;" MAICON ANDRE BISOGNIN";" Pagamento de crédito";" 258- AQUISIÇÃO E REEMBOLSO-MÓVEL COM REGISTRO";476.454.740-68;" CLEONIR BARBIERI";010551/0960-00;;" Aguardando Regularização";021713;Mariano Moro;104;SICREDI UNIESTADOS;104;SUREG Erechim RS;CENTRAL SICREDI SUL/SUDESTE;105.0 Hora(s);19h37m;"                   ";;;;;;
0000367574;23/11/2023 15:11:26;" MAICON ANDRE BISOGNIN";" Pagamento de crédito";" 258- AQUISIÇÃO E REEMBOLSO-MÓVEL COM REGISTRO";476.454.740-68;" CLEONIR BARBIERI";010551/0960-00;;" Aguardando Regularização";021713;Mariano Moro;104;SICREDI UNIESTADOS;104;SUREG Erechim RS;CENTRAL SICREDI SUL/SUDESTE;105.0 Hora(s);19h37m;24/11/2023 11:36:36;;;;;;
0000367574;23/11/2023 15:11:26;" MAICON ANDRE BISOGNIN";" Pagamento de crédito";" 258- AQUISIÇÃO E REEMBOLSO-MÓVEL COM REGISTRO";476.454.740-68;" CLEONIR BARBIERI";010551/0960-00;;" Aguardando Regularização";021713;Mariano Moro;104;SICREDI UNIESTADOS;104;SUREG Erechim RS;CENTRAL SICREDI SUL/SUDESTE;105.0 Hora(s);19h37m;23/11/2023 16:08:31;;;;;;
0000367574;23/11/2023 15:11:26;" MAICON ANDRE BISOGNIN";" Pagamento de crédito";" 258- AQUISIÇÃO E REEMBOLSO-MÓVEL COM REGISTRO";476.454.740-68;" CLEONIR BARBIERI";010551/0960-00;;" Aguardando Regularização";021713;Mariano Moro;104;SICREDI UNIESTADOS;104;SUREG Erechim RS;CENTRAL SICREDI SUL/SUDESTE;105.0 Hora(s);19h37m;23/11/2023 16:00:27;;;;;;
