﻿ID_Processo7;DT_Solicitacao8;NM_Usuario_Solicitacao8;NM_Tipo_Processo8;NM_Processo8;CD_Inscricao_Nacional8;NM_Pessoa8;Usuário;Grupo_Cota_Outros8;ST_Status8;CD_Comissionado2;NM_Fantasia_Comissionado2;CD_Tipo_Ponto_Venda3;NM_Fantasia_Ponto_Venda2;CD_Tipo_Ponto_Venda4;NM_Tipo_Ponto_Venda2;NM_Filial_Venda2;Nivel_Servico8;Tempo_Processo8;DH_Conclusao8;NM_Atividade1;Nivel_Servico_Atividade1;DT_Inicio_Atividade1;DT_Fim_Atividade1;NM_Usuario_Atividade1;Tempo_Processo_Atividade1
0000366474;21/11/2023 15:11:10;" Franciele Wazlawick";" Pagamento de crédito";" 258- AQUISIÇÃO E REEMBOLSO-MÓVEL COM REGISTRO";059.607.139-69;" FELIPE PATZLAFF";010501/0210-00;;" Concluído";021758;UA Arabuta;104;SICREDI UNIESTADOS;104;SUREG Erechim RS;CENTRAL SICREDI SUL/SUDESTE;105.0 Hora(s);1d19h56m;23/11/2023 11:52:42;LIBERAR PAGAMENTOS;0h00m;23/11/2023 09:27:00;23/11/2023 11:52:42;Kelen Hahn Paulo;0h00m
0000366474;21/11/2023 15:11:10;" Franciele Wazlawick";" Pagamento de crédito";" 258- AQUISIÇÃO E REEMBOLSO-MÓVEL COM REGISTRO";059.607.139-69;" FELIPE PATZLAFF";010501/0210-00;;" Concluído";021758;UA Arabuta;104;SICREDI UNIESTADOS;104;SUREG Erechim RS;CENTRAL SICREDI SUL/SUDESTE;105.0 Hora(s);1d19h56m;23/11/2023 09:27:00;APROVAR PAGAMENTO;1h00m;23/11/2023 09:26:57;23/11/2023 09:27:00;LARISSA JAENISCH DUTRA PINTO;0h01m
0000366474;21/11/2023 15:11:10;" Franciele Wazlawick";" Pagamento de crédito";" 258- AQUISIÇÃO E REEMBOLSO-MÓVEL COM REGISTRO";059.607.139-69;" FELIPE PATZLAFF";010501/0210-00;;" Concluído";021758;UA Arabuta;104;SICREDI UNIESTADOS;104;SUREG Erechim RS;CENTRAL SICREDI SUL/SUDESTE;105.0 Hora(s);1d19h56m;23/11/2023 09:26:57;PROGRAMAR PAGAMENTO;1h00m;23/11/2023 09:26:28;23/11/2023 09:26:57;LARISSA JAENISCH DUTRA PINTO;0h00m
0000366474;21/11/2023 15:11:10;" Franciele Wazlawick";" Pagamento de crédito";" 258- AQUISIÇÃO E REEMBOLSO-MÓVEL COM REGISTRO";059.607.139-69;" FELIPE PATZLAFF";010501/0210-00;;" Concluído";021758;UA Arabuta;104;SICREDI UNIESTADOS;104;SUREG Erechim RS;CENTRAL SICREDI SUL/SUDESTE;105.0 Hora(s);1d19h56m;23/11/2023 09:26:28;ANALISAR DOCUMENTOS PARA LIBERAÇÃO 2ª ETAPA;18h00m;23/11/2023 09:09:39;23/11/2023 09:26:28;LARISSA JAENISCH DUTRA PINTO;0h03m
0000366474;21/11/2023 15:11:10;" Franciele Wazlawick";" Pagamento de crédito";" 258- AQUISIÇÃO E REEMBOLSO-MÓVEL COM REGISTRO";059.607.139-69;" FELIPE PATZLAFF";010501/0210-00;;" Concluído";021758;UA Arabuta;104;SICREDI UNIESTADOS;104;SUREG Erechim RS;CENTRAL SICREDI SUL/SUDESTE;105.0 Hora(s);1d19h56m;23/11/2023 09:09:39;EMITIR DOCUMENTOS PARA LIBERAÇÃO;18h00m;22/11/2023 09:00:54;23/11/2023 09:09:39;Franciele Wazlawick;0h00m
0000366474;21/11/2023 15:11:10;" Franciele Wazlawick";" Pagamento de crédito";" 258- AQUISIÇÃO E REEMBOLSO-MÓVEL COM REGISTRO";059.607.139-69;" FELIPE PATZLAFF";010501/0210-00;;" Concluído";021758;UA Arabuta;104;SICREDI UNIESTADOS;104;SUREG Erechim RS;CENTRAL SICREDI SUL/SUDESTE;105.0 Hora(s);1d19h56m;22/11/2023 09:00:54;REGISTRAR CONTRATO MANUALMENTE;1h00m;22/11/2023 09:00:48;22/11/2023 09:00:54;João Pedro Pieluhowski Silva;0h00m
0000366474;21/11/2023 15:11:10;" Franciele Wazlawick";" Pagamento de crédito";" 258- AQUISIÇÃO E REEMBOLSO-MÓVEL COM REGISTRO";059.607.139-69;" FELIPE PATZLAFF";010501/0210-00;;" Concluído";021758;UA Arabuta;104;SICREDI UNIESTADOS;104;SUREG Erechim RS;CENTRAL SICREDI SUL/SUDESTE;105.0 Hora(s);1d19h56m;22/11/2023 09:00:48;ALIENAR O BEM;1h00m;22/11/2023 08:58:48;22/11/2023 09:00:48;João Pedro Pieluhowski Silva;0h02m
0000366474;21/11/2023 15:11:10;" Franciele Wazlawick";" Pagamento de crédito";" 258- AQUISIÇÃO E REEMBOLSO-MÓVEL COM REGISTRO";059.607.139-69;" FELIPE PATZLAFF";010501/0210-00;;" Concluído";021758;UA Arabuta;104;SICREDI UNIESTADOS;104;SUREG Erechim RS;CENTRAL SICREDI SUL/SUDESTE;105.0 Hora(s);1d19h56m;22/11/2023 08:58:48;FINALIZAR CADASTRO DO BEM;1h00m;22/11/2023 08:58:43;22/11/2023 08:58:48;João Pedro Pieluhowski Silva;0h00m
0000366474;21/11/2023 15:11:10;" Franciele Wazlawick";" Pagamento de crédito";" 258- AQUISIÇÃO E REEMBOLSO-MÓVEL COM REGISTRO";059.607.139-69;" FELIPE PATZLAFF";010501/0210-00;;" Concluído";021758;UA Arabuta;104;SICREDI UNIESTADOS;104;SUREG Erechim RS;CENTRAL SICREDI SUL/SUDESTE;105.0 Hora(s);1d19h56m;22/11/2023 08:58:43;ANÁLISE DE DOCUMENTOS 1ª ETAPA;18h00m;21/11/2023 16:03:37;22/11/2023 08:58:43;João Pedro Pieluhowski Silva;0h10m
0000366474;21/11/2023 15:11:10;" Franciele Wazlawick";" Pagamento de crédito";" 258- AQUISIÇÃO E REEMBOLSO-MÓVEL COM REGISTRO";059.607.139-69;" FELIPE PATZLAFF";010501/0210-00;;" Concluído";021758;UA Arabuta;104;SICREDI UNIESTADOS;104;SUREG Erechim RS;CENTRAL SICREDI SUL/SUDESTE;105.0 Hora(s);1d19h56m;21/11/2023 16:03:37;ENVIAR DOCUMENTOS;1d21h00m;21/11/2023 15:56:56;21/11/2023 16:03:37;Franciele Wazlawick;0h00m
0000366474;21/11/2023 15:11:10;" Franciele Wazlawick";" Pagamento de crédito";" 258- AQUISIÇÃO E REEMBOLSO-MÓVEL COM REGISTRO";059.607.139-69;" FELIPE PATZLAFF";010501/0210-00;;" Concluído";021758;UA Arabuta;104;SICREDI UNIESTADOS;104;SUREG Erechim RS;CENTRAL SICREDI SUL/SUDESTE;105.0 Hora(s);1d19h56m;21/11/2023 15:56:56;AUTORIZAÇÃO DE FATURAMENTO;0h00m;21/11/2023 15:56:23;21/11/2023 15:56:56;Franciele Wazlawick;0h00m
0000366474;21/11/2023 15:11:10;" Franciele Wazlawick";" Pagamento de crédito";" 258- AQUISIÇÃO E REEMBOLSO-MÓVEL COM REGISTRO";059.607.139-69;" FELIPE PATZLAFF";010501/0210-00;;" Concluído";021758;UA Arabuta;104;SICREDI UNIESTADOS;104;SUREG Erechim RS;CENTRAL SICREDI SUL/SUDESTE;105.0 Hora(s);1d19h56m;23/11/2023 11:52:42;;;;;;
0000366474;21/11/2023 15:11:10;" Franciele Wazlawick";" Pagamento de crédito";" 258- AQUISIÇÃO E REEMBOLSO-MÓVEL COM REGISTRO";059.607.139-69;" FELIPE PATZLAFF";010501/0210-00;;" Concluído";021758;UA Arabuta;104;SICREDI UNIESTADOS;104;SUREG Erechim RS;CENTRAL SICREDI SUL/SUDESTE;105.0 Hora(s);1d19h56m;23/11/2023 09:27:00;;;;;;
0000366474;21/11/2023 15:11:10;" Franciele Wazlawick";" Pagamento de crédito";" 258- AQUISIÇÃO E REEMBOLSO-MÓVEL COM REGISTRO";059.607.139-69;" FELIPE PATZLAFF";010501/0210-00;;" Concluído";021758;UA Arabuta;104;SICREDI UNIESTADOS;104;SUREG Erechim RS;CENTRAL SICREDI SUL/SUDESTE;105.0 Hora(s);1d19h56m;23/11/2023 09:26:57;;;;;;
0000366474;21/11/2023 15:11:10;" Franciele Wazlawick";" Pagamento de crédito";" 258- AQUISIÇÃO E REEMBOLSO-MÓVEL COM REGISTRO";059.607.139-69;" FELIPE PATZLAFF";010501/0210-00;;" Concluído";021758;UA Arabuta;104;SICREDI UNIESTADOS;104;SUREG Erechim RS;CENTRAL SICREDI SUL/SUDESTE;105.0 Hora(s);1d19h56m;23/11/2023 09:26:28;;;;;;
0000366474;21/11/2023 15:11:10;" Franciele Wazlawick";" Pagamento de crédito";" 258- AQUISIÇÃO E REEMBOLSO-MÓVEL COM REGISTRO";059.607.139-69;" FELIPE PATZLAFF";010501/0210-00;;" Concluído";021758;UA Arabuta;104;SICREDI UNIESTADOS;104;SUREG Erechim RS;CENTRAL SICREDI SUL/SUDESTE;105.0 Hora(s);1d19h56m;23/11/2023 09:09:39;;;;;;
0000366474;21/11/2023 15:11:10;" Franciele Wazlawick";" Pagamento de crédito";" 258- AQUISIÇÃO E REEMBOLSO-MÓVEL COM REGISTRO";059.607.139-69;" FELIPE PATZLAFF";010501/0210-00;;" Concluído";021758;UA Arabuta;104;SICREDI UNIESTADOS;104;SUREG Erechim RS;CENTRAL SICREDI SUL/SUDESTE;105.0 Hora(s);1d19h56m;22/11/2023 09:00:54;;;;;;
0000366474;21/11/2023 15:11:10;" Franciele Wazlawick";" Pagamento de crédito";" 258- AQUISIÇÃO E REEMBOLSO-MÓVEL COM REGISTRO";059.607.139-69;" FELIPE PATZLAFF";010501/0210-00;;" Concluído";021758;UA Arabuta;104;SICREDI UNIESTADOS;104;SUREG Erechim RS;CENTRAL SICREDI SUL/SUDESTE;105.0 Hora(s);1d19h56m;22/11/2023 09:00:48;;;;;;
0000366474;21/11/2023 15:11:10;" Franciele Wazlawick";" Pagamento de crédito";" 258- AQUISIÇÃO E REEMBOLSO-MÓVEL COM REGISTRO";059.607.139-69;" FELIPE PATZLAFF";010501/0210-00;;" Concluído";021758;UA Arabuta;104;SICREDI UNIESTADOS;104;SUREG Erechim RS;CENTRAL SICREDI SUL/SUDESTE;105.0 Hora(s);1d19h56m;22/11/2023 08:58:48;;;;;;
0000366474;21/11/2023 15:11:10;" Franciele Wazlawick";" Pagamento de crédito";" 258- AQUISIÇÃO E REEMBOLSO-MÓVEL COM REGISTRO";059.607.139-69;" FELIPE PATZLAFF";010501/0210-00;;" Concluído";021758;UA Arabuta;104;SICREDI UNIESTADOS;104;SUREG Erechim RS;CENTRAL SICREDI SUL/SUDESTE;105.0 Hora(s);1d19h56m;22/11/2023 08:58:43;;;;;;
0000366474;21/11/2023 15:11:10;" Franciele Wazlawick";" Pagamento de crédito";" 258- AQUISIÇÃO E REEMBOLSO-MÓVEL COM REGISTRO";059.607.139-69;" FELIPE PATZLAFF";010501/0210-00;;" Concluído";021758;UA Arabuta;104;SICREDI UNIESTADOS;104;SUREG Erechim RS;CENTRAL SICREDI SUL/SUDESTE;105.0 Hora(s);1d19h56m;21/11/2023 16:03:37;;;;;;
0000366474;21/11/2023 15:11:10;" Franciele Wazlawick";" Pagamento de crédito";" 258- AQUISIÇÃO E REEMBOLSO-MÓVEL COM REGISTRO";059.607.139-69;" FELIPE PATZLAFF";010501/0210-00;;" Concluído";021758;UA Arabuta;104;SICREDI UNIESTADOS;104;SUREG Erechim RS;CENTRAL SICREDI SUL/SUDESTE;105.0 Hora(s);1d19h56m;21/11/2023 15:56:56;;;;;;
