﻿ID_Processo7;DT_Solicitacao8;NM_Usuario_Solicitacao8;NM_Tipo_Processo8;NM_Processo8;CD_Inscricao_Nacional8;NM_Pessoa8;Usuário;Grupo_Cota_Outros8;ST_Status8;CD_Comissionado2;NM_Fantasia_Comissionado2;CD_Tipo_Ponto_Venda3;NM_Fantasia_Ponto_Venda2;CD_Tipo_Ponto_Venda4;NM_Tipo_Ponto_Venda2;NM_Filial_Venda2;Nivel_Servico8;Tempo_Processo8;DH_Conclusao8;NM_Atividade1;Nivel_Servico_Atividade1;DT_Inicio_Atividade1;DT_Fim_Atividade1;NM_Usuario_Atividade1;Tempo_Processo_Atividade1
0000367731;24/11/2023 09:11:43;" Ana Paula Golunski";" Pagamento de crédito";" 258- AQUISIÇÃO E REEMBOLSO-MÓVEL COM REGISTRO";892.699.009-59;" CARLOS ALBERTO MARCA";010567/0793-00;;" Aguardando Regularização";021727;Joaçaba;104;SICREDI UNIESTADOS;104;SUREG Erechim RS;CENTRAL SICREDI SUL/SUDESTE;105.0 Hora(s);6h26m;"                   ";EMITIR DOCUMENTOS PARA LIBERAÇÃO;18h00m;24/11/2023 16:20:03;"                   ";;0h00m
0000367731;24/11/2023 09:11:43;" Ana Paula Golunski";" Pagamento de crédito";" 258- AQUISIÇÃO E REEMBOLSO-MÓVEL COM REGISTRO";892.699.009-59;" CARLOS ALBERTO MARCA";010567/0793-00;;" Aguardando Regularização";021727;Joaçaba;104;SICREDI UNIESTADOS;104;SUREG Erechim RS;CENTRAL SICREDI SUL/SUDESTE;105.0 Hora(s);6h26m;24/11/2023 16:20:03;REGISTRAR CONTRATO MANUALMENTE;1h00m;24/11/2023 16:19:26;24/11/2023 16:20:03;NICOLAS PAULO DE SOUSA CUNHA;0h01m
0000367731;24/11/2023 09:11:43;" Ana Paula Golunski";" Pagamento de crédito";" 258- AQUISIÇÃO E REEMBOLSO-MÓVEL COM REGISTRO";892.699.009-59;" CARLOS ALBERTO MARCA";010567/0793-00;;" Aguardando Regularização";021727;Joaçaba;104;SICREDI UNIESTADOS;104;SUREG Erechim RS;CENTRAL SICREDI SUL/SUDESTE;105.0 Hora(s);6h26m;24/11/2023 16:19:26;ALIENAR O BEM;1h00m;24/11/2023 16:18:49;24/11/2023 16:19:26;NICOLAS PAULO DE SOUSA CUNHA;0h01m
0000367731;24/11/2023 09:11:43;" Ana Paula Golunski";" Pagamento de crédito";" 258- AQUISIÇÃO E REEMBOLSO-MÓVEL COM REGISTRO";892.699.009-59;" CARLOS ALBERTO MARCA";010567/0793-00;;" Aguardando Regularização";021727;Joaçaba;104;SICREDI UNIESTADOS;104;SUREG Erechim RS;CENTRAL SICREDI SUL/SUDESTE;105.0 Hora(s);6h26m;24/11/2023 16:18:49;FINALIZAR CADASTRO DO BEM;1h00m;24/11/2023 16:18:44;24/11/2023 16:18:49;NICOLAS PAULO DE SOUSA CUNHA;0h00m
0000367731;24/11/2023 09:11:43;" Ana Paula Golunski";" Pagamento de crédito";" 258- AQUISIÇÃO E REEMBOLSO-MÓVEL COM REGISTRO";892.699.009-59;" CARLOS ALBERTO MARCA";010567/0793-00;;" Aguardando Regularização";021727;Joaçaba;104;SICREDI UNIESTADOS;104;SUREG Erechim RS;CENTRAL SICREDI SUL/SUDESTE;105.0 Hora(s);6h26m;24/11/2023 16:18:43;ANÁLISE DE DOCUMENTOS 1ª ETAPA;18h00m;24/11/2023 10:08:24;24/11/2023 16:18:43;NICOLAS PAULO DE SOUSA CUNHA;0h11m
0000367731;24/11/2023 09:11:43;" Ana Paula Golunski";" Pagamento de crédito";" 258- AQUISIÇÃO E REEMBOLSO-MÓVEL COM REGISTRO";892.699.009-59;" CARLOS ALBERTO MARCA";010567/0793-00;;" Aguardando Regularização";021727;Joaçaba;104;SICREDI UNIESTADOS;104;SUREG Erechim RS;CENTRAL SICREDI SUL/SUDESTE;105.0 Hora(s);6h26m;24/11/2023 10:08:24;ENVIAR DOCUMENTOS;1d21h00m;24/11/2023 09:55:02;24/11/2023 10:08:24;WESLEY LUCAS DA SILVA PEREIRA;0h00m
0000367731;24/11/2023 09:11:43;" Ana Paula Golunski";" Pagamento de crédito";" 258- AQUISIÇÃO E REEMBOLSO-MÓVEL COM REGISTRO";892.699.009-59;" CARLOS ALBERTO MARCA";010567/0793-00;;" Aguardando Regularização";021727;Joaçaba;104;SICREDI UNIESTADOS;104;SUREG Erechim RS;CENTRAL SICREDI SUL/SUDESTE;105.0 Hora(s);6h26m;24/11/2023 09:55:01;AUTORIZAÇÃO DE FATURAMENTO;0h00m;24/11/2023 09:54:49;24/11/2023 09:55:01;;0h00m
0000367731;24/11/2023 09:11:43;" Ana Paula Golunski";" Pagamento de crédito";" 258- AQUISIÇÃO E REEMBOLSO-MÓVEL COM REGISTRO";892.699.009-59;" CARLOS ALBERTO MARCA";010567/0793-00;;" Aguardando Regularização";021727;Joaçaba;104;SICREDI UNIESTADOS;104;SUREG Erechim RS;CENTRAL SICREDI SUL/SUDESTE;105.0 Hora(s);6h26m;"                   ";;;;;;
0000367731;24/11/2023 09:11:43;" Ana Paula Golunski";" Pagamento de crédito";" 258- AQUISIÇÃO E REEMBOLSO-MÓVEL COM REGISTRO";892.699.009-59;" CARLOS ALBERTO MARCA";010567/0793-00;;" Aguardando Regularização";021727;Joaçaba;104;SICREDI UNIESTADOS;104;SUREG Erechim RS;CENTRAL SICREDI SUL/SUDESTE;105.0 Hora(s);6h26m;24/11/2023 16:20:03;;;;;;
0000367731;24/11/2023 09:11:43;" Ana Paula Golunski";" Pagamento de crédito";" 258- AQUISIÇÃO E REEMBOLSO-MÓVEL COM REGISTRO";892.699.009-59;" CARLOS ALBERTO MARCA";010567/0793-00;;" Aguardando Regularização";021727;Joaçaba;104;SICREDI UNIESTADOS;104;SUREG Erechim RS;CENTRAL SICREDI SUL/SUDESTE;105.0 Hora(s);6h26m;24/11/2023 16:19:26;;;;;;
0000367731;24/11/2023 09:11:43;" Ana Paula Golunski";" Pagamento de crédito";" 258- AQUISIÇÃO E REEMBOLSO-MÓVEL COM REGISTRO";892.699.009-59;" CARLOS ALBERTO MARCA";010567/0793-00;;" Aguardando Regularização";021727;Joaçaba;104;SICREDI UNIESTADOS;104;SUREG Erechim RS;CENTRAL SICREDI SUL/SUDESTE;105.0 Hora(s);6h26m;24/11/2023 16:18:49;;;;;;
0000367731;24/11/2023 09:11:43;" Ana Paula Golunski";" Pagamento de crédito";" 258- AQUISIÇÃO E REEMBOLSO-MÓVEL COM REGISTRO";892.699.009-59;" CARLOS ALBERTO MARCA";010567/0793-00;;" Aguardando Regularização";021727;Joaçaba;104;SICREDI UNIESTADOS;104;SUREG Erechim RS;CENTRAL SICREDI SUL/SUDESTE;105.0 Hora(s);6h26m;24/11/2023 16:18:43;;;;;;
0000367731;24/11/2023 09:11:43;" Ana Paula Golunski";" Pagamento de crédito";" 258- AQUISIÇÃO E REEMBOLSO-MÓVEL COM REGISTRO";892.699.009-59;" CARLOS ALBERTO MARCA";010567/0793-00;;" Aguardando Regularização";021727;Joaçaba;104;SICREDI UNIESTADOS;104;SUREG Erechim RS;CENTRAL SICREDI SUL/SUDESTE;105.0 Hora(s);6h26m;24/11/2023 10:08:24;;;;;;
0000367731;24/11/2023 09:11:43;" Ana Paula Golunski";" Pagamento de crédito";" 258- AQUISIÇÃO E REEMBOLSO-MÓVEL COM REGISTRO";892.699.009-59;" CARLOS ALBERTO MARCA";010567/0793-00;;" Aguardando Regularização";021727;Joaçaba;104;SICREDI UNIESTADOS;104;SUREG Erechim RS;CENTRAL SICREDI SUL/SUDESTE;105.0 Hora(s);6h26m;24/11/2023 09:55:01;;;;;;
