﻿ID_Processo7;DT_Solicitacao8;NM_Usuario_Solicitacao8;NM_Tipo_Processo8;NM_Processo8;CD_Inscricao_Nacional8;NM_Pessoa8;Usuário;Grupo_Cota_Outros8;ST_Status8;CD_Comissionado2;NM_Fantasia_Comissionado2;CD_Tipo_Ponto_Venda3;NM_Fantasia_Ponto_Venda2;CD_Tipo_Ponto_Venda4;NM_Tipo_Ponto_Venda2;NM_Filial_Venda2;Nivel_Servico8;Tempo_Processo8;DH_Conclusao8;NM_Atividade1;Nivel_Servico_Atividade1;DT_Inicio_Atividade1;DT_Fim_Atividade1;NM_Usuario_Atividade1;Tempo_Processo_Atividade1
0000356719;10/11/2023 16:11:12;" DANIELY MENDONCA DE FREITAS";" Pagamento de crédito";" 258- AQUISIÇÃO E REEMBOLSO-MÓVEL COM REGISTRO";18.936.786/0001-19;" SUELI SANTOS DE LIMA 61957291915";010562/0607-00;;" Concluído";072628;Campo Mourão;207;SICREDI VALE DO PIQUIRI ABCD P;207;SUREG Vale do Piquiri PR;CENTRAL SICREDI PR/SP/RJ;105.0 Hora(s);3d18h48m;14/11/2023 11:35:48;LIBERAR PAGAMENTOS;0h00m;14/11/2023 10:33:25;14/11/2023 11:35:48;ELKIAYER FAGUNDES TRINDADE;0h00m
0000356719;10/11/2023 16:11:12;" DANIELY MENDONCA DE FREITAS";" Pagamento de crédito";" 258- AQUISIÇÃO E REEMBOLSO-MÓVEL COM REGISTRO";18.936.786/0001-19;" SUELI SANTOS DE LIMA 61957291915";010562/0607-00;;" Concluído";072628;Campo Mourão;207;SICREDI VALE DO PIQUIRI ABCD P;207;SUREG Vale do Piquiri PR;CENTRAL SICREDI PR/SP/RJ;105.0 Hora(s);3d18h48m;14/11/2023 10:33:24;APROVAR PAGAMENTO;1h00m;14/11/2023 10:32:57;14/11/2023 10:33:24;PAOLA MENEZES DA COSTA;0h00m
0000356719;10/11/2023 16:11:12;" DANIELY MENDONCA DE FREITAS";" Pagamento de crédito";" 258- AQUISIÇÃO E REEMBOLSO-MÓVEL COM REGISTRO";18.936.786/0001-19;" SUELI SANTOS DE LIMA 61957291915";010562/0607-00;;" Concluído";072628;Campo Mourão;207;SICREDI VALE DO PIQUIRI ABCD P;207;SUREG Vale do Piquiri PR;CENTRAL SICREDI PR/SP/RJ;105.0 Hora(s);3d18h48m;14/11/2023 10:32:57;PROGRAMAR PAGAMENTO;1h00m;14/11/2023 10:31:44;14/11/2023 10:32:57;PAOLA MENEZES DA COSTA;0h01m
0000356719;10/11/2023 16:11:12;" DANIELY MENDONCA DE FREITAS";" Pagamento de crédito";" 258- AQUISIÇÃO E REEMBOLSO-MÓVEL COM REGISTRO";18.936.786/0001-19;" SUELI SANTOS DE LIMA 61957291915";010562/0607-00;;" Concluído";072628;Campo Mourão;207;SICREDI VALE DO PIQUIRI ABCD P;207;SUREG Vale do Piquiri PR;CENTRAL SICREDI PR/SP/RJ;105.0 Hora(s);3d18h48m;14/11/2023 10:31:44;ANALISAR DOCUMENTOS PARA LIBERAÇÃO 2ª ETAPA;18h00m;13/11/2023 17:13:42;14/11/2023 10:31:44;PAOLA MENEZES DA COSTA;0h07m
0000356719;10/11/2023 16:11:12;" DANIELY MENDONCA DE FREITAS";" Pagamento de crédito";" 258- AQUISIÇÃO E REEMBOLSO-MÓVEL COM REGISTRO";18.936.786/0001-19;" SUELI SANTOS DE LIMA 61957291915";010562/0607-00;;" Concluído";072628;Campo Mourão;207;SICREDI VALE DO PIQUIRI ABCD P;207;SUREG Vale do Piquiri PR;CENTRAL SICREDI PR/SP/RJ;105.0 Hora(s);3d18h48m;13/11/2023 17:13:42;EMITIR DOCUMENTOS PARA LIBERAÇÃO;18h00m;13/11/2023 11:30:49;13/11/2023 17:13:42;DANIELY MENDONCA DE FREITAS;0h00m
0000356719;10/11/2023 16:11:12;" DANIELY MENDONCA DE FREITAS";" Pagamento de crédito";" 258- AQUISIÇÃO E REEMBOLSO-MÓVEL COM REGISTRO";18.936.786/0001-19;" SUELI SANTOS DE LIMA 61957291915";010562/0607-00;;" Concluído";072628;Campo Mourão;207;SICREDI VALE DO PIQUIRI ABCD P;207;SUREG Vale do Piquiri PR;CENTRAL SICREDI PR/SP/RJ;105.0 Hora(s);3d18h48m;13/11/2023 11:30:48;REGISTRAR CONTRATO MANUALMENTE;1h00m;13/11/2023 11:30:28;13/11/2023 11:30:48;Clara Vargas;0h00m
0000356719;10/11/2023 16:11:12;" DANIELY MENDONCA DE FREITAS";" Pagamento de crédito";" 258- AQUISIÇÃO E REEMBOLSO-MÓVEL COM REGISTRO";18.936.786/0001-19;" SUELI SANTOS DE LIMA 61957291915";010562/0607-00;;" Concluído";072628;Campo Mourão;207;SICREDI VALE DO PIQUIRI ABCD P;207;SUREG Vale do Piquiri PR;CENTRAL SICREDI PR/SP/RJ;105.0 Hora(s);3d18h48m;13/11/2023 11:30:27;ALIENAR O BEM;1h00m;13/11/2023 11:29:43;13/11/2023 11:30:27;Clara Vargas;0h01m
0000356719;10/11/2023 16:11:12;" DANIELY MENDONCA DE FREITAS";" Pagamento de crédito";" 258- AQUISIÇÃO E REEMBOLSO-MÓVEL COM REGISTRO";18.936.786/0001-19;" SUELI SANTOS DE LIMA 61957291915";010562/0607-00;;" Concluído";072628;Campo Mourão;207;SICREDI VALE DO PIQUIRI ABCD P;207;SUREG Vale do Piquiri PR;CENTRAL SICREDI PR/SP/RJ;105.0 Hora(s);3d18h48m;13/11/2023 11:29:43;FINALIZAR CADASTRO DO BEM;1h00m;13/11/2023 11:29:39;13/11/2023 11:29:43;Clara Vargas;0h00m
0000356719;10/11/2023 16:11:12;" DANIELY MENDONCA DE FREITAS";" Pagamento de crédito";" 258- AQUISIÇÃO E REEMBOLSO-MÓVEL COM REGISTRO";18.936.786/0001-19;" SUELI SANTOS DE LIMA 61957291915";010562/0607-00;;" Concluído";072628;Campo Mourão;207;SICREDI VALE DO PIQUIRI ABCD P;207;SUREG Vale do Piquiri PR;CENTRAL SICREDI PR/SP/RJ;105.0 Hora(s);3d18h48m;13/11/2023 11:29:39;ANÁLISE DE DOCUMENTOS 1ª ETAPA;18h00m;10/11/2023 16:51:10;13/11/2023 11:29:39;Clara Vargas;0h07m
0000356719;10/11/2023 16:11:12;" DANIELY MENDONCA DE FREITAS";" Pagamento de crédito";" 258- AQUISIÇÃO E REEMBOLSO-MÓVEL COM REGISTRO";18.936.786/0001-19;" SUELI SANTOS DE LIMA 61957291915";010562/0607-00;;" Concluído";072628;Campo Mourão;207;SICREDI VALE DO PIQUIRI ABCD P;207;SUREG Vale do Piquiri PR;CENTRAL SICREDI PR/SP/RJ;105.0 Hora(s);3d18h48m;10/11/2023 16:51:10;ENVIAR DOCUMENTOS;1d21h00m;10/11/2023 16:48:44;10/11/2023 16:51:10;DANIELY MENDONCA DE FREITAS;0h00m
0000356719;10/11/2023 16:11:12;" DANIELY MENDONCA DE FREITAS";" Pagamento de crédito";" 258- AQUISIÇÃO E REEMBOLSO-MÓVEL COM REGISTRO";18.936.786/0001-19;" SUELI SANTOS DE LIMA 61957291915";010562/0607-00;;" Concluído";072628;Campo Mourão;207;SICREDI VALE DO PIQUIRI ABCD P;207;SUREG Vale do Piquiri PR;CENTRAL SICREDI PR/SP/RJ;105.0 Hora(s);3d18h48m;10/11/2023 16:48:44;AUTORIZAÇÃO DE FATURAMENTO;0h00m;10/11/2023 16:47:47;10/11/2023 16:48:44;;0h00m
0000356719;10/11/2023 16:11:12;" DANIELY MENDONCA DE FREITAS";" Pagamento de crédito";" 258- AQUISIÇÃO E REEMBOLSO-MÓVEL COM REGISTRO";18.936.786/0001-19;" SUELI SANTOS DE LIMA 61957291915";010562/0607-00;;" Concluído";072628;Campo Mourão;207;SICREDI VALE DO PIQUIRI ABCD P;207;SUREG Vale do Piquiri PR;CENTRAL SICREDI PR/SP/RJ;105.0 Hora(s);3d18h48m;14/11/2023 11:35:48;;;;;;
0000356719;10/11/2023 16:11:12;" DANIELY MENDONCA DE FREITAS";" Pagamento de crédito";" 258- AQUISIÇÃO E REEMBOLSO-MÓVEL COM REGISTRO";18.936.786/0001-19;" SUELI SANTOS DE LIMA 61957291915";010562/0607-00;;" Concluído";072628;Campo Mourão;207;SICREDI VALE DO PIQUIRI ABCD P;207;SUREG Vale do Piquiri PR;CENTRAL SICREDI PR/SP/RJ;105.0 Hora(s);3d18h48m;14/11/2023 10:33:24;;;;;;
0000356719;10/11/2023 16:11:12;" DANIELY MENDONCA DE FREITAS";" Pagamento de crédito";" 258- AQUISIÇÃO E REEMBOLSO-MÓVEL COM REGISTRO";18.936.786/0001-19;" SUELI SANTOS DE LIMA 61957291915";010562/0607-00;;" Concluído";072628;Campo Mourão;207;SICREDI VALE DO PIQUIRI ABCD P;207;SUREG Vale do Piquiri PR;CENTRAL SICREDI PR/SP/RJ;105.0 Hora(s);3d18h48m;14/11/2023 10:32:57;;;;;;
0000356719;10/11/2023 16:11:12;" DANIELY MENDONCA DE FREITAS";" Pagamento de crédito";" 258- AQUISIÇÃO E REEMBOLSO-MÓVEL COM REGISTRO";18.936.786/0001-19;" SUELI SANTOS DE LIMA 61957291915";010562/0607-00;;" Concluído";072628;Campo Mourão;207;SICREDI VALE DO PIQUIRI ABCD P;207;SUREG Vale do Piquiri PR;CENTRAL SICREDI PR/SP/RJ;105.0 Hora(s);3d18h48m;14/11/2023 10:31:44;;;;;;
0000356719;10/11/2023 16:11:12;" DANIELY MENDONCA DE FREITAS";" Pagamento de crédito";" 258- AQUISIÇÃO E REEMBOLSO-MÓVEL COM REGISTRO";18.936.786/0001-19;" SUELI SANTOS DE LIMA 61957291915";010562/0607-00;;" Concluído";072628;Campo Mourão;207;SICREDI VALE DO PIQUIRI ABCD P;207;SUREG Vale do Piquiri PR;CENTRAL SICREDI PR/SP/RJ;105.0 Hora(s);3d18h48m;13/11/2023 17:13:42;;;;;;
0000356719;10/11/2023 16:11:12;" DANIELY MENDONCA DE FREITAS";" Pagamento de crédito";" 258- AQUISIÇÃO E REEMBOLSO-MÓVEL COM REGISTRO";18.936.786/0001-19;" SUELI SANTOS DE LIMA 61957291915";010562/0607-00;;" Concluído";072628;Campo Mourão;207;SICREDI VALE DO PIQUIRI ABCD P;207;SUREG Vale do Piquiri PR;CENTRAL SICREDI PR/SP/RJ;105.0 Hora(s);3d18h48m;13/11/2023 11:30:48;;;;;;
0000356719;10/11/2023 16:11:12;" DANIELY MENDONCA DE FREITAS";" Pagamento de crédito";" 258- AQUISIÇÃO E REEMBOLSO-MÓVEL COM REGISTRO";18.936.786/0001-19;" SUELI SANTOS DE LIMA 61957291915";010562/0607-00;;" Concluído";072628;Campo Mourão;207;SICREDI VALE DO PIQUIRI ABCD P;207;SUREG Vale do Piquiri PR;CENTRAL SICREDI PR/SP/RJ;105.0 Hora(s);3d18h48m;13/11/2023 11:30:27;;;;;;
0000356719;10/11/2023 16:11:12;" DANIELY MENDONCA DE FREITAS";" Pagamento de crédito";" 258- AQUISIÇÃO E REEMBOLSO-MÓVEL COM REGISTRO";18.936.786/0001-19;" SUELI SANTOS DE LIMA 61957291915";010562/0607-00;;" Concluído";072628;Campo Mourão;207;SICREDI VALE DO PIQUIRI ABCD P;207;SUREG Vale do Piquiri PR;CENTRAL SICREDI PR/SP/RJ;105.0 Hora(s);3d18h48m;13/11/2023 11:29:43;;;;;;
0000356719;10/11/2023 16:11:12;" DANIELY MENDONCA DE FREITAS";" Pagamento de crédito";" 258- AQUISIÇÃO E REEMBOLSO-MÓVEL COM REGISTRO";18.936.786/0001-19;" SUELI SANTOS DE LIMA 61957291915";010562/0607-00;;" Concluído";072628;Campo Mourão;207;SICREDI VALE DO PIQUIRI ABCD P;207;SUREG Vale do Piquiri PR;CENTRAL SICREDI PR/SP/RJ;105.0 Hora(s);3d18h48m;13/11/2023 11:29:39;;;;;;
0000356719;10/11/2023 16:11:12;" DANIELY MENDONCA DE FREITAS";" Pagamento de crédito";" 258- AQUISIÇÃO E REEMBOLSO-MÓVEL COM REGISTRO";18.936.786/0001-19;" SUELI SANTOS DE LIMA 61957291915";010562/0607-00;;" Concluído";072628;Campo Mourão;207;SICREDI VALE DO PIQUIRI ABCD P;207;SUREG Vale do Piquiri PR;CENTRAL SICREDI PR/SP/RJ;105.0 Hora(s);3d18h48m;10/11/2023 16:51:10;;;;;;
0000356719;10/11/2023 16:11:12;" DANIELY MENDONCA DE FREITAS";" Pagamento de crédito";" 258- AQUISIÇÃO E REEMBOLSO-MÓVEL COM REGISTRO";18.936.786/0001-19;" SUELI SANTOS DE LIMA 61957291915";010562/0607-00;;" Concluído";072628;Campo Mourão;207;SICREDI VALE DO PIQUIRI ABCD P;207;SUREG Vale do Piquiri PR;CENTRAL SICREDI PR/SP/RJ;105.0 Hora(s);3d18h48m;10/11/2023 16:48:44;;;;;;
