﻿ID_Processo7;DT_Solicitacao8;NM_Usuario_Solicitacao8;NM_Tipo_Processo8;NM_Processo8;CD_Inscricao_Nacional8;NM_Pessoa8;Usuário;Grupo_Cota_Outros8;ST_Status8;CD_Comissionado2;NM_Fantasia_Comissionado2;CD_Tipo_Ponto_Venda3;NM_Fantasia_Ponto_Venda2;CD_Tipo_Ponto_Venda4;NM_Tipo_Ponto_Venda2;NM_Filial_Venda2;Nivel_Servico8;Tempo_Processo8;DH_Conclusao8;NM_Atividade1;Nivel_Servico_Atividade1;DT_Inicio_Atividade1;DT_Fim_Atividade1;NM_Usuario_Atividade1;Tempo_Processo_Atividade1
0000355890;08/11/2023 11:11:12;" LUCAS DA SILVA ESTANISLAU";" Pagamento de crédito";" 258- AQUISIÇÃO E REEMBOLSO-MÓVEL COM REGISTRO";149.137.799-23;" BENICIO CAPARROZ PELLEGRINELI";010512/0149-00;;" Concluído";072666;Mariluz;207;SICREDI VALE DO PIQUIRI ABCD P;207;SUREG Vale do Piquiri PR;CENTRAL SICREDI PR/SP/RJ;105.0 Hora(s);1d5h44m;09/11/2023 17:05:10;LIBERAR PAGAMENTOS;0h00m;09/11/2023 16:42:11;09/11/2023 17:05:10;Kelen Hahn Paulo;0h00m
0000355890;08/11/2023 11:11:12;" LUCAS DA SILVA ESTANISLAU";" Pagamento de crédito";" 258- AQUISIÇÃO E REEMBOLSO-MÓVEL COM REGISTRO";149.137.799-23;" BENICIO CAPARROZ PELLEGRINELI";010512/0149-00;;" Concluído";072666;Mariluz;207;SICREDI VALE DO PIQUIRI ABCD P;207;SUREG Vale do Piquiri PR;CENTRAL SICREDI PR/SP/RJ;105.0 Hora(s);1d5h44m;09/11/2023 16:42:11;APROVAR PAGAMENTO;1h00m;09/11/2023 16:41:43;09/11/2023 16:42:11;KELLY DA ROCHA KASPER;0h00m
0000355890;08/11/2023 11:11:12;" LUCAS DA SILVA ESTANISLAU";" Pagamento de crédito";" 258- AQUISIÇÃO E REEMBOLSO-MÓVEL COM REGISTRO";149.137.799-23;" BENICIO CAPARROZ PELLEGRINELI";010512/0149-00;;" Concluído";072666;Mariluz;207;SICREDI VALE DO PIQUIRI ABCD P;207;SUREG Vale do Piquiri PR;CENTRAL SICREDI PR/SP/RJ;105.0 Hora(s);1d5h44m;09/11/2023 16:41:43;PROGRAMAR PAGAMENTO;1h00m;09/11/2023 16:41:17;09/11/2023 16:41:43;KELLY DA ROCHA KASPER;0h00m
0000355890;08/11/2023 11:11:12;" LUCAS DA SILVA ESTANISLAU";" Pagamento de crédito";" 258- AQUISIÇÃO E REEMBOLSO-MÓVEL COM REGISTRO";149.137.799-23;" BENICIO CAPARROZ PELLEGRINELI";010512/0149-00;;" Concluído";072666;Mariluz;207;SICREDI VALE DO PIQUIRI ABCD P;207;SUREG Vale do Piquiri PR;CENTRAL SICREDI PR/SP/RJ;105.0 Hora(s);1d5h44m;09/11/2023 16:41:17;ANALISAR DOCUMENTOS PARA LIBERAÇÃO 2ª ETAPA;18h00m;09/11/2023 11:01:00;09/11/2023 16:41:17;KELLY DA ROCHA KASPER;0h04m
0000355890;08/11/2023 11:11:12;" LUCAS DA SILVA ESTANISLAU";" Pagamento de crédito";" 258- AQUISIÇÃO E REEMBOLSO-MÓVEL COM REGISTRO";149.137.799-23;" BENICIO CAPARROZ PELLEGRINELI";010512/0149-00;;" Concluído";072666;Mariluz;207;SICREDI VALE DO PIQUIRI ABCD P;207;SUREG Vale do Piquiri PR;CENTRAL SICREDI PR/SP/RJ;105.0 Hora(s);1d5h44m;09/11/2023 11:01:00;EMITIR DOCUMENTOS PARA LIBERAÇÃO;18h00m;09/11/2023 10:20:48;09/11/2023 11:01:00;LUCAS DA SILVA ESTANISLAU;0h00m
0000355890;08/11/2023 11:11:12;" LUCAS DA SILVA ESTANISLAU";" Pagamento de crédito";" 258- AQUISIÇÃO E REEMBOLSO-MÓVEL COM REGISTRO";149.137.799-23;" BENICIO CAPARROZ PELLEGRINELI";010512/0149-00;;" Concluído";072666;Mariluz;207;SICREDI VALE DO PIQUIRI ABCD P;207;SUREG Vale do Piquiri PR;CENTRAL SICREDI PR/SP/RJ;105.0 Hora(s);1d5h44m;09/11/2023 10:20:47;REGISTRAR CONTRATO MANUALMENTE;1h00m;09/11/2023 10:20:41;09/11/2023 10:20:47;Eliane Ribas Barcelos;0h00m
0000355890;08/11/2023 11:11:12;" LUCAS DA SILVA ESTANISLAU";" Pagamento de crédito";" 258- AQUISIÇÃO E REEMBOLSO-MÓVEL COM REGISTRO";149.137.799-23;" BENICIO CAPARROZ PELLEGRINELI";010512/0149-00;;" Concluído";072666;Mariluz;207;SICREDI VALE DO PIQUIRI ABCD P;207;SUREG Vale do Piquiri PR;CENTRAL SICREDI PR/SP/RJ;105.0 Hora(s);1d5h44m;09/11/2023 10:20:40;ALIENAR O BEM;1h00m;09/11/2023 09:57:24;09/11/2023 10:20:40;Eliane Ribas Barcelos;0h01m
0000355890;08/11/2023 11:11:12;" LUCAS DA SILVA ESTANISLAU";" Pagamento de crédito";" 258- AQUISIÇÃO E REEMBOLSO-MÓVEL COM REGISTRO";149.137.799-23;" BENICIO CAPARROZ PELLEGRINELI";010512/0149-00;;" Concluído";072666;Mariluz;207;SICREDI VALE DO PIQUIRI ABCD P;207;SUREG Vale do Piquiri PR;CENTRAL SICREDI PR/SP/RJ;105.0 Hora(s);1d5h44m;09/11/2023 09:57:24;FINALIZAR CADASTRO DO BEM;1h00m;09/11/2023 09:57:13;09/11/2023 09:57:24;Eliane Ribas Barcelos;0h00m
0000355890;08/11/2023 11:11:12;" LUCAS DA SILVA ESTANISLAU";" Pagamento de crédito";" 258- AQUISIÇÃO E REEMBOLSO-MÓVEL COM REGISTRO";149.137.799-23;" BENICIO CAPARROZ PELLEGRINELI";010512/0149-00;;" Concluído";072666;Mariluz;207;SICREDI VALE DO PIQUIRI ABCD P;207;SUREG Vale do Piquiri PR;CENTRAL SICREDI PR/SP/RJ;105.0 Hora(s);1d5h44m;09/11/2023 09:57:12;ANÁLISE DE DOCUMENTOS 1ª ETAPA;18h00m;08/11/2023 11:25:49;09/11/2023 09:57:12;Eliane Ribas Barcelos;0h30m
0000355890;08/11/2023 11:11:12;" LUCAS DA SILVA ESTANISLAU";" Pagamento de crédito";" 258- AQUISIÇÃO E REEMBOLSO-MÓVEL COM REGISTRO";149.137.799-23;" BENICIO CAPARROZ PELLEGRINELI";010512/0149-00;;" Concluído";072666;Mariluz;207;SICREDI VALE DO PIQUIRI ABCD P;207;SUREG Vale do Piquiri PR;CENTRAL SICREDI PR/SP/RJ;105.0 Hora(s);1d5h44m;08/11/2023 11:25:48;ENVIAR DOCUMENTOS;1d21h00m;08/11/2023 11:21:57;08/11/2023 11:25:48;LUCAS DA SILVA ESTANISLAU;0h00m
0000355890;08/11/2023 11:11:12;" LUCAS DA SILVA ESTANISLAU";" Pagamento de crédito";" 258- AQUISIÇÃO E REEMBOLSO-MÓVEL COM REGISTRO";149.137.799-23;" BENICIO CAPARROZ PELLEGRINELI";010512/0149-00;;" Concluído";072666;Mariluz;207;SICREDI VALE DO PIQUIRI ABCD P;207;SUREG Vale do Piquiri PR;CENTRAL SICREDI PR/SP/RJ;105.0 Hora(s);1d5h44m;08/11/2023 11:21:57;AUTORIZAÇÃO DE FATURAMENTO;0h00m;08/11/2023 11:21:11;08/11/2023 11:21:57;LUCAS DA SILVA ESTANISLAU;0h00m
0000355890;08/11/2023 11:11:12;" LUCAS DA SILVA ESTANISLAU";" Pagamento de crédito";" 258- AQUISIÇÃO E REEMBOLSO-MÓVEL COM REGISTRO";149.137.799-23;" BENICIO CAPARROZ PELLEGRINELI";010512/0149-00;;" Concluído";072666;Mariluz;207;SICREDI VALE DO PIQUIRI ABCD P;207;SUREG Vale do Piquiri PR;CENTRAL SICREDI PR/SP/RJ;105.0 Hora(s);1d5h44m;09/11/2023 17:05:10;;;;;;
0000355890;08/11/2023 11:11:12;" LUCAS DA SILVA ESTANISLAU";" Pagamento de crédito";" 258- AQUISIÇÃO E REEMBOLSO-MÓVEL COM REGISTRO";149.137.799-23;" BENICIO CAPARROZ PELLEGRINELI";010512/0149-00;;" Concluído";072666;Mariluz;207;SICREDI VALE DO PIQUIRI ABCD P;207;SUREG Vale do Piquiri PR;CENTRAL SICREDI PR/SP/RJ;105.0 Hora(s);1d5h44m;09/11/2023 16:42:11;;;;;;
0000355890;08/11/2023 11:11:12;" LUCAS DA SILVA ESTANISLAU";" Pagamento de crédito";" 258- AQUISIÇÃO E REEMBOLSO-MÓVEL COM REGISTRO";149.137.799-23;" BENICIO CAPARROZ PELLEGRINELI";010512/0149-00;;" Concluído";072666;Mariluz;207;SICREDI VALE DO PIQUIRI ABCD P;207;SUREG Vale do Piquiri PR;CENTRAL SICREDI PR/SP/RJ;105.0 Hora(s);1d5h44m;09/11/2023 16:41:43;;;;;;
0000355890;08/11/2023 11:11:12;" LUCAS DA SILVA ESTANISLAU";" Pagamento de crédito";" 258- AQUISIÇÃO E REEMBOLSO-MÓVEL COM REGISTRO";149.137.799-23;" BENICIO CAPARROZ PELLEGRINELI";010512/0149-00;;" Concluído";072666;Mariluz;207;SICREDI VALE DO PIQUIRI ABCD P;207;SUREG Vale do Piquiri PR;CENTRAL SICREDI PR/SP/RJ;105.0 Hora(s);1d5h44m;09/11/2023 16:41:17;;;;;;
0000355890;08/11/2023 11:11:12;" LUCAS DA SILVA ESTANISLAU";" Pagamento de crédito";" 258- AQUISIÇÃO E REEMBOLSO-MÓVEL COM REGISTRO";149.137.799-23;" BENICIO CAPARROZ PELLEGRINELI";010512/0149-00;;" Concluído";072666;Mariluz;207;SICREDI VALE DO PIQUIRI ABCD P;207;SUREG Vale do Piquiri PR;CENTRAL SICREDI PR/SP/RJ;105.0 Hora(s);1d5h44m;09/11/2023 11:01:00;;;;;;
0000355890;08/11/2023 11:11:12;" LUCAS DA SILVA ESTANISLAU";" Pagamento de crédito";" 258- AQUISIÇÃO E REEMBOLSO-MÓVEL COM REGISTRO";149.137.799-23;" BENICIO CAPARROZ PELLEGRINELI";010512/0149-00;;" Concluído";072666;Mariluz;207;SICREDI VALE DO PIQUIRI ABCD P;207;SUREG Vale do Piquiri PR;CENTRAL SICREDI PR/SP/RJ;105.0 Hora(s);1d5h44m;09/11/2023 10:20:47;;;;;;
0000355890;08/11/2023 11:11:12;" LUCAS DA SILVA ESTANISLAU";" Pagamento de crédito";" 258- AQUISIÇÃO E REEMBOLSO-MÓVEL COM REGISTRO";149.137.799-23;" BENICIO CAPARROZ PELLEGRINELI";010512/0149-00;;" Concluído";072666;Mariluz;207;SICREDI VALE DO PIQUIRI ABCD P;207;SUREG Vale do Piquiri PR;CENTRAL SICREDI PR/SP/RJ;105.0 Hora(s);1d5h44m;09/11/2023 10:20:40;;;;;;
0000355890;08/11/2023 11:11:12;" LUCAS DA SILVA ESTANISLAU";" Pagamento de crédito";" 258- AQUISIÇÃO E REEMBOLSO-MÓVEL COM REGISTRO";149.137.799-23;" BENICIO CAPARROZ PELLEGRINELI";010512/0149-00;;" Concluído";072666;Mariluz;207;SICREDI VALE DO PIQUIRI ABCD P;207;SUREG Vale do Piquiri PR;CENTRAL SICREDI PR/SP/RJ;105.0 Hora(s);1d5h44m;09/11/2023 09:57:24;;;;;;
0000355890;08/11/2023 11:11:12;" LUCAS DA SILVA ESTANISLAU";" Pagamento de crédito";" 258- AQUISIÇÃO E REEMBOLSO-MÓVEL COM REGISTRO";149.137.799-23;" BENICIO CAPARROZ PELLEGRINELI";010512/0149-00;;" Concluído";072666;Mariluz;207;SICREDI VALE DO PIQUIRI ABCD P;207;SUREG Vale do Piquiri PR;CENTRAL SICREDI PR/SP/RJ;105.0 Hora(s);1d5h44m;09/11/2023 09:57:12;;;;;;
0000355890;08/11/2023 11:11:12;" LUCAS DA SILVA ESTANISLAU";" Pagamento de crédito";" 258- AQUISIÇÃO E REEMBOLSO-MÓVEL COM REGISTRO";149.137.799-23;" BENICIO CAPARROZ PELLEGRINELI";010512/0149-00;;" Concluído";072666;Mariluz;207;SICREDI VALE DO PIQUIRI ABCD P;207;SUREG Vale do Piquiri PR;CENTRAL SICREDI PR/SP/RJ;105.0 Hora(s);1d5h44m;08/11/2023 11:25:48;;;;;;
0000355890;08/11/2023 11:11:12;" LUCAS DA SILVA ESTANISLAU";" Pagamento de crédito";" 258- AQUISIÇÃO E REEMBOLSO-MÓVEL COM REGISTRO";149.137.799-23;" BENICIO CAPARROZ PELLEGRINELI";010512/0149-00;;" Concluído";072666;Mariluz;207;SICREDI VALE DO PIQUIRI ABCD P;207;SUREG Vale do Piquiri PR;CENTRAL SICREDI PR/SP/RJ;105.0 Hora(s);1d5h44m;08/11/2023 11:21:57;;;;;;
