﻿ID_Processo7;DT_Solicitacao8;NM_Usuario_Solicitacao8;NM_Tipo_Processo8;NM_Processo8;CD_Inscricao_Nacional8;NM_Pessoa8;Usuário;Grupo_Cota_Outros8;ST_Status8;CD_Comissionado2;NM_Fantasia_Comissionado2;CD_Tipo_Ponto_Venda3;NM_Fantasia_Ponto_Venda2;CD_Tipo_Ponto_Venda4;NM_Tipo_Ponto_Venda2;NM_Filial_Venda2;Nivel_Servico8;Tempo_Processo8;DH_Conclusao8;NM_Atividade1;Nivel_Servico_Atividade1;DT_Inicio_Atividade1;DT_Fim_Atividade1;NM_Usuario_Atividade1;Tempo_Processo_Atividade1
0000356100;08/11/2023 14:11:48;" Vagner Francisco Hochmann";" Pagamento de crédito";" 258- AQUISIÇÃO E REEMBOLSO-MÓVEL COM REGISTRO";028.735.030-41;" ANGELA APARECIDA ROMAN";010531/0255-00;;" Concluído";021719;Faxinalzinho;104;SICREDI UNIESTADOS;104;SUREG Erechim RS;CENTRAL SICREDI SUL/SUDESTE;105.0 Hora(s);2d1h17m;10/11/2023 15:35:33;LIBERAR PAGAMENTOS;0h00m;10/11/2023 15:04:58;10/11/2023 15:35:33;ELKIAYER FAGUNDES TRINDADE;0h00m
0000356100;08/11/2023 14:11:48;" Vagner Francisco Hochmann";" Pagamento de crédito";" 258- AQUISIÇÃO E REEMBOLSO-MÓVEL COM REGISTRO";028.735.030-41;" ANGELA APARECIDA ROMAN";010531/0255-00;;" Concluído";021719;Faxinalzinho;104;SICREDI UNIESTADOS;104;SUREG Erechim RS;CENTRAL SICREDI SUL/SUDESTE;105.0 Hora(s);2d1h17m;10/11/2023 15:04:58;APROVAR PAGAMENTO;1h00m;10/11/2023 15:04:53;10/11/2023 15:04:58;LARISSA JAENISCH DUTRA PINTO;0h00m
0000356100;08/11/2023 14:11:48;" Vagner Francisco Hochmann";" Pagamento de crédito";" 258- AQUISIÇÃO E REEMBOLSO-MÓVEL COM REGISTRO";028.735.030-41;" ANGELA APARECIDA ROMAN";010531/0255-00;;" Concluído";021719;Faxinalzinho;104;SICREDI UNIESTADOS;104;SUREG Erechim RS;CENTRAL SICREDI SUL/SUDESTE;105.0 Hora(s);2d1h17m;10/11/2023 15:04:53;PROGRAMAR PAGAMENTO;1h00m;10/11/2023 15:04:34;10/11/2023 15:04:53;LARISSA JAENISCH DUTRA PINTO;0h00m
0000356100;08/11/2023 14:11:48;" Vagner Francisco Hochmann";" Pagamento de crédito";" 258- AQUISIÇÃO E REEMBOLSO-MÓVEL COM REGISTRO";028.735.030-41;" ANGELA APARECIDA ROMAN";010531/0255-00;;" Concluído";021719;Faxinalzinho;104;SICREDI UNIESTADOS;104;SUREG Erechim RS;CENTRAL SICREDI SUL/SUDESTE;105.0 Hora(s);2d1h17m;10/11/2023 15:04:34;ANALISAR DOCUMENTOS PARA LIBERAÇÃO 2ª ETAPA;18h00m;09/11/2023 16:55:37;10/11/2023 15:04:34;LARISSA JAENISCH DUTRA PINTO;0h02m
0000356100;08/11/2023 14:11:48;" Vagner Francisco Hochmann";" Pagamento de crédito";" 258- AQUISIÇÃO E REEMBOLSO-MÓVEL COM REGISTRO";028.735.030-41;" ANGELA APARECIDA ROMAN";010531/0255-00;;" Concluído";021719;Faxinalzinho;104;SICREDI UNIESTADOS;104;SUREG Erechim RS;CENTRAL SICREDI SUL/SUDESTE;105.0 Hora(s);2d1h17m;09/11/2023 16:55:37;EMITIR DOCUMENTOS PARA LIBERAÇÃO;18h00m;09/11/2023 14:50:19;09/11/2023 16:55:37;Vagner Francisco Hochmann;0h00m
0000356100;08/11/2023 14:11:48;" Vagner Francisco Hochmann";" Pagamento de crédito";" 258- AQUISIÇÃO E REEMBOLSO-MÓVEL COM REGISTRO";028.735.030-41;" ANGELA APARECIDA ROMAN";010531/0255-00;;" Concluído";021719;Faxinalzinho;104;SICREDI UNIESTADOS;104;SUREG Erechim RS;CENTRAL SICREDI SUL/SUDESTE;105.0 Hora(s);2d1h17m;09/11/2023 14:50:19;REGISTRAR CONTRATO MANUALMENTE;1h00m;09/11/2023 14:50:15;09/11/2023 14:50:19;Paola dos Santos Lima;0h00m
0000356100;08/11/2023 14:11:48;" Vagner Francisco Hochmann";" Pagamento de crédito";" 258- AQUISIÇÃO E REEMBOLSO-MÓVEL COM REGISTRO";028.735.030-41;" ANGELA APARECIDA ROMAN";010531/0255-00;;" Concluído";021719;Faxinalzinho;104;SICREDI UNIESTADOS;104;SUREG Erechim RS;CENTRAL SICREDI SUL/SUDESTE;105.0 Hora(s);2d1h17m;09/11/2023 14:50:15;ALIENAR O BEM;1h00m;09/11/2023 14:49:08;09/11/2023 14:50:15;Paola dos Santos Lima;0h01m
0000356100;08/11/2023 14:11:48;" Vagner Francisco Hochmann";" Pagamento de crédito";" 258- AQUISIÇÃO E REEMBOLSO-MÓVEL COM REGISTRO";028.735.030-41;" ANGELA APARECIDA ROMAN";010531/0255-00;;" Concluído";021719;Faxinalzinho;104;SICREDI UNIESTADOS;104;SUREG Erechim RS;CENTRAL SICREDI SUL/SUDESTE;105.0 Hora(s);2d1h17m;09/11/2023 14:49:08;FINALIZAR CADASTRO DO BEM;1h00m;09/11/2023 14:49:01;09/11/2023 14:49:08;Paola dos Santos Lima;0h00m
0000356100;08/11/2023 14:11:48;" Vagner Francisco Hochmann";" Pagamento de crédito";" 258- AQUISIÇÃO E REEMBOLSO-MÓVEL COM REGISTRO";028.735.030-41;" ANGELA APARECIDA ROMAN";010531/0255-00;;" Concluído";021719;Faxinalzinho;104;SICREDI UNIESTADOS;104;SUREG Erechim RS;CENTRAL SICREDI SUL/SUDESTE;105.0 Hora(s);2d1h17m;09/11/2023 14:49:00;ANÁLISE DE DOCUMENTOS 1ª ETAPA;18h00m;08/11/2023 14:25:04;09/11/2023 14:49:00;Paola dos Santos Lima;0h12m
0000356100;08/11/2023 14:11:48;" Vagner Francisco Hochmann";" Pagamento de crédito";" 258- AQUISIÇÃO E REEMBOLSO-MÓVEL COM REGISTRO";028.735.030-41;" ANGELA APARECIDA ROMAN";010531/0255-00;;" Concluído";021719;Faxinalzinho;104;SICREDI UNIESTADOS;104;SUREG Erechim RS;CENTRAL SICREDI SUL/SUDESTE;105.0 Hora(s);2d1h17m;08/11/2023 14:25:04;ENVIAR DOCUMENTOS;1d21h00m;08/11/2023 14:19:15;08/11/2023 14:25:04;Vagner Francisco Hochmann;0h00m
0000356100;08/11/2023 14:11:48;" Vagner Francisco Hochmann";" Pagamento de crédito";" 258- AQUISIÇÃO E REEMBOLSO-MÓVEL COM REGISTRO";028.735.030-41;" ANGELA APARECIDA ROMAN";010531/0255-00;;" Concluído";021719;Faxinalzinho;104;SICREDI UNIESTADOS;104;SUREG Erechim RS;CENTRAL SICREDI SUL/SUDESTE;105.0 Hora(s);2d1h17m;08/11/2023 14:19:15;AUTORIZAÇÃO DE FATURAMENTO;0h00m;08/11/2023 14:18:31;08/11/2023 14:19:15;;0h00m
0000356100;08/11/2023 14:11:48;" Vagner Francisco Hochmann";" Pagamento de crédito";" 258- AQUISIÇÃO E REEMBOLSO-MÓVEL COM REGISTRO";028.735.030-41;" ANGELA APARECIDA ROMAN";010531/0255-00;;" Concluído";021719;Faxinalzinho;104;SICREDI UNIESTADOS;104;SUREG Erechim RS;CENTRAL SICREDI SUL/SUDESTE;105.0 Hora(s);2d1h17m;10/11/2023 15:35:33;;;;;;
0000356100;08/11/2023 14:11:48;" Vagner Francisco Hochmann";" Pagamento de crédito";" 258- AQUISIÇÃO E REEMBOLSO-MÓVEL COM REGISTRO";028.735.030-41;" ANGELA APARECIDA ROMAN";010531/0255-00;;" Concluído";021719;Faxinalzinho;104;SICREDI UNIESTADOS;104;SUREG Erechim RS;CENTRAL SICREDI SUL/SUDESTE;105.0 Hora(s);2d1h17m;10/11/2023 15:04:58;;;;;;
0000356100;08/11/2023 14:11:48;" Vagner Francisco Hochmann";" Pagamento de crédito";" 258- AQUISIÇÃO E REEMBOLSO-MÓVEL COM REGISTRO";028.735.030-41;" ANGELA APARECIDA ROMAN";010531/0255-00;;" Concluído";021719;Faxinalzinho;104;SICREDI UNIESTADOS;104;SUREG Erechim RS;CENTRAL SICREDI SUL/SUDESTE;105.0 Hora(s);2d1h17m;10/11/2023 15:04:53;;;;;;
0000356100;08/11/2023 14:11:48;" Vagner Francisco Hochmann";" Pagamento de crédito";" 258- AQUISIÇÃO E REEMBOLSO-MÓVEL COM REGISTRO";028.735.030-41;" ANGELA APARECIDA ROMAN";010531/0255-00;;" Concluído";021719;Faxinalzinho;104;SICREDI UNIESTADOS;104;SUREG Erechim RS;CENTRAL SICREDI SUL/SUDESTE;105.0 Hora(s);2d1h17m;10/11/2023 15:04:34;;;;;;
0000356100;08/11/2023 14:11:48;" Vagner Francisco Hochmann";" Pagamento de crédito";" 258- AQUISIÇÃO E REEMBOLSO-MÓVEL COM REGISTRO";028.735.030-41;" ANGELA APARECIDA ROMAN";010531/0255-00;;" Concluído";021719;Faxinalzinho;104;SICREDI UNIESTADOS;104;SUREG Erechim RS;CENTRAL SICREDI SUL/SUDESTE;105.0 Hora(s);2d1h17m;09/11/2023 16:55:37;;;;;;
0000356100;08/11/2023 14:11:48;" Vagner Francisco Hochmann";" Pagamento de crédito";" 258- AQUISIÇÃO E REEMBOLSO-MÓVEL COM REGISTRO";028.735.030-41;" ANGELA APARECIDA ROMAN";010531/0255-00;;" Concluído";021719;Faxinalzinho;104;SICREDI UNIESTADOS;104;SUREG Erechim RS;CENTRAL SICREDI SUL/SUDESTE;105.0 Hora(s);2d1h17m;09/11/2023 14:50:19;;;;;;
0000356100;08/11/2023 14:11:48;" Vagner Francisco Hochmann";" Pagamento de crédito";" 258- AQUISIÇÃO E REEMBOLSO-MÓVEL COM REGISTRO";028.735.030-41;" ANGELA APARECIDA ROMAN";010531/0255-00;;" Concluído";021719;Faxinalzinho;104;SICREDI UNIESTADOS;104;SUREG Erechim RS;CENTRAL SICREDI SUL/SUDESTE;105.0 Hora(s);2d1h17m;09/11/2023 14:50:15;;;;;;
0000356100;08/11/2023 14:11:48;" Vagner Francisco Hochmann";" Pagamento de crédito";" 258- AQUISIÇÃO E REEMBOLSO-MÓVEL COM REGISTRO";028.735.030-41;" ANGELA APARECIDA ROMAN";010531/0255-00;;" Concluído";021719;Faxinalzinho;104;SICREDI UNIESTADOS;104;SUREG Erechim RS;CENTRAL SICREDI SUL/SUDESTE;105.0 Hora(s);2d1h17m;09/11/2023 14:49:08;;;;;;
0000356100;08/11/2023 14:11:48;" Vagner Francisco Hochmann";" Pagamento de crédito";" 258- AQUISIÇÃO E REEMBOLSO-MÓVEL COM REGISTRO";028.735.030-41;" ANGELA APARECIDA ROMAN";010531/0255-00;;" Concluído";021719;Faxinalzinho;104;SICREDI UNIESTADOS;104;SUREG Erechim RS;CENTRAL SICREDI SUL/SUDESTE;105.0 Hora(s);2d1h17m;09/11/2023 14:49:00;;;;;;
0000356100;08/11/2023 14:11:48;" Vagner Francisco Hochmann";" Pagamento de crédito";" 258- AQUISIÇÃO E REEMBOLSO-MÓVEL COM REGISTRO";028.735.030-41;" ANGELA APARECIDA ROMAN";010531/0255-00;;" Concluído";021719;Faxinalzinho;104;SICREDI UNIESTADOS;104;SUREG Erechim RS;CENTRAL SICREDI SUL/SUDESTE;105.0 Hora(s);2d1h17m;08/11/2023 14:25:04;;;;;;
0000356100;08/11/2023 14:11:48;" Vagner Francisco Hochmann";" Pagamento de crédito";" 258- AQUISIÇÃO E REEMBOLSO-MÓVEL COM REGISTRO";028.735.030-41;" ANGELA APARECIDA ROMAN";010531/0255-00;;" Concluído";021719;Faxinalzinho;104;SICREDI UNIESTADOS;104;SUREG Erechim RS;CENTRAL SICREDI SUL/SUDESTE;105.0 Hora(s);2d1h17m;08/11/2023 14:19:15;;;;;;
