﻿ID_Processo7;DT_Solicitacao8;NM_Usuario_Solicitacao8;NM_Tipo_Processo8;NM_Processo8;CD_Inscricao_Nacional8;NM_Pessoa8;Usuário;Grupo_Cota_Outros8;ST_Status8;CD_Comissionado2;NM_Fantasia_Comissionado2;CD_Tipo_Ponto_Venda3;NM_Fantasia_Ponto_Venda2;CD_Tipo_Ponto_Venda4;NM_Tipo_Ponto_Venda2;NM_Filial_Venda2;Nivel_Servico8;Tempo_Processo8;DH_Conclusao8;NM_Atividade1;Nivel_Servico_Atividade1;DT_Inicio_Atividade1;DT_Fim_Atividade1;NM_Usuario_Atividade1;Tempo_Processo_Atividade1
0000356169;08/11/2023 16:11:44;" Jaques Francisco Barro";" Pagamento de crédito";" 258- AQUISIÇÃO E REEMBOLSO-MÓVEL COM REGISTRO";964.263.300-00;" JOCIMAR KIMFRE";010575/0828-00;;" Concluído";021731;Erechim - Bairro Atlantico;104;SICREDI UNIESTADOS;104;SUREG Erechim RS;CENTRAL SICREDI SUL/SUDESTE;105.0 Hora(s);4d18h18m;13/11/2023 10:41:20;LIBERAR PAGAMENTOS;0h00m;11/11/2023 13:39:18;13/11/2023 10:41:20;Kelen Hahn Paulo;0h00m
0000356169;08/11/2023 16:11:44;" Jaques Francisco Barro";" Pagamento de crédito";" 258- AQUISIÇÃO E REEMBOLSO-MÓVEL COM REGISTRO";964.263.300-00;" JOCIMAR KIMFRE";010575/0828-00;;" Concluído";021731;Erechim - Bairro Atlantico;104;SICREDI UNIESTADOS;104;SUREG Erechim RS;CENTRAL SICREDI SUL/SUDESTE;105.0 Hora(s);4d18h18m;11/11/2023 13:39:18;APROVAR PAGAMENTO;1h00m;11/11/2023 13:39:14;11/11/2023 13:39:18;LARISSA JAENISCH DUTRA PINTO;0h00m
0000356169;08/11/2023 16:11:44;" Jaques Francisco Barro";" Pagamento de crédito";" 258- AQUISIÇÃO E REEMBOLSO-MÓVEL COM REGISTRO";964.263.300-00;" JOCIMAR KIMFRE";010575/0828-00;;" Concluído";021731;Erechim - Bairro Atlantico;104;SICREDI UNIESTADOS;104;SUREG Erechim RS;CENTRAL SICREDI SUL/SUDESTE;105.0 Hora(s);4d18h18m;11/11/2023 13:39:14;PROGRAMAR PAGAMENTO;1h00m;11/11/2023 13:38:53;11/11/2023 13:39:14;LARISSA JAENISCH DUTRA PINTO;0h01m
0000356169;08/11/2023 16:11:44;" Jaques Francisco Barro";" Pagamento de crédito";" 258- AQUISIÇÃO E REEMBOLSO-MÓVEL COM REGISTRO";964.263.300-00;" JOCIMAR KIMFRE";010575/0828-00;;" Concluído";021731;Erechim - Bairro Atlantico;104;SICREDI UNIESTADOS;104;SUREG Erechim RS;CENTRAL SICREDI SUL/SUDESTE;105.0 Hora(s);4d18h18m;11/11/2023 13:38:53;ANALISAR DOCUMENTOS PARA LIBERAÇÃO 2ª ETAPA;18h00m;10/11/2023 14:59:44;11/11/2023 13:38:53;LARISSA JAENISCH DUTRA PINTO;0h01m
0000356169;08/11/2023 16:11:44;" Jaques Francisco Barro";" Pagamento de crédito";" 258- AQUISIÇÃO E REEMBOLSO-MÓVEL COM REGISTRO";964.263.300-00;" JOCIMAR KIMFRE";010575/0828-00;;" Concluído";021731;Erechim - Bairro Atlantico;104;SICREDI UNIESTADOS;104;SUREG Erechim RS;CENTRAL SICREDI SUL/SUDESTE;105.0 Hora(s);4d18h18m;10/11/2023 14:59:44;EMITIR DOCUMENTOS PARA LIBERAÇÃO;18h00m;10/11/2023 08:35:20;10/11/2023 14:59:44;Jaques Francisco Barro;0h00m
0000356169;08/11/2023 16:11:44;" Jaques Francisco Barro";" Pagamento de crédito";" 258- AQUISIÇÃO E REEMBOLSO-MÓVEL COM REGISTRO";964.263.300-00;" JOCIMAR KIMFRE";010575/0828-00;;" Concluído";021731;Erechim - Bairro Atlantico;104;SICREDI UNIESTADOS;104;SUREG Erechim RS;CENTRAL SICREDI SUL/SUDESTE;105.0 Hora(s);4d18h18m;10/11/2023 08:35:20;REGISTRAR CONTRATO MANUALMENTE;1h00m;10/11/2023 08:34:59;10/11/2023 08:35:20;Paola dos Santos Lima;0h00m
0000356169;08/11/2023 16:11:44;" Jaques Francisco Barro";" Pagamento de crédito";" 258- AQUISIÇÃO E REEMBOLSO-MÓVEL COM REGISTRO";964.263.300-00;" JOCIMAR KIMFRE";010575/0828-00;;" Concluído";021731;Erechim - Bairro Atlantico;104;SICREDI UNIESTADOS;104;SUREG Erechim RS;CENTRAL SICREDI SUL/SUDESTE;105.0 Hora(s);4d18h18m;10/11/2023 08:34:59;ALIENAR O BEM;1h00m;10/11/2023 08:34:10;10/11/2023 08:34:59;Paola dos Santos Lima;0h00m
0000356169;08/11/2023 16:11:44;" Jaques Francisco Barro";" Pagamento de crédito";" 258- AQUISIÇÃO E REEMBOLSO-MÓVEL COM REGISTRO";964.263.300-00;" JOCIMAR KIMFRE";010575/0828-00;;" Concluído";021731;Erechim - Bairro Atlantico;104;SICREDI UNIESTADOS;104;SUREG Erechim RS;CENTRAL SICREDI SUL/SUDESTE;105.0 Hora(s);4d18h18m;10/11/2023 08:34:10;FINALIZAR CADASTRO DO BEM;1h00m;10/11/2023 08:34:05;10/11/2023 08:34:10;Paola dos Santos Lima;0h00m
0000356169;08/11/2023 16:11:44;" Jaques Francisco Barro";" Pagamento de crédito";" 258- AQUISIÇÃO E REEMBOLSO-MÓVEL COM REGISTRO";964.263.300-00;" JOCIMAR KIMFRE";010575/0828-00;;" Concluído";021731;Erechim - Bairro Atlantico;104;SICREDI UNIESTADOS;104;SUREG Erechim RS;CENTRAL SICREDI SUL/SUDESTE;105.0 Hora(s);4d18h18m;10/11/2023 08:34:05;ANÁLISE DE DOCUMENTOS 1ª ETAPA;18h00m;09/11/2023 12:53:50;10/11/2023 08:34:05;Paola dos Santos Lima;0h04m
0000356169;08/11/2023 16:11:44;" Jaques Francisco Barro";" Pagamento de crédito";" 258- AQUISIÇÃO E REEMBOLSO-MÓVEL COM REGISTRO";964.263.300-00;" JOCIMAR KIMFRE";010575/0828-00;;" Concluído";021731;Erechim - Bairro Atlantico;104;SICREDI UNIESTADOS;104;SUREG Erechim RS;CENTRAL SICREDI SUL/SUDESTE;105.0 Hora(s);4d18h18m;09/11/2023 12:53:50;ENVIAR DOCUMENTOS;1d21h00m;08/11/2023 16:24:23;09/11/2023 12:53:50;Jaques Francisco Barro;0h00m
0000356169;08/11/2023 16:11:44;" Jaques Francisco Barro";" Pagamento de crédito";" 258- AQUISIÇÃO E REEMBOLSO-MÓVEL COM REGISTRO";964.263.300-00;" JOCIMAR KIMFRE";010575/0828-00;;" Concluído";021731;Erechim - Bairro Atlantico;104;SICREDI UNIESTADOS;104;SUREG Erechim RS;CENTRAL SICREDI SUL/SUDESTE;105.0 Hora(s);4d18h18m;08/11/2023 16:24:23;AUTORIZAÇÃO DE FATURAMENTO;0h00m;08/11/2023 16:23:30;08/11/2023 16:24:23;;0h00m
0000356169;08/11/2023 16:11:44;" Jaques Francisco Barro";" Pagamento de crédito";" 258- AQUISIÇÃO E REEMBOLSO-MÓVEL COM REGISTRO";964.263.300-00;" JOCIMAR KIMFRE";010575/0828-00;;" Concluído";021731;Erechim - Bairro Atlantico;104;SICREDI UNIESTADOS;104;SUREG Erechim RS;CENTRAL SICREDI SUL/SUDESTE;105.0 Hora(s);4d18h18m;13/11/2023 10:41:20;;;;;;
0000356169;08/11/2023 16:11:44;" Jaques Francisco Barro";" Pagamento de crédito";" 258- AQUISIÇÃO E REEMBOLSO-MÓVEL COM REGISTRO";964.263.300-00;" JOCIMAR KIMFRE";010575/0828-00;;" Concluído";021731;Erechim - Bairro Atlantico;104;SICREDI UNIESTADOS;104;SUREG Erechim RS;CENTRAL SICREDI SUL/SUDESTE;105.0 Hora(s);4d18h18m;11/11/2023 13:39:18;;;;;;
0000356169;08/11/2023 16:11:44;" Jaques Francisco Barro";" Pagamento de crédito";" 258- AQUISIÇÃO E REEMBOLSO-MÓVEL COM REGISTRO";964.263.300-00;" JOCIMAR KIMFRE";010575/0828-00;;" Concluído";021731;Erechim - Bairro Atlantico;104;SICREDI UNIESTADOS;104;SUREG Erechim RS;CENTRAL SICREDI SUL/SUDESTE;105.0 Hora(s);4d18h18m;11/11/2023 13:39:14;;;;;;
0000356169;08/11/2023 16:11:44;" Jaques Francisco Barro";" Pagamento de crédito";" 258- AQUISIÇÃO E REEMBOLSO-MÓVEL COM REGISTRO";964.263.300-00;" JOCIMAR KIMFRE";010575/0828-00;;" Concluído";021731;Erechim - Bairro Atlantico;104;SICREDI UNIESTADOS;104;SUREG Erechim RS;CENTRAL SICREDI SUL/SUDESTE;105.0 Hora(s);4d18h18m;11/11/2023 13:38:53;;;;;;
0000356169;08/11/2023 16:11:44;" Jaques Francisco Barro";" Pagamento de crédito";" 258- AQUISIÇÃO E REEMBOLSO-MÓVEL COM REGISTRO";964.263.300-00;" JOCIMAR KIMFRE";010575/0828-00;;" Concluído";021731;Erechim - Bairro Atlantico;104;SICREDI UNIESTADOS;104;SUREG Erechim RS;CENTRAL SICREDI SUL/SUDESTE;105.0 Hora(s);4d18h18m;10/11/2023 14:59:44;;;;;;
0000356169;08/11/2023 16:11:44;" Jaques Francisco Barro";" Pagamento de crédito";" 258- AQUISIÇÃO E REEMBOLSO-MÓVEL COM REGISTRO";964.263.300-00;" JOCIMAR KIMFRE";010575/0828-00;;" Concluído";021731;Erechim - Bairro Atlantico;104;SICREDI UNIESTADOS;104;SUREG Erechim RS;CENTRAL SICREDI SUL/SUDESTE;105.0 Hora(s);4d18h18m;10/11/2023 08:35:20;;;;;;
0000356169;08/11/2023 16:11:44;" Jaques Francisco Barro";" Pagamento de crédito";" 258- AQUISIÇÃO E REEMBOLSO-MÓVEL COM REGISTRO";964.263.300-00;" JOCIMAR KIMFRE";010575/0828-00;;" Concluído";021731;Erechim - Bairro Atlantico;104;SICREDI UNIESTADOS;104;SUREG Erechim RS;CENTRAL SICREDI SUL/SUDESTE;105.0 Hora(s);4d18h18m;10/11/2023 08:34:59;;;;;;
0000356169;08/11/2023 16:11:44;" Jaques Francisco Barro";" Pagamento de crédito";" 258- AQUISIÇÃO E REEMBOLSO-MÓVEL COM REGISTRO";964.263.300-00;" JOCIMAR KIMFRE";010575/0828-00;;" Concluído";021731;Erechim - Bairro Atlantico;104;SICREDI UNIESTADOS;104;SUREG Erechim RS;CENTRAL SICREDI SUL/SUDESTE;105.0 Hora(s);4d18h18m;10/11/2023 08:34:10;;;;;;
0000356169;08/11/2023 16:11:44;" Jaques Francisco Barro";" Pagamento de crédito";" 258- AQUISIÇÃO E REEMBOLSO-MÓVEL COM REGISTRO";964.263.300-00;" JOCIMAR KIMFRE";010575/0828-00;;" Concluído";021731;Erechim - Bairro Atlantico;104;SICREDI UNIESTADOS;104;SUREG Erechim RS;CENTRAL SICREDI SUL/SUDESTE;105.0 Hora(s);4d18h18m;10/11/2023 08:34:05;;;;;;
0000356169;08/11/2023 16:11:44;" Jaques Francisco Barro";" Pagamento de crédito";" 258- AQUISIÇÃO E REEMBOLSO-MÓVEL COM REGISTRO";964.263.300-00;" JOCIMAR KIMFRE";010575/0828-00;;" Concluído";021731;Erechim - Bairro Atlantico;104;SICREDI UNIESTADOS;104;SUREG Erechim RS;CENTRAL SICREDI SUL/SUDESTE;105.0 Hora(s);4d18h18m;09/11/2023 12:53:50;;;;;;
0000356169;08/11/2023 16:11:44;" Jaques Francisco Barro";" Pagamento de crédito";" 258- AQUISIÇÃO E REEMBOLSO-MÓVEL COM REGISTRO";964.263.300-00;" JOCIMAR KIMFRE";010575/0828-00;;" Concluído";021731;Erechim - Bairro Atlantico;104;SICREDI UNIESTADOS;104;SUREG Erechim RS;CENTRAL SICREDI SUL/SUDESTE;105.0 Hora(s);4d18h18m;08/11/2023 16:24:23;;;;;;
