﻿ID_Processo7;DT_Solicitacao8;NM_Usuario_Solicitacao8;NM_Tipo_Processo8;NM_Processo8;CD_Inscricao_Nacional8;NM_Pessoa8;Usuário;Grupo_Cota_Outros8;ST_Status8;CD_Comissionado2;NM_Fantasia_Comissionado2;CD_Tipo_Ponto_Venda3;NM_Fantasia_Ponto_Venda2;CD_Tipo_Ponto_Venda4;NM_Tipo_Ponto_Venda2;NM_Filial_Venda2;Nivel_Servico8;Tempo_Processo8;DH_Conclusao8;NM_Atividade1;Nivel_Servico_Atividade1;DT_Inicio_Atividade1;DT_Fim_Atividade1;NM_Usuario_Atividade1;Tempo_Processo_Atividade1
0000357868;14/11/2023 14:11:39;" LUCAS DA SILVA ESTANISLAU";" Pagamento de crédito";" 258- AQUISIÇÃO E REEMBOLSO-MÓVEL COM REGISTRO";640.913.179-87;" MARIA APARECIDA MARQUES ROCCO REZENDE";010546/0002-00;;" Concluído";072610;Altonia;207;SICREDI VALE DO PIQUIRI ABCD P;207;SUREG Vale do Piquiri PR;CENTRAL SICREDI PR/SP/RJ;105.0 Hora(s);2d21h36m;17/11/2023 11:45:28;LIBERAR PAGAMENTOS;0h00m;17/11/2023 10:16:03;17/11/2023 11:45:28;Kelen Hahn Paulo;0h00m
0000357868;14/11/2023 14:11:39;" LUCAS DA SILVA ESTANISLAU";" Pagamento de crédito";" 258- AQUISIÇÃO E REEMBOLSO-MÓVEL COM REGISTRO";640.913.179-87;" MARIA APARECIDA MARQUES ROCCO REZENDE";010546/0002-00;;" Concluído";072610;Altonia;207;SICREDI VALE DO PIQUIRI ABCD P;207;SUREG Vale do Piquiri PR;CENTRAL SICREDI PR/SP/RJ;105.0 Hora(s);2d21h36m;17/11/2023 10:16:03;APROVAR PAGAMENTO;1h00m;17/11/2023 10:15:59;17/11/2023 10:16:03;LARISSA JAENISCH DUTRA PINTO;0h00m
0000357868;14/11/2023 14:11:39;" LUCAS DA SILVA ESTANISLAU";" Pagamento de crédito";" 258- AQUISIÇÃO E REEMBOLSO-MÓVEL COM REGISTRO";640.913.179-87;" MARIA APARECIDA MARQUES ROCCO REZENDE";010546/0002-00;;" Concluído";072610;Altonia;207;SICREDI VALE DO PIQUIRI ABCD P;207;SUREG Vale do Piquiri PR;CENTRAL SICREDI PR/SP/RJ;105.0 Hora(s);2d21h36m;17/11/2023 10:15:59;PROGRAMAR PAGAMENTO;1h00m;17/11/2023 10:15:41;17/11/2023 10:15:59;LARISSA JAENISCH DUTRA PINTO;0h00m
0000357868;14/11/2023 14:11:39;" LUCAS DA SILVA ESTANISLAU";" Pagamento de crédito";" 258- AQUISIÇÃO E REEMBOLSO-MÓVEL COM REGISTRO";640.913.179-87;" MARIA APARECIDA MARQUES ROCCO REZENDE";010546/0002-00;;" Concluído";072610;Altonia;207;SICREDI VALE DO PIQUIRI ABCD P;207;SUREG Vale do Piquiri PR;CENTRAL SICREDI PR/SP/RJ;105.0 Hora(s);2d21h36m;17/11/2023 10:15:41;ANALISAR DOCUMENTOS PARA LIBERAÇÃO 2ª ETAPA;18h00m;16/11/2023 16:20:36;17/11/2023 10:15:41;LARISSA JAENISCH DUTRA PINTO;0h02m
0000357868;14/11/2023 14:11:39;" LUCAS DA SILVA ESTANISLAU";" Pagamento de crédito";" 258- AQUISIÇÃO E REEMBOLSO-MÓVEL COM REGISTRO";640.913.179-87;" MARIA APARECIDA MARQUES ROCCO REZENDE";010546/0002-00;;" Concluído";072610;Altonia;207;SICREDI VALE DO PIQUIRI ABCD P;207;SUREG Vale do Piquiri PR;CENTRAL SICREDI PR/SP/RJ;105.0 Hora(s);2d21h36m;16/11/2023 16:20:36;EMITIR DOCUMENTOS PARA LIBERAÇÃO;18h00m;16/11/2023 12:06:09;16/11/2023 16:20:36;LUCAS DA SILVA ESTANISLAU;0h00m
0000357868;14/11/2023 14:11:39;" LUCAS DA SILVA ESTANISLAU";" Pagamento de crédito";" 258- AQUISIÇÃO E REEMBOLSO-MÓVEL COM REGISTRO";640.913.179-87;" MARIA APARECIDA MARQUES ROCCO REZENDE";010546/0002-00;;" Concluído";072610;Altonia;207;SICREDI VALE DO PIQUIRI ABCD P;207;SUREG Vale do Piquiri PR;CENTRAL SICREDI PR/SP/RJ;105.0 Hora(s);2d21h36m;16/11/2023 12:06:09;REGISTRAR CONTRATO MANUALMENTE;1h00m;16/11/2023 12:06:03;16/11/2023 12:06:09;Clara Vargas;0h00m
0000357868;14/11/2023 14:11:39;" LUCAS DA SILVA ESTANISLAU";" Pagamento de crédito";" 258- AQUISIÇÃO E REEMBOLSO-MÓVEL COM REGISTRO";640.913.179-87;" MARIA APARECIDA MARQUES ROCCO REZENDE";010546/0002-00;;" Concluído";072610;Altonia;207;SICREDI VALE DO PIQUIRI ABCD P;207;SUREG Vale do Piquiri PR;CENTRAL SICREDI PR/SP/RJ;105.0 Hora(s);2d21h36m;16/11/2023 12:06:03;ALIENAR O BEM;1h00m;16/11/2023 12:05:22;16/11/2023 12:06:03;Clara Vargas;0h01m
0000357868;14/11/2023 14:11:39;" LUCAS DA SILVA ESTANISLAU";" Pagamento de crédito";" 258- AQUISIÇÃO E REEMBOLSO-MÓVEL COM REGISTRO";640.913.179-87;" MARIA APARECIDA MARQUES ROCCO REZENDE";010546/0002-00;;" Concluído";072610;Altonia;207;SICREDI VALE DO PIQUIRI ABCD P;207;SUREG Vale do Piquiri PR;CENTRAL SICREDI PR/SP/RJ;105.0 Hora(s);2d21h36m;16/11/2023 12:05:22;FINALIZAR CADASTRO DO BEM;1h00m;16/11/2023 12:05:17;16/11/2023 12:05:22;Clara Vargas;0h00m
0000357868;14/11/2023 14:11:39;" LUCAS DA SILVA ESTANISLAU";" Pagamento de crédito";" 258- AQUISIÇÃO E REEMBOLSO-MÓVEL COM REGISTRO";640.913.179-87;" MARIA APARECIDA MARQUES ROCCO REZENDE";010546/0002-00;;" Concluído";072610;Altonia;207;SICREDI VALE DO PIQUIRI ABCD P;207;SUREG Vale do Piquiri PR;CENTRAL SICREDI PR/SP/RJ;105.0 Hora(s);2d21h36m;16/11/2023 12:05:17;ANÁLISE DE DOCUMENTOS 1ª ETAPA;18h00m;14/11/2023 14:12:32;16/11/2023 12:05:17;Clara Vargas;0h06m
0000357868;14/11/2023 14:11:39;" LUCAS DA SILVA ESTANISLAU";" Pagamento de crédito";" 258- AQUISIÇÃO E REEMBOLSO-MÓVEL COM REGISTRO";640.913.179-87;" MARIA APARECIDA MARQUES ROCCO REZENDE";010546/0002-00;;" Concluído";072610;Altonia;207;SICREDI VALE DO PIQUIRI ABCD P;207;SUREG Vale do Piquiri PR;CENTRAL SICREDI PR/SP/RJ;105.0 Hora(s);2d21h36m;14/11/2023 14:12:32;ENVIAR DOCUMENTOS;1d21h00m;14/11/2023 14:10:07;14/11/2023 14:12:32;LUCAS DA SILVA ESTANISLAU;0h00m
0000357868;14/11/2023 14:11:39;" LUCAS DA SILVA ESTANISLAU";" Pagamento de crédito";" 258- AQUISIÇÃO E REEMBOLSO-MÓVEL COM REGISTRO";640.913.179-87;" MARIA APARECIDA MARQUES ROCCO REZENDE";010546/0002-00;;" Concluído";072610;Altonia;207;SICREDI VALE DO PIQUIRI ABCD P;207;SUREG Vale do Piquiri PR;CENTRAL SICREDI PR/SP/RJ;105.0 Hora(s);2d21h36m;14/11/2023 14:10:07;AUTORIZAÇÃO DE FATURAMENTO;0h00m;14/11/2023 14:09:52;14/11/2023 14:10:07;;0h00m
0000357868;14/11/2023 14:11:39;" LUCAS DA SILVA ESTANISLAU";" Pagamento de crédito";" 258- AQUISIÇÃO E REEMBOLSO-MÓVEL COM REGISTRO";640.913.179-87;" MARIA APARECIDA MARQUES ROCCO REZENDE";010546/0002-00;;" Concluído";072610;Altonia;207;SICREDI VALE DO PIQUIRI ABCD P;207;SUREG Vale do Piquiri PR;CENTRAL SICREDI PR/SP/RJ;105.0 Hora(s);2d21h36m;17/11/2023 11:45:28;;;;;;
0000357868;14/11/2023 14:11:39;" LUCAS DA SILVA ESTANISLAU";" Pagamento de crédito";" 258- AQUISIÇÃO E REEMBOLSO-MÓVEL COM REGISTRO";640.913.179-87;" MARIA APARECIDA MARQUES ROCCO REZENDE";010546/0002-00;;" Concluído";072610;Altonia;207;SICREDI VALE DO PIQUIRI ABCD P;207;SUREG Vale do Piquiri PR;CENTRAL SICREDI PR/SP/RJ;105.0 Hora(s);2d21h36m;17/11/2023 10:16:03;;;;;;
0000357868;14/11/2023 14:11:39;" LUCAS DA SILVA ESTANISLAU";" Pagamento de crédito";" 258- AQUISIÇÃO E REEMBOLSO-MÓVEL COM REGISTRO";640.913.179-87;" MARIA APARECIDA MARQUES ROCCO REZENDE";010546/0002-00;;" Concluído";072610;Altonia;207;SICREDI VALE DO PIQUIRI ABCD P;207;SUREG Vale do Piquiri PR;CENTRAL SICREDI PR/SP/RJ;105.0 Hora(s);2d21h36m;17/11/2023 10:15:59;;;;;;
0000357868;14/11/2023 14:11:39;" LUCAS DA SILVA ESTANISLAU";" Pagamento de crédito";" 258- AQUISIÇÃO E REEMBOLSO-MÓVEL COM REGISTRO";640.913.179-87;" MARIA APARECIDA MARQUES ROCCO REZENDE";010546/0002-00;;" Concluído";072610;Altonia;207;SICREDI VALE DO PIQUIRI ABCD P;207;SUREG Vale do Piquiri PR;CENTRAL SICREDI PR/SP/RJ;105.0 Hora(s);2d21h36m;17/11/2023 10:15:41;;;;;;
0000357868;14/11/2023 14:11:39;" LUCAS DA SILVA ESTANISLAU";" Pagamento de crédito";" 258- AQUISIÇÃO E REEMBOLSO-MÓVEL COM REGISTRO";640.913.179-87;" MARIA APARECIDA MARQUES ROCCO REZENDE";010546/0002-00;;" Concluído";072610;Altonia;207;SICREDI VALE DO PIQUIRI ABCD P;207;SUREG Vale do Piquiri PR;CENTRAL SICREDI PR/SP/RJ;105.0 Hora(s);2d21h36m;16/11/2023 16:20:36;;;;;;
0000357868;14/11/2023 14:11:39;" LUCAS DA SILVA ESTANISLAU";" Pagamento de crédito";" 258- AQUISIÇÃO E REEMBOLSO-MÓVEL COM REGISTRO";640.913.179-87;" MARIA APARECIDA MARQUES ROCCO REZENDE";010546/0002-00;;" Concluído";072610;Altonia;207;SICREDI VALE DO PIQUIRI ABCD P;207;SUREG Vale do Piquiri PR;CENTRAL SICREDI PR/SP/RJ;105.0 Hora(s);2d21h36m;16/11/2023 12:06:09;;;;;;
0000357868;14/11/2023 14:11:39;" LUCAS DA SILVA ESTANISLAU";" Pagamento de crédito";" 258- AQUISIÇÃO E REEMBOLSO-MÓVEL COM REGISTRO";640.913.179-87;" MARIA APARECIDA MARQUES ROCCO REZENDE";010546/0002-00;;" Concluído";072610;Altonia;207;SICREDI VALE DO PIQUIRI ABCD P;207;SUREG Vale do Piquiri PR;CENTRAL SICREDI PR/SP/RJ;105.0 Hora(s);2d21h36m;16/11/2023 12:06:03;;;;;;
0000357868;14/11/2023 14:11:39;" LUCAS DA SILVA ESTANISLAU";" Pagamento de crédito";" 258- AQUISIÇÃO E REEMBOLSO-MÓVEL COM REGISTRO";640.913.179-87;" MARIA APARECIDA MARQUES ROCCO REZENDE";010546/0002-00;;" Concluído";072610;Altonia;207;SICREDI VALE DO PIQUIRI ABCD P;207;SUREG Vale do Piquiri PR;CENTRAL SICREDI PR/SP/RJ;105.0 Hora(s);2d21h36m;16/11/2023 12:05:22;;;;;;
0000357868;14/11/2023 14:11:39;" LUCAS DA SILVA ESTANISLAU";" Pagamento de crédito";" 258- AQUISIÇÃO E REEMBOLSO-MÓVEL COM REGISTRO";640.913.179-87;" MARIA APARECIDA MARQUES ROCCO REZENDE";010546/0002-00;;" Concluído";072610;Altonia;207;SICREDI VALE DO PIQUIRI ABCD P;207;SUREG Vale do Piquiri PR;CENTRAL SICREDI PR/SP/RJ;105.0 Hora(s);2d21h36m;16/11/2023 12:05:17;;;;;;
0000357868;14/11/2023 14:11:39;" LUCAS DA SILVA ESTANISLAU";" Pagamento de crédito";" 258- AQUISIÇÃO E REEMBOLSO-MÓVEL COM REGISTRO";640.913.179-87;" MARIA APARECIDA MARQUES ROCCO REZENDE";010546/0002-00;;" Concluído";072610;Altonia;207;SICREDI VALE DO PIQUIRI ABCD P;207;SUREG Vale do Piquiri PR;CENTRAL SICREDI PR/SP/RJ;105.0 Hora(s);2d21h36m;14/11/2023 14:12:32;;;;;;
0000357868;14/11/2023 14:11:39;" LUCAS DA SILVA ESTANISLAU";" Pagamento de crédito";" 258- AQUISIÇÃO E REEMBOLSO-MÓVEL COM REGISTRO";640.913.179-87;" MARIA APARECIDA MARQUES ROCCO REZENDE";010546/0002-00;;" Concluído";072610;Altonia;207;SICREDI VALE DO PIQUIRI ABCD P;207;SUREG Vale do Piquiri PR;CENTRAL SICREDI PR/SP/RJ;105.0 Hora(s);2d21h36m;14/11/2023 14:10:07;;;;;;
