﻿ID_Processo7;DT_Solicitacao8;NM_Usuario_Solicitacao8;NM_Tipo_Processo8;NM_Processo8;CD_Inscricao_Nacional8;NM_Pessoa8;Usuário;Grupo_Cota_Outros8;ST_Status8;CD_Comissionado2;NM_Fantasia_Comissionado2;CD_Tipo_Ponto_Venda3;NM_Fantasia_Ponto_Venda2;CD_Tipo_Ponto_Venda4;NM_Tipo_Ponto_Venda2;NM_Filial_Venda2;Nivel_Servico8;Tempo_Processo8;DH_Conclusao8;NM_Atividade1;Nivel_Servico_Atividade1;DT_Inicio_Atividade1;DT_Fim_Atividade1;NM_Usuario_Atividade1;Tempo_Processo_Atividade1
0000356259;09/11/2023 09:11:42;" IGOR CAPUANO BERNINI";" Pagamento de crédito";" 258- AQUISIÇÃO E REEMBOLSO-MÓVEL COM REGISTRO";654.275.646-91;" EDUARDO DE PAULA";010581/0619-00;;" Concluído";021755;UA Poços de Caldas;104;SICREDI UNIESTADOS;104;SUREG Erechim RS;CENTRAL SICREDI SUL/SUDESTE;105.0 Hora(s);5d1h38m;14/11/2023 11:35:44;LIBERAR PAGAMENTOS;0h00m;14/11/2023 09:52:21;14/11/2023 11:35:44;ELKIAYER FAGUNDES TRINDADE;0h00m
0000356259;09/11/2023 09:11:42;" IGOR CAPUANO BERNINI";" Pagamento de crédito";" 258- AQUISIÇÃO E REEMBOLSO-MÓVEL COM REGISTRO";654.275.646-91;" EDUARDO DE PAULA";010581/0619-00;;" Concluído";021755;UA Poços de Caldas;104;SICREDI UNIESTADOS;104;SUREG Erechim RS;CENTRAL SICREDI SUL/SUDESTE;105.0 Hora(s);5d1h38m;14/11/2023 09:52:21;APROVAR PAGAMENTO;1h00m;14/11/2023 09:52:17;14/11/2023 09:52:21;LARISSA JAENISCH DUTRA PINTO;0h00m
0000356259;09/11/2023 09:11:42;" IGOR CAPUANO BERNINI";" Pagamento de crédito";" 258- AQUISIÇÃO E REEMBOLSO-MÓVEL COM REGISTRO";654.275.646-91;" EDUARDO DE PAULA";010581/0619-00;;" Concluído";021755;UA Poços de Caldas;104;SICREDI UNIESTADOS;104;SUREG Erechim RS;CENTRAL SICREDI SUL/SUDESTE;105.0 Hora(s);5d1h38m;14/11/2023 09:52:17;PROGRAMAR PAGAMENTO;1h00m;14/11/2023 09:52:04;14/11/2023 09:52:17;LARISSA JAENISCH DUTRA PINTO;0h00m
0000356259;09/11/2023 09:11:42;" IGOR CAPUANO BERNINI";" Pagamento de crédito";" 258- AQUISIÇÃO E REEMBOLSO-MÓVEL COM REGISTRO";654.275.646-91;" EDUARDO DE PAULA";010581/0619-00;;" Concluído";021755;UA Poços de Caldas;104;SICREDI UNIESTADOS;104;SUREG Erechim RS;CENTRAL SICREDI SUL/SUDESTE;105.0 Hora(s);5d1h38m;14/11/2023 09:52:04;ANALISAR DOCUMENTOS PARA LIBERAÇÃO 2ª ETAPA;18h00m;14/11/2023 08:26:14;14/11/2023 09:52:04;LARISSA JAENISCH DUTRA PINTO;0h02m
0000356259;09/11/2023 09:11:42;" IGOR CAPUANO BERNINI";" Pagamento de crédito";" 258- AQUISIÇÃO E REEMBOLSO-MÓVEL COM REGISTRO";654.275.646-91;" EDUARDO DE PAULA";010581/0619-00;;" Concluído";021755;UA Poços de Caldas;104;SICREDI UNIESTADOS;104;SUREG Erechim RS;CENTRAL SICREDI SUL/SUDESTE;105.0 Hora(s);5d1h38m;14/11/2023 08:26:14;EMITIR DOCUMENTOS PARA LIBERAÇÃO;18h00m;10/11/2023 14:55:47;14/11/2023 08:26:14;IGOR CAPUANO BERNINI;0h00m
0000356259;09/11/2023 09:11:42;" IGOR CAPUANO BERNINI";" Pagamento de crédito";" 258- AQUISIÇÃO E REEMBOLSO-MÓVEL COM REGISTRO";654.275.646-91;" EDUARDO DE PAULA";010581/0619-00;;" Concluído";021755;UA Poços de Caldas;104;SICREDI UNIESTADOS;104;SUREG Erechim RS;CENTRAL SICREDI SUL/SUDESTE;105.0 Hora(s);5d1h38m;10/11/2023 14:55:47;REGISTRAR CONTRATO MANUALMENTE;1h00m;10/11/2023 14:55:43;10/11/2023 14:55:47;Paola dos Santos Lima;0h00m
0000356259;09/11/2023 09:11:42;" IGOR CAPUANO BERNINI";" Pagamento de crédito";" 258- AQUISIÇÃO E REEMBOLSO-MÓVEL COM REGISTRO";654.275.646-91;" EDUARDO DE PAULA";010581/0619-00;;" Concluído";021755;UA Poços de Caldas;104;SICREDI UNIESTADOS;104;SUREG Erechim RS;CENTRAL SICREDI SUL/SUDESTE;105.0 Hora(s);5d1h38m;10/11/2023 14:55:43;ALIENAR O BEM;1h00m;10/11/2023 14:54:14;10/11/2023 14:55:43;Paola dos Santos Lima;0h01m
0000356259;09/11/2023 09:11:42;" IGOR CAPUANO BERNINI";" Pagamento de crédito";" 258- AQUISIÇÃO E REEMBOLSO-MÓVEL COM REGISTRO";654.275.646-91;" EDUARDO DE PAULA";010581/0619-00;;" Concluído";021755;UA Poços de Caldas;104;SICREDI UNIESTADOS;104;SUREG Erechim RS;CENTRAL SICREDI SUL/SUDESTE;105.0 Hora(s);5d1h38m;10/11/2023 14:54:14;FINALIZAR CADASTRO DO BEM;1h00m;10/11/2023 14:54:05;10/11/2023 14:54:14;Paola dos Santos Lima;0h00m
0000356259;09/11/2023 09:11:42;" IGOR CAPUANO BERNINI";" Pagamento de crédito";" 258- AQUISIÇÃO E REEMBOLSO-MÓVEL COM REGISTRO";654.275.646-91;" EDUARDO DE PAULA";010581/0619-00;;" Concluído";021755;UA Poços de Caldas;104;SICREDI UNIESTADOS;104;SUREG Erechim RS;CENTRAL SICREDI SUL/SUDESTE;105.0 Hora(s);5d1h38m;10/11/2023 14:54:05;ANÁLISE DE DOCUMENTOS 1ª ETAPA;18h00m;09/11/2023 15:24:53;10/11/2023 14:54:05;Paola dos Santos Lima;0h07m
0000356259;09/11/2023 09:11:42;" IGOR CAPUANO BERNINI";" Pagamento de crédito";" 258- AQUISIÇÃO E REEMBOLSO-MÓVEL COM REGISTRO";654.275.646-91;" EDUARDO DE PAULA";010581/0619-00;;" Concluído";021755;UA Poços de Caldas;104;SICREDI UNIESTADOS;104;SUREG Erechim RS;CENTRAL SICREDI SUL/SUDESTE;105.0 Hora(s);5d1h38m;09/11/2023 15:24:53;ENVIAR DOCUMENTOS;1d21h00m;09/11/2023 09:57:57;09/11/2023 15:24:53;IGOR CAPUANO BERNINI;0h00m
0000356259;09/11/2023 09:11:42;" IGOR CAPUANO BERNINI";" Pagamento de crédito";" 258- AQUISIÇÃO E REEMBOLSO-MÓVEL COM REGISTRO";654.275.646-91;" EDUARDO DE PAULA";010581/0619-00;;" Concluído";021755;UA Poços de Caldas;104;SICREDI UNIESTADOS;104;SUREG Erechim RS;CENTRAL SICREDI SUL/SUDESTE;105.0 Hora(s);5d1h38m;09/11/2023 09:57:57;AUTORIZAÇÃO DE FATURAMENTO;0h00m;09/11/2023 09:57:52;09/11/2023 09:57:57;;0h00m
0000356259;09/11/2023 09:11:42;" IGOR CAPUANO BERNINI";" Pagamento de crédito";" 258- AQUISIÇÃO E REEMBOLSO-MÓVEL COM REGISTRO";654.275.646-91;" EDUARDO DE PAULA";010581/0619-00;;" Concluído";021755;UA Poços de Caldas;104;SICREDI UNIESTADOS;104;SUREG Erechim RS;CENTRAL SICREDI SUL/SUDESTE;105.0 Hora(s);5d1h38m;14/11/2023 11:35:44;;;;;;
0000356259;09/11/2023 09:11:42;" IGOR CAPUANO BERNINI";" Pagamento de crédito";" 258- AQUISIÇÃO E REEMBOLSO-MÓVEL COM REGISTRO";654.275.646-91;" EDUARDO DE PAULA";010581/0619-00;;" Concluído";021755;UA Poços de Caldas;104;SICREDI UNIESTADOS;104;SUREG Erechim RS;CENTRAL SICREDI SUL/SUDESTE;105.0 Hora(s);5d1h38m;14/11/2023 09:52:21;;;;;;
0000356259;09/11/2023 09:11:42;" IGOR CAPUANO BERNINI";" Pagamento de crédito";" 258- AQUISIÇÃO E REEMBOLSO-MÓVEL COM REGISTRO";654.275.646-91;" EDUARDO DE PAULA";010581/0619-00;;" Concluído";021755;UA Poços de Caldas;104;SICREDI UNIESTADOS;104;SUREG Erechim RS;CENTRAL SICREDI SUL/SUDESTE;105.0 Hora(s);5d1h38m;14/11/2023 09:52:17;;;;;;
0000356259;09/11/2023 09:11:42;" IGOR CAPUANO BERNINI";" Pagamento de crédito";" 258- AQUISIÇÃO E REEMBOLSO-MÓVEL COM REGISTRO";654.275.646-91;" EDUARDO DE PAULA";010581/0619-00;;" Concluído";021755;UA Poços de Caldas;104;SICREDI UNIESTADOS;104;SUREG Erechim RS;CENTRAL SICREDI SUL/SUDESTE;105.0 Hora(s);5d1h38m;14/11/2023 09:52:04;;;;;;
0000356259;09/11/2023 09:11:42;" IGOR CAPUANO BERNINI";" Pagamento de crédito";" 258- AQUISIÇÃO E REEMBOLSO-MÓVEL COM REGISTRO";654.275.646-91;" EDUARDO DE PAULA";010581/0619-00;;" Concluído";021755;UA Poços de Caldas;104;SICREDI UNIESTADOS;104;SUREG Erechim RS;CENTRAL SICREDI SUL/SUDESTE;105.0 Hora(s);5d1h38m;14/11/2023 08:26:14;;;;;;
0000356259;09/11/2023 09:11:42;" IGOR CAPUANO BERNINI";" Pagamento de crédito";" 258- AQUISIÇÃO E REEMBOLSO-MÓVEL COM REGISTRO";654.275.646-91;" EDUARDO DE PAULA";010581/0619-00;;" Concluído";021755;UA Poços de Caldas;104;SICREDI UNIESTADOS;104;SUREG Erechim RS;CENTRAL SICREDI SUL/SUDESTE;105.0 Hora(s);5d1h38m;10/11/2023 14:55:47;;;;;;
0000356259;09/11/2023 09:11:42;" IGOR CAPUANO BERNINI";" Pagamento de crédito";" 258- AQUISIÇÃO E REEMBOLSO-MÓVEL COM REGISTRO";654.275.646-91;" EDUARDO DE PAULA";010581/0619-00;;" Concluído";021755;UA Poços de Caldas;104;SICREDI UNIESTADOS;104;SUREG Erechim RS;CENTRAL SICREDI SUL/SUDESTE;105.0 Hora(s);5d1h38m;10/11/2023 14:55:43;;;;;;
0000356259;09/11/2023 09:11:42;" IGOR CAPUANO BERNINI";" Pagamento de crédito";" 258- AQUISIÇÃO E REEMBOLSO-MÓVEL COM REGISTRO";654.275.646-91;" EDUARDO DE PAULA";010581/0619-00;;" Concluído";021755;UA Poços de Caldas;104;SICREDI UNIESTADOS;104;SUREG Erechim RS;CENTRAL SICREDI SUL/SUDESTE;105.0 Hora(s);5d1h38m;10/11/2023 14:54:14;;;;;;
0000356259;09/11/2023 09:11:42;" IGOR CAPUANO BERNINI";" Pagamento de crédito";" 258- AQUISIÇÃO E REEMBOLSO-MÓVEL COM REGISTRO";654.275.646-91;" EDUARDO DE PAULA";010581/0619-00;;" Concluído";021755;UA Poços de Caldas;104;SICREDI UNIESTADOS;104;SUREG Erechim RS;CENTRAL SICREDI SUL/SUDESTE;105.0 Hora(s);5d1h38m;10/11/2023 14:54:05;;;;;;
0000356259;09/11/2023 09:11:42;" IGOR CAPUANO BERNINI";" Pagamento de crédito";" 258- AQUISIÇÃO E REEMBOLSO-MÓVEL COM REGISTRO";654.275.646-91;" EDUARDO DE PAULA";010581/0619-00;;" Concluído";021755;UA Poços de Caldas;104;SICREDI UNIESTADOS;104;SUREG Erechim RS;CENTRAL SICREDI SUL/SUDESTE;105.0 Hora(s);5d1h38m;09/11/2023 15:24:53;;;;;;
0000356259;09/11/2023 09:11:42;" IGOR CAPUANO BERNINI";" Pagamento de crédito";" 258- AQUISIÇÃO E REEMBOLSO-MÓVEL COM REGISTRO";654.275.646-91;" EDUARDO DE PAULA";010581/0619-00;;" Concluído";021755;UA Poços de Caldas;104;SICREDI UNIESTADOS;104;SUREG Erechim RS;CENTRAL SICREDI SUL/SUDESTE;105.0 Hora(s);5d1h38m;09/11/2023 09:57:57;;;;;;
