﻿ID_Processo7;DT_Solicitacao8;NM_Usuario_Solicitacao8;NM_Tipo_Processo8;NM_Processo8;CD_Inscricao_Nacional8;NM_Pessoa8;Usuário;Grupo_Cota_Outros8;ST_Status8;CD_Comissionado2;NM_Fantasia_Comissionado2;CD_Tipo_Ponto_Venda3;NM_Fantasia_Ponto_Venda2;CD_Tipo_Ponto_Venda4;NM_Tipo_Ponto_Venda2;NM_Filial_Venda2;Nivel_Servico8;Tempo_Processo8;DH_Conclusao8;NM_Atividade1;Nivel_Servico_Atividade1;DT_Inicio_Atividade1;DT_Fim_Atividade1;NM_Usuario_Atividade1;Tempo_Processo_Atividade1
0000364119;20/11/2023 15:11:56;" MAIARA DIAS ZANELA";" Pagamento de crédito";" 264- AQUISIÇÃO E REEMBOLSO-MÓVEL SEM  REGISTRO";11.748.213/0001-12;" M BENHOSSI METALURGICA";010576/0564-00;;" Concluído";072620;Moreira Sales;207;SICREDI VALE DO PIQUIRI ABCD P;207;SUREG Vale do Piquiri PR;CENTRAL SICREDI PR/SP/RJ;103.0 Hora(s);2d20h02m;23/11/2023 11:52:36;LIBERAR PAGAMENTOS;0h00m;22/11/2023 20:26:13;23/11/2023 11:52:36;Kelen Hahn Paulo;0h00m
0000364119;20/11/2023 15:11:56;" MAIARA DIAS ZANELA";" Pagamento de crédito";" 264- AQUISIÇÃO E REEMBOLSO-MÓVEL SEM  REGISTRO";11.748.213/0001-12;" M BENHOSSI METALURGICA";010576/0564-00;;" Concluído";072620;Moreira Sales;207;SICREDI VALE DO PIQUIRI ABCD P;207;SUREG Vale do Piquiri PR;CENTRAL SICREDI PR/SP/RJ;103.0 Hora(s);2d20h02m;22/11/2023 20:26:12;APROVAR PAGAMENTO;1h00m;22/11/2023 20:26:06;22/11/2023 20:26:12;Eliane Ribas Barcelos;0h00m
0000364119;20/11/2023 15:11:56;" MAIARA DIAS ZANELA";" Pagamento de crédito";" 264- AQUISIÇÃO E REEMBOLSO-MÓVEL SEM  REGISTRO";11.748.213/0001-12;" M BENHOSSI METALURGICA";010576/0564-00;;" Concluído";072620;Moreira Sales;207;SICREDI VALE DO PIQUIRI ABCD P;207;SUREG Vale do Piquiri PR;CENTRAL SICREDI PR/SP/RJ;103.0 Hora(s);2d20h02m;22/11/2023 20:26:06;PROGRAMAR PAGAMENTO;1h00m;22/11/2023 20:24:52;22/11/2023 20:26:06;Eliane Ribas Barcelos;0h02m
0000364119;20/11/2023 15:11:56;" MAIARA DIAS ZANELA";" Pagamento de crédito";" 264- AQUISIÇÃO E REEMBOLSO-MÓVEL SEM  REGISTRO";11.748.213/0001-12;" M BENHOSSI METALURGICA";010576/0564-00;;" Concluído";072620;Moreira Sales;207;SICREDI VALE DO PIQUIRI ABCD P;207;SUREG Vale do Piquiri PR;CENTRAL SICREDI PR/SP/RJ;103.0 Hora(s);2d20h02m;22/11/2023 20:24:52;ANALISAR DOCUMENTOS PARA LIBERAÇÃO 2ª ETAPA;18h00m;22/11/2023 16:40:25;22/11/2023 20:24:52;Eliane Ribas Barcelos;0h04m
0000364119;20/11/2023 15:11:56;" MAIARA DIAS ZANELA";" Pagamento de crédito";" 264- AQUISIÇÃO E REEMBOLSO-MÓVEL SEM  REGISTRO";11.748.213/0001-12;" M BENHOSSI METALURGICA";010576/0564-00;;" Concluído";072620;Moreira Sales;207;SICREDI VALE DO PIQUIRI ABCD P;207;SUREG Vale do Piquiri PR;CENTRAL SICREDI PR/SP/RJ;103.0 Hora(s);2d20h02m;22/11/2023 16:40:25;EMITIR DOCUMENTOS PARA LIBERAÇÃO;18h00m;20/11/2023 16:15:03;22/11/2023 16:40:25;MAIARA DIAS ZANELA;0h00m
0000364119;20/11/2023 15:11:56;" MAIARA DIAS ZANELA";" Pagamento de crédito";" 264- AQUISIÇÃO E REEMBOLSO-MÓVEL SEM  REGISTRO";11.748.213/0001-12;" M BENHOSSI METALURGICA";010576/0564-00;;" Concluído";072620;Moreira Sales;207;SICREDI VALE DO PIQUIRI ABCD P;207;SUREG Vale do Piquiri PR;CENTRAL SICREDI PR/SP/RJ;103.0 Hora(s);2d20h02m;20/11/2023 16:15:03;ALIENAÇÃO DE BENS;1h00m;20/11/2023 16:15:00;20/11/2023 16:15:03;;0h00m
0000364119;20/11/2023 15:11:56;" MAIARA DIAS ZANELA";" Pagamento de crédito";" 264- AQUISIÇÃO E REEMBOLSO-MÓVEL SEM  REGISTRO";11.748.213/0001-12;" M BENHOSSI METALURGICA";010576/0564-00;;" Concluído";072620;Moreira Sales;207;SICREDI VALE DO PIQUIRI ABCD P;207;SUREG Vale do Piquiri PR;CENTRAL SICREDI PR/SP/RJ;103.0 Hora(s);2d20h02m;20/11/2023 16:14:59;FINALIZAR CADASTRO DO BEM;1h00m;20/11/2023 16:14:51;20/11/2023 16:14:59;PAOLA MENEZES DA COSTA;0h01m
0000364119;20/11/2023 15:11:56;" MAIARA DIAS ZANELA";" Pagamento de crédito";" 264- AQUISIÇÃO E REEMBOLSO-MÓVEL SEM  REGISTRO";11.748.213/0001-12;" M BENHOSSI METALURGICA";010576/0564-00;;" Concluído";072620;Moreira Sales;207;SICREDI VALE DO PIQUIRI ABCD P;207;SUREG Vale do Piquiri PR;CENTRAL SICREDI PR/SP/RJ;103.0 Hora(s);2d20h02m;20/11/2023 16:14:50;ANÁLISE DE DOCUMENTOS 1ª ETAPA;18h00m;20/11/2023 15:51:59;20/11/2023 16:14:50;PAOLA MENEZES DA COSTA;0h11m
0000364119;20/11/2023 15:11:56;" MAIARA DIAS ZANELA";" Pagamento de crédito";" 264- AQUISIÇÃO E REEMBOLSO-MÓVEL SEM  REGISTRO";11.748.213/0001-12;" M BENHOSSI METALURGICA";010576/0564-00;;" Concluído";072620;Moreira Sales;207;SICREDI VALE DO PIQUIRI ABCD P;207;SUREG Vale do Piquiri PR;CENTRAL SICREDI PR/SP/RJ;103.0 Hora(s);2d20h02m;20/11/2023 15:51:59;ENVIAR DOCUMENTOS;1d21h00m;20/11/2023 15:50:21;20/11/2023 15:51:59;MAIARA DIAS ZANELA;0h00m
0000364119;20/11/2023 15:11:56;" MAIARA DIAS ZANELA";" Pagamento de crédito";" 264- AQUISIÇÃO E REEMBOLSO-MÓVEL SEM  REGISTRO";11.748.213/0001-12;" M BENHOSSI METALURGICA";010576/0564-00;;" Concluído";072620;Moreira Sales;207;SICREDI VALE DO PIQUIRI ABCD P;207;SUREG Vale do Piquiri PR;CENTRAL SICREDI PR/SP/RJ;103.0 Hora(s);2d20h02m;20/11/2023 15:50:21;AUTORIZAÇÃO DE FATURAMENTO;0h00m;20/11/2023 15:49:24;20/11/2023 15:50:21;;0h00m
0000364119;20/11/2023 15:11:56;" MAIARA DIAS ZANELA";" Pagamento de crédito";" 264- AQUISIÇÃO E REEMBOLSO-MÓVEL SEM  REGISTRO";11.748.213/0001-12;" M BENHOSSI METALURGICA";010576/0564-00;;" Concluído";072620;Moreira Sales;207;SICREDI VALE DO PIQUIRI ABCD P;207;SUREG Vale do Piquiri PR;CENTRAL SICREDI PR/SP/RJ;103.0 Hora(s);2d20h02m;23/11/2023 11:52:36;;;;;;
0000364119;20/11/2023 15:11:56;" MAIARA DIAS ZANELA";" Pagamento de crédito";" 264- AQUISIÇÃO E REEMBOLSO-MÓVEL SEM  REGISTRO";11.748.213/0001-12;" M BENHOSSI METALURGICA";010576/0564-00;;" Concluído";072620;Moreira Sales;207;SICREDI VALE DO PIQUIRI ABCD P;207;SUREG Vale do Piquiri PR;CENTRAL SICREDI PR/SP/RJ;103.0 Hora(s);2d20h02m;22/11/2023 20:26:12;;;;;;
0000364119;20/11/2023 15:11:56;" MAIARA DIAS ZANELA";" Pagamento de crédito";" 264- AQUISIÇÃO E REEMBOLSO-MÓVEL SEM  REGISTRO";11.748.213/0001-12;" M BENHOSSI METALURGICA";010576/0564-00;;" Concluído";072620;Moreira Sales;207;SICREDI VALE DO PIQUIRI ABCD P;207;SUREG Vale do Piquiri PR;CENTRAL SICREDI PR/SP/RJ;103.0 Hora(s);2d20h02m;22/11/2023 20:26:06;;;;;;
0000364119;20/11/2023 15:11:56;" MAIARA DIAS ZANELA";" Pagamento de crédito";" 264- AQUISIÇÃO E REEMBOLSO-MÓVEL SEM  REGISTRO";11.748.213/0001-12;" M BENHOSSI METALURGICA";010576/0564-00;;" Concluído";072620;Moreira Sales;207;SICREDI VALE DO PIQUIRI ABCD P;207;SUREG Vale do Piquiri PR;CENTRAL SICREDI PR/SP/RJ;103.0 Hora(s);2d20h02m;22/11/2023 20:24:52;;;;;;
0000364119;20/11/2023 15:11:56;" MAIARA DIAS ZANELA";" Pagamento de crédito";" 264- AQUISIÇÃO E REEMBOLSO-MÓVEL SEM  REGISTRO";11.748.213/0001-12;" M BENHOSSI METALURGICA";010576/0564-00;;" Concluído";072620;Moreira Sales;207;SICREDI VALE DO PIQUIRI ABCD P;207;SUREG Vale do Piquiri PR;CENTRAL SICREDI PR/SP/RJ;103.0 Hora(s);2d20h02m;22/11/2023 16:40:25;;;;;;
0000364119;20/11/2023 15:11:56;" MAIARA DIAS ZANELA";" Pagamento de crédito";" 264- AQUISIÇÃO E REEMBOLSO-MÓVEL SEM  REGISTRO";11.748.213/0001-12;" M BENHOSSI METALURGICA";010576/0564-00;;" Concluído";072620;Moreira Sales;207;SICREDI VALE DO PIQUIRI ABCD P;207;SUREG Vale do Piquiri PR;CENTRAL SICREDI PR/SP/RJ;103.0 Hora(s);2d20h02m;20/11/2023 16:15:03;;;;;;
0000364119;20/11/2023 15:11:56;" MAIARA DIAS ZANELA";" Pagamento de crédito";" 264- AQUISIÇÃO E REEMBOLSO-MÓVEL SEM  REGISTRO";11.748.213/0001-12;" M BENHOSSI METALURGICA";010576/0564-00;;" Concluído";072620;Moreira Sales;207;SICREDI VALE DO PIQUIRI ABCD P;207;SUREG Vale do Piquiri PR;CENTRAL SICREDI PR/SP/RJ;103.0 Hora(s);2d20h02m;20/11/2023 16:14:59;;;;;;
0000364119;20/11/2023 15:11:56;" MAIARA DIAS ZANELA";" Pagamento de crédito";" 264- AQUISIÇÃO E REEMBOLSO-MÓVEL SEM  REGISTRO";11.748.213/0001-12;" M BENHOSSI METALURGICA";010576/0564-00;;" Concluído";072620;Moreira Sales;207;SICREDI VALE DO PIQUIRI ABCD P;207;SUREG Vale do Piquiri PR;CENTRAL SICREDI PR/SP/RJ;103.0 Hora(s);2d20h02m;20/11/2023 16:14:50;;;;;;
0000364119;20/11/2023 15:11:56;" MAIARA DIAS ZANELA";" Pagamento de crédito";" 264- AQUISIÇÃO E REEMBOLSO-MÓVEL SEM  REGISTRO";11.748.213/0001-12;" M BENHOSSI METALURGICA";010576/0564-00;;" Concluído";072620;Moreira Sales;207;SICREDI VALE DO PIQUIRI ABCD P;207;SUREG Vale do Piquiri PR;CENTRAL SICREDI PR/SP/RJ;103.0 Hora(s);2d20h02m;20/11/2023 15:51:59;;;;;;
0000364119;20/11/2023 15:11:56;" MAIARA DIAS ZANELA";" Pagamento de crédito";" 264- AQUISIÇÃO E REEMBOLSO-MÓVEL SEM  REGISTRO";11.748.213/0001-12;" M BENHOSSI METALURGICA";010576/0564-00;;" Concluído";072620;Moreira Sales;207;SICREDI VALE DO PIQUIRI ABCD P;207;SUREG Vale do Piquiri PR;CENTRAL SICREDI PR/SP/RJ;103.0 Hora(s);2d20h02m;20/11/2023 15:50:21;;;;;;
