﻿ID_Processo7;DT_Solicitacao8;NM_Usuario_Solicitacao8;NM_Tipo_Processo8;NM_Processo8;CD_Inscricao_Nacional8;NM_Pessoa8;Usuário;Grupo_Cota_Outros8;ST_Status8;CD_Comissionado2;NM_Fantasia_Comissionado2;CD_Tipo_Ponto_Venda3;NM_Fantasia_Ponto_Venda2;CD_Tipo_Ponto_Venda4;NM_Tipo_Ponto_Venda2;NM_Filial_Venda2;Nivel_Servico8;Tempo_Processo8;DH_Conclusao8;NM_Atividade1;Nivel_Servico_Atividade1;DT_Inicio_Atividade1;DT_Fim_Atividade1;NM_Usuario_Atividade1;Tempo_Processo_Atividade1
0000367151;22/11/2023 16:11:14;" Claudinei Luis Ficanha";" Pagamento de crédito";" 258- AQUISIÇÃO E REEMBOLSO-MÓVEL COM REGISTRO";084.838.599-39;" DOUGLAS BRUNO VUADEN";010563/0607-00;;" Concluído";021742;Alto Bela Vista;104;SICREDI UNIESTADOS;104;SUREG Erechim RS;CENTRAL SICREDI SUL/SUDESTE;105.0 Hora(s);1d19h43m;24/11/2023 11:46:16;LIBERAR PAGAMENTOS;0h00m;24/11/2023 09:56:57;24/11/2023 11:46:16;Kelen Hahn Paulo;0h00m
0000367151;22/11/2023 16:11:14;" Claudinei Luis Ficanha";" Pagamento de crédito";" 258- AQUISIÇÃO E REEMBOLSO-MÓVEL COM REGISTRO";084.838.599-39;" DOUGLAS BRUNO VUADEN";010563/0607-00;;" Concluído";021742;Alto Bela Vista;104;SICREDI UNIESTADOS;104;SUREG Erechim RS;CENTRAL SICREDI SUL/SUDESTE;105.0 Hora(s);1d19h43m;24/11/2023 09:56:57;APROVAR PAGAMENTO;1h00m;24/11/2023 09:56:53;24/11/2023 09:56:57;LARISSA JAENISCH DUTRA PINTO;0h00m
0000367151;22/11/2023 16:11:14;" Claudinei Luis Ficanha";" Pagamento de crédito";" 258- AQUISIÇÃO E REEMBOLSO-MÓVEL COM REGISTRO";084.838.599-39;" DOUGLAS BRUNO VUADEN";010563/0607-00;;" Concluído";021742;Alto Bela Vista;104;SICREDI UNIESTADOS;104;SUREG Erechim RS;CENTRAL SICREDI SUL/SUDESTE;105.0 Hora(s);1d19h43m;24/11/2023 09:56:53;PROGRAMAR PAGAMENTO;1h00m;24/11/2023 09:56:29;24/11/2023 09:56:53;LARISSA JAENISCH DUTRA PINTO;0h00m
0000367151;22/11/2023 16:11:14;" Claudinei Luis Ficanha";" Pagamento de crédito";" 258- AQUISIÇÃO E REEMBOLSO-MÓVEL COM REGISTRO";084.838.599-39;" DOUGLAS BRUNO VUADEN";010563/0607-00;;" Concluído";021742;Alto Bela Vista;104;SICREDI UNIESTADOS;104;SUREG Erechim RS;CENTRAL SICREDI SUL/SUDESTE;105.0 Hora(s);1d19h43m;24/11/2023 09:56:28;ANALISAR DOCUMENTOS PARA LIBERAÇÃO 2ª ETAPA;18h00m;23/11/2023 15:43:41;24/11/2023 09:56:28;LARISSA JAENISCH DUTRA PINTO;0h05m
0000367151;22/11/2023 16:11:14;" Claudinei Luis Ficanha";" Pagamento de crédito";" 258- AQUISIÇÃO E REEMBOLSO-MÓVEL COM REGISTRO";084.838.599-39;" DOUGLAS BRUNO VUADEN";010563/0607-00;;" Concluído";021742;Alto Bela Vista;104;SICREDI UNIESTADOS;104;SUREG Erechim RS;CENTRAL SICREDI SUL/SUDESTE;105.0 Hora(s);1d19h43m;23/11/2023 15:43:41;EMITIR DOCUMENTOS PARA LIBERAÇÃO;18h00m;23/11/2023 11:14:54;23/11/2023 15:43:41;Claudinei Luis Ficanha;0h00m
0000367151;22/11/2023 16:11:14;" Claudinei Luis Ficanha";" Pagamento de crédito";" 258- AQUISIÇÃO E REEMBOLSO-MÓVEL COM REGISTRO";084.838.599-39;" DOUGLAS BRUNO VUADEN";010563/0607-00;;" Concluído";021742;Alto Bela Vista;104;SICREDI UNIESTADOS;104;SUREG Erechim RS;CENTRAL SICREDI SUL/SUDESTE;105.0 Hora(s);1d19h43m;23/11/2023 11:14:54;REGISTRAR CONTRATO MANUALMENTE;1h00m;23/11/2023 11:14:50;23/11/2023 11:14:54;NICOLAS PAULO DE SOUSA CUNHA;0h00m
0000367151;22/11/2023 16:11:14;" Claudinei Luis Ficanha";" Pagamento de crédito";" 258- AQUISIÇÃO E REEMBOLSO-MÓVEL COM REGISTRO";084.838.599-39;" DOUGLAS BRUNO VUADEN";010563/0607-00;;" Concluído";021742;Alto Bela Vista;104;SICREDI UNIESTADOS;104;SUREG Erechim RS;CENTRAL SICREDI SUL/SUDESTE;105.0 Hora(s);1d19h43m;23/11/2023 11:14:50;ALIENAR O BEM;1h00m;23/11/2023 11:13:53;23/11/2023 11:14:50;NICOLAS PAULO DE SOUSA CUNHA;0h01m
0000367151;22/11/2023 16:11:14;" Claudinei Luis Ficanha";" Pagamento de crédito";" 258- AQUISIÇÃO E REEMBOLSO-MÓVEL COM REGISTRO";084.838.599-39;" DOUGLAS BRUNO VUADEN";010563/0607-00;;" Concluído";021742;Alto Bela Vista;104;SICREDI UNIESTADOS;104;SUREG Erechim RS;CENTRAL SICREDI SUL/SUDESTE;105.0 Hora(s);1d19h43m;23/11/2023 11:13:53;FINALIZAR CADASTRO DO BEM;1h00m;23/11/2023 11:13:42;23/11/2023 11:13:53;NICOLAS PAULO DE SOUSA CUNHA;0h00m
0000367151;22/11/2023 16:11:14;" Claudinei Luis Ficanha";" Pagamento de crédito";" 258- AQUISIÇÃO E REEMBOLSO-MÓVEL COM REGISTRO";084.838.599-39;" DOUGLAS BRUNO VUADEN";010563/0607-00;;" Concluído";021742;Alto Bela Vista;104;SICREDI UNIESTADOS;104;SUREG Erechim RS;CENTRAL SICREDI SUL/SUDESTE;105.0 Hora(s);1d19h43m;23/11/2023 11:13:42;ANÁLISE DE DOCUMENTOS 1ª ETAPA;18h00m;22/11/2023 16:15:20;23/11/2023 11:13:42;NICOLAS PAULO DE SOUSA CUNHA;0h06m
0000367151;22/11/2023 16:11:14;" Claudinei Luis Ficanha";" Pagamento de crédito";" 258- AQUISIÇÃO E REEMBOLSO-MÓVEL COM REGISTRO";084.838.599-39;" DOUGLAS BRUNO VUADEN";010563/0607-00;;" Concluído";021742;Alto Bela Vista;104;SICREDI UNIESTADOS;104;SUREG Erechim RS;CENTRAL SICREDI SUL/SUDESTE;105.0 Hora(s);1d19h43m;22/11/2023 16:15:20;ENVIAR DOCUMENTOS;1d21h00m;22/11/2023 16:04:41;22/11/2023 16:15:20;Claudinei Luis Ficanha;0h00m
0000367151;22/11/2023 16:11:14;" Claudinei Luis Ficanha";" Pagamento de crédito";" 258- AQUISIÇÃO E REEMBOLSO-MÓVEL COM REGISTRO";084.838.599-39;" DOUGLAS BRUNO VUADEN";010563/0607-00;;" Concluído";021742;Alto Bela Vista;104;SICREDI UNIESTADOS;104;SUREG Erechim RS;CENTRAL SICREDI SUL/SUDESTE;105.0 Hora(s);1d19h43m;22/11/2023 16:04:41;AUTORIZAÇÃO DE FATURAMENTO;0h00m;22/11/2023 16:03:57;22/11/2023 16:04:41;;0h00m
0000367151;22/11/2023 16:11:14;" Claudinei Luis Ficanha";" Pagamento de crédito";" 258- AQUISIÇÃO E REEMBOLSO-MÓVEL COM REGISTRO";084.838.599-39;" DOUGLAS BRUNO VUADEN";010563/0607-00;;" Concluído";021742;Alto Bela Vista;104;SICREDI UNIESTADOS;104;SUREG Erechim RS;CENTRAL SICREDI SUL/SUDESTE;105.0 Hora(s);1d19h43m;24/11/2023 11:46:16;;;;;;
0000367151;22/11/2023 16:11:14;" Claudinei Luis Ficanha";" Pagamento de crédito";" 258- AQUISIÇÃO E REEMBOLSO-MÓVEL COM REGISTRO";084.838.599-39;" DOUGLAS BRUNO VUADEN";010563/0607-00;;" Concluído";021742;Alto Bela Vista;104;SICREDI UNIESTADOS;104;SUREG Erechim RS;CENTRAL SICREDI SUL/SUDESTE;105.0 Hora(s);1d19h43m;24/11/2023 09:56:57;;;;;;
0000367151;22/11/2023 16:11:14;" Claudinei Luis Ficanha";" Pagamento de crédito";" 258- AQUISIÇÃO E REEMBOLSO-MÓVEL COM REGISTRO";084.838.599-39;" DOUGLAS BRUNO VUADEN";010563/0607-00;;" Concluído";021742;Alto Bela Vista;104;SICREDI UNIESTADOS;104;SUREG Erechim RS;CENTRAL SICREDI SUL/SUDESTE;105.0 Hora(s);1d19h43m;24/11/2023 09:56:53;;;;;;
0000367151;22/11/2023 16:11:14;" Claudinei Luis Ficanha";" Pagamento de crédito";" 258- AQUISIÇÃO E REEMBOLSO-MÓVEL COM REGISTRO";084.838.599-39;" DOUGLAS BRUNO VUADEN";010563/0607-00;;" Concluído";021742;Alto Bela Vista;104;SICREDI UNIESTADOS;104;SUREG Erechim RS;CENTRAL SICREDI SUL/SUDESTE;105.0 Hora(s);1d19h43m;24/11/2023 09:56:28;;;;;;
0000367151;22/11/2023 16:11:14;" Claudinei Luis Ficanha";" Pagamento de crédito";" 258- AQUISIÇÃO E REEMBOLSO-MÓVEL COM REGISTRO";084.838.599-39;" DOUGLAS BRUNO VUADEN";010563/0607-00;;" Concluído";021742;Alto Bela Vista;104;SICREDI UNIESTADOS;104;SUREG Erechim RS;CENTRAL SICREDI SUL/SUDESTE;105.0 Hora(s);1d19h43m;23/11/2023 15:43:41;;;;;;
0000367151;22/11/2023 16:11:14;" Claudinei Luis Ficanha";" Pagamento de crédito";" 258- AQUISIÇÃO E REEMBOLSO-MÓVEL COM REGISTRO";084.838.599-39;" DOUGLAS BRUNO VUADEN";010563/0607-00;;" Concluído";021742;Alto Bela Vista;104;SICREDI UNIESTADOS;104;SUREG Erechim RS;CENTRAL SICREDI SUL/SUDESTE;105.0 Hora(s);1d19h43m;23/11/2023 11:14:54;;;;;;
0000367151;22/11/2023 16:11:14;" Claudinei Luis Ficanha";" Pagamento de crédito";" 258- AQUISIÇÃO E REEMBOLSO-MÓVEL COM REGISTRO";084.838.599-39;" DOUGLAS BRUNO VUADEN";010563/0607-00;;" Concluído";021742;Alto Bela Vista;104;SICREDI UNIESTADOS;104;SUREG Erechim RS;CENTRAL SICREDI SUL/SUDESTE;105.0 Hora(s);1d19h43m;23/11/2023 11:14:50;;;;;;
0000367151;22/11/2023 16:11:14;" Claudinei Luis Ficanha";" Pagamento de crédito";" 258- AQUISIÇÃO E REEMBOLSO-MÓVEL COM REGISTRO";084.838.599-39;" DOUGLAS BRUNO VUADEN";010563/0607-00;;" Concluído";021742;Alto Bela Vista;104;SICREDI UNIESTADOS;104;SUREG Erechim RS;CENTRAL SICREDI SUL/SUDESTE;105.0 Hora(s);1d19h43m;23/11/2023 11:13:53;;;;;;
0000367151;22/11/2023 16:11:14;" Claudinei Luis Ficanha";" Pagamento de crédito";" 258- AQUISIÇÃO E REEMBOLSO-MÓVEL COM REGISTRO";084.838.599-39;" DOUGLAS BRUNO VUADEN";010563/0607-00;;" Concluído";021742;Alto Bela Vista;104;SICREDI UNIESTADOS;104;SUREG Erechim RS;CENTRAL SICREDI SUL/SUDESTE;105.0 Hora(s);1d19h43m;23/11/2023 11:13:42;;;;;;
0000367151;22/11/2023 16:11:14;" Claudinei Luis Ficanha";" Pagamento de crédito";" 258- AQUISIÇÃO E REEMBOLSO-MÓVEL COM REGISTRO";084.838.599-39;" DOUGLAS BRUNO VUADEN";010563/0607-00;;" Concluído";021742;Alto Bela Vista;104;SICREDI UNIESTADOS;104;SUREG Erechim RS;CENTRAL SICREDI SUL/SUDESTE;105.0 Hora(s);1d19h43m;22/11/2023 16:15:20;;;;;;
0000367151;22/11/2023 16:11:14;" Claudinei Luis Ficanha";" Pagamento de crédito";" 258- AQUISIÇÃO E REEMBOLSO-MÓVEL COM REGISTRO";084.838.599-39;" DOUGLAS BRUNO VUADEN";010563/0607-00;;" Concluído";021742;Alto Bela Vista;104;SICREDI UNIESTADOS;104;SUREG Erechim RS;CENTRAL SICREDI SUL/SUDESTE;105.0 Hora(s);1d19h43m;22/11/2023 16:04:41;;;;;;
