﻿ID_Processo7;DT_Solicitacao8;NM_Usuario_Solicitacao8;NM_Tipo_Processo8;NM_Processo8;CD_Inscricao_Nacional8;NM_Pessoa8;Usuário;Grupo_Cota_Outros8;ST_Status8;CD_Comissionado2;NM_Fantasia_Comissionado2;CD_Tipo_Ponto_Venda3;NM_Fantasia_Ponto_Venda2;CD_Tipo_Ponto_Venda4;NM_Tipo_Ponto_Venda2;NM_Filial_Venda2;Nivel_Servico8;Tempo_Processo8;DH_Conclusao8;NM_Atividade1;Nivel_Servico_Atividade1;DT_Inicio_Atividade1;DT_Fim_Atividade1;NM_Usuario_Atividade1;Tempo_Processo_Atividade1
0000358077;16/11/2023 11:11:07;" GABRIEL FERNANDES";" Pagamento de crédito";" 258- AQUISIÇÃO E REEMBOLSO-MÓVEL COM REGISTRO";018.446.940-62;" DIEGO BRUNO MALACARNE";010587/0136-00;;" Concluído";021728;Praça Jaime Lago;104;SICREDI UNIESTADOS;104;SUREG Erechim RS;CENTRAL SICREDI SUL/SUDESTE;105.0 Hora(s);1d4h09m;17/11/2023 15:47:33;LIBERAR PAGAMENTOS;0h00m;17/11/2023 11:27:15;17/11/2023 15:47:33;Kelen Hahn Paulo;0h00m
0000358077;16/11/2023 11:11:07;" GABRIEL FERNANDES";" Pagamento de crédito";" 258- AQUISIÇÃO E REEMBOLSO-MÓVEL COM REGISTRO";018.446.940-62;" DIEGO BRUNO MALACARNE";010587/0136-00;;" Concluído";021728;Praça Jaime Lago;104;SICREDI UNIESTADOS;104;SUREG Erechim RS;CENTRAL SICREDI SUL/SUDESTE;105.0 Hora(s);1d4h09m;17/11/2023 11:27:15;APROVAR PAGAMENTO;1h00m;17/11/2023 11:27:10;17/11/2023 11:27:15;Paola dos Santos Lima;0h00m
0000358077;16/11/2023 11:11:07;" GABRIEL FERNANDES";" Pagamento de crédito";" 258- AQUISIÇÃO E REEMBOLSO-MÓVEL COM REGISTRO";018.446.940-62;" DIEGO BRUNO MALACARNE";010587/0136-00;;" Concluído";021728;Praça Jaime Lago;104;SICREDI UNIESTADOS;104;SUREG Erechim RS;CENTRAL SICREDI SUL/SUDESTE;105.0 Hora(s);1d4h09m;17/11/2023 11:27:10;PROGRAMAR PAGAMENTO;1h00m;17/11/2023 11:26:22;17/11/2023 11:27:10;Paola dos Santos Lima;0h01m
0000358077;16/11/2023 11:11:07;" GABRIEL FERNANDES";" Pagamento de crédito";" 258- AQUISIÇÃO E REEMBOLSO-MÓVEL COM REGISTRO";018.446.940-62;" DIEGO BRUNO MALACARNE";010587/0136-00;;" Concluído";021728;Praça Jaime Lago;104;SICREDI UNIESTADOS;104;SUREG Erechim RS;CENTRAL SICREDI SUL/SUDESTE;105.0 Hora(s);1d4h09m;17/11/2023 11:26:22;ANALISAR DOCUMENTOS PARA LIBERAÇÃO 2ª ETAPA;18h00m;17/11/2023 08:31:51;17/11/2023 11:26:22;Paola dos Santos Lima;0h03m
0000358077;16/11/2023 11:11:07;" GABRIEL FERNANDES";" Pagamento de crédito";" 258- AQUISIÇÃO E REEMBOLSO-MÓVEL COM REGISTRO";018.446.940-62;" DIEGO BRUNO MALACARNE";010587/0136-00;;" Concluído";021728;Praça Jaime Lago;104;SICREDI UNIESTADOS;104;SUREG Erechim RS;CENTRAL SICREDI SUL/SUDESTE;105.0 Hora(s);1d4h09m;17/11/2023 08:31:51;EMITIR DOCUMENTOS PARA LIBERAÇÃO;18h00m;16/11/2023 15:14:05;17/11/2023 08:31:51;GABRIEL FERNANDES;0h00m
0000358077;16/11/2023 11:11:07;" GABRIEL FERNANDES";" Pagamento de crédito";" 258- AQUISIÇÃO E REEMBOLSO-MÓVEL COM REGISTRO";018.446.940-62;" DIEGO BRUNO MALACARNE";010587/0136-00;;" Concluído";021728;Praça Jaime Lago;104;SICREDI UNIESTADOS;104;SUREG Erechim RS;CENTRAL SICREDI SUL/SUDESTE;105.0 Hora(s);1d4h09m;16/11/2023 15:14:05;REGISTRAR CONTRATO MANUALMENTE;1h00m;16/11/2023 15:13:50;16/11/2023 15:14:05;João Pedro Pieluhowski Silva;0h00m
0000358077;16/11/2023 11:11:07;" GABRIEL FERNANDES";" Pagamento de crédito";" 258- AQUISIÇÃO E REEMBOLSO-MÓVEL COM REGISTRO";018.446.940-62;" DIEGO BRUNO MALACARNE";010587/0136-00;;" Concluído";021728;Praça Jaime Lago;104;SICREDI UNIESTADOS;104;SUREG Erechim RS;CENTRAL SICREDI SUL/SUDESTE;105.0 Hora(s);1d4h09m;16/11/2023 15:13:50;ALIENAR O BEM;1h00m;16/11/2023 15:10:30;16/11/2023 15:13:50;João Pedro Pieluhowski Silva;0h03m
0000358077;16/11/2023 11:11:07;" GABRIEL FERNANDES";" Pagamento de crédito";" 258- AQUISIÇÃO E REEMBOLSO-MÓVEL COM REGISTRO";018.446.940-62;" DIEGO BRUNO MALACARNE";010587/0136-00;;" Concluído";021728;Praça Jaime Lago;104;SICREDI UNIESTADOS;104;SUREG Erechim RS;CENTRAL SICREDI SUL/SUDESTE;105.0 Hora(s);1d4h09m;16/11/2023 15:10:30;FINALIZAR CADASTRO DO BEM;1h00m;16/11/2023 15:10:10;16/11/2023 15:10:30;João Pedro Pieluhowski Silva;0h00m
0000358077;16/11/2023 11:11:07;" GABRIEL FERNANDES";" Pagamento de crédito";" 258- AQUISIÇÃO E REEMBOLSO-MÓVEL COM REGISTRO";018.446.940-62;" DIEGO BRUNO MALACARNE";010587/0136-00;;" Concluído";021728;Praça Jaime Lago;104;SICREDI UNIESTADOS;104;SUREG Erechim RS;CENTRAL SICREDI SUL/SUDESTE;105.0 Hora(s);1d4h09m;16/11/2023 15:10:10;ANÁLISE DE DOCUMENTOS 1ª ETAPA;18h00m;16/11/2023 11:42:53;16/11/2023 15:10:10;João Pedro Pieluhowski Silva;0h06m
0000358077;16/11/2023 11:11:07;" GABRIEL FERNANDES";" Pagamento de crédito";" 258- AQUISIÇÃO E REEMBOLSO-MÓVEL COM REGISTRO";018.446.940-62;" DIEGO BRUNO MALACARNE";010587/0136-00;;" Concluído";021728;Praça Jaime Lago;104;SICREDI UNIESTADOS;104;SUREG Erechim RS;CENTRAL SICREDI SUL/SUDESTE;105.0 Hora(s);1d4h09m;16/11/2023 11:42:53;ENVIAR DOCUMENTOS;1d21h00m;16/11/2023 11:39:34;16/11/2023 11:42:53;GABRIEL FERNANDES;0h00m
0000358077;16/11/2023 11:11:07;" GABRIEL FERNANDES";" Pagamento de crédito";" 258- AQUISIÇÃO E REEMBOLSO-MÓVEL COM REGISTRO";018.446.940-62;" DIEGO BRUNO MALACARNE";010587/0136-00;;" Concluído";021728;Praça Jaime Lago;104;SICREDI UNIESTADOS;104;SUREG Erechim RS;CENTRAL SICREDI SUL/SUDESTE;105.0 Hora(s);1d4h09m;16/11/2023 11:39:34;AUTORIZAÇÃO DE FATURAMENTO;0h00m;16/11/2023 11:38:43;16/11/2023 11:39:34;;0h00m
0000358077;16/11/2023 11:11:07;" GABRIEL FERNANDES";" Pagamento de crédito";" 258- AQUISIÇÃO E REEMBOLSO-MÓVEL COM REGISTRO";018.446.940-62;" DIEGO BRUNO MALACARNE";010587/0136-00;;" Concluído";021728;Praça Jaime Lago;104;SICREDI UNIESTADOS;104;SUREG Erechim RS;CENTRAL SICREDI SUL/SUDESTE;105.0 Hora(s);1d4h09m;17/11/2023 15:47:33;;;;;;
0000358077;16/11/2023 11:11:07;" GABRIEL FERNANDES";" Pagamento de crédito";" 258- AQUISIÇÃO E REEMBOLSO-MÓVEL COM REGISTRO";018.446.940-62;" DIEGO BRUNO MALACARNE";010587/0136-00;;" Concluído";021728;Praça Jaime Lago;104;SICREDI UNIESTADOS;104;SUREG Erechim RS;CENTRAL SICREDI SUL/SUDESTE;105.0 Hora(s);1d4h09m;17/11/2023 11:27:15;;;;;;
0000358077;16/11/2023 11:11:07;" GABRIEL FERNANDES";" Pagamento de crédito";" 258- AQUISIÇÃO E REEMBOLSO-MÓVEL COM REGISTRO";018.446.940-62;" DIEGO BRUNO MALACARNE";010587/0136-00;;" Concluído";021728;Praça Jaime Lago;104;SICREDI UNIESTADOS;104;SUREG Erechim RS;CENTRAL SICREDI SUL/SUDESTE;105.0 Hora(s);1d4h09m;17/11/2023 11:27:10;;;;;;
0000358077;16/11/2023 11:11:07;" GABRIEL FERNANDES";" Pagamento de crédito";" 258- AQUISIÇÃO E REEMBOLSO-MÓVEL COM REGISTRO";018.446.940-62;" DIEGO BRUNO MALACARNE";010587/0136-00;;" Concluído";021728;Praça Jaime Lago;104;SICREDI UNIESTADOS;104;SUREG Erechim RS;CENTRAL SICREDI SUL/SUDESTE;105.0 Hora(s);1d4h09m;17/11/2023 11:26:22;;;;;;
0000358077;16/11/2023 11:11:07;" GABRIEL FERNANDES";" Pagamento de crédito";" 258- AQUISIÇÃO E REEMBOLSO-MÓVEL COM REGISTRO";018.446.940-62;" DIEGO BRUNO MALACARNE";010587/0136-00;;" Concluído";021728;Praça Jaime Lago;104;SICREDI UNIESTADOS;104;SUREG Erechim RS;CENTRAL SICREDI SUL/SUDESTE;105.0 Hora(s);1d4h09m;17/11/2023 08:31:51;;;;;;
0000358077;16/11/2023 11:11:07;" GABRIEL FERNANDES";" Pagamento de crédito";" 258- AQUISIÇÃO E REEMBOLSO-MÓVEL COM REGISTRO";018.446.940-62;" DIEGO BRUNO MALACARNE";010587/0136-00;;" Concluído";021728;Praça Jaime Lago;104;SICREDI UNIESTADOS;104;SUREG Erechim RS;CENTRAL SICREDI SUL/SUDESTE;105.0 Hora(s);1d4h09m;16/11/2023 15:14:05;;;;;;
0000358077;16/11/2023 11:11:07;" GABRIEL FERNANDES";" Pagamento de crédito";" 258- AQUISIÇÃO E REEMBOLSO-MÓVEL COM REGISTRO";018.446.940-62;" DIEGO BRUNO MALACARNE";010587/0136-00;;" Concluído";021728;Praça Jaime Lago;104;SICREDI UNIESTADOS;104;SUREG Erechim RS;CENTRAL SICREDI SUL/SUDESTE;105.0 Hora(s);1d4h09m;16/11/2023 15:13:50;;;;;;
0000358077;16/11/2023 11:11:07;" GABRIEL FERNANDES";" Pagamento de crédito";" 258- AQUISIÇÃO E REEMBOLSO-MÓVEL COM REGISTRO";018.446.940-62;" DIEGO BRUNO MALACARNE";010587/0136-00;;" Concluído";021728;Praça Jaime Lago;104;SICREDI UNIESTADOS;104;SUREG Erechim RS;CENTRAL SICREDI SUL/SUDESTE;105.0 Hora(s);1d4h09m;16/11/2023 15:10:30;;;;;;
0000358077;16/11/2023 11:11:07;" GABRIEL FERNANDES";" Pagamento de crédito";" 258- AQUISIÇÃO E REEMBOLSO-MÓVEL COM REGISTRO";018.446.940-62;" DIEGO BRUNO MALACARNE";010587/0136-00;;" Concluído";021728;Praça Jaime Lago;104;SICREDI UNIESTADOS;104;SUREG Erechim RS;CENTRAL SICREDI SUL/SUDESTE;105.0 Hora(s);1d4h09m;16/11/2023 15:10:10;;;;;;
0000358077;16/11/2023 11:11:07;" GABRIEL FERNANDES";" Pagamento de crédito";" 258- AQUISIÇÃO E REEMBOLSO-MÓVEL COM REGISTRO";018.446.940-62;" DIEGO BRUNO MALACARNE";010587/0136-00;;" Concluído";021728;Praça Jaime Lago;104;SICREDI UNIESTADOS;104;SUREG Erechim RS;CENTRAL SICREDI SUL/SUDESTE;105.0 Hora(s);1d4h09m;16/11/2023 11:42:53;;;;;;
0000358077;16/11/2023 11:11:07;" GABRIEL FERNANDES";" Pagamento de crédito";" 258- AQUISIÇÃO E REEMBOLSO-MÓVEL COM REGISTRO";018.446.940-62;" DIEGO BRUNO MALACARNE";010587/0136-00;;" Concluído";021728;Praça Jaime Lago;104;SICREDI UNIESTADOS;104;SUREG Erechim RS;CENTRAL SICREDI SUL/SUDESTE;105.0 Hora(s);1d4h09m;16/11/2023 11:39:34;;;;;;
