﻿ID_Processo7;DT_Solicitacao8;NM_Usuario_Solicitacao8;NM_Tipo_Processo8;NM_Processo8;CD_Inscricao_Nacional8;NM_Pessoa8;Usuário;Grupo_Cota_Outros8;ST_Status8;CD_Comissionado2;NM_Fantasia_Comissionado2;CD_Tipo_Ponto_Venda3;NM_Fantasia_Ponto_Venda2;CD_Tipo_Ponto_Venda4;NM_Tipo_Ponto_Venda2;NM_Filial_Venda2;Nivel_Servico8;Tempo_Processo8;DH_Conclusao8;NM_Atividade1;Nivel_Servico_Atividade1;DT_Inicio_Atividade1;DT_Fim_Atividade1;NM_Usuario_Atividade1;Tempo_Processo_Atividade1
0000367130;22/11/2023 15:11:23;" ALINE CRISTIANE FRANCZAK";" Pagamento de crédito";" 264- AQUISIÇÃO E REEMBOLSO-MÓVEL SEM  REGISTRO";018.475.590-50;" RAFAEL LUIZ VARGAS";010540/0286-00;;" Aguardando Regularização";021720;Erechim Santo Dal Bosco;104;SICREDI UNIESTADOS;104;SUREG Erechim RS;CENTRAL SICREDI SUL/SUDESTE;103.0 Hora(s);0h01m;"                   ";ENVIAR DOCUMENTOS;1d21h00m;22/11/2023 15:36:17;"                   ";;0h00m
0000367130;22/11/2023 15:11:23;" ALINE CRISTIANE FRANCZAK";" Pagamento de crédito";" 264- AQUISIÇÃO E REEMBOLSO-MÓVEL SEM  REGISTRO";018.475.590-50;" RAFAEL LUIZ VARGAS";010540/0286-00;;" Aguardando Regularização";021720;Erechim Santo Dal Bosco;104;SICREDI UNIESTADOS;104;SUREG Erechim RS;CENTRAL SICREDI SUL/SUDESTE;103.0 Hora(s);0h01m;22/11/2023 15:36:17;AUTORIZAÇÃO DE FATURAMENTO;0h00m;22/11/2023 15:35:32;22/11/2023 15:36:17;;0h00m
0000367130;22/11/2023 15:11:23;" ALINE CRISTIANE FRANCZAK";" Pagamento de crédito";" 264- AQUISIÇÃO E REEMBOLSO-MÓVEL SEM  REGISTRO";018.475.590-50;" RAFAEL LUIZ VARGAS";010540/0286-00;;" Aguardando Regularização";021720;Erechim Santo Dal Bosco;104;SICREDI UNIESTADOS;104;SUREG Erechim RS;CENTRAL SICREDI SUL/SUDESTE;103.0 Hora(s);0h01m;"                   ";;;;;;
0000367130;22/11/2023 15:11:23;" ALINE CRISTIANE FRANCZAK";" Pagamento de crédito";" 264- AQUISIÇÃO E REEMBOLSO-MÓVEL SEM  REGISTRO";018.475.590-50;" RAFAEL LUIZ VARGAS";010540/0286-00;;" Aguardando Regularização";021720;Erechim Santo Dal Bosco;104;SICREDI UNIESTADOS;104;SUREG Erechim RS;CENTRAL SICREDI SUL/SUDESTE;103.0 Hora(s);0h01m;22/11/2023 15:36:17;;;;;;
