﻿ID_Processo7;DT_Solicitacao8;NM_Usuario_Solicitacao8;NM_Tipo_Processo8;NM_Processo8;CD_Inscricao_Nacional8;NM_Pessoa8;Usuário;Grupo_Cota_Outros8;ST_Status8;CD_Comissionado2;NM_Fantasia_Comissionado2;CD_Tipo_Ponto_Venda3;NM_Fantasia_Ponto_Venda2;CD_Tipo_Ponto_Venda4;NM_Tipo_Ponto_Venda2;NM_Filial_Venda2;Nivel_Servico8;Tempo_Processo8;DH_Conclusao8;NM_Atividade1;Nivel_Servico_Atividade1;DT_Inicio_Atividade1;DT_Fim_Atividade1;NM_Usuario_Atividade1;Tempo_Processo_Atividade1
0000357902;14/11/2023 15:11:43;" DANIELY MENDONCA DE FREITAS";" Pagamento de crédito";" 258- AQUISIÇÃO E REEMBOLSO-MÓVEL COM REGISTRO";110.203.309-02;" PABLO EDUARDO FREIRES DE FREITAS";010609/0421-00;;" Concluído";072658;Boa Esperança;207;SICREDI VALE DO PIQUIRI ABCD P;207;SUREG Vale do Piquiri PR;CENTRAL SICREDI PR/SP/RJ;105.0 Hora(s);2d20h33m;17/11/2023 11:45:24;LIBERAR PAGAMENTOS;0h00m;16/11/2023 19:12:30;17/11/2023 11:45:24;Kelen Hahn Paulo;0h00m
0000357902;14/11/2023 15:11:43;" DANIELY MENDONCA DE FREITAS";" Pagamento de crédito";" 258- AQUISIÇÃO E REEMBOLSO-MÓVEL COM REGISTRO";110.203.309-02;" PABLO EDUARDO FREIRES DE FREITAS";010609/0421-00;;" Concluído";072658;Boa Esperança;207;SICREDI VALE DO PIQUIRI ABCD P;207;SUREG Vale do Piquiri PR;CENTRAL SICREDI PR/SP/RJ;105.0 Hora(s);2d20h33m;16/11/2023 19:12:30;APROVAR PAGAMENTO;1h00m;16/11/2023 19:12:24;16/11/2023 19:12:30;PAOLA MENEZES DA COSTA;0h00m
0000357902;14/11/2023 15:11:43;" DANIELY MENDONCA DE FREITAS";" Pagamento de crédito";" 258- AQUISIÇÃO E REEMBOLSO-MÓVEL COM REGISTRO";110.203.309-02;" PABLO EDUARDO FREIRES DE FREITAS";010609/0421-00;;" Concluído";072658;Boa Esperança;207;SICREDI VALE DO PIQUIRI ABCD P;207;SUREG Vale do Piquiri PR;CENTRAL SICREDI PR/SP/RJ;105.0 Hora(s);2d20h33m;16/11/2023 19:12:24;PROGRAMAR PAGAMENTO;1h00m;16/11/2023 19:10:54;16/11/2023 19:12:24;PAOLA MENEZES DA COSTA;0h01m
0000357902;14/11/2023 15:11:43;" DANIELY MENDONCA DE FREITAS";" Pagamento de crédito";" 258- AQUISIÇÃO E REEMBOLSO-MÓVEL COM REGISTRO";110.203.309-02;" PABLO EDUARDO FREIRES DE FREITAS";010609/0421-00;;" Concluído";072658;Boa Esperança;207;SICREDI VALE DO PIQUIRI ABCD P;207;SUREG Vale do Piquiri PR;CENTRAL SICREDI PR/SP/RJ;105.0 Hora(s);2d20h33m;16/11/2023 19:10:53;ANALISAR DOCUMENTOS PARA LIBERAÇÃO 2ª ETAPA;18h00m;16/11/2023 14:32:21;16/11/2023 19:10:53;PAOLA MENEZES DA COSTA;0h11m
0000357902;14/11/2023 15:11:43;" DANIELY MENDONCA DE FREITAS";" Pagamento de crédito";" 258- AQUISIÇÃO E REEMBOLSO-MÓVEL COM REGISTRO";110.203.309-02;" PABLO EDUARDO FREIRES DE FREITAS";010609/0421-00;;" Concluído";072658;Boa Esperança;207;SICREDI VALE DO PIQUIRI ABCD P;207;SUREG Vale do Piquiri PR;CENTRAL SICREDI PR/SP/RJ;105.0 Hora(s);2d20h33m;16/11/2023 14:32:21;EMITIR DOCUMENTOS PARA LIBERAÇÃO;18h00m;16/11/2023 10:34:02;16/11/2023 14:32:21;DANIELY MENDONCA DE FREITAS;0h00m
0000357902;14/11/2023 15:11:43;" DANIELY MENDONCA DE FREITAS";" Pagamento de crédito";" 258- AQUISIÇÃO E REEMBOLSO-MÓVEL COM REGISTRO";110.203.309-02;" PABLO EDUARDO FREIRES DE FREITAS";010609/0421-00;;" Concluído";072658;Boa Esperança;207;SICREDI VALE DO PIQUIRI ABCD P;207;SUREG Vale do Piquiri PR;CENTRAL SICREDI PR/SP/RJ;105.0 Hora(s);2d20h33m;16/11/2023 10:34:02;REGISTRAR CONTRATO MANUALMENTE;1h00m;16/11/2023 10:33:57;16/11/2023 10:34:02;Clara Vargas;0h01m
0000357902;14/11/2023 15:11:43;" DANIELY MENDONCA DE FREITAS";" Pagamento de crédito";" 258- AQUISIÇÃO E REEMBOLSO-MÓVEL COM REGISTRO";110.203.309-02;" PABLO EDUARDO FREIRES DE FREITAS";010609/0421-00;;" Concluído";072658;Boa Esperança;207;SICREDI VALE DO PIQUIRI ABCD P;207;SUREG Vale do Piquiri PR;CENTRAL SICREDI PR/SP/RJ;105.0 Hora(s);2d20h33m;16/11/2023 10:33:57;ALIENAR O BEM;1h00m;16/11/2023 10:33:23;16/11/2023 10:33:57;Clara Vargas;0h00m
0000357902;14/11/2023 15:11:43;" DANIELY MENDONCA DE FREITAS";" Pagamento de crédito";" 258- AQUISIÇÃO E REEMBOLSO-MÓVEL COM REGISTRO";110.203.309-02;" PABLO EDUARDO FREIRES DE FREITAS";010609/0421-00;;" Concluído";072658;Boa Esperança;207;SICREDI VALE DO PIQUIRI ABCD P;207;SUREG Vale do Piquiri PR;CENTRAL SICREDI PR/SP/RJ;105.0 Hora(s);2d20h33m;16/11/2023 10:33:23;FINALIZAR CADASTRO DO BEM;1h00m;16/11/2023 10:33:19;16/11/2023 10:33:23;Clara Vargas;0h00m
0000357902;14/11/2023 15:11:43;" DANIELY MENDONCA DE FREITAS";" Pagamento de crédito";" 258- AQUISIÇÃO E REEMBOLSO-MÓVEL COM REGISTRO";110.203.309-02;" PABLO EDUARDO FREIRES DE FREITAS";010609/0421-00;;" Concluído";072658;Boa Esperança;207;SICREDI VALE DO PIQUIRI ABCD P;207;SUREG Vale do Piquiri PR;CENTRAL SICREDI PR/SP/RJ;105.0 Hora(s);2d20h33m;16/11/2023 10:33:18;ANÁLISE DE DOCUMENTOS 1ª ETAPA;18h00m;14/11/2023 15:17:26;16/11/2023 10:33:18;Clara Vargas;0h09m
0000357902;14/11/2023 15:11:43;" DANIELY MENDONCA DE FREITAS";" Pagamento de crédito";" 258- AQUISIÇÃO E REEMBOLSO-MÓVEL COM REGISTRO";110.203.309-02;" PABLO EDUARDO FREIRES DE FREITAS";010609/0421-00;;" Concluído";072658;Boa Esperança;207;SICREDI VALE DO PIQUIRI ABCD P;207;SUREG Vale do Piquiri PR;CENTRAL SICREDI PR/SP/RJ;105.0 Hora(s);2d20h33m;14/11/2023 15:17:26;ENVIAR DOCUMENTOS;1d21h00m;14/11/2023 15:13:00;14/11/2023 15:17:26;DANIELY MENDONCA DE FREITAS;0h00m
0000357902;14/11/2023 15:11:43;" DANIELY MENDONCA DE FREITAS";" Pagamento de crédito";" 258- AQUISIÇÃO E REEMBOLSO-MÓVEL COM REGISTRO";110.203.309-02;" PABLO EDUARDO FREIRES DE FREITAS";010609/0421-00;;" Concluído";072658;Boa Esperança;207;SICREDI VALE DO PIQUIRI ABCD P;207;SUREG Vale do Piquiri PR;CENTRAL SICREDI PR/SP/RJ;105.0 Hora(s);2d20h33m;14/11/2023 15:13:00;AUTORIZAÇÃO DE FATURAMENTO;0h00m;14/11/2023 15:12:39;14/11/2023 15:13:00;;0h00m
0000357902;14/11/2023 15:11:43;" DANIELY MENDONCA DE FREITAS";" Pagamento de crédito";" 258- AQUISIÇÃO E REEMBOLSO-MÓVEL COM REGISTRO";110.203.309-02;" PABLO EDUARDO FREIRES DE FREITAS";010609/0421-00;;" Concluído";072658;Boa Esperança;207;SICREDI VALE DO PIQUIRI ABCD P;207;SUREG Vale do Piquiri PR;CENTRAL SICREDI PR/SP/RJ;105.0 Hora(s);2d20h33m;17/11/2023 11:45:24;;;;;;
0000357902;14/11/2023 15:11:43;" DANIELY MENDONCA DE FREITAS";" Pagamento de crédito";" 258- AQUISIÇÃO E REEMBOLSO-MÓVEL COM REGISTRO";110.203.309-02;" PABLO EDUARDO FREIRES DE FREITAS";010609/0421-00;;" Concluído";072658;Boa Esperança;207;SICREDI VALE DO PIQUIRI ABCD P;207;SUREG Vale do Piquiri PR;CENTRAL SICREDI PR/SP/RJ;105.0 Hora(s);2d20h33m;16/11/2023 19:12:30;;;;;;
0000357902;14/11/2023 15:11:43;" DANIELY MENDONCA DE FREITAS";" Pagamento de crédito";" 258- AQUISIÇÃO E REEMBOLSO-MÓVEL COM REGISTRO";110.203.309-02;" PABLO EDUARDO FREIRES DE FREITAS";010609/0421-00;;" Concluído";072658;Boa Esperança;207;SICREDI VALE DO PIQUIRI ABCD P;207;SUREG Vale do Piquiri PR;CENTRAL SICREDI PR/SP/RJ;105.0 Hora(s);2d20h33m;16/11/2023 19:12:24;;;;;;
0000357902;14/11/2023 15:11:43;" DANIELY MENDONCA DE FREITAS";" Pagamento de crédito";" 258- AQUISIÇÃO E REEMBOLSO-MÓVEL COM REGISTRO";110.203.309-02;" PABLO EDUARDO FREIRES DE FREITAS";010609/0421-00;;" Concluído";072658;Boa Esperança;207;SICREDI VALE DO PIQUIRI ABCD P;207;SUREG Vale do Piquiri PR;CENTRAL SICREDI PR/SP/RJ;105.0 Hora(s);2d20h33m;16/11/2023 19:10:53;;;;;;
0000357902;14/11/2023 15:11:43;" DANIELY MENDONCA DE FREITAS";" Pagamento de crédito";" 258- AQUISIÇÃO E REEMBOLSO-MÓVEL COM REGISTRO";110.203.309-02;" PABLO EDUARDO FREIRES DE FREITAS";010609/0421-00;;" Concluído";072658;Boa Esperança;207;SICREDI VALE DO PIQUIRI ABCD P;207;SUREG Vale do Piquiri PR;CENTRAL SICREDI PR/SP/RJ;105.0 Hora(s);2d20h33m;16/11/2023 14:32:21;;;;;;
0000357902;14/11/2023 15:11:43;" DANIELY MENDONCA DE FREITAS";" Pagamento de crédito";" 258- AQUISIÇÃO E REEMBOLSO-MÓVEL COM REGISTRO";110.203.309-02;" PABLO EDUARDO FREIRES DE FREITAS";010609/0421-00;;" Concluído";072658;Boa Esperança;207;SICREDI VALE DO PIQUIRI ABCD P;207;SUREG Vale do Piquiri PR;CENTRAL SICREDI PR/SP/RJ;105.0 Hora(s);2d20h33m;16/11/2023 10:34:02;;;;;;
0000357902;14/11/2023 15:11:43;" DANIELY MENDONCA DE FREITAS";" Pagamento de crédito";" 258- AQUISIÇÃO E REEMBOLSO-MÓVEL COM REGISTRO";110.203.309-02;" PABLO EDUARDO FREIRES DE FREITAS";010609/0421-00;;" Concluído";072658;Boa Esperança;207;SICREDI VALE DO PIQUIRI ABCD P;207;SUREG Vale do Piquiri PR;CENTRAL SICREDI PR/SP/RJ;105.0 Hora(s);2d20h33m;16/11/2023 10:33:57;;;;;;
0000357902;14/11/2023 15:11:43;" DANIELY MENDONCA DE FREITAS";" Pagamento de crédito";" 258- AQUISIÇÃO E REEMBOLSO-MÓVEL COM REGISTRO";110.203.309-02;" PABLO EDUARDO FREIRES DE FREITAS";010609/0421-00;;" Concluído";072658;Boa Esperança;207;SICREDI VALE DO PIQUIRI ABCD P;207;SUREG Vale do Piquiri PR;CENTRAL SICREDI PR/SP/RJ;105.0 Hora(s);2d20h33m;16/11/2023 10:33:23;;;;;;
0000357902;14/11/2023 15:11:43;" DANIELY MENDONCA DE FREITAS";" Pagamento de crédito";" 258- AQUISIÇÃO E REEMBOLSO-MÓVEL COM REGISTRO";110.203.309-02;" PABLO EDUARDO FREIRES DE FREITAS";010609/0421-00;;" Concluído";072658;Boa Esperança;207;SICREDI VALE DO PIQUIRI ABCD P;207;SUREG Vale do Piquiri PR;CENTRAL SICREDI PR/SP/RJ;105.0 Hora(s);2d20h33m;16/11/2023 10:33:18;;;;;;
0000357902;14/11/2023 15:11:43;" DANIELY MENDONCA DE FREITAS";" Pagamento de crédito";" 258- AQUISIÇÃO E REEMBOLSO-MÓVEL COM REGISTRO";110.203.309-02;" PABLO EDUARDO FREIRES DE FREITAS";010609/0421-00;;" Concluído";072658;Boa Esperança;207;SICREDI VALE DO PIQUIRI ABCD P;207;SUREG Vale do Piquiri PR;CENTRAL SICREDI PR/SP/RJ;105.0 Hora(s);2d20h33m;14/11/2023 15:17:26;;;;;;
0000357902;14/11/2023 15:11:43;" DANIELY MENDONCA DE FREITAS";" Pagamento de crédito";" 258- AQUISIÇÃO E REEMBOLSO-MÓVEL COM REGISTRO";110.203.309-02;" PABLO EDUARDO FREIRES DE FREITAS";010609/0421-00;;" Concluído";072658;Boa Esperança;207;SICREDI VALE DO PIQUIRI ABCD P;207;SUREG Vale do Piquiri PR;CENTRAL SICREDI PR/SP/RJ;105.0 Hora(s);2d20h33m;14/11/2023 15:13:00;;;;;;
