﻿ID_Processo7;DT_Solicitacao8;NM_Usuario_Solicitacao8;NM_Tipo_Processo8;NM_Processo8;CD_Inscricao_Nacional8;NM_Pessoa8;Usuário;Grupo_Cota_Outros8;ST_Status8;CD_Comissionado2;NM_Fantasia_Comissionado2;CD_Tipo_Ponto_Venda3;NM_Fantasia_Ponto_Venda2;CD_Tipo_Ponto_Venda4;NM_Tipo_Ponto_Venda2;NM_Filial_Venda2;Nivel_Servico8;Tempo_Processo8;DH_Conclusao8;NM_Atividade1;Nivel_Servico_Atividade1;DT_Inicio_Atividade1;DT_Fim_Atividade1;NM_Usuario_Atividade1;Tempo_Processo_Atividade1
0000365075;21/11/2023 12:11:57;" ROBERTA ZANELLA PUCHALE";" Pagamento de crédito";" 258- AQUISIÇÃO E REEMBOLSO-MÓVEL COM REGISTRO";028.336.779-28;" MARLENE KAMIN PAULI";010609/0999-00;010609/1000-00;" Andamento";021743;LUZERNA - SC;104;SICREDI UNIESTADOS;104;SUREG Erechim RS;CENTRAL SICREDI SUL/SUDESTE;105.0 Hora(s);3d4h21m;"                   ";LIBERAR PAGAMENTOS;0h00m;24/11/2023 17:10:41;"                   ";;0h00m
0000365075;21/11/2023 12:11:57;" ROBERTA ZANELLA PUCHALE";" Pagamento de crédito";" 258- AQUISIÇÃO E REEMBOLSO-MÓVEL COM REGISTRO";028.336.779-28;" MARLENE KAMIN PAULI";010609/0999-00;010609/1000-00;" Andamento";021743;LUZERNA - SC;104;SICREDI UNIESTADOS;104;SUREG Erechim RS;CENTRAL SICREDI SUL/SUDESTE;105.0 Hora(s);3d4h21m;24/11/2023 17:10:41;APROVAR PAGAMENTO;1h00m;24/11/2023 17:10:35;24/11/2023 17:10:41;Thiago da Cunha Richter;0h00m
0000365075;21/11/2023 12:11:57;" ROBERTA ZANELLA PUCHALE";" Pagamento de crédito";" 258- AQUISIÇÃO E REEMBOLSO-MÓVEL COM REGISTRO";028.336.779-28;" MARLENE KAMIN PAULI";010609/0999-00;010609/1000-00;" Andamento";021743;LUZERNA - SC;104;SICREDI UNIESTADOS;104;SUREG Erechim RS;CENTRAL SICREDI SUL/SUDESTE;105.0 Hora(s);3d4h21m;24/11/2023 17:10:35;PROGRAMAR PAGAMENTO;1h00m;24/11/2023 17:09:16;24/11/2023 17:10:35;Thiago da Cunha Richter;0h01m
0000365075;21/11/2023 12:11:57;" ROBERTA ZANELLA PUCHALE";" Pagamento de crédito";" 258- AQUISIÇÃO E REEMBOLSO-MÓVEL COM REGISTRO";028.336.779-28;" MARLENE KAMIN PAULI";010609/0999-00;010609/1000-00;" Andamento";021743;LUZERNA - SC;104;SICREDI UNIESTADOS;104;SUREG Erechim RS;CENTRAL SICREDI SUL/SUDESTE;105.0 Hora(s);3d4h21m;24/11/2023 17:09:16;ANALISAR DOCUMENTOS PARA LIBERAÇÃO 2ª ETAPA;18h00m;24/11/2023 14:47:50;24/11/2023 17:09:16;Thiago da Cunha Richter;0h03m
0000365075;21/11/2023 12:11:57;" ROBERTA ZANELLA PUCHALE";" Pagamento de crédito";" 258- AQUISIÇÃO E REEMBOLSO-MÓVEL COM REGISTRO";028.336.779-28;" MARLENE KAMIN PAULI";010609/0999-00;010609/1000-00;" Andamento";021743;LUZERNA - SC;104;SICREDI UNIESTADOS;104;SUREG Erechim RS;CENTRAL SICREDI SUL/SUDESTE;105.0 Hora(s);3d4h21m;24/11/2023 14:47:50;EMITIR DOCUMENTOS PARA LIBERAÇÃO;18h00m;24/11/2023 11:49:23;24/11/2023 14:47:50;ROBERTA ZANELLA PUCHALE;0h00m
0000365075;21/11/2023 12:11:57;" ROBERTA ZANELLA PUCHALE";" Pagamento de crédito";" 258- AQUISIÇÃO E REEMBOLSO-MÓVEL COM REGISTRO";028.336.779-28;" MARLENE KAMIN PAULI";010609/0999-00;010609/1000-00;" Andamento";021743;LUZERNA - SC;104;SICREDI UNIESTADOS;104;SUREG Erechim RS;CENTRAL SICREDI SUL/SUDESTE;105.0 Hora(s);3d4h21m;24/11/2023 11:49:23;REGISTRAR CONTRATO MANUALMENTE;1h00m;24/11/2023 11:49:15;24/11/2023 11:49:23;NICOLAS PAULO DE SOUSA CUNHA;0h00m
0000365075;21/11/2023 12:11:57;" ROBERTA ZANELLA PUCHALE";" Pagamento de crédito";" 258- AQUISIÇÃO E REEMBOLSO-MÓVEL COM REGISTRO";028.336.779-28;" MARLENE KAMIN PAULI";010609/0999-00;010609/1000-00;" Andamento";021743;LUZERNA - SC;104;SICREDI UNIESTADOS;104;SUREG Erechim RS;CENTRAL SICREDI SUL/SUDESTE;105.0 Hora(s);3d4h21m;24/11/2023 11:49:14;ALIENAR O BEM;1h00m;23/11/2023 15:40:54;24/11/2023 11:49:14;NICOLAS PAULO DE SOUSA CUNHA;0h04m
0000365075;21/11/2023 12:11:57;" ROBERTA ZANELLA PUCHALE";" Pagamento de crédito";" 258- AQUISIÇÃO E REEMBOLSO-MÓVEL COM REGISTRO";028.336.779-28;" MARLENE KAMIN PAULI";010609/0999-00;010609/1000-00;" Andamento";021743;LUZERNA - SC;104;SICREDI UNIESTADOS;104;SUREG Erechim RS;CENTRAL SICREDI SUL/SUDESTE;105.0 Hora(s);3d4h21m;23/11/2023 15:40:54;FINALIZAR CADASTRO DO BEM;1h00m;23/11/2023 15:39:58;23/11/2023 15:40:54;NICOLAS PAULO DE SOUSA CUNHA;0h00m
0000365075;21/11/2023 12:11:57;" ROBERTA ZANELLA PUCHALE";" Pagamento de crédito";" 258- AQUISIÇÃO E REEMBOLSO-MÓVEL COM REGISTRO";028.336.779-28;" MARLENE KAMIN PAULI";010609/0999-00;010609/1000-00;" Andamento";021743;LUZERNA - SC;104;SICREDI UNIESTADOS;104;SUREG Erechim RS;CENTRAL SICREDI SUL/SUDESTE;105.0 Hora(s);3d4h21m;23/11/2023 15:39:58;ANÁLISE DE DOCUMENTOS 1ª ETAPA;18h00m;23/11/2023 11:06:03;23/11/2023 15:39:58;NICOLAS PAULO DE SOUSA CUNHA;0h05m
0000365075;21/11/2023 12:11:57;" ROBERTA ZANELLA PUCHALE";" Pagamento de crédito";" 258- AQUISIÇÃO E REEMBOLSO-MÓVEL COM REGISTRO";028.336.779-28;" MARLENE KAMIN PAULI";010609/0999-00;010609/1000-00;" Andamento";021743;LUZERNA - SC;104;SICREDI UNIESTADOS;104;SUREG Erechim RS;CENTRAL SICREDI SUL/SUDESTE;105.0 Hora(s);3d4h21m;23/11/2023 11:06:03;ENVIAR DOCUMENTOS;1d21h00m;21/11/2023 12:49:39;23/11/2023 11:06:03;ROBERTA ZANELLA PUCHALE;0h00m
0000365075;21/11/2023 12:11:57;" ROBERTA ZANELLA PUCHALE";" Pagamento de crédito";" 258- AQUISIÇÃO E REEMBOLSO-MÓVEL COM REGISTRO";028.336.779-28;" MARLENE KAMIN PAULI";010609/0999-00;010609/1000-00;" Andamento";021743;LUZERNA - SC;104;SICREDI UNIESTADOS;104;SUREG Erechim RS;CENTRAL SICREDI SUL/SUDESTE;105.0 Hora(s);3d4h21m;21/11/2023 12:49:39;AUTORIZAÇÃO DE FATURAMENTO;0h00m;21/11/2023 12:49:17;21/11/2023 12:49:39;;0h00m
0000365075;21/11/2023 12:11:57;" ROBERTA ZANELLA PUCHALE";" Pagamento de crédito";" 258- AQUISIÇÃO E REEMBOLSO-MÓVEL COM REGISTRO";028.336.779-28;" MARLENE KAMIN PAULI";010609/0999-00;010609/1000-00;" Andamento";021743;LUZERNA - SC;104;SICREDI UNIESTADOS;104;SUREG Erechim RS;CENTRAL SICREDI SUL/SUDESTE;105.0 Hora(s);3d4h21m;"                   ";;;;;;
0000365075;21/11/2023 12:11:57;" ROBERTA ZANELLA PUCHALE";" Pagamento de crédito";" 258- AQUISIÇÃO E REEMBOLSO-MÓVEL COM REGISTRO";028.336.779-28;" MARLENE KAMIN PAULI";010609/0999-00;010609/1000-00;" Andamento";021743;LUZERNA - SC;104;SICREDI UNIESTADOS;104;SUREG Erechim RS;CENTRAL SICREDI SUL/SUDESTE;105.0 Hora(s);3d4h21m;24/11/2023 17:10:41;;;;;;
0000365075;21/11/2023 12:11:57;" ROBERTA ZANELLA PUCHALE";" Pagamento de crédito";" 258- AQUISIÇÃO E REEMBOLSO-MÓVEL COM REGISTRO";028.336.779-28;" MARLENE KAMIN PAULI";010609/0999-00;010609/1000-00;" Andamento";021743;LUZERNA - SC;104;SICREDI UNIESTADOS;104;SUREG Erechim RS;CENTRAL SICREDI SUL/SUDESTE;105.0 Hora(s);3d4h21m;24/11/2023 17:10:35;;;;;;
0000365075;21/11/2023 12:11:57;" ROBERTA ZANELLA PUCHALE";" Pagamento de crédito";" 258- AQUISIÇÃO E REEMBOLSO-MÓVEL COM REGISTRO";028.336.779-28;" MARLENE KAMIN PAULI";010609/0999-00;010609/1000-00;" Andamento";021743;LUZERNA - SC;104;SICREDI UNIESTADOS;104;SUREG Erechim RS;CENTRAL SICREDI SUL/SUDESTE;105.0 Hora(s);3d4h21m;24/11/2023 17:09:16;;;;;;
0000365075;21/11/2023 12:11:57;" ROBERTA ZANELLA PUCHALE";" Pagamento de crédito";" 258- AQUISIÇÃO E REEMBOLSO-MÓVEL COM REGISTRO";028.336.779-28;" MARLENE KAMIN PAULI";010609/0999-00;010609/1000-00;" Andamento";021743;LUZERNA - SC;104;SICREDI UNIESTADOS;104;SUREG Erechim RS;CENTRAL SICREDI SUL/SUDESTE;105.0 Hora(s);3d4h21m;24/11/2023 14:47:50;;;;;;
0000365075;21/11/2023 12:11:57;" ROBERTA ZANELLA PUCHALE";" Pagamento de crédito";" 258- AQUISIÇÃO E REEMBOLSO-MÓVEL COM REGISTRO";028.336.779-28;" MARLENE KAMIN PAULI";010609/0999-00;010609/1000-00;" Andamento";021743;LUZERNA - SC;104;SICREDI UNIESTADOS;104;SUREG Erechim RS;CENTRAL SICREDI SUL/SUDESTE;105.0 Hora(s);3d4h21m;24/11/2023 11:49:23;;;;;;
0000365075;21/11/2023 12:11:57;" ROBERTA ZANELLA PUCHALE";" Pagamento de crédito";" 258- AQUISIÇÃO E REEMBOLSO-MÓVEL COM REGISTRO";028.336.779-28;" MARLENE KAMIN PAULI";010609/0999-00;010609/1000-00;" Andamento";021743;LUZERNA - SC;104;SICREDI UNIESTADOS;104;SUREG Erechim RS;CENTRAL SICREDI SUL/SUDESTE;105.0 Hora(s);3d4h21m;24/11/2023 11:49:14;;;;;;
0000365075;21/11/2023 12:11:57;" ROBERTA ZANELLA PUCHALE";" Pagamento de crédito";" 258- AQUISIÇÃO E REEMBOLSO-MÓVEL COM REGISTRO";028.336.779-28;" MARLENE KAMIN PAULI";010609/0999-00;010609/1000-00;" Andamento";021743;LUZERNA - SC;104;SICREDI UNIESTADOS;104;SUREG Erechim RS;CENTRAL SICREDI SUL/SUDESTE;105.0 Hora(s);3d4h21m;23/11/2023 15:40:54;;;;;;
0000365075;21/11/2023 12:11:57;" ROBERTA ZANELLA PUCHALE";" Pagamento de crédito";" 258- AQUISIÇÃO E REEMBOLSO-MÓVEL COM REGISTRO";028.336.779-28;" MARLENE KAMIN PAULI";010609/0999-00;010609/1000-00;" Andamento";021743;LUZERNA - SC;104;SICREDI UNIESTADOS;104;SUREG Erechim RS;CENTRAL SICREDI SUL/SUDESTE;105.0 Hora(s);3d4h21m;23/11/2023 15:39:58;;;;;;
0000365075;21/11/2023 12:11:57;" ROBERTA ZANELLA PUCHALE";" Pagamento de crédito";" 258- AQUISIÇÃO E REEMBOLSO-MÓVEL COM REGISTRO";028.336.779-28;" MARLENE KAMIN PAULI";010609/0999-00;010609/1000-00;" Andamento";021743;LUZERNA - SC;104;SICREDI UNIESTADOS;104;SUREG Erechim RS;CENTRAL SICREDI SUL/SUDESTE;105.0 Hora(s);3d4h21m;23/11/2023 11:06:03;;;;;;
0000365075;21/11/2023 12:11:57;" ROBERTA ZANELLA PUCHALE";" Pagamento de crédito";" 258- AQUISIÇÃO E REEMBOLSO-MÓVEL COM REGISTRO";028.336.779-28;" MARLENE KAMIN PAULI";010609/0999-00;010609/1000-00;" Andamento";021743;LUZERNA - SC;104;SICREDI UNIESTADOS;104;SUREG Erechim RS;CENTRAL SICREDI SUL/SUDESTE;105.0 Hora(s);3d4h21m;21/11/2023 12:49:39;;;;;;
