﻿ID_Processo7;DT_Solicitacao8;NM_Usuario_Solicitacao8;NM_Tipo_Processo8;NM_Processo8;CD_Inscricao_Nacional8;NM_Pessoa8;Usuário;Grupo_Cota_Outros8;ST_Status8;CD_Comissionado2;NM_Fantasia_Comissionado2;CD_Tipo_Ponto_Venda3;NM_Fantasia_Ponto_Venda2;CD_Tipo_Ponto_Venda4;NM_Tipo_Ponto_Venda2;NM_Filial_Venda2;Nivel_Servico8;Tempo_Processo8;DH_Conclusao8;NM_Atividade1;Nivel_Servico_Atividade1;DT_Inicio_Atividade1;DT_Fim_Atividade1;NM_Usuario_Atividade1;Tempo_Processo_Atividade1
0000365886;21/11/2023 15:11:23;" MAIARA DIAS ZANELA";" Pagamento de crédito";" 258- AQUISIÇÃO E REEMBOLSO-MÓVEL COM REGISTRO";07.091.701/0001-22;" FERNANDO ROMUALDO MACIEL LTDA";010609/0673-00;;" Concluído";072645;São Jorge do Patrocínio - PR;207;SICREDI VALE DO PIQUIRI ABCD P;207;SUREG Vale do Piquiri PR;CENTRAL SICREDI PR/SP/RJ;105.0 Hora(s);1d0h22m;22/11/2023 15:52:38;LIBERAR PAGAMENTOS;0h00m;22/11/2023 15:20:26;22/11/2023 15:52:38;Kelen Hahn Paulo;0h00m
0000365886;21/11/2023 15:11:23;" MAIARA DIAS ZANELA";" Pagamento de crédito";" 258- AQUISIÇÃO E REEMBOLSO-MÓVEL COM REGISTRO";07.091.701/0001-22;" FERNANDO ROMUALDO MACIEL LTDA";010609/0673-00;;" Concluído";072645;São Jorge do Patrocínio - PR;207;SICREDI VALE DO PIQUIRI ABCD P;207;SUREG Vale do Piquiri PR;CENTRAL SICREDI PR/SP/RJ;105.0 Hora(s);1d0h22m;22/11/2023 15:20:25;APROVAR PAGAMENTO;1h00m;22/11/2023 15:19:25;22/11/2023 15:20:25;LARISSA JAENISCH DUTRA PINTO;0h00m
0000365886;21/11/2023 15:11:23;" MAIARA DIAS ZANELA";" Pagamento de crédito";" 258- AQUISIÇÃO E REEMBOLSO-MÓVEL COM REGISTRO";07.091.701/0001-22;" FERNANDO ROMUALDO MACIEL LTDA";010609/0673-00;;" Concluído";072645;São Jorge do Patrocínio - PR;207;SICREDI VALE DO PIQUIRI ABCD P;207;SUREG Vale do Piquiri PR;CENTRAL SICREDI PR/SP/RJ;105.0 Hora(s);1d0h22m;22/11/2023 15:19:25;PROGRAMAR PAGAMENTO;1h00m;22/11/2023 15:18:42;22/11/2023 15:19:25;LARISSA JAENISCH DUTRA PINTO;0h01m
0000365886;21/11/2023 15:11:23;" MAIARA DIAS ZANELA";" Pagamento de crédito";" 258- AQUISIÇÃO E REEMBOLSO-MÓVEL COM REGISTRO";07.091.701/0001-22;" FERNANDO ROMUALDO MACIEL LTDA";010609/0673-00;;" Concluído";072645;São Jorge do Patrocínio - PR;207;SICREDI VALE DO PIQUIRI ABCD P;207;SUREG Vale do Piquiri PR;CENTRAL SICREDI PR/SP/RJ;105.0 Hora(s);1d0h22m;22/11/2023 15:18:42;ANALISAR DOCUMENTOS PARA LIBERAÇÃO 2ª ETAPA;18h00m;22/11/2023 14:43:03;22/11/2023 15:18:42;LARISSA JAENISCH DUTRA PINTO;0h02m
0000365886;21/11/2023 15:11:23;" MAIARA DIAS ZANELA";" Pagamento de crédito";" 258- AQUISIÇÃO E REEMBOLSO-MÓVEL COM REGISTRO";07.091.701/0001-22;" FERNANDO ROMUALDO MACIEL LTDA";010609/0673-00;;" Concluído";072645;São Jorge do Patrocínio - PR;207;SICREDI VALE DO PIQUIRI ABCD P;207;SUREG Vale do Piquiri PR;CENTRAL SICREDI PR/SP/RJ;105.0 Hora(s);1d0h22m;22/11/2023 14:43:03;EMITIR DOCUMENTOS PARA LIBERAÇÃO;18h00m;22/11/2023 11:04:12;22/11/2023 14:43:03;MAIARA DIAS ZANELA;0h00m
0000365886;21/11/2023 15:11:23;" MAIARA DIAS ZANELA";" Pagamento de crédito";" 258- AQUISIÇÃO E REEMBOLSO-MÓVEL COM REGISTRO";07.091.701/0001-22;" FERNANDO ROMUALDO MACIEL LTDA";010609/0673-00;;" Concluído";072645;São Jorge do Patrocínio - PR;207;SICREDI VALE DO PIQUIRI ABCD P;207;SUREG Vale do Piquiri PR;CENTRAL SICREDI PR/SP/RJ;105.0 Hora(s);1d0h22m;22/11/2023 11:04:11;REGISTRAR CONTRATO MANUALMENTE;1h00m;22/11/2023 11:03:50;22/11/2023 11:04:11;Clara Vargas;0h01m
0000365886;21/11/2023 15:11:23;" MAIARA DIAS ZANELA";" Pagamento de crédito";" 258- AQUISIÇÃO E REEMBOLSO-MÓVEL COM REGISTRO";07.091.701/0001-22;" FERNANDO ROMUALDO MACIEL LTDA";010609/0673-00;;" Concluído";072645;São Jorge do Patrocínio - PR;207;SICREDI VALE DO PIQUIRI ABCD P;207;SUREG Vale do Piquiri PR;CENTRAL SICREDI PR/SP/RJ;105.0 Hora(s);1d0h22m;22/11/2023 11:03:50;ALIENAR O BEM;1h00m;22/11/2023 11:03:37;22/11/2023 11:03:50;Clara Vargas;0h00m
0000365886;21/11/2023 15:11:23;" MAIARA DIAS ZANELA";" Pagamento de crédito";" 258- AQUISIÇÃO E REEMBOLSO-MÓVEL COM REGISTRO";07.091.701/0001-22;" FERNANDO ROMUALDO MACIEL LTDA";010609/0673-00;;" Concluído";072645;São Jorge do Patrocínio - PR;207;SICREDI VALE DO PIQUIRI ABCD P;207;SUREG Vale do Piquiri PR;CENTRAL SICREDI PR/SP/RJ;105.0 Hora(s);1d0h22m;22/11/2023 11:03:37;FINALIZAR CADASTRO DO BEM;1h00m;22/11/2023 11:03:33;22/11/2023 11:03:37;Clara Vargas;0h00m
0000365886;21/11/2023 15:11:23;" MAIARA DIAS ZANELA";" Pagamento de crédito";" 258- AQUISIÇÃO E REEMBOLSO-MÓVEL COM REGISTRO";07.091.701/0001-22;" FERNANDO ROMUALDO MACIEL LTDA";010609/0673-00;;" Concluído";072645;São Jorge do Patrocínio - PR;207;SICREDI VALE DO PIQUIRI ABCD P;207;SUREG Vale do Piquiri PR;CENTRAL SICREDI PR/SP/RJ;105.0 Hora(s);1d0h22m;22/11/2023 11:03:32;ANÁLISE DE DOCUMENTOS 1ª ETAPA;18h00m;21/11/2023 15:32:58;22/11/2023 11:03:32;Clara Vargas;0h07m
0000365886;21/11/2023 15:11:23;" MAIARA DIAS ZANELA";" Pagamento de crédito";" 258- AQUISIÇÃO E REEMBOLSO-MÓVEL COM REGISTRO";07.091.701/0001-22;" FERNANDO ROMUALDO MACIEL LTDA";010609/0673-00;;" Concluído";072645;São Jorge do Patrocínio - PR;207;SICREDI VALE DO PIQUIRI ABCD P;207;SUREG Vale do Piquiri PR;CENTRAL SICREDI PR/SP/RJ;105.0 Hora(s);1d0h22m;21/11/2023 15:32:58;ENVIAR DOCUMENTOS;1d21h00m;21/11/2023 15:31:29;21/11/2023 15:32:58;MAIARA DIAS ZANELA;0h00m
0000365886;21/11/2023 15:11:23;" MAIARA DIAS ZANELA";" Pagamento de crédito";" 258- AQUISIÇÃO E REEMBOLSO-MÓVEL COM REGISTRO";07.091.701/0001-22;" FERNANDO ROMUALDO MACIEL LTDA";010609/0673-00;;" Concluído";072645;São Jorge do Patrocínio - PR;207;SICREDI VALE DO PIQUIRI ABCD P;207;SUREG Vale do Piquiri PR;CENTRAL SICREDI PR/SP/RJ;105.0 Hora(s);1d0h22m;21/11/2023 15:31:29;AUTORIZAÇÃO DE FATURAMENTO;0h00m;21/11/2023 15:30:56;21/11/2023 15:31:29;;0h00m
0000365886;21/11/2023 15:11:23;" MAIARA DIAS ZANELA";" Pagamento de crédito";" 258- AQUISIÇÃO E REEMBOLSO-MÓVEL COM REGISTRO";07.091.701/0001-22;" FERNANDO ROMUALDO MACIEL LTDA";010609/0673-00;;" Concluído";072645;São Jorge do Patrocínio - PR;207;SICREDI VALE DO PIQUIRI ABCD P;207;SUREG Vale do Piquiri PR;CENTRAL SICREDI PR/SP/RJ;105.0 Hora(s);1d0h22m;22/11/2023 15:52:38;;;;;;
0000365886;21/11/2023 15:11:23;" MAIARA DIAS ZANELA";" Pagamento de crédito";" 258- AQUISIÇÃO E REEMBOLSO-MÓVEL COM REGISTRO";07.091.701/0001-22;" FERNANDO ROMUALDO MACIEL LTDA";010609/0673-00;;" Concluído";072645;São Jorge do Patrocínio - PR;207;SICREDI VALE DO PIQUIRI ABCD P;207;SUREG Vale do Piquiri PR;CENTRAL SICREDI PR/SP/RJ;105.0 Hora(s);1d0h22m;22/11/2023 15:20:25;;;;;;
0000365886;21/11/2023 15:11:23;" MAIARA DIAS ZANELA";" Pagamento de crédito";" 258- AQUISIÇÃO E REEMBOLSO-MÓVEL COM REGISTRO";07.091.701/0001-22;" FERNANDO ROMUALDO MACIEL LTDA";010609/0673-00;;" Concluído";072645;São Jorge do Patrocínio - PR;207;SICREDI VALE DO PIQUIRI ABCD P;207;SUREG Vale do Piquiri PR;CENTRAL SICREDI PR/SP/RJ;105.0 Hora(s);1d0h22m;22/11/2023 15:19:25;;;;;;
0000365886;21/11/2023 15:11:23;" MAIARA DIAS ZANELA";" Pagamento de crédito";" 258- AQUISIÇÃO E REEMBOLSO-MÓVEL COM REGISTRO";07.091.701/0001-22;" FERNANDO ROMUALDO MACIEL LTDA";010609/0673-00;;" Concluído";072645;São Jorge do Patrocínio - PR;207;SICREDI VALE DO PIQUIRI ABCD P;207;SUREG Vale do Piquiri PR;CENTRAL SICREDI PR/SP/RJ;105.0 Hora(s);1d0h22m;22/11/2023 15:18:42;;;;;;
0000365886;21/11/2023 15:11:23;" MAIARA DIAS ZANELA";" Pagamento de crédito";" 258- AQUISIÇÃO E REEMBOLSO-MÓVEL COM REGISTRO";07.091.701/0001-22;" FERNANDO ROMUALDO MACIEL LTDA";010609/0673-00;;" Concluído";072645;São Jorge do Patrocínio - PR;207;SICREDI VALE DO PIQUIRI ABCD P;207;SUREG Vale do Piquiri PR;CENTRAL SICREDI PR/SP/RJ;105.0 Hora(s);1d0h22m;22/11/2023 14:43:03;;;;;;
0000365886;21/11/2023 15:11:23;" MAIARA DIAS ZANELA";" Pagamento de crédito";" 258- AQUISIÇÃO E REEMBOLSO-MÓVEL COM REGISTRO";07.091.701/0001-22;" FERNANDO ROMUALDO MACIEL LTDA";010609/0673-00;;" Concluído";072645;São Jorge do Patrocínio - PR;207;SICREDI VALE DO PIQUIRI ABCD P;207;SUREG Vale do Piquiri PR;CENTRAL SICREDI PR/SP/RJ;105.0 Hora(s);1d0h22m;22/11/2023 11:04:11;;;;;;
0000365886;21/11/2023 15:11:23;" MAIARA DIAS ZANELA";" Pagamento de crédito";" 258- AQUISIÇÃO E REEMBOLSO-MÓVEL COM REGISTRO";07.091.701/0001-22;" FERNANDO ROMUALDO MACIEL LTDA";010609/0673-00;;" Concluído";072645;São Jorge do Patrocínio - PR;207;SICREDI VALE DO PIQUIRI ABCD P;207;SUREG Vale do Piquiri PR;CENTRAL SICREDI PR/SP/RJ;105.0 Hora(s);1d0h22m;22/11/2023 11:03:50;;;;;;
0000365886;21/11/2023 15:11:23;" MAIARA DIAS ZANELA";" Pagamento de crédito";" 258- AQUISIÇÃO E REEMBOLSO-MÓVEL COM REGISTRO";07.091.701/0001-22;" FERNANDO ROMUALDO MACIEL LTDA";010609/0673-00;;" Concluído";072645;São Jorge do Patrocínio - PR;207;SICREDI VALE DO PIQUIRI ABCD P;207;SUREG Vale do Piquiri PR;CENTRAL SICREDI PR/SP/RJ;105.0 Hora(s);1d0h22m;22/11/2023 11:03:37;;;;;;
0000365886;21/11/2023 15:11:23;" MAIARA DIAS ZANELA";" Pagamento de crédito";" 258- AQUISIÇÃO E REEMBOLSO-MÓVEL COM REGISTRO";07.091.701/0001-22;" FERNANDO ROMUALDO MACIEL LTDA";010609/0673-00;;" Concluído";072645;São Jorge do Patrocínio - PR;207;SICREDI VALE DO PIQUIRI ABCD P;207;SUREG Vale do Piquiri PR;CENTRAL SICREDI PR/SP/RJ;105.0 Hora(s);1d0h22m;22/11/2023 11:03:32;;;;;;
0000365886;21/11/2023 15:11:23;" MAIARA DIAS ZANELA";" Pagamento de crédito";" 258- AQUISIÇÃO E REEMBOLSO-MÓVEL COM REGISTRO";07.091.701/0001-22;" FERNANDO ROMUALDO MACIEL LTDA";010609/0673-00;;" Concluído";072645;São Jorge do Patrocínio - PR;207;SICREDI VALE DO PIQUIRI ABCD P;207;SUREG Vale do Piquiri PR;CENTRAL SICREDI PR/SP/RJ;105.0 Hora(s);1d0h22m;21/11/2023 15:32:58;;;;;;
0000365886;21/11/2023 15:11:23;" MAIARA DIAS ZANELA";" Pagamento de crédito";" 258- AQUISIÇÃO E REEMBOLSO-MÓVEL COM REGISTRO";07.091.701/0001-22;" FERNANDO ROMUALDO MACIEL LTDA";010609/0673-00;;" Concluído";072645;São Jorge do Patrocínio - PR;207;SICREDI VALE DO PIQUIRI ABCD P;207;SUREG Vale do Piquiri PR;CENTRAL SICREDI PR/SP/RJ;105.0 Hora(s);1d0h22m;21/11/2023 15:31:29;;;;;;
