﻿ID_Processo7;DT_Solicitacao8;NM_Usuario_Solicitacao8;NM_Tipo_Processo8;NM_Processo8;CD_Inscricao_Nacional8;NM_Pessoa8;Usuário;Grupo_Cota_Outros8;ST_Status8;CD_Comissionado2;NM_Fantasia_Comissionado2;CD_Tipo_Ponto_Venda3;NM_Fantasia_Ponto_Venda2;CD_Tipo_Ponto_Venda4;NM_Tipo_Ponto_Venda2;NM_Filial_Venda2;Nivel_Servico8;Tempo_Processo8;DH_Conclusao8;NM_Atividade1;Nivel_Servico_Atividade1;DT_Inicio_Atividade1;DT_Fim_Atividade1;NM_Usuario_Atividade1;Tempo_Processo_Atividade1
0000367487;23/11/2023 14:11:40;" LUCAS DA SILVA ESTANISLAU";" Pagamento de crédito";" 258- AQUISIÇÃO E REEMBOLSO-MÓVEL COM REGISTRO";34.484.614/0001-08;" ARTEACO DO BRASIL ESQUADRIAS EIRELI";010604/0825-00;;" Concluído";072635;Santo Andre SP;207;SICREDI VALE DO PIQUIRI ABCD P;207;SUREG Vale do Piquiri PR;CENTRAL SICREDI PR/SP/RJ;105.0 Hora(s);1d1h23m;24/11/2023 15:49:40;LIBERAR PAGAMENTOS;0h00m;24/11/2023 12:06:27;24/11/2023 15:49:40;Kelen Hahn Paulo;0h00m
0000367487;23/11/2023 14:11:40;" LUCAS DA SILVA ESTANISLAU";" Pagamento de crédito";" 258- AQUISIÇÃO E REEMBOLSO-MÓVEL COM REGISTRO";34.484.614/0001-08;" ARTEACO DO BRASIL ESQUADRIAS EIRELI";010604/0825-00;;" Concluído";072635;Santo Andre SP;207;SICREDI VALE DO PIQUIRI ABCD P;207;SUREG Vale do Piquiri PR;CENTRAL SICREDI PR/SP/RJ;105.0 Hora(s);1d1h23m;24/11/2023 12:06:27;APROVAR PAGAMENTO;1h00m;24/11/2023 12:06:21;24/11/2023 12:06:27;PAOLA MENEZES DA COSTA;0h00m
0000367487;23/11/2023 14:11:40;" LUCAS DA SILVA ESTANISLAU";" Pagamento de crédito";" 258- AQUISIÇÃO E REEMBOLSO-MÓVEL COM REGISTRO";34.484.614/0001-08;" ARTEACO DO BRASIL ESQUADRIAS EIRELI";010604/0825-00;;" Concluído";072635;Santo Andre SP;207;SICREDI VALE DO PIQUIRI ABCD P;207;SUREG Vale do Piquiri PR;CENTRAL SICREDI PR/SP/RJ;105.0 Hora(s);1d1h23m;24/11/2023 12:06:21;PROGRAMAR PAGAMENTO;1h00m;24/11/2023 12:04:47;24/11/2023 12:06:21;PAOLA MENEZES DA COSTA;0h01m
0000367487;23/11/2023 14:11:40;" LUCAS DA SILVA ESTANISLAU";" Pagamento de crédito";" 258- AQUISIÇÃO E REEMBOLSO-MÓVEL COM REGISTRO";34.484.614/0001-08;" ARTEACO DO BRASIL ESQUADRIAS EIRELI";010604/0825-00;;" Concluído";072635;Santo Andre SP;207;SICREDI VALE DO PIQUIRI ABCD P;207;SUREG Vale do Piquiri PR;CENTRAL SICREDI PR/SP/RJ;105.0 Hora(s);1d1h23m;24/11/2023 12:04:46;ANALISAR DOCUMENTOS PARA LIBERAÇÃO 2ª ETAPA;18h00m;24/11/2023 11:52:47;24/11/2023 12:04:46;PAOLA MENEZES DA COSTA;0h03m
0000367487;23/11/2023 14:11:40;" LUCAS DA SILVA ESTANISLAU";" Pagamento de crédito";" 258- AQUISIÇÃO E REEMBOLSO-MÓVEL COM REGISTRO";34.484.614/0001-08;" ARTEACO DO BRASIL ESQUADRIAS EIRELI";010604/0825-00;;" Concluído";072635;Santo Andre SP;207;SICREDI VALE DO PIQUIRI ABCD P;207;SUREG Vale do Piquiri PR;CENTRAL SICREDI PR/SP/RJ;105.0 Hora(s);1d1h23m;24/11/2023 11:52:46;EMITIR DOCUMENTOS PARA LIBERAÇÃO;18h00m;24/11/2023 10:15:00;24/11/2023 11:52:46;LUCAS DA SILVA ESTANISLAU;0h00m
0000367487;23/11/2023 14:11:40;" LUCAS DA SILVA ESTANISLAU";" Pagamento de crédito";" 258- AQUISIÇÃO E REEMBOLSO-MÓVEL COM REGISTRO";34.484.614/0001-08;" ARTEACO DO BRASIL ESQUADRIAS EIRELI";010604/0825-00;;" Concluído";072635;Santo Andre SP;207;SICREDI VALE DO PIQUIRI ABCD P;207;SUREG Vale do Piquiri PR;CENTRAL SICREDI PR/SP/RJ;105.0 Hora(s);1d1h23m;24/11/2023 10:14:59;REGISTRAR CONTRATO MANUALMENTE;1h00m;24/11/2023 10:14:48;24/11/2023 10:14:59;PAOLA MENEZES DA COSTA;0h01m
0000367487;23/11/2023 14:11:40;" LUCAS DA SILVA ESTANISLAU";" Pagamento de crédito";" 258- AQUISIÇÃO E REEMBOLSO-MÓVEL COM REGISTRO";34.484.614/0001-08;" ARTEACO DO BRASIL ESQUADRIAS EIRELI";010604/0825-00;;" Concluído";072635;Santo Andre SP;207;SICREDI VALE DO PIQUIRI ABCD P;207;SUREG Vale do Piquiri PR;CENTRAL SICREDI PR/SP/RJ;105.0 Hora(s);1d1h23m;24/11/2023 10:14:48;ALIENAR O BEM;1h00m;24/11/2023 10:13:16;24/11/2023 10:14:48;PAOLA MENEZES DA COSTA;0h01m
0000367487;23/11/2023 14:11:40;" LUCAS DA SILVA ESTANISLAU";" Pagamento de crédito";" 258- AQUISIÇÃO E REEMBOLSO-MÓVEL COM REGISTRO";34.484.614/0001-08;" ARTEACO DO BRASIL ESQUADRIAS EIRELI";010604/0825-00;;" Concluído";072635;Santo Andre SP;207;SICREDI VALE DO PIQUIRI ABCD P;207;SUREG Vale do Piquiri PR;CENTRAL SICREDI PR/SP/RJ;105.0 Hora(s);1d1h23m;24/11/2023 10:13:16;FINALIZAR CADASTRO DO BEM;1h00m;24/11/2023 10:12:45;24/11/2023 10:13:16;PAOLA MENEZES DA COSTA;0h00m
0000367487;23/11/2023 14:11:40;" LUCAS DA SILVA ESTANISLAU";" Pagamento de crédito";" 258- AQUISIÇÃO E REEMBOLSO-MÓVEL COM REGISTRO";34.484.614/0001-08;" ARTEACO DO BRASIL ESQUADRIAS EIRELI";010604/0825-00;;" Concluído";072635;Santo Andre SP;207;SICREDI VALE DO PIQUIRI ABCD P;207;SUREG Vale do Piquiri PR;CENTRAL SICREDI PR/SP/RJ;105.0 Hora(s);1d1h23m;24/11/2023 10:12:45;ANÁLISE DE DOCUMENTOS 1ª ETAPA;18h00m;23/11/2023 14:29:14;24/11/2023 10:12:45;PAOLA MENEZES DA COSTA;0h26m
0000367487;23/11/2023 14:11:40;" LUCAS DA SILVA ESTANISLAU";" Pagamento de crédito";" 258- AQUISIÇÃO E REEMBOLSO-MÓVEL COM REGISTRO";34.484.614/0001-08;" ARTEACO DO BRASIL ESQUADRIAS EIRELI";010604/0825-00;;" Concluído";072635;Santo Andre SP;207;SICREDI VALE DO PIQUIRI ABCD P;207;SUREG Vale do Piquiri PR;CENTRAL SICREDI PR/SP/RJ;105.0 Hora(s);1d1h23m;23/11/2023 14:29:14;ENVIAR DOCUMENTOS;1d21h00m;23/11/2023 14:26:06;23/11/2023 14:29:14;LUCAS DA SILVA ESTANISLAU;0h00m
0000367487;23/11/2023 14:11:40;" LUCAS DA SILVA ESTANISLAU";" Pagamento de crédito";" 258- AQUISIÇÃO E REEMBOLSO-MÓVEL COM REGISTRO";34.484.614/0001-08;" ARTEACO DO BRASIL ESQUADRIAS EIRELI";010604/0825-00;;" Concluído";072635;Santo Andre SP;207;SICREDI VALE DO PIQUIRI ABCD P;207;SUREG Vale do Piquiri PR;CENTRAL SICREDI PR/SP/RJ;105.0 Hora(s);1d1h23m;23/11/2023 14:26:06;AUTORIZAÇÃO DE FATURAMENTO;0h00m;23/11/2023 14:25:51;23/11/2023 14:26:06;;0h00m
0000367487;23/11/2023 14:11:40;" LUCAS DA SILVA ESTANISLAU";" Pagamento de crédito";" 258- AQUISIÇÃO E REEMBOLSO-MÓVEL COM REGISTRO";34.484.614/0001-08;" ARTEACO DO BRASIL ESQUADRIAS EIRELI";010604/0825-00;;" Concluído";072635;Santo Andre SP;207;SICREDI VALE DO PIQUIRI ABCD P;207;SUREG Vale do Piquiri PR;CENTRAL SICREDI PR/SP/RJ;105.0 Hora(s);1d1h23m;24/11/2023 12:06:27;;;;;;
0000367487;23/11/2023 14:11:40;" LUCAS DA SILVA ESTANISLAU";" Pagamento de crédito";" 258- AQUISIÇÃO E REEMBOLSO-MÓVEL COM REGISTRO";34.484.614/0001-08;" ARTEACO DO BRASIL ESQUADRIAS EIRELI";010604/0825-00;;" Concluído";072635;Santo Andre SP;207;SICREDI VALE DO PIQUIRI ABCD P;207;SUREG Vale do Piquiri PR;CENTRAL SICREDI PR/SP/RJ;105.0 Hora(s);1d1h23m;24/11/2023 12:06:21;;;;;;
0000367487;23/11/2023 14:11:40;" LUCAS DA SILVA ESTANISLAU";" Pagamento de crédito";" 258- AQUISIÇÃO E REEMBOLSO-MÓVEL COM REGISTRO";34.484.614/0001-08;" ARTEACO DO BRASIL ESQUADRIAS EIRELI";010604/0825-00;;" Concluído";072635;Santo Andre SP;207;SICREDI VALE DO PIQUIRI ABCD P;207;SUREG Vale do Piquiri PR;CENTRAL SICREDI PR/SP/RJ;105.0 Hora(s);1d1h23m;24/11/2023 12:04:46;;;;;;
0000367487;23/11/2023 14:11:40;" LUCAS DA SILVA ESTANISLAU";" Pagamento de crédito";" 258- AQUISIÇÃO E REEMBOLSO-MÓVEL COM REGISTRO";34.484.614/0001-08;" ARTEACO DO BRASIL ESQUADRIAS EIRELI";010604/0825-00;;" Concluído";072635;Santo Andre SP;207;SICREDI VALE DO PIQUIRI ABCD P;207;SUREG Vale do Piquiri PR;CENTRAL SICREDI PR/SP/RJ;105.0 Hora(s);1d1h23m;24/11/2023 11:52:46;;;;;;
0000367487;23/11/2023 14:11:40;" LUCAS DA SILVA ESTANISLAU";" Pagamento de crédito";" 258- AQUISIÇÃO E REEMBOLSO-MÓVEL COM REGISTRO";34.484.614/0001-08;" ARTEACO DO BRASIL ESQUADRIAS EIRELI";010604/0825-00;;" Concluído";072635;Santo Andre SP;207;SICREDI VALE DO PIQUIRI ABCD P;207;SUREG Vale do Piquiri PR;CENTRAL SICREDI PR/SP/RJ;105.0 Hora(s);1d1h23m;24/11/2023 10:14:59;;;;;;
0000367487;23/11/2023 14:11:40;" LUCAS DA SILVA ESTANISLAU";" Pagamento de crédito";" 258- AQUISIÇÃO E REEMBOLSO-MÓVEL COM REGISTRO";34.484.614/0001-08;" ARTEACO DO BRASIL ESQUADRIAS EIRELI";010604/0825-00;;" Concluído";072635;Santo Andre SP;207;SICREDI VALE DO PIQUIRI ABCD P;207;SUREG Vale do Piquiri PR;CENTRAL SICREDI PR/SP/RJ;105.0 Hora(s);1d1h23m;24/11/2023 10:14:48;;;;;;
0000367487;23/11/2023 14:11:40;" LUCAS DA SILVA ESTANISLAU";" Pagamento de crédito";" 258- AQUISIÇÃO E REEMBOLSO-MÓVEL COM REGISTRO";34.484.614/0001-08;" ARTEACO DO BRASIL ESQUADRIAS EIRELI";010604/0825-00;;" Concluído";072635;Santo Andre SP;207;SICREDI VALE DO PIQUIRI ABCD P;207;SUREG Vale do Piquiri PR;CENTRAL SICREDI PR/SP/RJ;105.0 Hora(s);1d1h23m;24/11/2023 10:13:16;;;;;;
0000367487;23/11/2023 14:11:40;" LUCAS DA SILVA ESTANISLAU";" Pagamento de crédito";" 258- AQUISIÇÃO E REEMBOLSO-MÓVEL COM REGISTRO";34.484.614/0001-08;" ARTEACO DO BRASIL ESQUADRIAS EIRELI";010604/0825-00;;" Concluído";072635;Santo Andre SP;207;SICREDI VALE DO PIQUIRI ABCD P;207;SUREG Vale do Piquiri PR;CENTRAL SICREDI PR/SP/RJ;105.0 Hora(s);1d1h23m;24/11/2023 10:12:45;;;;;;
0000367487;23/11/2023 14:11:40;" LUCAS DA SILVA ESTANISLAU";" Pagamento de crédito";" 258- AQUISIÇÃO E REEMBOLSO-MÓVEL COM REGISTRO";34.484.614/0001-08;" ARTEACO DO BRASIL ESQUADRIAS EIRELI";010604/0825-00;;" Concluído";072635;Santo Andre SP;207;SICREDI VALE DO PIQUIRI ABCD P;207;SUREG Vale do Piquiri PR;CENTRAL SICREDI PR/SP/RJ;105.0 Hora(s);1d1h23m;23/11/2023 14:29:14;;;;;;
0000367487;23/11/2023 14:11:40;" LUCAS DA SILVA ESTANISLAU";" Pagamento de crédito";" 258- AQUISIÇÃO E REEMBOLSO-MÓVEL COM REGISTRO";34.484.614/0001-08;" ARTEACO DO BRASIL ESQUADRIAS EIRELI";010604/0825-00;;" Concluído";072635;Santo Andre SP;207;SICREDI VALE DO PIQUIRI ABCD P;207;SUREG Vale do Piquiri PR;CENTRAL SICREDI PR/SP/RJ;105.0 Hora(s);1d1h23m;23/11/2023 14:26:06;;;;;;
0000367487;23/11/2023 14:11:40;" LUCAS DA SILVA ESTANISLAU";" Pagamento de crédito";" 258- AQUISIÇÃO E REEMBOLSO-MÓVEL COM REGISTRO";34.484.614/0001-08;" ARTEACO DO BRASIL ESQUADRIAS EIRELI";010604/0825-00;;" Concluído";072635;Santo Andre SP;207;SICREDI VALE DO PIQUIRI ABCD P;207;SUREG Vale do Piquiri PR;CENTRAL SICREDI PR/SP/RJ;105.0 Hora(s);1d1h23m;24/11/2023 15:49:40;;;;;;
