﻿ID_Processo7;DT_Solicitacao8;NM_Usuario_Solicitacao8;NM_Tipo_Processo8;NM_Processo8;CD_Inscricao_Nacional8;NM_Pessoa8;Usuário;Grupo_Cota_Outros8;ST_Status8;CD_Comissionado2;NM_Fantasia_Comissionado2;CD_Tipo_Ponto_Venda3;NM_Fantasia_Ponto_Venda2;CD_Tipo_Ponto_Venda4;NM_Tipo_Ponto_Venda2;NM_Filial_Venda2;Nivel_Servico8;Tempo_Processo8;DH_Conclusao8;NM_Atividade1;Nivel_Servico_Atividade1;DT_Inicio_Atividade1;DT_Fim_Atividade1;NM_Usuario_Atividade1;Tempo_Processo_Atividade1
0000363760;17/11/2023 14:11:03;" ELOISE SALVI NOAL DE ALMEIDA";" Pagamento de crédito";" 258- AQUISIÇÃO E REEMBOLSO-MÓVEL COM REGISTRO";839.717.930-53;" ANDRE LUIS BOTTINI";010606/0855-00;;" Concluído";021717;Erechim Centro;104;SICREDI UNIESTADOS;104;SUREG Erechim RS;CENTRAL SICREDI SUL/SUDESTE;105.0 Hora(s);3d1h32m;20/11/2023 15:37:07;LIBERAR PAGAMENTOS;0h00m;20/11/2023 14:44:19;20/11/2023 15:37:07;Kelen Hahn Paulo;0h00m
0000363760;17/11/2023 14:11:03;" ELOISE SALVI NOAL DE ALMEIDA";" Pagamento de crédito";" 258- AQUISIÇÃO E REEMBOLSO-MÓVEL COM REGISTRO";839.717.930-53;" ANDRE LUIS BOTTINI";010606/0855-00;;" Concluído";021717;Erechim Centro;104;SICREDI UNIESTADOS;104;SUREG Erechim RS;CENTRAL SICREDI SUL/SUDESTE;105.0 Hora(s);3d1h32m;20/11/2023 14:44:19;APROVAR PAGAMENTO;1h00m;20/11/2023 14:44:13;20/11/2023 14:44:19;Paola dos Santos Lima;0h00m
0000363760;17/11/2023 14:11:03;" ELOISE SALVI NOAL DE ALMEIDA";" Pagamento de crédito";" 258- AQUISIÇÃO E REEMBOLSO-MÓVEL COM REGISTRO";839.717.930-53;" ANDRE LUIS BOTTINI";010606/0855-00;;" Concluído";021717;Erechim Centro;104;SICREDI UNIESTADOS;104;SUREG Erechim RS;CENTRAL SICREDI SUL/SUDESTE;105.0 Hora(s);3d1h32m;20/11/2023 14:44:13;PROGRAMAR PAGAMENTO;1h00m;20/11/2023 14:43:34;20/11/2023 14:44:13;Paola dos Santos Lima;0h01m
0000363760;17/11/2023 14:11:03;" ELOISE SALVI NOAL DE ALMEIDA";" Pagamento de crédito";" 258- AQUISIÇÃO E REEMBOLSO-MÓVEL COM REGISTRO";839.717.930-53;" ANDRE LUIS BOTTINI";010606/0855-00;;" Concluído";021717;Erechim Centro;104;SICREDI UNIESTADOS;104;SUREG Erechim RS;CENTRAL SICREDI SUL/SUDESTE;105.0 Hora(s);3d1h32m;20/11/2023 14:43:34;ANALISAR DOCUMENTOS PARA LIBERAÇÃO 2ª ETAPA;18h00m;20/11/2023 12:32:31;20/11/2023 14:43:34;Paola dos Santos Lima;0h09m
0000363760;17/11/2023 14:11:03;" ELOISE SALVI NOAL DE ALMEIDA";" Pagamento de crédito";" 258- AQUISIÇÃO E REEMBOLSO-MÓVEL COM REGISTRO";839.717.930-53;" ANDRE LUIS BOTTINI";010606/0855-00;;" Concluído";021717;Erechim Centro;104;SICREDI UNIESTADOS;104;SUREG Erechim RS;CENTRAL SICREDI SUL/SUDESTE;105.0 Hora(s);3d1h32m;20/11/2023 12:32:31;EMITIR DOCUMENTOS PARA LIBERAÇÃO;18h00m;20/11/2023 10:33:25;20/11/2023 12:32:31;ELOISE SALVI NOAL DE ALMEIDA;0h00m
0000363760;17/11/2023 14:11:03;" ELOISE SALVI NOAL DE ALMEIDA";" Pagamento de crédito";" 258- AQUISIÇÃO E REEMBOLSO-MÓVEL COM REGISTRO";839.717.930-53;" ANDRE LUIS BOTTINI";010606/0855-00;;" Concluído";021717;Erechim Centro;104;SICREDI UNIESTADOS;104;SUREG Erechim RS;CENTRAL SICREDI SUL/SUDESTE;105.0 Hora(s);3d1h32m;20/11/2023 10:33:25;REGISTRAR CONTRATO MANUALMENTE;1h00m;20/11/2023 10:33:21;20/11/2023 10:33:25;NICOLAS PAULO DE SOUSA CUNHA;0h00m
0000363760;17/11/2023 14:11:03;" ELOISE SALVI NOAL DE ALMEIDA";" Pagamento de crédito";" 258- AQUISIÇÃO E REEMBOLSO-MÓVEL COM REGISTRO";839.717.930-53;" ANDRE LUIS BOTTINI";010606/0855-00;;" Concluído";021717;Erechim Centro;104;SICREDI UNIESTADOS;104;SUREG Erechim RS;CENTRAL SICREDI SUL/SUDESTE;105.0 Hora(s);3d1h32m;20/11/2023 10:33:21;ALIENAR O BEM;1h00m;20/11/2023 10:31:38;20/11/2023 10:33:21;NICOLAS PAULO DE SOUSA CUNHA;0h02m
0000363760;17/11/2023 14:11:03;" ELOISE SALVI NOAL DE ALMEIDA";" Pagamento de crédito";" 258- AQUISIÇÃO E REEMBOLSO-MÓVEL COM REGISTRO";839.717.930-53;" ANDRE LUIS BOTTINI";010606/0855-00;;" Concluído";021717;Erechim Centro;104;SICREDI UNIESTADOS;104;SUREG Erechim RS;CENTRAL SICREDI SUL/SUDESTE;105.0 Hora(s);3d1h32m;20/11/2023 10:31:38;FINALIZAR CADASTRO DO BEM;1h00m;20/11/2023 10:31:27;20/11/2023 10:31:38;NICOLAS PAULO DE SOUSA CUNHA;0h00m
0000363760;17/11/2023 14:11:03;" ELOISE SALVI NOAL DE ALMEIDA";" Pagamento de crédito";" 258- AQUISIÇÃO E REEMBOLSO-MÓVEL COM REGISTRO";839.717.930-53;" ANDRE LUIS BOTTINI";010606/0855-00;;" Concluído";021717;Erechim Centro;104;SICREDI UNIESTADOS;104;SUREG Erechim RS;CENTRAL SICREDI SUL/SUDESTE;105.0 Hora(s);3d1h32m;20/11/2023 10:31:26;ANÁLISE DE DOCUMENTOS 1ª ETAPA;18h00m;17/11/2023 14:08:19;20/11/2023 10:31:26;NICOLAS PAULO DE SOUSA CUNHA;0h05m
0000363760;17/11/2023 14:11:03;" ELOISE SALVI NOAL DE ALMEIDA";" Pagamento de crédito";" 258- AQUISIÇÃO E REEMBOLSO-MÓVEL COM REGISTRO";839.717.930-53;" ANDRE LUIS BOTTINI";010606/0855-00;;" Concluído";021717;Erechim Centro;104;SICREDI UNIESTADOS;104;SUREG Erechim RS;CENTRAL SICREDI SUL/SUDESTE;105.0 Hora(s);3d1h32m;17/11/2023 14:08:19;ENVIAR DOCUMENTOS;1d21h00m;17/11/2023 14:05:05;17/11/2023 14:08:19;ELOISE SALVI NOAL DE ALMEIDA;0h00m
0000363760;17/11/2023 14:11:03;" ELOISE SALVI NOAL DE ALMEIDA";" Pagamento de crédito";" 258- AQUISIÇÃO E REEMBOLSO-MÓVEL COM REGISTRO";839.717.930-53;" ANDRE LUIS BOTTINI";010606/0855-00;;" Concluído";021717;Erechim Centro;104;SICREDI UNIESTADOS;104;SUREG Erechim RS;CENTRAL SICREDI SUL/SUDESTE;105.0 Hora(s);3d1h32m;17/11/2023 14:05:05;AUTORIZAÇÃO DE FATURAMENTO;0h00m;17/11/2023 14:05:02;17/11/2023 14:05:05;;0h00m
0000363760;17/11/2023 14:11:03;" ELOISE SALVI NOAL DE ALMEIDA";" Pagamento de crédito";" 258- AQUISIÇÃO E REEMBOLSO-MÓVEL COM REGISTRO";839.717.930-53;" ANDRE LUIS BOTTINI";010606/0855-00;;" Concluído";021717;Erechim Centro;104;SICREDI UNIESTADOS;104;SUREG Erechim RS;CENTRAL SICREDI SUL/SUDESTE;105.0 Hora(s);3d1h32m;20/11/2023 15:37:07;;;;;;
0000363760;17/11/2023 14:11:03;" ELOISE SALVI NOAL DE ALMEIDA";" Pagamento de crédito";" 258- AQUISIÇÃO E REEMBOLSO-MÓVEL COM REGISTRO";839.717.930-53;" ANDRE LUIS BOTTINI";010606/0855-00;;" Concluído";021717;Erechim Centro;104;SICREDI UNIESTADOS;104;SUREG Erechim RS;CENTRAL SICREDI SUL/SUDESTE;105.0 Hora(s);3d1h32m;20/11/2023 14:44:19;;;;;;
0000363760;17/11/2023 14:11:03;" ELOISE SALVI NOAL DE ALMEIDA";" Pagamento de crédito";" 258- AQUISIÇÃO E REEMBOLSO-MÓVEL COM REGISTRO";839.717.930-53;" ANDRE LUIS BOTTINI";010606/0855-00;;" Concluído";021717;Erechim Centro;104;SICREDI UNIESTADOS;104;SUREG Erechim RS;CENTRAL SICREDI SUL/SUDESTE;105.0 Hora(s);3d1h32m;20/11/2023 14:44:13;;;;;;
0000363760;17/11/2023 14:11:03;" ELOISE SALVI NOAL DE ALMEIDA";" Pagamento de crédito";" 258- AQUISIÇÃO E REEMBOLSO-MÓVEL COM REGISTRO";839.717.930-53;" ANDRE LUIS BOTTINI";010606/0855-00;;" Concluído";021717;Erechim Centro;104;SICREDI UNIESTADOS;104;SUREG Erechim RS;CENTRAL SICREDI SUL/SUDESTE;105.0 Hora(s);3d1h32m;20/11/2023 14:43:34;;;;;;
0000363760;17/11/2023 14:11:03;" ELOISE SALVI NOAL DE ALMEIDA";" Pagamento de crédito";" 258- AQUISIÇÃO E REEMBOLSO-MÓVEL COM REGISTRO";839.717.930-53;" ANDRE LUIS BOTTINI";010606/0855-00;;" Concluído";021717;Erechim Centro;104;SICREDI UNIESTADOS;104;SUREG Erechim RS;CENTRAL SICREDI SUL/SUDESTE;105.0 Hora(s);3d1h32m;20/11/2023 12:32:31;;;;;;
0000363760;17/11/2023 14:11:03;" ELOISE SALVI NOAL DE ALMEIDA";" Pagamento de crédito";" 258- AQUISIÇÃO E REEMBOLSO-MÓVEL COM REGISTRO";839.717.930-53;" ANDRE LUIS BOTTINI";010606/0855-00;;" Concluído";021717;Erechim Centro;104;SICREDI UNIESTADOS;104;SUREG Erechim RS;CENTRAL SICREDI SUL/SUDESTE;105.0 Hora(s);3d1h32m;20/11/2023 10:33:25;;;;;;
0000363760;17/11/2023 14:11:03;" ELOISE SALVI NOAL DE ALMEIDA";" Pagamento de crédito";" 258- AQUISIÇÃO E REEMBOLSO-MÓVEL COM REGISTRO";839.717.930-53;" ANDRE LUIS BOTTINI";010606/0855-00;;" Concluído";021717;Erechim Centro;104;SICREDI UNIESTADOS;104;SUREG Erechim RS;CENTRAL SICREDI SUL/SUDESTE;105.0 Hora(s);3d1h32m;20/11/2023 10:33:21;;;;;;
0000363760;17/11/2023 14:11:03;" ELOISE SALVI NOAL DE ALMEIDA";" Pagamento de crédito";" 258- AQUISIÇÃO E REEMBOLSO-MÓVEL COM REGISTRO";839.717.930-53;" ANDRE LUIS BOTTINI";010606/0855-00;;" Concluído";021717;Erechim Centro;104;SICREDI UNIESTADOS;104;SUREG Erechim RS;CENTRAL SICREDI SUL/SUDESTE;105.0 Hora(s);3d1h32m;20/11/2023 10:31:38;;;;;;
0000363760;17/11/2023 14:11:03;" ELOISE SALVI NOAL DE ALMEIDA";" Pagamento de crédito";" 258- AQUISIÇÃO E REEMBOLSO-MÓVEL COM REGISTRO";839.717.930-53;" ANDRE LUIS BOTTINI";010606/0855-00;;" Concluído";021717;Erechim Centro;104;SICREDI UNIESTADOS;104;SUREG Erechim RS;CENTRAL SICREDI SUL/SUDESTE;105.0 Hora(s);3d1h32m;20/11/2023 10:31:26;;;;;;
0000363760;17/11/2023 14:11:03;" ELOISE SALVI NOAL DE ALMEIDA";" Pagamento de crédito";" 258- AQUISIÇÃO E REEMBOLSO-MÓVEL COM REGISTRO";839.717.930-53;" ANDRE LUIS BOTTINI";010606/0855-00;;" Concluído";021717;Erechim Centro;104;SICREDI UNIESTADOS;104;SUREG Erechim RS;CENTRAL SICREDI SUL/SUDESTE;105.0 Hora(s);3d1h32m;17/11/2023 14:08:19;;;;;;
0000363760;17/11/2023 14:11:03;" ELOISE SALVI NOAL DE ALMEIDA";" Pagamento de crédito";" 258- AQUISIÇÃO E REEMBOLSO-MÓVEL COM REGISTRO";839.717.930-53;" ANDRE LUIS BOTTINI";010606/0855-00;;" Concluído";021717;Erechim Centro;104;SICREDI UNIESTADOS;104;SUREG Erechim RS;CENTRAL SICREDI SUL/SUDESTE;105.0 Hora(s);3d1h32m;17/11/2023 14:05:05;;;;;;
