﻿ID_Processo7;DT_Solicitacao8;NM_Usuario_Solicitacao8;NM_Tipo_Processo8;NM_Processo8;CD_Inscricao_Nacional8;NM_Pessoa8;Usuário;Grupo_Cota_Outros8;ST_Status8;CD_Comissionado2;NM_Fantasia_Comissionado2;CD_Tipo_Ponto_Venda3;NM_Fantasia_Ponto_Venda2;CD_Tipo_Ponto_Venda4;NM_Tipo_Ponto_Venda2;NM_Filial_Venda2;Nivel_Servico8;Tempo_Processo8;DH_Conclusao8;NM_Atividade1;Nivel_Servico_Atividade1;DT_Inicio_Atividade1;DT_Fim_Atividade1;NM_Usuario_Atividade1;Tempo_Processo_Atividade1
0000367804;24/11/2023 11:11:23;" MAIARA DIAS ZANELA";" Pagamento de crédito";" 258- AQUISIÇÃO E REEMBOLSO-MÓVEL COM REGISTRO";474.186.999-72;" JOAO FERREIRA DA COSTA";010609/1133-00;;" Aguardando Regularização";072613;Perola;207;SICREDI VALE DO PIQUIRI ABCD P;207;SUREG Vale do Piquiri PR;CENTRAL SICREDI PR/SP/RJ;105.0 Hora(s);5h06m;"                   ";EMITIR DOCUMENTOS PARA LIBERAÇÃO;18h00m;24/11/2023 16:32:43;"                   ";;0h00m
0000367804;24/11/2023 11:11:23;" MAIARA DIAS ZANELA";" Pagamento de crédito";" 258- AQUISIÇÃO E REEMBOLSO-MÓVEL COM REGISTRO";474.186.999-72;" JOAO FERREIRA DA COSTA";010609/1133-00;;" Aguardando Regularização";072613;Perola;207;SICREDI VALE DO PIQUIRI ABCD P;207;SUREG Vale do Piquiri PR;CENTRAL SICREDI PR/SP/RJ;105.0 Hora(s);5h06m;24/11/2023 16:32:43;REGISTRAR CONTRATO MANUALMENTE;1h00m;24/11/2023 16:32:37;24/11/2023 16:32:43;Clara Vargas;0h00m
0000367804;24/11/2023 11:11:23;" MAIARA DIAS ZANELA";" Pagamento de crédito";" 258- AQUISIÇÃO E REEMBOLSO-MÓVEL COM REGISTRO";474.186.999-72;" JOAO FERREIRA DA COSTA";010609/1133-00;;" Aguardando Regularização";072613;Perola;207;SICREDI VALE DO PIQUIRI ABCD P;207;SUREG Vale do Piquiri PR;CENTRAL SICREDI PR/SP/RJ;105.0 Hora(s);5h06m;24/11/2023 16:32:37;ALIENAR O BEM;1h00m;24/11/2023 16:31:40;24/11/2023 16:32:37;Clara Vargas;0h01m
0000367804;24/11/2023 11:11:23;" MAIARA DIAS ZANELA";" Pagamento de crédito";" 258- AQUISIÇÃO E REEMBOLSO-MÓVEL COM REGISTRO";474.186.999-72;" JOAO FERREIRA DA COSTA";010609/1133-00;;" Aguardando Regularização";072613;Perola;207;SICREDI VALE DO PIQUIRI ABCD P;207;SUREG Vale do Piquiri PR;CENTRAL SICREDI PR/SP/RJ;105.0 Hora(s);5h06m;24/11/2023 16:31:40;FINALIZAR CADASTRO DO BEM;1h00m;24/11/2023 16:31:20;24/11/2023 16:31:40;Clara Vargas;0h00m
0000367804;24/11/2023 11:11:23;" MAIARA DIAS ZANELA";" Pagamento de crédito";" 258- AQUISIÇÃO E REEMBOLSO-MÓVEL COM REGISTRO";474.186.999-72;" JOAO FERREIRA DA COSTA";010609/1133-00;;" Aguardando Regularização";072613;Perola;207;SICREDI VALE DO PIQUIRI ABCD P;207;SUREG Vale do Piquiri PR;CENTRAL SICREDI PR/SP/RJ;105.0 Hora(s);5h06m;24/11/2023 16:31:20;ANÁLISE DE DOCUMENTOS 1ª ETAPA;18h00m;24/11/2023 11:28:34;24/11/2023 16:31:20;Clara Vargas;0h03m
0000367804;24/11/2023 11:11:23;" MAIARA DIAS ZANELA";" Pagamento de crédito";" 258- AQUISIÇÃO E REEMBOLSO-MÓVEL COM REGISTRO";474.186.999-72;" JOAO FERREIRA DA COSTA";010609/1133-00;;" Aguardando Regularização";072613;Perola;207;SICREDI VALE DO PIQUIRI ABCD P;207;SUREG Vale do Piquiri PR;CENTRAL SICREDI PR/SP/RJ;105.0 Hora(s);5h06m;24/11/2023 11:28:34;ENVIAR DOCUMENTOS;1d21h00m;24/11/2023 11:27:51;24/11/2023 11:28:34;MAIARA DIAS ZANELA;0h00m
0000367804;24/11/2023 11:11:23;" MAIARA DIAS ZANELA";" Pagamento de crédito";" 258- AQUISIÇÃO E REEMBOLSO-MÓVEL COM REGISTRO";474.186.999-72;" JOAO FERREIRA DA COSTA";010609/1133-00;;" Aguardando Regularização";072613;Perola;207;SICREDI VALE DO PIQUIRI ABCD P;207;SUREG Vale do Piquiri PR;CENTRAL SICREDI PR/SP/RJ;105.0 Hora(s);5h06m;24/11/2023 11:27:51;AUTORIZAÇÃO DE FATURAMENTO;0h00m;24/11/2023 11:26:39;24/11/2023 11:27:51;;0h00m
0000367804;24/11/2023 11:11:23;" MAIARA DIAS ZANELA";" Pagamento de crédito";" 258- AQUISIÇÃO E REEMBOLSO-MÓVEL COM REGISTRO";474.186.999-72;" JOAO FERREIRA DA COSTA";010609/1133-00;;" Aguardando Regularização";072613;Perola;207;SICREDI VALE DO PIQUIRI ABCD P;207;SUREG Vale do Piquiri PR;CENTRAL SICREDI PR/SP/RJ;105.0 Hora(s);5h06m;"                   ";;;;;;
0000367804;24/11/2023 11:11:23;" MAIARA DIAS ZANELA";" Pagamento de crédito";" 258- AQUISIÇÃO E REEMBOLSO-MÓVEL COM REGISTRO";474.186.999-72;" JOAO FERREIRA DA COSTA";010609/1133-00;;" Aguardando Regularização";072613;Perola;207;SICREDI VALE DO PIQUIRI ABCD P;207;SUREG Vale do Piquiri PR;CENTRAL SICREDI PR/SP/RJ;105.0 Hora(s);5h06m;24/11/2023 16:32:43;;;;;;
0000367804;24/11/2023 11:11:23;" MAIARA DIAS ZANELA";" Pagamento de crédito";" 258- AQUISIÇÃO E REEMBOLSO-MÓVEL COM REGISTRO";474.186.999-72;" JOAO FERREIRA DA COSTA";010609/1133-00;;" Aguardando Regularização";072613;Perola;207;SICREDI VALE DO PIQUIRI ABCD P;207;SUREG Vale do Piquiri PR;CENTRAL SICREDI PR/SP/RJ;105.0 Hora(s);5h06m;24/11/2023 16:32:37;;;;;;
0000367804;24/11/2023 11:11:23;" MAIARA DIAS ZANELA";" Pagamento de crédito";" 258- AQUISIÇÃO E REEMBOLSO-MÓVEL COM REGISTRO";474.186.999-72;" JOAO FERREIRA DA COSTA";010609/1133-00;;" Aguardando Regularização";072613;Perola;207;SICREDI VALE DO PIQUIRI ABCD P;207;SUREG Vale do Piquiri PR;CENTRAL SICREDI PR/SP/RJ;105.0 Hora(s);5h06m;24/11/2023 16:31:40;;;;;;
0000367804;24/11/2023 11:11:23;" MAIARA DIAS ZANELA";" Pagamento de crédito";" 258- AQUISIÇÃO E REEMBOLSO-MÓVEL COM REGISTRO";474.186.999-72;" JOAO FERREIRA DA COSTA";010609/1133-00;;" Aguardando Regularização";072613;Perola;207;SICREDI VALE DO PIQUIRI ABCD P;207;SUREG Vale do Piquiri PR;CENTRAL SICREDI PR/SP/RJ;105.0 Hora(s);5h06m;24/11/2023 16:31:20;;;;;;
0000367804;24/11/2023 11:11:23;" MAIARA DIAS ZANELA";" Pagamento de crédito";" 258- AQUISIÇÃO E REEMBOLSO-MÓVEL COM REGISTRO";474.186.999-72;" JOAO FERREIRA DA COSTA";010609/1133-00;;" Aguardando Regularização";072613;Perola;207;SICREDI VALE DO PIQUIRI ABCD P;207;SUREG Vale do Piquiri PR;CENTRAL SICREDI PR/SP/RJ;105.0 Hora(s);5h06m;24/11/2023 11:28:34;;;;;;
0000367804;24/11/2023 11:11:23;" MAIARA DIAS ZANELA";" Pagamento de crédito";" 258- AQUISIÇÃO E REEMBOLSO-MÓVEL COM REGISTRO";474.186.999-72;" JOAO FERREIRA DA COSTA";010609/1133-00;;" Aguardando Regularização";072613;Perola;207;SICREDI VALE DO PIQUIRI ABCD P;207;SUREG Vale do Piquiri PR;CENTRAL SICREDI PR/SP/RJ;105.0 Hora(s);5h06m;24/11/2023 11:27:51;;;;;;
