﻿ID_Processo7;DT_Solicitacao8;NM_Usuario_Solicitacao8;NM_Tipo_Processo8;NM_Processo8;CD_Inscricao_Nacional8;NM_Pessoa8;Usuário;Grupo_Cota_Outros8;ST_Status8;CD_Comissionado2;NM_Fantasia_Comissionado2;CD_Tipo_Ponto_Venda3;NM_Fantasia_Ponto_Venda2;CD_Tipo_Ponto_Venda4;NM_Tipo_Ponto_Venda2;NM_Filial_Venda2;Nivel_Servico8;Tempo_Processo8;DH_Conclusao8;NM_Atividade1;Nivel_Servico_Atividade1;DT_Inicio_Atividade1;DT_Fim_Atividade1;NM_Usuario_Atividade1;Tempo_Processo_Atividade1
0000364210;21/11/2023 08:11:59;" MAIARA DIAS ZANELA";" Pagamento de crédito";" 258- AQUISIÇÃO E REEMBOLSO-MÓVEL COM REGISTRO";39.428.058/0001-76;" MS AUTO MECANICA LTDA";010603/0216-00;;" Concluído";072628;Campo Mourão;207;SICREDI VALE DO PIQUIRI ABCD P;207;SUREG Vale do Piquiri PR;CENTRAL SICREDI PR/SP/RJ;105.0 Hora(s);1d3h24m;22/11/2023 12:01:19;LIBERAR PAGAMENTOS;0h00m;21/11/2023 15:37:41;22/11/2023 12:01:19;Kelen Hahn Paulo;0h00m
0000364210;21/11/2023 08:11:59;" MAIARA DIAS ZANELA";" Pagamento de crédito";" 258- AQUISIÇÃO E REEMBOLSO-MÓVEL COM REGISTRO";39.428.058/0001-76;" MS AUTO MECANICA LTDA";010603/0216-00;;" Concluído";072628;Campo Mourão;207;SICREDI VALE DO PIQUIRI ABCD P;207;SUREG Vale do Piquiri PR;CENTRAL SICREDI PR/SP/RJ;105.0 Hora(s);1d3h24m;21/11/2023 15:37:40;APROVAR PAGAMENTO;1h00m;21/11/2023 15:37:36;21/11/2023 15:37:40;Paola dos Santos Lima;0h00m
0000364210;21/11/2023 08:11:59;" MAIARA DIAS ZANELA";" Pagamento de crédito";" 258- AQUISIÇÃO E REEMBOLSO-MÓVEL COM REGISTRO";39.428.058/0001-76;" MS AUTO MECANICA LTDA";010603/0216-00;;" Concluído";072628;Campo Mourão;207;SICREDI VALE DO PIQUIRI ABCD P;207;SUREG Vale do Piquiri PR;CENTRAL SICREDI PR/SP/RJ;105.0 Hora(s);1d3h24m;21/11/2023 15:37:36;PROGRAMAR PAGAMENTO;1h00m;21/11/2023 15:37:17;21/11/2023 15:37:36;Paola dos Santos Lima;0h00m
0000364210;21/11/2023 08:11:59;" MAIARA DIAS ZANELA";" Pagamento de crédito";" 258- AQUISIÇÃO E REEMBOLSO-MÓVEL COM REGISTRO";39.428.058/0001-76;" MS AUTO MECANICA LTDA";010603/0216-00;;" Concluído";072628;Campo Mourão;207;SICREDI VALE DO PIQUIRI ABCD P;207;SUREG Vale do Piquiri PR;CENTRAL SICREDI PR/SP/RJ;105.0 Hora(s);1d3h24m;21/11/2023 15:37:17;ANALISAR DOCUMENTOS PARA LIBERAÇÃO 2ª ETAPA;18h00m;21/11/2023 14:57:06;21/11/2023 15:37:17;Paola dos Santos Lima;0h07m
0000364210;21/11/2023 08:11:59;" MAIARA DIAS ZANELA";" Pagamento de crédito";" 258- AQUISIÇÃO E REEMBOLSO-MÓVEL COM REGISTRO";39.428.058/0001-76;" MS AUTO MECANICA LTDA";010603/0216-00;;" Concluído";072628;Campo Mourão;207;SICREDI VALE DO PIQUIRI ABCD P;207;SUREG Vale do Piquiri PR;CENTRAL SICREDI PR/SP/RJ;105.0 Hora(s);1d3h24m;21/11/2023 14:57:06;EMITIR DOCUMENTOS PARA LIBERAÇÃO;18h00m;21/11/2023 10:02:00;21/11/2023 14:57:06;MAIARA DIAS ZANELA;0h00m
0000364210;21/11/2023 08:11:59;" MAIARA DIAS ZANELA";" Pagamento de crédito";" 258- AQUISIÇÃO E REEMBOLSO-MÓVEL COM REGISTRO";39.428.058/0001-76;" MS AUTO MECANICA LTDA";010603/0216-00;;" Concluído";072628;Campo Mourão;207;SICREDI VALE DO PIQUIRI ABCD P;207;SUREG Vale do Piquiri PR;CENTRAL SICREDI PR/SP/RJ;105.0 Hora(s);1d3h24m;21/11/2023 10:02:00;REGISTRAR CONTRATO MANUALMENTE;1h00m;21/11/2023 10:01:55;21/11/2023 10:02:00;Clara Vargas;0h01m
0000364210;21/11/2023 08:11:59;" MAIARA DIAS ZANELA";" Pagamento de crédito";" 258- AQUISIÇÃO E REEMBOLSO-MÓVEL COM REGISTRO";39.428.058/0001-76;" MS AUTO MECANICA LTDA";010603/0216-00;;" Concluído";072628;Campo Mourão;207;SICREDI VALE DO PIQUIRI ABCD P;207;SUREG Vale do Piquiri PR;CENTRAL SICREDI PR/SP/RJ;105.0 Hora(s);1d3h24m;21/11/2023 10:01:55;ALIENAR O BEM;1h00m;21/11/2023 10:01:05;21/11/2023 10:01:55;Clara Vargas;0h00m
0000364210;21/11/2023 08:11:59;" MAIARA DIAS ZANELA";" Pagamento de crédito";" 258- AQUISIÇÃO E REEMBOLSO-MÓVEL COM REGISTRO";39.428.058/0001-76;" MS AUTO MECANICA LTDA";010603/0216-00;;" Concluído";072628;Campo Mourão;207;SICREDI VALE DO PIQUIRI ABCD P;207;SUREG Vale do Piquiri PR;CENTRAL SICREDI PR/SP/RJ;105.0 Hora(s);1d3h24m;21/11/2023 10:01:05;FINALIZAR CADASTRO DO BEM;1h00m;21/11/2023 10:01:00;21/11/2023 10:01:05;Clara Vargas;0h00m
0000364210;21/11/2023 08:11:59;" MAIARA DIAS ZANELA";" Pagamento de crédito";" 258- AQUISIÇÃO E REEMBOLSO-MÓVEL COM REGISTRO";39.428.058/0001-76;" MS AUTO MECANICA LTDA";010603/0216-00;;" Concluído";072628;Campo Mourão;207;SICREDI VALE DO PIQUIRI ABCD P;207;SUREG Vale do Piquiri PR;CENTRAL SICREDI PR/SP/RJ;105.0 Hora(s);1d3h24m;21/11/2023 10:01:00;ANÁLISE DE DOCUMENTOS 1ª ETAPA;18h00m;21/11/2023 08:39:42;21/11/2023 10:01:00;Clara Vargas;0h04m
0000364210;21/11/2023 08:11:59;" MAIARA DIAS ZANELA";" Pagamento de crédito";" 258- AQUISIÇÃO E REEMBOLSO-MÓVEL COM REGISTRO";39.428.058/0001-76;" MS AUTO MECANICA LTDA";010603/0216-00;;" Concluído";072628;Campo Mourão;207;SICREDI VALE DO PIQUIRI ABCD P;207;SUREG Vale do Piquiri PR;CENTRAL SICREDI PR/SP/RJ;105.0 Hora(s);1d3h24m;21/11/2023 08:39:42;ENVIAR DOCUMENTOS;1d21h00m;21/11/2023 08:38:01;21/11/2023 08:39:42;MAIARA DIAS ZANELA;0h00m
0000364210;21/11/2023 08:11:59;" MAIARA DIAS ZANELA";" Pagamento de crédito";" 258- AQUISIÇÃO E REEMBOLSO-MÓVEL COM REGISTRO";39.428.058/0001-76;" MS AUTO MECANICA LTDA";010603/0216-00;;" Concluído";072628;Campo Mourão;207;SICREDI VALE DO PIQUIRI ABCD P;207;SUREG Vale do Piquiri PR;CENTRAL SICREDI PR/SP/RJ;105.0 Hora(s);1d3h24m;21/11/2023 08:38:01;AUTORIZAÇÃO DE FATURAMENTO;0h00m;21/11/2023 08:37:51;21/11/2023 08:38:01;;0h00m
0000364210;21/11/2023 08:11:59;" MAIARA DIAS ZANELA";" Pagamento de crédito";" 258- AQUISIÇÃO E REEMBOLSO-MÓVEL COM REGISTRO";39.428.058/0001-76;" MS AUTO MECANICA LTDA";010603/0216-00;;" Concluído";072628;Campo Mourão;207;SICREDI VALE DO PIQUIRI ABCD P;207;SUREG Vale do Piquiri PR;CENTRAL SICREDI PR/SP/RJ;105.0 Hora(s);1d3h24m;22/11/2023 12:01:19;;;;;;
0000364210;21/11/2023 08:11:59;" MAIARA DIAS ZANELA";" Pagamento de crédito";" 258- AQUISIÇÃO E REEMBOLSO-MÓVEL COM REGISTRO";39.428.058/0001-76;" MS AUTO MECANICA LTDA";010603/0216-00;;" Concluído";072628;Campo Mourão;207;SICREDI VALE DO PIQUIRI ABCD P;207;SUREG Vale do Piquiri PR;CENTRAL SICREDI PR/SP/RJ;105.0 Hora(s);1d3h24m;21/11/2023 15:37:40;;;;;;
0000364210;21/11/2023 08:11:59;" MAIARA DIAS ZANELA";" Pagamento de crédito";" 258- AQUISIÇÃO E REEMBOLSO-MÓVEL COM REGISTRO";39.428.058/0001-76;" MS AUTO MECANICA LTDA";010603/0216-00;;" Concluído";072628;Campo Mourão;207;SICREDI VALE DO PIQUIRI ABCD P;207;SUREG Vale do Piquiri PR;CENTRAL SICREDI PR/SP/RJ;105.0 Hora(s);1d3h24m;21/11/2023 15:37:36;;;;;;
0000364210;21/11/2023 08:11:59;" MAIARA DIAS ZANELA";" Pagamento de crédito";" 258- AQUISIÇÃO E REEMBOLSO-MÓVEL COM REGISTRO";39.428.058/0001-76;" MS AUTO MECANICA LTDA";010603/0216-00;;" Concluído";072628;Campo Mourão;207;SICREDI VALE DO PIQUIRI ABCD P;207;SUREG Vale do Piquiri PR;CENTRAL SICREDI PR/SP/RJ;105.0 Hora(s);1d3h24m;21/11/2023 15:37:17;;;;;;
0000364210;21/11/2023 08:11:59;" MAIARA DIAS ZANELA";" Pagamento de crédito";" 258- AQUISIÇÃO E REEMBOLSO-MÓVEL COM REGISTRO";39.428.058/0001-76;" MS AUTO MECANICA LTDA";010603/0216-00;;" Concluído";072628;Campo Mourão;207;SICREDI VALE DO PIQUIRI ABCD P;207;SUREG Vale do Piquiri PR;CENTRAL SICREDI PR/SP/RJ;105.0 Hora(s);1d3h24m;21/11/2023 14:57:06;;;;;;
0000364210;21/11/2023 08:11:59;" MAIARA DIAS ZANELA";" Pagamento de crédito";" 258- AQUISIÇÃO E REEMBOLSO-MÓVEL COM REGISTRO";39.428.058/0001-76;" MS AUTO MECANICA LTDA";010603/0216-00;;" Concluído";072628;Campo Mourão;207;SICREDI VALE DO PIQUIRI ABCD P;207;SUREG Vale do Piquiri PR;CENTRAL SICREDI PR/SP/RJ;105.0 Hora(s);1d3h24m;21/11/2023 10:02:00;;;;;;
0000364210;21/11/2023 08:11:59;" MAIARA DIAS ZANELA";" Pagamento de crédito";" 258- AQUISIÇÃO E REEMBOLSO-MÓVEL COM REGISTRO";39.428.058/0001-76;" MS AUTO MECANICA LTDA";010603/0216-00;;" Concluído";072628;Campo Mourão;207;SICREDI VALE DO PIQUIRI ABCD P;207;SUREG Vale do Piquiri PR;CENTRAL SICREDI PR/SP/RJ;105.0 Hora(s);1d3h24m;21/11/2023 10:01:55;;;;;;
0000364210;21/11/2023 08:11:59;" MAIARA DIAS ZANELA";" Pagamento de crédito";" 258- AQUISIÇÃO E REEMBOLSO-MÓVEL COM REGISTRO";39.428.058/0001-76;" MS AUTO MECANICA LTDA";010603/0216-00;;" Concluído";072628;Campo Mourão;207;SICREDI VALE DO PIQUIRI ABCD P;207;SUREG Vale do Piquiri PR;CENTRAL SICREDI PR/SP/RJ;105.0 Hora(s);1d3h24m;21/11/2023 10:01:05;;;;;;
0000364210;21/11/2023 08:11:59;" MAIARA DIAS ZANELA";" Pagamento de crédito";" 258- AQUISIÇÃO E REEMBOLSO-MÓVEL COM REGISTRO";39.428.058/0001-76;" MS AUTO MECANICA LTDA";010603/0216-00;;" Concluído";072628;Campo Mourão;207;SICREDI VALE DO PIQUIRI ABCD P;207;SUREG Vale do Piquiri PR;CENTRAL SICREDI PR/SP/RJ;105.0 Hora(s);1d3h24m;21/11/2023 10:01:00;;;;;;
0000364210;21/11/2023 08:11:59;" MAIARA DIAS ZANELA";" Pagamento de crédito";" 258- AQUISIÇÃO E REEMBOLSO-MÓVEL COM REGISTRO";39.428.058/0001-76;" MS AUTO MECANICA LTDA";010603/0216-00;;" Concluído";072628;Campo Mourão;207;SICREDI VALE DO PIQUIRI ABCD P;207;SUREG Vale do Piquiri PR;CENTRAL SICREDI PR/SP/RJ;105.0 Hora(s);1d3h24m;21/11/2023 08:39:42;;;;;;
0000364210;21/11/2023 08:11:59;" MAIARA DIAS ZANELA";" Pagamento de crédito";" 258- AQUISIÇÃO E REEMBOLSO-MÓVEL COM REGISTRO";39.428.058/0001-76;" MS AUTO MECANICA LTDA";010603/0216-00;;" Concluído";072628;Campo Mourão;207;SICREDI VALE DO PIQUIRI ABCD P;207;SUREG Vale do Piquiri PR;CENTRAL SICREDI PR/SP/RJ;105.0 Hora(s);1d3h24m;21/11/2023 08:38:01;;;;;;
