﻿ID_Processo7;DT_Solicitacao8;NM_Usuario_Solicitacao8;NM_Tipo_Processo8;NM_Processo8;CD_Inscricao_Nacional8;NM_Pessoa8;Usuário;Grupo_Cota_Outros8;ST_Status8;CD_Comissionado2;NM_Fantasia_Comissionado2;CD_Tipo_Ponto_Venda3;NM_Fantasia_Ponto_Venda2;CD_Tipo_Ponto_Venda4;NM_Tipo_Ponto_Venda2;NM_Filial_Venda2;Nivel_Servico8;Tempo_Processo8;DH_Conclusao8;NM_Atividade1;Nivel_Servico_Atividade1;DT_Inicio_Atividade1;DT_Fim_Atividade1;NM_Usuario_Atividade1;Tempo_Processo_Atividade1
0000356395;09/11/2023 15:11:35;" MATEUS CONSTANTINO PEREIRA";" Pagamento de crédito";" 258- AQUISIÇÃO E REEMBOLSO-MÓVEL COM REGISTRO";12.406.893/0002-30;" AUTOJA RENT CAR LTDA";010602/0709-00;"010602/0716-00&#x0D;
010602/0720-00&#x0D;
010602/0723-00&#x0D;
010602/0725-00";" Concluído";021753;Jacutinga;104;SICREDI UNIESTADOS;104;SUREG Erechim RS;CENTRAL SICREDI SUL/SUDESTE;105.0 Hora(s);1d1h48m;10/11/2023 17:03:11;LIBERAR PAGAMENTOS;0h00m;10/11/2023 15:34:06;10/11/2023 17:03:11;ELKIAYER FAGUNDES TRINDADE;0h00m
0000356395;09/11/2023 15:11:35;" MATEUS CONSTANTINO PEREIRA";" Pagamento de crédito";" 258- AQUISIÇÃO E REEMBOLSO-MÓVEL COM REGISTRO";12.406.893/0002-30;" AUTOJA RENT CAR LTDA";010602/0709-00;"010602/0716-00&#x0D;
010602/0720-00&#x0D;
010602/0723-00&#x0D;
010602/0725-00";" Concluído";021753;Jacutinga;104;SICREDI UNIESTADOS;104;SUREG Erechim RS;CENTRAL SICREDI SUL/SUDESTE;105.0 Hora(s);1d1h48m;10/11/2023 15:34:05;APROVAR PAGAMENTO;1h00m;10/11/2023 15:34:01;10/11/2023 15:34:05;Paola dos Santos Lima;0h00m
0000356395;09/11/2023 15:11:35;" MATEUS CONSTANTINO PEREIRA";" Pagamento de crédito";" 258- AQUISIÇÃO E REEMBOLSO-MÓVEL COM REGISTRO";12.406.893/0002-30;" AUTOJA RENT CAR LTDA";010602/0709-00;"010602/0716-00&#x0D;
010602/0720-00&#x0D;
010602/0723-00&#x0D;
010602/0725-00";" Concluído";021753;Jacutinga;104;SICREDI UNIESTADOS;104;SUREG Erechim RS;CENTRAL SICREDI SUL/SUDESTE;105.0 Hora(s);1d1h48m;10/11/2023 15:34:01;PROGRAMAR PAGAMENTO;1h00m;10/11/2023 15:30:32;10/11/2023 15:34:01;Paola dos Santos Lima;0h04m
0000356395;09/11/2023 15:11:35;" MATEUS CONSTANTINO PEREIRA";" Pagamento de crédito";" 258- AQUISIÇÃO E REEMBOLSO-MÓVEL COM REGISTRO";12.406.893/0002-30;" AUTOJA RENT CAR LTDA";010602/0709-00;"010602/0716-00&#x0D;
010602/0720-00&#x0D;
010602/0723-00&#x0D;
010602/0725-00";" Concluído";021753;Jacutinga;104;SICREDI UNIESTADOS;104;SUREG Erechim RS;CENTRAL SICREDI SUL/SUDESTE;105.0 Hora(s);1d1h48m;10/11/2023 15:30:32;ANALISAR DOCUMENTOS PARA LIBERAÇÃO 2ª ETAPA;18h00m;10/11/2023 14:00:56;10/11/2023 15:30:32;Paola dos Santos Lima;0h17m
0000356395;09/11/2023 15:11:35;" MATEUS CONSTANTINO PEREIRA";" Pagamento de crédito";" 258- AQUISIÇÃO E REEMBOLSO-MÓVEL COM REGISTRO";12.406.893/0002-30;" AUTOJA RENT CAR LTDA";010602/0709-00;"010602/0716-00&#x0D;
010602/0720-00&#x0D;
010602/0723-00&#x0D;
010602/0725-00";" Concluído";021753;Jacutinga;104;SICREDI UNIESTADOS;104;SUREG Erechim RS;CENTRAL SICREDI SUL/SUDESTE;105.0 Hora(s);1d1h48m;10/11/2023 14:00:56;EMITIR DOCUMENTOS PARA LIBERAÇÃO;18h00m;10/11/2023 11:29:42;10/11/2023 14:00:56;ANTONIO ALVES DA SILVA NETO;0h00m
0000356395;09/11/2023 15:11:35;" MATEUS CONSTANTINO PEREIRA";" Pagamento de crédito";" 258- AQUISIÇÃO E REEMBOLSO-MÓVEL COM REGISTRO";12.406.893/0002-30;" AUTOJA RENT CAR LTDA";010602/0709-00;"010602/0716-00&#x0D;
010602/0720-00&#x0D;
010602/0723-00&#x0D;
010602/0725-00";" Concluído";021753;Jacutinga;104;SICREDI UNIESTADOS;104;SUREG Erechim RS;CENTRAL SICREDI SUL/SUDESTE;105.0 Hora(s);1d1h48m;10/11/2023 11:29:42;REGISTRAR CONTRATO MANUALMENTE;1h00m;10/11/2023 11:29:34;10/11/2023 11:29:42;Paola dos Santos Lima;0h00m
0000356395;09/11/2023 15:11:35;" MATEUS CONSTANTINO PEREIRA";" Pagamento de crédito";" 258- AQUISIÇÃO E REEMBOLSO-MÓVEL COM REGISTRO";12.406.893/0002-30;" AUTOJA RENT CAR LTDA";010602/0709-00;"010602/0716-00&#x0D;
010602/0720-00&#x0D;
010602/0723-00&#x0D;
010602/0725-00";" Concluído";021753;Jacutinga;104;SICREDI UNIESTADOS;104;SUREG Erechim RS;CENTRAL SICREDI SUL/SUDESTE;105.0 Hora(s);1d1h48m;10/11/2023 11:29:34;ALIENAR O BEM;1h00m;10/11/2023 11:26:38;10/11/2023 11:29:34;Paola dos Santos Lima;0h03m
0000356395;09/11/2023 15:11:35;" MATEUS CONSTANTINO PEREIRA";" Pagamento de crédito";" 258- AQUISIÇÃO E REEMBOLSO-MÓVEL COM REGISTRO";12.406.893/0002-30;" AUTOJA RENT CAR LTDA";010602/0709-00;"010602/0716-00&#x0D;
010602/0720-00&#x0D;
010602/0723-00&#x0D;
010602/0725-00";" Concluído";021753;Jacutinga;104;SICREDI UNIESTADOS;104;SUREG Erechim RS;CENTRAL SICREDI SUL/SUDESTE;105.0 Hora(s);1d1h48m;10/11/2023 11:26:38;FINALIZAR CADASTRO DO BEM;1h00m;10/11/2023 11:26:32;10/11/2023 11:26:38;Paola dos Santos Lima;0h00m
0000356395;09/11/2023 15:11:35;" MATEUS CONSTANTINO PEREIRA";" Pagamento de crédito";" 258- AQUISIÇÃO E REEMBOLSO-MÓVEL COM REGISTRO";12.406.893/0002-30;" AUTOJA RENT CAR LTDA";010602/0709-00;"010602/0716-00&#x0D;
010602/0720-00&#x0D;
010602/0723-00&#x0D;
010602/0725-00";" Concluído";021753;Jacutinga;104;SICREDI UNIESTADOS;104;SUREG Erechim RS;CENTRAL SICREDI SUL/SUDESTE;105.0 Hora(s);1d1h48m;10/11/2023 11:26:31;ANÁLISE DE DOCUMENTOS 1ª ETAPA;18h00m;10/11/2023 09:53:14;10/11/2023 11:26:31;Paola dos Santos Lima;0h31m
0000356395;09/11/2023 15:11:35;" MATEUS CONSTANTINO PEREIRA";" Pagamento de crédito";" 258- AQUISIÇÃO E REEMBOLSO-MÓVEL COM REGISTRO";12.406.893/0002-30;" AUTOJA RENT CAR LTDA";010602/0709-00;"010602/0716-00&#x0D;
010602/0720-00&#x0D;
010602/0723-00&#x0D;
010602/0725-00";" Concluído";021753;Jacutinga;104;SICREDI UNIESTADOS;104;SUREG Erechim RS;CENTRAL SICREDI SUL/SUDESTE;105.0 Hora(s);1d1h48m;10/11/2023 09:53:14;ENVIAR DOCUMENTOS;1d21h00m;09/11/2023 15:16:14;10/11/2023 09:53:14;MATEUS CONSTANTINO PEREIRA;0h00m
0000356395;09/11/2023 15:11:35;" MATEUS CONSTANTINO PEREIRA";" Pagamento de crédito";" 258- AQUISIÇÃO E REEMBOLSO-MÓVEL COM REGISTRO";12.406.893/0002-30;" AUTOJA RENT CAR LTDA";010602/0709-00;"010602/0716-00&#x0D;
010602/0720-00&#x0D;
010602/0723-00&#x0D;
010602/0725-00";" Concluído";021753;Jacutinga;104;SICREDI UNIESTADOS;104;SUREG Erechim RS;CENTRAL SICREDI SUL/SUDESTE;105.0 Hora(s);1d1h48m;09/11/2023 15:16:14;AUTORIZAÇÃO DE FATURAMENTO;0h00m;09/11/2023 15:15:28;09/11/2023 15:16:14;;0h00m
0000356395;09/11/2023 15:11:35;" MATEUS CONSTANTINO PEREIRA";" Pagamento de crédito";" 258- AQUISIÇÃO E REEMBOLSO-MÓVEL COM REGISTRO";12.406.893/0002-30;" AUTOJA RENT CAR LTDA";010602/0709-00;"010602/0716-00&#x0D;
010602/0720-00&#x0D;
010602/0723-00&#x0D;
010602/0725-00";" Concluído";021753;Jacutinga;104;SICREDI UNIESTADOS;104;SUREG Erechim RS;CENTRAL SICREDI SUL/SUDESTE;105.0 Hora(s);1d1h48m;10/11/2023 17:03:11;;;;;;
0000356395;09/11/2023 15:11:35;" MATEUS CONSTANTINO PEREIRA";" Pagamento de crédito";" 258- AQUISIÇÃO E REEMBOLSO-MÓVEL COM REGISTRO";12.406.893/0002-30;" AUTOJA RENT CAR LTDA";010602/0709-00;"010602/0716-00&#x0D;
010602/0720-00&#x0D;
010602/0723-00&#x0D;
010602/0725-00";" Concluído";021753;Jacutinga;104;SICREDI UNIESTADOS;104;SUREG Erechim RS;CENTRAL SICREDI SUL/SUDESTE;105.0 Hora(s);1d1h48m;10/11/2023 15:34:05;;;;;;
0000356395;09/11/2023 15:11:35;" MATEUS CONSTANTINO PEREIRA";" Pagamento de crédito";" 258- AQUISIÇÃO E REEMBOLSO-MÓVEL COM REGISTRO";12.406.893/0002-30;" AUTOJA RENT CAR LTDA";010602/0709-00;"010602/0716-00&#x0D;
010602/0720-00&#x0D;
010602/0723-00&#x0D;
010602/0725-00";" Concluído";021753;Jacutinga;104;SICREDI UNIESTADOS;104;SUREG Erechim RS;CENTRAL SICREDI SUL/SUDESTE;105.0 Hora(s);1d1h48m;10/11/2023 15:34:01;;;;;;
0000356395;09/11/2023 15:11:35;" MATEUS CONSTANTINO PEREIRA";" Pagamento de crédito";" 258- AQUISIÇÃO E REEMBOLSO-MÓVEL COM REGISTRO";12.406.893/0002-30;" AUTOJA RENT CAR LTDA";010602/0709-00;"010602/0716-00&#x0D;
010602/0720-00&#x0D;
010602/0723-00&#x0D;
010602/0725-00";" Concluído";021753;Jacutinga;104;SICREDI UNIESTADOS;104;SUREG Erechim RS;CENTRAL SICREDI SUL/SUDESTE;105.0 Hora(s);1d1h48m;10/11/2023 15:30:32;;;;;;
0000356395;09/11/2023 15:11:35;" MATEUS CONSTANTINO PEREIRA";" Pagamento de crédito";" 258- AQUISIÇÃO E REEMBOLSO-MÓVEL COM REGISTRO";12.406.893/0002-30;" AUTOJA RENT CAR LTDA";010602/0709-00;"010602/0716-00&#x0D;
010602/0720-00&#x0D;
010602/0723-00&#x0D;
010602/0725-00";" Concluído";021753;Jacutinga;104;SICREDI UNIESTADOS;104;SUREG Erechim RS;CENTRAL SICREDI SUL/SUDESTE;105.0 Hora(s);1d1h48m;10/11/2023 14:00:56;;;;;;
0000356395;09/11/2023 15:11:35;" MATEUS CONSTANTINO PEREIRA";" Pagamento de crédito";" 258- AQUISIÇÃO E REEMBOLSO-MÓVEL COM REGISTRO";12.406.893/0002-30;" AUTOJA RENT CAR LTDA";010602/0709-00;"010602/0716-00&#x0D;
010602/0720-00&#x0D;
010602/0723-00&#x0D;
010602/0725-00";" Concluído";021753;Jacutinga;104;SICREDI UNIESTADOS;104;SUREG Erechim RS;CENTRAL SICREDI SUL/SUDESTE;105.0 Hora(s);1d1h48m;10/11/2023 11:29:42;;;;;;
0000356395;09/11/2023 15:11:35;" MATEUS CONSTANTINO PEREIRA";" Pagamento de crédito";" 258- AQUISIÇÃO E REEMBOLSO-MÓVEL COM REGISTRO";12.406.893/0002-30;" AUTOJA RENT CAR LTDA";010602/0709-00;"010602/0716-00&#x0D;
010602/0720-00&#x0D;
010602/0723-00&#x0D;
010602/0725-00";" Concluído";021753;Jacutinga;104;SICREDI UNIESTADOS;104;SUREG Erechim RS;CENTRAL SICREDI SUL/SUDESTE;105.0 Hora(s);1d1h48m;10/11/2023 11:29:34;;;;;;
0000356395;09/11/2023 15:11:35;" MATEUS CONSTANTINO PEREIRA";" Pagamento de crédito";" 258- AQUISIÇÃO E REEMBOLSO-MÓVEL COM REGISTRO";12.406.893/0002-30;" AUTOJA RENT CAR LTDA";010602/0709-00;"010602/0716-00&#x0D;
010602/0720-00&#x0D;
010602/0723-00&#x0D;
010602/0725-00";" Concluído";021753;Jacutinga;104;SICREDI UNIESTADOS;104;SUREG Erechim RS;CENTRAL SICREDI SUL/SUDESTE;105.0 Hora(s);1d1h48m;10/11/2023 11:26:38;;;;;;
0000356395;09/11/2023 15:11:35;" MATEUS CONSTANTINO PEREIRA";" Pagamento de crédito";" 258- AQUISIÇÃO E REEMBOLSO-MÓVEL COM REGISTRO";12.406.893/0002-30;" AUTOJA RENT CAR LTDA";010602/0709-00;"010602/0716-00&#x0D;
010602/0720-00&#x0D;
010602/0723-00&#x0D;
010602/0725-00";" Concluído";021753;Jacutinga;104;SICREDI UNIESTADOS;104;SUREG Erechim RS;CENTRAL SICREDI SUL/SUDESTE;105.0 Hora(s);1d1h48m;10/11/2023 11:26:31;;;;;;
0000356395;09/11/2023 15:11:35;" MATEUS CONSTANTINO PEREIRA";" Pagamento de crédito";" 258- AQUISIÇÃO E REEMBOLSO-MÓVEL COM REGISTRO";12.406.893/0002-30;" AUTOJA RENT CAR LTDA";010602/0709-00;"010602/0716-00&#x0D;
010602/0720-00&#x0D;
010602/0723-00&#x0D;
010602/0725-00";" Concluído";021753;Jacutinga;104;SICREDI UNIESTADOS;104;SUREG Erechim RS;CENTRAL SICREDI SUL/SUDESTE;105.0 Hora(s);1d1h48m;10/11/2023 09:53:14;;;;;;
0000356395;09/11/2023 15:11:35;" MATEUS CONSTANTINO PEREIRA";" Pagamento de crédito";" 258- AQUISIÇÃO E REEMBOLSO-MÓVEL COM REGISTRO";12.406.893/0002-30;" AUTOJA RENT CAR LTDA";010602/0709-00;"010602/0716-00&#x0D;
010602/0720-00&#x0D;
010602/0723-00&#x0D;
010602/0725-00";" Concluído";021753;Jacutinga;104;SICREDI UNIESTADOS;104;SUREG Erechim RS;CENTRAL SICREDI SUL/SUDESTE;105.0 Hora(s);1d1h48m;09/11/2023 15:16:14;;;;;;
