﻿ID_Processo7;DT_Solicitacao8;NM_Usuario_Solicitacao8;NM_Tipo_Processo8;NM_Processo8;CD_Inscricao_Nacional8;NM_Pessoa8;Usuário;Grupo_Cota_Outros8;ST_Status8;CD_Comissionado2;NM_Fantasia_Comissionado2;CD_Tipo_Ponto_Venda3;NM_Fantasia_Ponto_Venda2;CD_Tipo_Ponto_Venda4;NM_Tipo_Ponto_Venda2;NM_Filial_Venda2;Nivel_Servico8;Tempo_Processo8;DH_Conclusao8;NM_Atividade1;Nivel_Servico_Atividade1;DT_Inicio_Atividade1;DT_Fim_Atividade1;NM_Usuario_Atividade1;Tempo_Processo_Atividade1
0000367756;24/11/2023 10:11:54;" WESLEY LUCAS DA SILVA PEREIRA";" Pagamento de crédito";" 258- AQUISIÇÃO E REEMBOLSO-MÓVEL COM REGISTRO";060.651.219-59;" EDUARDO FERNANDO REBONATTO";010602/0799-00;"010602/0803-00&#x0D;
010602/0825-00";" Andamento";021727;Joaçaba;104;SICREDI UNIESTADOS;104;SUREG Erechim RS;CENTRAL SICREDI SUL/SUDESTE;105.0 Hora(s);0h06m;"                   ";ANÁLISE DE DOCUMENTOS 1ª ETAPA;18h00m;24/11/2023 10:42:03;"                   ";;0h00m
0000367756;24/11/2023 10:11:54;" WESLEY LUCAS DA SILVA PEREIRA";" Pagamento de crédito";" 258- AQUISIÇÃO E REEMBOLSO-MÓVEL COM REGISTRO";060.651.219-59;" EDUARDO FERNANDO REBONATTO";010602/0799-00;"010602/0803-00&#x0D;
010602/0825-00";" Andamento";021727;Joaçaba;104;SICREDI UNIESTADOS;104;SUREG Erechim RS;CENTRAL SICREDI SUL/SUDESTE;105.0 Hora(s);0h06m;24/11/2023 10:42:03;ENVIAR DOCUMENTOS;1d21h00m;24/11/2023 10:37:37;24/11/2023 10:42:03;WESLEY LUCAS DA SILVA PEREIRA;0h00m
0000367756;24/11/2023 10:11:54;" WESLEY LUCAS DA SILVA PEREIRA";" Pagamento de crédito";" 258- AQUISIÇÃO E REEMBOLSO-MÓVEL COM REGISTRO";060.651.219-59;" EDUARDO FERNANDO REBONATTO";010602/0799-00;"010602/0803-00&#x0D;
010602/0825-00";" Andamento";021727;Joaçaba;104;SICREDI UNIESTADOS;104;SUREG Erechim RS;CENTRAL SICREDI SUL/SUDESTE;105.0 Hora(s);0h06m;24/11/2023 10:37:37;AUTORIZAÇÃO DE FATURAMENTO;0h00m;24/11/2023 10:36:41;24/11/2023 10:37:37;;0h00m
0000367756;24/11/2023 10:11:54;" WESLEY LUCAS DA SILVA PEREIRA";" Pagamento de crédito";" 258- AQUISIÇÃO E REEMBOLSO-MÓVEL COM REGISTRO";060.651.219-59;" EDUARDO FERNANDO REBONATTO";010602/0799-00;"010602/0803-00&#x0D;
010602/0825-00";" Andamento";021727;Joaçaba;104;SICREDI UNIESTADOS;104;SUREG Erechim RS;CENTRAL SICREDI SUL/SUDESTE;105.0 Hora(s);0h06m;"                   ";;;;;;
0000367756;24/11/2023 10:11:54;" WESLEY LUCAS DA SILVA PEREIRA";" Pagamento de crédito";" 258- AQUISIÇÃO E REEMBOLSO-MÓVEL COM REGISTRO";060.651.219-59;" EDUARDO FERNANDO REBONATTO";010602/0799-00;"010602/0803-00&#x0D;
010602/0825-00";" Andamento";021727;Joaçaba;104;SICREDI UNIESTADOS;104;SUREG Erechim RS;CENTRAL SICREDI SUL/SUDESTE;105.0 Hora(s);0h06m;24/11/2023 10:42:03;;;;;;
0000367756;24/11/2023 10:11:54;" WESLEY LUCAS DA SILVA PEREIRA";" Pagamento de crédito";" 258- AQUISIÇÃO E REEMBOLSO-MÓVEL COM REGISTRO";060.651.219-59;" EDUARDO FERNANDO REBONATTO";010602/0799-00;"010602/0803-00&#x0D;
010602/0825-00";" Andamento";021727;Joaçaba;104;SICREDI UNIESTADOS;104;SUREG Erechim RS;CENTRAL SICREDI SUL/SUDESTE;105.0 Hora(s);0h06m;24/11/2023 10:37:37;;;;;;
