﻿ID_Processo7;DT_Solicitacao8;NM_Usuario_Solicitacao8;NM_Tipo_Processo8;NM_Processo8;CD_Inscricao_Nacional8;NM_Pessoa8;Usuário;Grupo_Cota_Outros8;ST_Status8;CD_Comissionado2;NM_Fantasia_Comissionado2;CD_Tipo_Ponto_Venda3;NM_Fantasia_Ponto_Venda2;CD_Tipo_Ponto_Venda4;NM_Tipo_Ponto_Venda2;NM_Filial_Venda2;Nivel_Servico8;Tempo_Processo8;DH_Conclusao8;NM_Atividade1;Nivel_Servico_Atividade1;DT_Inicio_Atividade1;DT_Fim_Atividade1;NM_Usuario_Atividade1;Tempo_Processo_Atividade1
0000356149;08/11/2023 16:11:58;" RAFAELLA MARTINS DA SILVA";" Pagamento de crédito";" 258- AQUISIÇÃO E REEMBOLSO-MÓVEL COM REGISTRO";37.348.510/0001-64;" SOUTO  E FERREIRA COMERCIO DE BEBIDAS LTDA";030472/0299-00;;" Concluído";021752;UA MACHADO;104;SICREDI UNIESTADOS;104;SUREG Erechim RS;CENTRAL SICREDI SUL/SUDESTE;105.0 Hora(s);7d19h32m;16/11/2023 11:38:19;LIBERAR PAGAMENTOS;0h00m;16/11/2023 10:40:59;16/11/2023 11:38:19;Kelen Hahn Paulo;0h00m
0000356149;08/11/2023 16:11:58;" RAFAELLA MARTINS DA SILVA";" Pagamento de crédito";" 258- AQUISIÇÃO E REEMBOLSO-MÓVEL COM REGISTRO";37.348.510/0001-64;" SOUTO  E FERREIRA COMERCIO DE BEBIDAS LTDA";030472/0299-00;;" Concluído";021752;UA MACHADO;104;SICREDI UNIESTADOS;104;SUREG Erechim RS;CENTRAL SICREDI SUL/SUDESTE;105.0 Hora(s);7d19h32m;16/11/2023 10:40:59;APROVAR PAGAMENTO;1h00m;16/11/2023 10:40:53;16/11/2023 10:40:59;LARISSA JAENISCH DUTRA PINTO;0h00m
0000356149;08/11/2023 16:11:58;" RAFAELLA MARTINS DA SILVA";" Pagamento de crédito";" 258- AQUISIÇÃO E REEMBOLSO-MÓVEL COM REGISTRO";37.348.510/0001-64;" SOUTO  E FERREIRA COMERCIO DE BEBIDAS LTDA";030472/0299-00;;" Concluído";021752;UA MACHADO;104;SICREDI UNIESTADOS;104;SUREG Erechim RS;CENTRAL SICREDI SUL/SUDESTE;105.0 Hora(s);7d19h32m;16/11/2023 10:40:53;PROGRAMAR PAGAMENTO;1h00m;16/11/2023 10:40:12;16/11/2023 10:40:53;LARISSA JAENISCH DUTRA PINTO;0h00m
0000356149;08/11/2023 16:11:58;" RAFAELLA MARTINS DA SILVA";" Pagamento de crédito";" 258- AQUISIÇÃO E REEMBOLSO-MÓVEL COM REGISTRO";37.348.510/0001-64;" SOUTO  E FERREIRA COMERCIO DE BEBIDAS LTDA";030472/0299-00;;" Concluído";021752;UA MACHADO;104;SICREDI UNIESTADOS;104;SUREG Erechim RS;CENTRAL SICREDI SUL/SUDESTE;105.0 Hora(s);7d19h32m;16/11/2023 10:40:12;ANALISAR DOCUMENTOS PARA LIBERAÇÃO 2ª ETAPA;18h00m;14/11/2023 16:01:25;16/11/2023 10:40:12;LARISSA JAENISCH DUTRA PINTO;0h02m
0000356149;08/11/2023 16:11:58;" RAFAELLA MARTINS DA SILVA";" Pagamento de crédito";" 258- AQUISIÇÃO E REEMBOLSO-MÓVEL COM REGISTRO";37.348.510/0001-64;" SOUTO  E FERREIRA COMERCIO DE BEBIDAS LTDA";030472/0299-00;;" Concluído";021752;UA MACHADO;104;SICREDI UNIESTADOS;104;SUREG Erechim RS;CENTRAL SICREDI SUL/SUDESTE;105.0 Hora(s);7d19h32m;14/11/2023 16:01:25;EMITIR DOCUMENTOS PARA LIBERAÇÃO;18h00m;10/11/2023 12:52:56;14/11/2023 16:01:25;RAFAELLA MARTINS DA SILVA;0h00m
0000356149;08/11/2023 16:11:58;" RAFAELLA MARTINS DA SILVA";" Pagamento de crédito";" 258- AQUISIÇÃO E REEMBOLSO-MÓVEL COM REGISTRO";37.348.510/0001-64;" SOUTO  E FERREIRA COMERCIO DE BEBIDAS LTDA";030472/0299-00;;" Concluído";021752;UA MACHADO;104;SICREDI UNIESTADOS;104;SUREG Erechim RS;CENTRAL SICREDI SUL/SUDESTE;105.0 Hora(s);7d19h32m;10/11/2023 12:52:56;REGISTRAR CONTRATO MANUALMENTE;1h00m;10/11/2023 12:52:44;10/11/2023 12:52:56;João Pedro Pieluhowski Silva;0h00m
0000356149;08/11/2023 16:11:58;" RAFAELLA MARTINS DA SILVA";" Pagamento de crédito";" 258- AQUISIÇÃO E REEMBOLSO-MÓVEL COM REGISTRO";37.348.510/0001-64;" SOUTO  E FERREIRA COMERCIO DE BEBIDAS LTDA";030472/0299-00;;" Concluído";021752;UA MACHADO;104;SICREDI UNIESTADOS;104;SUREG Erechim RS;CENTRAL SICREDI SUL/SUDESTE;105.0 Hora(s);7d19h32m;10/11/2023 12:52:44;ALIENAR O BEM;1h00m;10/11/2023 12:51:00;10/11/2023 12:52:44;João Pedro Pieluhowski Silva;0h01m
0000356149;08/11/2023 16:11:58;" RAFAELLA MARTINS DA SILVA";" Pagamento de crédito";" 258- AQUISIÇÃO E REEMBOLSO-MÓVEL COM REGISTRO";37.348.510/0001-64;" SOUTO  E FERREIRA COMERCIO DE BEBIDAS LTDA";030472/0299-00;;" Concluído";021752;UA MACHADO;104;SICREDI UNIESTADOS;104;SUREG Erechim RS;CENTRAL SICREDI SUL/SUDESTE;105.0 Hora(s);7d19h32m;10/11/2023 12:51:00;FINALIZAR CADASTRO DO BEM;1h00m;10/11/2023 12:50:56;10/11/2023 12:51:00;João Pedro Pieluhowski Silva;0h01m
0000356149;08/11/2023 16:11:58;" RAFAELLA MARTINS DA SILVA";" Pagamento de crédito";" 258- AQUISIÇÃO E REEMBOLSO-MÓVEL COM REGISTRO";37.348.510/0001-64;" SOUTO  E FERREIRA COMERCIO DE BEBIDAS LTDA";030472/0299-00;;" Concluído";021752;UA MACHADO;104;SICREDI UNIESTADOS;104;SUREG Erechim RS;CENTRAL SICREDI SUL/SUDESTE;105.0 Hora(s);7d19h32m;10/11/2023 12:50:56;ANÁLISE DE DOCUMENTOS 1ª ETAPA;18h00m;09/11/2023 12:45:15;10/11/2023 12:50:56;João Pedro Pieluhowski Silva;0h06m
0000356149;08/11/2023 16:11:58;" RAFAELLA MARTINS DA SILVA";" Pagamento de crédito";" 258- AQUISIÇÃO E REEMBOLSO-MÓVEL COM REGISTRO";37.348.510/0001-64;" SOUTO  E FERREIRA COMERCIO DE BEBIDAS LTDA";030472/0299-00;;" Concluído";021752;UA MACHADO;104;SICREDI UNIESTADOS;104;SUREG Erechim RS;CENTRAL SICREDI SUL/SUDESTE;105.0 Hora(s);7d19h32m;09/11/2023 12:45:14;ENVIAR DOCUMENTOS;1d21h00m;08/11/2023 16:06:02;09/11/2023 12:45:14;RAFAELLA MARTINS DA SILVA;0h00m
0000356149;08/11/2023 16:11:58;" RAFAELLA MARTINS DA SILVA";" Pagamento de crédito";" 258- AQUISIÇÃO E REEMBOLSO-MÓVEL COM REGISTRO";37.348.510/0001-64;" SOUTO  E FERREIRA COMERCIO DE BEBIDAS LTDA";030472/0299-00;;" Concluído";021752;UA MACHADO;104;SICREDI UNIESTADOS;104;SUREG Erechim RS;CENTRAL SICREDI SUL/SUDESTE;105.0 Hora(s);7d19h32m;08/11/2023 16:06:02;AUTORIZAÇÃO DE FATURAMENTO;0h00m;08/11/2023 16:06:00;08/11/2023 16:06:02;;0h00m
0000356149;08/11/2023 16:11:58;" RAFAELLA MARTINS DA SILVA";" Pagamento de crédito";" 258- AQUISIÇÃO E REEMBOLSO-MÓVEL COM REGISTRO";37.348.510/0001-64;" SOUTO  E FERREIRA COMERCIO DE BEBIDAS LTDA";030472/0299-00;;" Concluído";021752;UA MACHADO;104;SICREDI UNIESTADOS;104;SUREG Erechim RS;CENTRAL SICREDI SUL/SUDESTE;105.0 Hora(s);7d19h32m;16/11/2023 11:38:19;;;;;;
0000356149;08/11/2023 16:11:58;" RAFAELLA MARTINS DA SILVA";" Pagamento de crédito";" 258- AQUISIÇÃO E REEMBOLSO-MÓVEL COM REGISTRO";37.348.510/0001-64;" SOUTO  E FERREIRA COMERCIO DE BEBIDAS LTDA";030472/0299-00;;" Concluído";021752;UA MACHADO;104;SICREDI UNIESTADOS;104;SUREG Erechim RS;CENTRAL SICREDI SUL/SUDESTE;105.0 Hora(s);7d19h32m;16/11/2023 10:40:59;;;;;;
0000356149;08/11/2023 16:11:58;" RAFAELLA MARTINS DA SILVA";" Pagamento de crédito";" 258- AQUISIÇÃO E REEMBOLSO-MÓVEL COM REGISTRO";37.348.510/0001-64;" SOUTO  E FERREIRA COMERCIO DE BEBIDAS LTDA";030472/0299-00;;" Concluído";021752;UA MACHADO;104;SICREDI UNIESTADOS;104;SUREG Erechim RS;CENTRAL SICREDI SUL/SUDESTE;105.0 Hora(s);7d19h32m;16/11/2023 10:40:53;;;;;;
0000356149;08/11/2023 16:11:58;" RAFAELLA MARTINS DA SILVA";" Pagamento de crédito";" 258- AQUISIÇÃO E REEMBOLSO-MÓVEL COM REGISTRO";37.348.510/0001-64;" SOUTO  E FERREIRA COMERCIO DE BEBIDAS LTDA";030472/0299-00;;" Concluído";021752;UA MACHADO;104;SICREDI UNIESTADOS;104;SUREG Erechim RS;CENTRAL SICREDI SUL/SUDESTE;105.0 Hora(s);7d19h32m;16/11/2023 10:40:12;;;;;;
0000356149;08/11/2023 16:11:58;" RAFAELLA MARTINS DA SILVA";" Pagamento de crédito";" 258- AQUISIÇÃO E REEMBOLSO-MÓVEL COM REGISTRO";37.348.510/0001-64;" SOUTO  E FERREIRA COMERCIO DE BEBIDAS LTDA";030472/0299-00;;" Concluído";021752;UA MACHADO;104;SICREDI UNIESTADOS;104;SUREG Erechim RS;CENTRAL SICREDI SUL/SUDESTE;105.0 Hora(s);7d19h32m;14/11/2023 16:01:25;;;;;;
0000356149;08/11/2023 16:11:58;" RAFAELLA MARTINS DA SILVA";" Pagamento de crédito";" 258- AQUISIÇÃO E REEMBOLSO-MÓVEL COM REGISTRO";37.348.510/0001-64;" SOUTO  E FERREIRA COMERCIO DE BEBIDAS LTDA";030472/0299-00;;" Concluído";021752;UA MACHADO;104;SICREDI UNIESTADOS;104;SUREG Erechim RS;CENTRAL SICREDI SUL/SUDESTE;105.0 Hora(s);7d19h32m;10/11/2023 12:52:56;;;;;;
0000356149;08/11/2023 16:11:58;" RAFAELLA MARTINS DA SILVA";" Pagamento de crédito";" 258- AQUISIÇÃO E REEMBOLSO-MÓVEL COM REGISTRO";37.348.510/0001-64;" SOUTO  E FERREIRA COMERCIO DE BEBIDAS LTDA";030472/0299-00;;" Concluído";021752;UA MACHADO;104;SICREDI UNIESTADOS;104;SUREG Erechim RS;CENTRAL SICREDI SUL/SUDESTE;105.0 Hora(s);7d19h32m;10/11/2023 12:52:44;;;;;;
0000356149;08/11/2023 16:11:58;" RAFAELLA MARTINS DA SILVA";" Pagamento de crédito";" 258- AQUISIÇÃO E REEMBOLSO-MÓVEL COM REGISTRO";37.348.510/0001-64;" SOUTO  E FERREIRA COMERCIO DE BEBIDAS LTDA";030472/0299-00;;" Concluído";021752;UA MACHADO;104;SICREDI UNIESTADOS;104;SUREG Erechim RS;CENTRAL SICREDI SUL/SUDESTE;105.0 Hora(s);7d19h32m;10/11/2023 12:51:00;;;;;;
0000356149;08/11/2023 16:11:58;" RAFAELLA MARTINS DA SILVA";" Pagamento de crédito";" 258- AQUISIÇÃO E REEMBOLSO-MÓVEL COM REGISTRO";37.348.510/0001-64;" SOUTO  E FERREIRA COMERCIO DE BEBIDAS LTDA";030472/0299-00;;" Concluído";021752;UA MACHADO;104;SICREDI UNIESTADOS;104;SUREG Erechim RS;CENTRAL SICREDI SUL/SUDESTE;105.0 Hora(s);7d19h32m;10/11/2023 12:50:56;;;;;;
0000356149;08/11/2023 16:11:58;" RAFAELLA MARTINS DA SILVA";" Pagamento de crédito";" 258- AQUISIÇÃO E REEMBOLSO-MÓVEL COM REGISTRO";37.348.510/0001-64;" SOUTO  E FERREIRA COMERCIO DE BEBIDAS LTDA";030472/0299-00;;" Concluído";021752;UA MACHADO;104;SICREDI UNIESTADOS;104;SUREG Erechim RS;CENTRAL SICREDI SUL/SUDESTE;105.0 Hora(s);7d19h32m;09/11/2023 12:45:14;;;;;;
0000356149;08/11/2023 16:11:58;" RAFAELLA MARTINS DA SILVA";" Pagamento de crédito";" 258- AQUISIÇÃO E REEMBOLSO-MÓVEL COM REGISTRO";37.348.510/0001-64;" SOUTO  E FERREIRA COMERCIO DE BEBIDAS LTDA";030472/0299-00;;" Concluído";021752;UA MACHADO;104;SICREDI UNIESTADOS;104;SUREG Erechim RS;CENTRAL SICREDI SUL/SUDESTE;105.0 Hora(s);7d19h32m;08/11/2023 16:06:02;;;;;;
