﻿ID_Processo7;DT_Solicitacao8;NM_Usuario_Solicitacao8;NM_Tipo_Processo8;NM_Processo8;CD_Inscricao_Nacional8;NM_Pessoa8;Usuário;Grupo_Cota_Outros8;ST_Status8;CD_Comissionado2;NM_Fantasia_Comissionado2;CD_Tipo_Ponto_Venda3;NM_Fantasia_Ponto_Venda2;CD_Tipo_Ponto_Venda4;NM_Tipo_Ponto_Venda2;NM_Filial_Venda2;Nivel_Servico8;Tempo_Processo8;DH_Conclusao8;NM_Atividade1;Nivel_Servico_Atividade1;DT_Inicio_Atividade1;DT_Fim_Atividade1;NM_Usuario_Atividade1;Tempo_Processo_Atividade1
0000366676;22/11/2023 10:11:44;" Leandro Amalcaburio";" Pagamento de crédito";" 258- AQUISIÇÃO E REEMBOLSO-MÓVEL COM REGISTRO";27.188.290/0001-03;" DHS TRANSPORTES RODOVIARIOS DE CARGAS LTDA EPP";030450/0141-00;"010432/0257-00&#x0D;
010429/0177-00&#x0D;
030447/0115-00&#x0D;
030450/0370-00&#x0D;
030457/0221-00&#x0D;
030459/0260-00&#x0D;
030463/0363-00&#x0D;
030476/0029-00&#x0D;
030455/0138-00&#x0D;
030455/0266-00&#x0D;
030460/0203-00&#x0D;
030465/0323-00&#x0D;
030467/0103-00&#x0D;
030472/0296-00&#x0D;
030474/0140-00";" Andamento";021730;Ouro;104;SICREDI UNIESTADOS;104;SUREG Erechim RS;CENTRAL SICREDI SUL/SUDESTE;105.0 Hora(s);2d7h04m;"                   ";LIBERAR PAGAMENTOS;0h00m;24/11/2023 17:24:21;"                   ";;0h00m
0000366676;22/11/2023 10:11:44;" Leandro Amalcaburio";" Pagamento de crédito";" 258- AQUISIÇÃO E REEMBOLSO-MÓVEL COM REGISTRO";27.188.290/0001-03;" DHS TRANSPORTES RODOVIARIOS DE CARGAS LTDA EPP";030450/0141-00;"010432/0257-00&#x0D;
010429/0177-00&#x0D;
030447/0115-00&#x0D;
030450/0370-00&#x0D;
030457/0221-00&#x0D;
030459/0260-00&#x0D;
030463/0363-00&#x0D;
030476/0029-00&#x0D;
030455/0138-00&#x0D;
030455/0266-00&#x0D;
030460/0203-00&#x0D;
030465/0323-00&#x0D;
030467/0103-00&#x0D;
030472/0296-00&#x0D;
030474/0140-00";" Andamento";021730;Ouro;104;SICREDI UNIESTADOS;104;SUREG Erechim RS;CENTRAL SICREDI SUL/SUDESTE;105.0 Hora(s);2d7h04m;24/11/2023 17:24:21;APROVAR PAGAMENTO;1h00m;24/11/2023 17:24:08;24/11/2023 17:24:21;Thiago da Cunha Richter;0h00m
0000366676;22/11/2023 10:11:44;" Leandro Amalcaburio";" Pagamento de crédito";" 258- AQUISIÇÃO E REEMBOLSO-MÓVEL COM REGISTRO";27.188.290/0001-03;" DHS TRANSPORTES RODOVIARIOS DE CARGAS LTDA EPP";030450/0141-00;"010432/0257-00&#x0D;
010429/0177-00&#x0D;
030447/0115-00&#x0D;
030450/0370-00&#x0D;
030457/0221-00&#x0D;
030459/0260-00&#x0D;
030463/0363-00&#x0D;
030476/0029-00&#x0D;
030455/0138-00&#x0D;
030455/0266-00&#x0D;
030460/0203-00&#x0D;
030465/0323-00&#x0D;
030467/0103-00&#x0D;
030472/0296-00&#x0D;
030474/0140-00";" Andamento";021730;Ouro;104;SICREDI UNIESTADOS;104;SUREG Erechim RS;CENTRAL SICREDI SUL/SUDESTE;105.0 Hora(s);2d7h04m;24/11/2023 17:24:08;PROGRAMAR PAGAMENTO;1h00m;24/11/2023 17:23:28;24/11/2023 17:24:08;Thiago da Cunha Richter;0h01m
0000366676;22/11/2023 10:11:44;" Leandro Amalcaburio";" Pagamento de crédito";" 258- AQUISIÇÃO E REEMBOLSO-MÓVEL COM REGISTRO";27.188.290/0001-03;" DHS TRANSPORTES RODOVIARIOS DE CARGAS LTDA EPP";030450/0141-00;"010432/0257-00&#x0D;
010429/0177-00&#x0D;
030447/0115-00&#x0D;
030450/0370-00&#x0D;
030457/0221-00&#x0D;
030459/0260-00&#x0D;
030463/0363-00&#x0D;
030476/0029-00&#x0D;
030455/0138-00&#x0D;
030455/0266-00&#x0D;
030460/0203-00&#x0D;
030465/0323-00&#x0D;
030467/0103-00&#x0D;
030472/0296-00&#x0D;
030474/0140-00";" Andamento";021730;Ouro;104;SICREDI UNIESTADOS;104;SUREG Erechim RS;CENTRAL SICREDI SUL/SUDESTE;105.0 Hora(s);2d7h04m;24/11/2023 17:23:28;ANALISAR DOCUMENTOS PARA LIBERAÇÃO 2ª ETAPA;18h00m;24/11/2023 14:51:43;24/11/2023 17:23:28;Thiago da Cunha Richter;0h04m
0000366676;22/11/2023 10:11:44;" Leandro Amalcaburio";" Pagamento de crédito";" 258- AQUISIÇÃO E REEMBOLSO-MÓVEL COM REGISTRO";27.188.290/0001-03;" DHS TRANSPORTES RODOVIARIOS DE CARGAS LTDA EPP";030450/0141-00;"010432/0257-00&#x0D;
010429/0177-00&#x0D;
030447/0115-00&#x0D;
030450/0370-00&#x0D;
030457/0221-00&#x0D;
030459/0260-00&#x0D;
030463/0363-00&#x0D;
030476/0029-00&#x0D;
030455/0138-00&#x0D;
030455/0266-00&#x0D;
030460/0203-00&#x0D;
030465/0323-00&#x0D;
030467/0103-00&#x0D;
030472/0296-00&#x0D;
030474/0140-00";" Andamento";021730;Ouro;104;SICREDI UNIESTADOS;104;SUREG Erechim RS;CENTRAL SICREDI SUL/SUDESTE;105.0 Hora(s);2d7h04m;24/11/2023 14:51:43;EMITIR DOCUMENTOS PARA LIBERAÇÃO;18h00m;23/11/2023 17:16:17;24/11/2023 14:51:43;Leandro Amalcaburio;0h00m
0000366676;22/11/2023 10:11:44;" Leandro Amalcaburio";" Pagamento de crédito";" 258- AQUISIÇÃO E REEMBOLSO-MÓVEL COM REGISTRO";27.188.290/0001-03;" DHS TRANSPORTES RODOVIARIOS DE CARGAS LTDA EPP";030450/0141-00;"010432/0257-00&#x0D;
010429/0177-00&#x0D;
030447/0115-00&#x0D;
030450/0370-00&#x0D;
030457/0221-00&#x0D;
030459/0260-00&#x0D;
030463/0363-00&#x0D;
030476/0029-00&#x0D;
030455/0138-00&#x0D;
030455/0266-00&#x0D;
030460/0203-00&#x0D;
030465/0323-00&#x0D;
030467/0103-00&#x0D;
030472/0296-00&#x0D;
030474/0140-00";" Andamento";021730;Ouro;104;SICREDI UNIESTADOS;104;SUREG Erechim RS;CENTRAL SICREDI SUL/SUDESTE;105.0 Hora(s);2d7h04m;23/11/2023 17:16:17;REGISTRAR CONTRATO MANUALMENTE;1h00m;23/11/2023 17:16:10;23/11/2023 17:16:17;NICOLAS PAULO DE SOUSA CUNHA;0h00m
0000366676;22/11/2023 10:11:44;" Leandro Amalcaburio";" Pagamento de crédito";" 258- AQUISIÇÃO E REEMBOLSO-MÓVEL COM REGISTRO";27.188.290/0001-03;" DHS TRANSPORTES RODOVIARIOS DE CARGAS LTDA EPP";030450/0141-00;"010432/0257-00&#x0D;
010429/0177-00&#x0D;
030447/0115-00&#x0D;
030450/0370-00&#x0D;
030457/0221-00&#x0D;
030459/0260-00&#x0D;
030463/0363-00&#x0D;
030476/0029-00&#x0D;
030455/0138-00&#x0D;
030455/0266-00&#x0D;
030460/0203-00&#x0D;
030465/0323-00&#x0D;
030467/0103-00&#x0D;
030472/0296-00&#x0D;
030474/0140-00";" Andamento";021730;Ouro;104;SICREDI UNIESTADOS;104;SUREG Erechim RS;CENTRAL SICREDI SUL/SUDESTE;105.0 Hora(s);2d7h04m;23/11/2023 17:16:09;ALIENAR O BEM;1h00m;23/11/2023 14:34:08;23/11/2023 17:16:09;NICOLAS PAULO DE SOUSA CUNHA;0h01m
0000366676;22/11/2023 10:11:44;" Leandro Amalcaburio";" Pagamento de crédito";" 258- AQUISIÇÃO E REEMBOLSO-MÓVEL COM REGISTRO";27.188.290/0001-03;" DHS TRANSPORTES RODOVIARIOS DE CARGAS LTDA EPP";030450/0141-00;"010432/0257-00&#x0D;
010429/0177-00&#x0D;
030447/0115-00&#x0D;
030450/0370-00&#x0D;
030457/0221-00&#x0D;
030459/0260-00&#x0D;
030463/0363-00&#x0D;
030476/0029-00&#x0D;
030455/0138-00&#x0D;
030455/0266-00&#x0D;
030460/0203-00&#x0D;
030465/0323-00&#x0D;
030467/0103-00&#x0D;
030472/0296-00&#x0D;
030474/0140-00";" Andamento";021730;Ouro;104;SICREDI UNIESTADOS;104;SUREG Erechim RS;CENTRAL SICREDI SUL/SUDESTE;105.0 Hora(s);2d7h04m;23/11/2023 14:34:07;FINALIZAR CADASTRO DO BEM;1h00m;23/11/2023 14:34:03;23/11/2023 14:34:07;NICOLAS PAULO DE SOUSA CUNHA;0h00m
0000366676;22/11/2023 10:11:44;" Leandro Amalcaburio";" Pagamento de crédito";" 258- AQUISIÇÃO E REEMBOLSO-MÓVEL COM REGISTRO";27.188.290/0001-03;" DHS TRANSPORTES RODOVIARIOS DE CARGAS LTDA EPP";030450/0141-00;"010432/0257-00&#x0D;
010429/0177-00&#x0D;
030447/0115-00&#x0D;
030450/0370-00&#x0D;
030457/0221-00&#x0D;
030459/0260-00&#x0D;
030463/0363-00&#x0D;
030476/0029-00&#x0D;
030455/0138-00&#x0D;
030455/0266-00&#x0D;
030460/0203-00&#x0D;
030465/0323-00&#x0D;
030467/0103-00&#x0D;
030472/0296-00&#x0D;
030474/0140-00";" Andamento";021730;Ouro;104;SICREDI UNIESTADOS;104;SUREG Erechim RS;CENTRAL SICREDI SUL/SUDESTE;105.0 Hora(s);2d7h04m;23/11/2023 14:34:02;ANÁLISE DE DOCUMENTOS 1ª ETAPA;18h00m;22/11/2023 10:32:39;23/11/2023 14:34:02;NICOLAS PAULO DE SOUSA CUNHA;0h05m
0000366676;22/11/2023 10:11:44;" Leandro Amalcaburio";" Pagamento de crédito";" 258- AQUISIÇÃO E REEMBOLSO-MÓVEL COM REGISTRO";27.188.290/0001-03;" DHS TRANSPORTES RODOVIARIOS DE CARGAS LTDA EPP";030450/0141-00;"010432/0257-00&#x0D;
010429/0177-00&#x0D;
030447/0115-00&#x0D;
030450/0370-00&#x0D;
030457/0221-00&#x0D;
030459/0260-00&#x0D;
030463/0363-00&#x0D;
030476/0029-00&#x0D;
030455/0138-00&#x0D;
030455/0266-00&#x0D;
030460/0203-00&#x0D;
030465/0323-00&#x0D;
030467/0103-00&#x0D;
030472/0296-00&#x0D;
030474/0140-00";" Andamento";021730;Ouro;104;SICREDI UNIESTADOS;104;SUREG Erechim RS;CENTRAL SICREDI SUL/SUDESTE;105.0 Hora(s);2d7h04m;22/11/2023 10:32:39;ENVIAR DOCUMENTOS;1d21h00m;22/11/2023 10:21:44;22/11/2023 10:32:39;Leandro Amalcaburio;0h00m
0000366676;22/11/2023 10:11:44;" Leandro Amalcaburio";" Pagamento de crédito";" 258- AQUISIÇÃO E REEMBOLSO-MÓVEL COM REGISTRO";27.188.290/0001-03;" DHS TRANSPORTES RODOVIARIOS DE CARGAS LTDA EPP";030450/0141-00;"010432/0257-00&#x0D;
010429/0177-00&#x0D;
030447/0115-00&#x0D;
030450/0370-00&#x0D;
030457/0221-00&#x0D;
030459/0260-00&#x0D;
030463/0363-00&#x0D;
030476/0029-00&#x0D;
030455/0138-00&#x0D;
030455/0266-00&#x0D;
030460/0203-00&#x0D;
030465/0323-00&#x0D;
030467/0103-00&#x0D;
030472/0296-00&#x0D;
030474/0140-00";" Andamento";021730;Ouro;104;SICREDI UNIESTADOS;104;SUREG Erechim RS;CENTRAL SICREDI SUL/SUDESTE;105.0 Hora(s);2d7h04m;22/11/2023 10:21:44;AUTORIZAÇÃO DE FATURAMENTO;0h00m;22/11/2023 10:20:53;22/11/2023 10:21:44;;0h00m
0000366676;22/11/2023 10:11:44;" Leandro Amalcaburio";" Pagamento de crédito";" 258- AQUISIÇÃO E REEMBOLSO-MÓVEL COM REGISTRO";27.188.290/0001-03;" DHS TRANSPORTES RODOVIARIOS DE CARGAS LTDA EPP";030450/0141-00;"010432/0257-00&#x0D;
010429/0177-00&#x0D;
030447/0115-00&#x0D;
030450/0370-00&#x0D;
030457/0221-00&#x0D;
030459/0260-00&#x0D;
030463/0363-00&#x0D;
030476/0029-00&#x0D;
030455/0138-00&#x0D;
030455/0266-00&#x0D;
030460/0203-00&#x0D;
030465/0323-00&#x0D;
030467/0103-00&#x0D;
030472/0296-00&#x0D;
030474/0140-00";" Andamento";021730;Ouro;104;SICREDI UNIESTADOS;104;SUREG Erechim RS;CENTRAL SICREDI SUL/SUDESTE;105.0 Hora(s);2d7h04m;"                   ";;;;;;
0000366676;22/11/2023 10:11:44;" Leandro Amalcaburio";" Pagamento de crédito";" 258- AQUISIÇÃO E REEMBOLSO-MÓVEL COM REGISTRO";27.188.290/0001-03;" DHS TRANSPORTES RODOVIARIOS DE CARGAS LTDA EPP";030450/0141-00;"010432/0257-00&#x0D;
010429/0177-00&#x0D;
030447/0115-00&#x0D;
030450/0370-00&#x0D;
030457/0221-00&#x0D;
030459/0260-00&#x0D;
030463/0363-00&#x0D;
030476/0029-00&#x0D;
030455/0138-00&#x0D;
030455/0266-00&#x0D;
030460/0203-00&#x0D;
030465/0323-00&#x0D;
030467/0103-00&#x0D;
030472/0296-00&#x0D;
030474/0140-00";" Andamento";021730;Ouro;104;SICREDI UNIESTADOS;104;SUREG Erechim RS;CENTRAL SICREDI SUL/SUDESTE;105.0 Hora(s);2d7h04m;24/11/2023 17:24:21;;;;;;
0000366676;22/11/2023 10:11:44;" Leandro Amalcaburio";" Pagamento de crédito";" 258- AQUISIÇÃO E REEMBOLSO-MÓVEL COM REGISTRO";27.188.290/0001-03;" DHS TRANSPORTES RODOVIARIOS DE CARGAS LTDA EPP";030450/0141-00;"010432/0257-00&#x0D;
010429/0177-00&#x0D;
030447/0115-00&#x0D;
030450/0370-00&#x0D;
030457/0221-00&#x0D;
030459/0260-00&#x0D;
030463/0363-00&#x0D;
030476/0029-00&#x0D;
030455/0138-00&#x0D;
030455/0266-00&#x0D;
030460/0203-00&#x0D;
030465/0323-00&#x0D;
030467/0103-00&#x0D;
030472/0296-00&#x0D;
030474/0140-00";" Andamento";021730;Ouro;104;SICREDI UNIESTADOS;104;SUREG Erechim RS;CENTRAL SICREDI SUL/SUDESTE;105.0 Hora(s);2d7h04m;24/11/2023 17:24:08;;;;;;
0000366676;22/11/2023 10:11:44;" Leandro Amalcaburio";" Pagamento de crédito";" 258- AQUISIÇÃO E REEMBOLSO-MÓVEL COM REGISTRO";27.188.290/0001-03;" DHS TRANSPORTES RODOVIARIOS DE CARGAS LTDA EPP";030450/0141-00;"010432/0257-00&#x0D;
010429/0177-00&#x0D;
030447/0115-00&#x0D;
030450/0370-00&#x0D;
030457/0221-00&#x0D;
030459/0260-00&#x0D;
030463/0363-00&#x0D;
030476/0029-00&#x0D;
030455/0138-00&#x0D;
030455/0266-00&#x0D;
030460/0203-00&#x0D;
030465/0323-00&#x0D;
030467/0103-00&#x0D;
030472/0296-00&#x0D;
030474/0140-00";" Andamento";021730;Ouro;104;SICREDI UNIESTADOS;104;SUREG Erechim RS;CENTRAL SICREDI SUL/SUDESTE;105.0 Hora(s);2d7h04m;24/11/2023 17:23:28;;;;;;
0000366676;22/11/2023 10:11:44;" Leandro Amalcaburio";" Pagamento de crédito";" 258- AQUISIÇÃO E REEMBOLSO-MÓVEL COM REGISTRO";27.188.290/0001-03;" DHS TRANSPORTES RODOVIARIOS DE CARGAS LTDA EPP";030450/0141-00;"010432/0257-00&#x0D;
010429/0177-00&#x0D;
030447/0115-00&#x0D;
030450/0370-00&#x0D;
030457/0221-00&#x0D;
030459/0260-00&#x0D;
030463/0363-00&#x0D;
030476/0029-00&#x0D;
030455/0138-00&#x0D;
030455/0266-00&#x0D;
030460/0203-00&#x0D;
030465/0323-00&#x0D;
030467/0103-00&#x0D;
030472/0296-00&#x0D;
030474/0140-00";" Andamento";021730;Ouro;104;SICREDI UNIESTADOS;104;SUREG Erechim RS;CENTRAL SICREDI SUL/SUDESTE;105.0 Hora(s);2d7h04m;24/11/2023 14:51:43;;;;;;
0000366676;22/11/2023 10:11:44;" Leandro Amalcaburio";" Pagamento de crédito";" 258- AQUISIÇÃO E REEMBOLSO-MÓVEL COM REGISTRO";27.188.290/0001-03;" DHS TRANSPORTES RODOVIARIOS DE CARGAS LTDA EPP";030450/0141-00;"010432/0257-00&#x0D;
010429/0177-00&#x0D;
030447/0115-00&#x0D;
030450/0370-00&#x0D;
030457/0221-00&#x0D;
030459/0260-00&#x0D;
030463/0363-00&#x0D;
030476/0029-00&#x0D;
030455/0138-00&#x0D;
030455/0266-00&#x0D;
030460/0203-00&#x0D;
030465/0323-00&#x0D;
030467/0103-00&#x0D;
030472/0296-00&#x0D;
030474/0140-00";" Andamento";021730;Ouro;104;SICREDI UNIESTADOS;104;SUREG Erechim RS;CENTRAL SICREDI SUL/SUDESTE;105.0 Hora(s);2d7h04m;23/11/2023 17:16:17;;;;;;
0000366676;22/11/2023 10:11:44;" Leandro Amalcaburio";" Pagamento de crédito";" 258- AQUISIÇÃO E REEMBOLSO-MÓVEL COM REGISTRO";27.188.290/0001-03;" DHS TRANSPORTES RODOVIARIOS DE CARGAS LTDA EPP";030450/0141-00;"010432/0257-00&#x0D;
010429/0177-00&#x0D;
030447/0115-00&#x0D;
030450/0370-00&#x0D;
030457/0221-00&#x0D;
030459/0260-00&#x0D;
030463/0363-00&#x0D;
030476/0029-00&#x0D;
030455/0138-00&#x0D;
030455/0266-00&#x0D;
030460/0203-00&#x0D;
030465/0323-00&#x0D;
030467/0103-00&#x0D;
030472/0296-00&#x0D;
030474/0140-00";" Andamento";021730;Ouro;104;SICREDI UNIESTADOS;104;SUREG Erechim RS;CENTRAL SICREDI SUL/SUDESTE;105.0 Hora(s);2d7h04m;23/11/2023 17:16:09;;;;;;
0000366676;22/11/2023 10:11:44;" Leandro Amalcaburio";" Pagamento de crédito";" 258- AQUISIÇÃO E REEMBOLSO-MÓVEL COM REGISTRO";27.188.290/0001-03;" DHS TRANSPORTES RODOVIARIOS DE CARGAS LTDA EPP";030450/0141-00;"010432/0257-00&#x0D;
010429/0177-00&#x0D;
030447/0115-00&#x0D;
030450/0370-00&#x0D;
030457/0221-00&#x0D;
030459/0260-00&#x0D;
030463/0363-00&#x0D;
030476/0029-00&#x0D;
030455/0138-00&#x0D;
030455/0266-00&#x0D;
030460/0203-00&#x0D;
030465/0323-00&#x0D;
030467/0103-00&#x0D;
030472/0296-00&#x0D;
030474/0140-00";" Andamento";021730;Ouro;104;SICREDI UNIESTADOS;104;SUREG Erechim RS;CENTRAL SICREDI SUL/SUDESTE;105.0 Hora(s);2d7h04m;23/11/2023 14:34:07;;;;;;
0000366676;22/11/2023 10:11:44;" Leandro Amalcaburio";" Pagamento de crédito";" 258- AQUISIÇÃO E REEMBOLSO-MÓVEL COM REGISTRO";27.188.290/0001-03;" DHS TRANSPORTES RODOVIARIOS DE CARGAS LTDA EPP";030450/0141-00;"010432/0257-00&#x0D;
010429/0177-00&#x0D;
030447/0115-00&#x0D;
030450/0370-00&#x0D;
030457/0221-00&#x0D;
030459/0260-00&#x0D;
030463/0363-00&#x0D;
030476/0029-00&#x0D;
030455/0138-00&#x0D;
030455/0266-00&#x0D;
030460/0203-00&#x0D;
030465/0323-00&#x0D;
030467/0103-00&#x0D;
030472/0296-00&#x0D;
030474/0140-00";" Andamento";021730;Ouro;104;SICREDI UNIESTADOS;104;SUREG Erechim RS;CENTRAL SICREDI SUL/SUDESTE;105.0 Hora(s);2d7h04m;23/11/2023 14:34:02;;;;;;
0000366676;22/11/2023 10:11:44;" Leandro Amalcaburio";" Pagamento de crédito";" 258- AQUISIÇÃO E REEMBOLSO-MÓVEL COM REGISTRO";27.188.290/0001-03;" DHS TRANSPORTES RODOVIARIOS DE CARGAS LTDA EPP";030450/0141-00;"010432/0257-00&#x0D;
010429/0177-00&#x0D;
030447/0115-00&#x0D;
030450/0370-00&#x0D;
030457/0221-00&#x0D;
030459/0260-00&#x0D;
030463/0363-00&#x0D;
030476/0029-00&#x0D;
030455/0138-00&#x0D;
030455/0266-00&#x0D;
030460/0203-00&#x0D;
030465/0323-00&#x0D;
030467/0103-00&#x0D;
030472/0296-00&#x0D;
030474/0140-00";" Andamento";021730;Ouro;104;SICREDI UNIESTADOS;104;SUREG Erechim RS;CENTRAL SICREDI SUL/SUDESTE;105.0 Hora(s);2d7h04m;22/11/2023 10:32:39;;;;;;
0000366676;22/11/2023 10:11:44;" Leandro Amalcaburio";" Pagamento de crédito";" 258- AQUISIÇÃO E REEMBOLSO-MÓVEL COM REGISTRO";27.188.290/0001-03;" DHS TRANSPORTES RODOVIARIOS DE CARGAS LTDA EPP";030450/0141-00;"010432/0257-00&#x0D;
010429/0177-00&#x0D;
030447/0115-00&#x0D;
030450/0370-00&#x0D;
030457/0221-00&#x0D;
030459/0260-00&#x0D;
030463/0363-00&#x0D;
030476/0029-00&#x0D;
030455/0138-00&#x0D;
030455/0266-00&#x0D;
030460/0203-00&#x0D;
030465/0323-00&#x0D;
030467/0103-00&#x0D;
030472/0296-00&#x0D;
030474/0140-00";" Andamento";021730;Ouro;104;SICREDI UNIESTADOS;104;SUREG Erechim RS;CENTRAL SICREDI SUL/SUDESTE;105.0 Hora(s);2d7h04m;22/11/2023 10:21:44;;;;;;
