﻿ID_Processo7;DT_Solicitacao8;NM_Usuario_Solicitacao8;NM_Tipo_Processo8;NM_Processo8;CD_Inscricao_Nacional8;NM_Pessoa8;Usuário;Grupo_Cota_Outros8;ST_Status8;CD_Comissionado2;NM_Fantasia_Comissionado2;CD_Tipo_Ponto_Venda3;NM_Fantasia_Ponto_Venda2;CD_Tipo_Ponto_Venda4;NM_Tipo_Ponto_Venda2;NM_Filial_Venda2;Nivel_Servico8;Tempo_Processo8;DH_Conclusao8;NM_Atividade1;Nivel_Servico_Atividade1;DT_Inicio_Atividade1;DT_Fim_Atividade1;NM_Usuario_Atividade1;Tempo_Processo_Atividade1
0000356418;09/11/2023 15:11:58;" LUCAS DA SILVA ESTANISLAU";" Pagamento de crédito";" 299 - PAGAMENTO EM ESPÉCIE-MÓVEIS";505.784.569-15;" ALI SAAB";030424/0197-00;;" Concluído";072651;AC São Paulo;207;SICREDI VALE DO PIQUIRI ABCD P;207;SUREG Vale do Piquiri PR;CENTRAL SICREDI PR/SP/RJ;28.0 Hora(s);23h47m;10/11/2023 15:35:32;LIBERAR PAGAMENTO;0h00m;10/11/2023 14:49:54;10/11/2023 15:35:32;ELKIAYER FAGUNDES TRINDADE;0h00m
0000356418;09/11/2023 15:11:58;" LUCAS DA SILVA ESTANISLAU";" Pagamento de crédito";" 299 - PAGAMENTO EM ESPÉCIE-MÓVEIS";505.784.569-15;" ALI SAAB";030424/0197-00;;" Concluído";072651;AC São Paulo;207;SICREDI VALE DO PIQUIRI ABCD P;207;SUREG Vale do Piquiri PR;CENTRAL SICREDI PR/SP/RJ;28.0 Hora(s);23h47m;10/11/2023 14:49:54;APROVAR PAGAMENTO;1h00m;10/11/2023 14:49:37;10/11/2023 14:49:54;Eliane Ribas Barcelos;0h00m
0000356418;09/11/2023 15:11:58;" LUCAS DA SILVA ESTANISLAU";" Pagamento de crédito";" 299 - PAGAMENTO EM ESPÉCIE-MÓVEIS";505.784.569-15;" ALI SAAB";030424/0197-00;;" Concluído";072651;AC São Paulo;207;SICREDI VALE DO PIQUIRI ABCD P;207;SUREG Vale do Piquiri PR;CENTRAL SICREDI PR/SP/RJ;28.0 Hora(s);23h47m;10/11/2023 14:49:36;ANALISAR DOCUMENTOS ESPECIE;18h00m;09/11/2023 15:50:35;10/11/2023 14:49:36;Eliane Ribas Barcelos;0h02m
0000356418;09/11/2023 15:11:58;" LUCAS DA SILVA ESTANISLAU";" Pagamento de crédito";" 299 - PAGAMENTO EM ESPÉCIE-MÓVEIS";505.784.569-15;" ALI SAAB";030424/0197-00;;" Concluído";072651;AC São Paulo;207;SICREDI VALE DO PIQUIRI ABCD P;207;SUREG Vale do Piquiri PR;CENTRAL SICREDI PR/SP/RJ;28.0 Hora(s);23h47m;09/11/2023 15:50:35;ENVIAR DOCUMENTOS;1h00m;09/11/2023 15:49:16;09/11/2023 15:50:35;LUCAS DA SILVA ESTANISLAU;0h00m
0000356418;09/11/2023 15:11:58;" LUCAS DA SILVA ESTANISLAU";" Pagamento de crédito";" 299 - PAGAMENTO EM ESPÉCIE-MÓVEIS";505.784.569-15;" ALI SAAB";030424/0197-00;;" Concluído";072651;AC São Paulo;207;SICREDI VALE DO PIQUIRI ABCD P;207;SUREG Vale do Piquiri PR;CENTRAL SICREDI PR/SP/RJ;28.0 Hora(s);23h47m;09/11/2023 15:49:15;EMISSÃO SOLICITAÇÃO DE PAGAMENTO;1d21h00m;09/11/2023 15:48:38;09/11/2023 15:49:15;;0h00m
0000356418;09/11/2023 15:11:58;" LUCAS DA SILVA ESTANISLAU";" Pagamento de crédito";" 299 - PAGAMENTO EM ESPÉCIE-MÓVEIS";505.784.569-15;" ALI SAAB";030424/0197-00;;" Concluído";072651;AC São Paulo;207;SICREDI VALE DO PIQUIRI ABCD P;207;SUREG Vale do Piquiri PR;CENTRAL SICREDI PR/SP/RJ;28.0 Hora(s);23h47m;10/11/2023 15:35:32;;;;;;
0000356418;09/11/2023 15:11:58;" LUCAS DA SILVA ESTANISLAU";" Pagamento de crédito";" 299 - PAGAMENTO EM ESPÉCIE-MÓVEIS";505.784.569-15;" ALI SAAB";030424/0197-00;;" Concluído";072651;AC São Paulo;207;SICREDI VALE DO PIQUIRI ABCD P;207;SUREG Vale do Piquiri PR;CENTRAL SICREDI PR/SP/RJ;28.0 Hora(s);23h47m;10/11/2023 14:49:54;;;;;;
0000356418;09/11/2023 15:11:58;" LUCAS DA SILVA ESTANISLAU";" Pagamento de crédito";" 299 - PAGAMENTO EM ESPÉCIE-MÓVEIS";505.784.569-15;" ALI SAAB";030424/0197-00;;" Concluído";072651;AC São Paulo;207;SICREDI VALE DO PIQUIRI ABCD P;207;SUREG Vale do Piquiri PR;CENTRAL SICREDI PR/SP/RJ;28.0 Hora(s);23h47m;10/11/2023 14:49:36;;;;;;
0000356418;09/11/2023 15:11:58;" LUCAS DA SILVA ESTANISLAU";" Pagamento de crédito";" 299 - PAGAMENTO EM ESPÉCIE-MÓVEIS";505.784.569-15;" ALI SAAB";030424/0197-00;;" Concluído";072651;AC São Paulo;207;SICREDI VALE DO PIQUIRI ABCD P;207;SUREG Vale do Piquiri PR;CENTRAL SICREDI PR/SP/RJ;28.0 Hora(s);23h47m;09/11/2023 15:50:35;;;;;;
0000356418;09/11/2023 15:11:58;" LUCAS DA SILVA ESTANISLAU";" Pagamento de crédito";" 299 - PAGAMENTO EM ESPÉCIE-MÓVEIS";505.784.569-15;" ALI SAAB";030424/0197-00;;" Concluído";072651;AC São Paulo;207;SICREDI VALE DO PIQUIRI ABCD P;207;SUREG Vale do Piquiri PR;CENTRAL SICREDI PR/SP/RJ;28.0 Hora(s);23h47m;09/11/2023 15:49:15;;;;;;
