﻿ID_Processo7;DT_Solicitacao8;NM_Usuario_Solicitacao8;NM_Tipo_Processo8;NM_Processo8;CD_Inscricao_Nacional8;NM_Pessoa8;Usuário;Grupo_Cota_Outros8;ST_Status8;CD_Comissionado2;NM_Fantasia_Comissionado2;CD_Tipo_Ponto_Venda3;NM_Fantasia_Ponto_Venda2;CD_Tipo_Ponto_Venda4;NM_Tipo_Ponto_Venda2;NM_Filial_Venda2;Nivel_Servico8;Tempo_Processo8;DH_Conclusao8;NM_Atividade1;Nivel_Servico_Atividade1;DT_Inicio_Atividade1;DT_Fim_Atividade1;NM_Usuario_Atividade1;Tempo_Processo_Atividade1
0000356253;09/11/2023 09:11:42;" LUCAS DA SILVA ESTANISLAU";" Pagamento de crédito";" 299 - PAGAMENTO EM ESPÉCIE-MÓVEIS";13.029.346/0001-64;" VALLE DISTRIBUIDORA LTDA";030420/0381-00;;" Concluído";072628;Campo Mourão;207;SICREDI VALE DO PIQUIRI ABCD P;207;SUREG Vale do Piquiri PR;CENTRAL SICREDI PR/SP/RJ;28.0 Hora(s);7h14m;09/11/2023 17:05:12;LIBERAR PAGAMENTO;0h00m;09/11/2023 16:49:01;09/11/2023 17:05:12;Kelen Hahn Paulo;0h00m
0000356253;09/11/2023 09:11:42;" LUCAS DA SILVA ESTANISLAU";" Pagamento de crédito";" 299 - PAGAMENTO EM ESPÉCIE-MÓVEIS";13.029.346/0001-64;" VALLE DISTRIBUIDORA LTDA";030420/0381-00;;" Concluído";072628;Campo Mourão;207;SICREDI VALE DO PIQUIRI ABCD P;207;SUREG Vale do Piquiri PR;CENTRAL SICREDI PR/SP/RJ;28.0 Hora(s);7h14m;09/11/2023 16:49:01;APROVAR PAGAMENTO;1h00m;09/11/2023 16:48:41;09/11/2023 16:49:01;Eliane Ribas Barcelos;0h01m
0000356253;09/11/2023 09:11:42;" LUCAS DA SILVA ESTANISLAU";" Pagamento de crédito";" 299 - PAGAMENTO EM ESPÉCIE-MÓVEIS";13.029.346/0001-64;" VALLE DISTRIBUIDORA LTDA";030420/0381-00;;" Concluído";072628;Campo Mourão;207;SICREDI VALE DO PIQUIRI ABCD P;207;SUREG Vale do Piquiri PR;CENTRAL SICREDI PR/SP/RJ;28.0 Hora(s);7h14m;09/11/2023 16:48:40;ANALISAR DOCUMENTOS ESPECIE;18h00m;09/11/2023 10:24:33;09/11/2023 16:48:40;Eliane Ribas Barcelos;0h01m
0000356253;09/11/2023 09:11:42;" LUCAS DA SILVA ESTANISLAU";" Pagamento de crédito";" 299 - PAGAMENTO EM ESPÉCIE-MÓVEIS";13.029.346/0001-64;" VALLE DISTRIBUIDORA LTDA";030420/0381-00;;" Concluído";072628;Campo Mourão;207;SICREDI VALE DO PIQUIRI ABCD P;207;SUREG Vale do Piquiri PR;CENTRAL SICREDI PR/SP/RJ;28.0 Hora(s);7h14m;09/11/2023 10:24:33;ENVIAR DOCUMENTOS;1h00m;09/11/2023 09:52:44;09/11/2023 10:24:33;LUCAS DA SILVA ESTANISLAU;0h00m
0000356253;09/11/2023 09:11:42;" LUCAS DA SILVA ESTANISLAU";" Pagamento de crédito";" 299 - PAGAMENTO EM ESPÉCIE-MÓVEIS";13.029.346/0001-64;" VALLE DISTRIBUIDORA LTDA";030420/0381-00;;" Concluído";072628;Campo Mourão;207;SICREDI VALE DO PIQUIRI ABCD P;207;SUREG Vale do Piquiri PR;CENTRAL SICREDI PR/SP/RJ;28.0 Hora(s);7h14m;09/11/2023 09:52:44;EMISSÃO SOLICITAÇÃO DE PAGAMENTO;1d21h00m;09/11/2023 09:51:52;09/11/2023 09:52:44;LUCAS DA SILVA ESTANISLAU;0h00m
0000356253;09/11/2023 09:11:42;" LUCAS DA SILVA ESTANISLAU";" Pagamento de crédito";" 299 - PAGAMENTO EM ESPÉCIE-MÓVEIS";13.029.346/0001-64;" VALLE DISTRIBUIDORA LTDA";030420/0381-00;;" Concluído";072628;Campo Mourão;207;SICREDI VALE DO PIQUIRI ABCD P;207;SUREG Vale do Piquiri PR;CENTRAL SICREDI PR/SP/RJ;28.0 Hora(s);7h14m;09/11/2023 17:05:12;;;;;;
0000356253;09/11/2023 09:11:42;" LUCAS DA SILVA ESTANISLAU";" Pagamento de crédito";" 299 - PAGAMENTO EM ESPÉCIE-MÓVEIS";13.029.346/0001-64;" VALLE DISTRIBUIDORA LTDA";030420/0381-00;;" Concluído";072628;Campo Mourão;207;SICREDI VALE DO PIQUIRI ABCD P;207;SUREG Vale do Piquiri PR;CENTRAL SICREDI PR/SP/RJ;28.0 Hora(s);7h14m;09/11/2023 16:49:01;;;;;;
0000356253;09/11/2023 09:11:42;" LUCAS DA SILVA ESTANISLAU";" Pagamento de crédito";" 299 - PAGAMENTO EM ESPÉCIE-MÓVEIS";13.029.346/0001-64;" VALLE DISTRIBUIDORA LTDA";030420/0381-00;;" Concluído";072628;Campo Mourão;207;SICREDI VALE DO PIQUIRI ABCD P;207;SUREG Vale do Piquiri PR;CENTRAL SICREDI PR/SP/RJ;28.0 Hora(s);7h14m;09/11/2023 16:48:40;;;;;;
0000356253;09/11/2023 09:11:42;" LUCAS DA SILVA ESTANISLAU";" Pagamento de crédito";" 299 - PAGAMENTO EM ESPÉCIE-MÓVEIS";13.029.346/0001-64;" VALLE DISTRIBUIDORA LTDA";030420/0381-00;;" Concluído";072628;Campo Mourão;207;SICREDI VALE DO PIQUIRI ABCD P;207;SUREG Vale do Piquiri PR;CENTRAL SICREDI PR/SP/RJ;28.0 Hora(s);7h14m;09/11/2023 10:24:33;;;;;;
0000356253;09/11/2023 09:11:42;" LUCAS DA SILVA ESTANISLAU";" Pagamento de crédito";" 299 - PAGAMENTO EM ESPÉCIE-MÓVEIS";13.029.346/0001-64;" VALLE DISTRIBUIDORA LTDA";030420/0381-00;;" Concluído";072628;Campo Mourão;207;SICREDI VALE DO PIQUIRI ABCD P;207;SUREG Vale do Piquiri PR;CENTRAL SICREDI PR/SP/RJ;28.0 Hora(s);7h14m;09/11/2023 09:52:44;;;;;;
