﻿ID_Processo7;DT_Solicitacao8;NM_Usuario_Solicitacao8;NM_Tipo_Processo8;NM_Processo8;CD_Inscricao_Nacional8;NM_Pessoa8;Usuário;Grupo_Cota_Outros8;ST_Status8;CD_Comissionado2;NM_Fantasia_Comissionado2;CD_Tipo_Ponto_Venda3;NM_Fantasia_Ponto_Venda2;CD_Tipo_Ponto_Venda4;NM_Tipo_Ponto_Venda2;NM_Filial_Venda2;Nivel_Servico8;Tempo_Processo8;DH_Conclusao8;NM_Atividade1;Nivel_Servico_Atividade1;DT_Inicio_Atividade1;DT_Fim_Atividade1;NM_Usuario_Atividade1;Tempo_Processo_Atividade1
0000356713;10/11/2023 16:11:48;" DANIELY MENDONCA DE FREITAS";" Pagamento de crédito";" 258- AQUISIÇÃO E REEMBOLSO-MÓVEL COM REGISTRO";050.679.589-60;" AGNALDO DA SILVA";030457/0203-00;;" Concluído";072613;Perola;207;SICREDI VALE DO PIQUIRI ABCD P;207;SUREG Vale do Piquiri PR;CENTRAL SICREDI PR/SP/RJ;105.0 Hora(s);5d19h01m;16/11/2023 11:38:22;LIBERAR PAGAMENTOS;0h00m;16/11/2023 11:16:35;16/11/2023 11:38:22;Kelen Hahn Paulo;0h00m
0000356713;10/11/2023 16:11:48;" DANIELY MENDONCA DE FREITAS";" Pagamento de crédito";" 258- AQUISIÇÃO E REEMBOLSO-MÓVEL COM REGISTRO";050.679.589-60;" AGNALDO DA SILVA";030457/0203-00;;" Concluído";072613;Perola;207;SICREDI VALE DO PIQUIRI ABCD P;207;SUREG Vale do Piquiri PR;CENTRAL SICREDI PR/SP/RJ;105.0 Hora(s);5d19h01m;16/11/2023 11:16:35;APROVAR PAGAMENTO;1h00m;16/11/2023 11:16:18;16/11/2023 11:16:35;KELLY DA ROCHA KASPER;0h00m
0000356713;10/11/2023 16:11:48;" DANIELY MENDONCA DE FREITAS";" Pagamento de crédito";" 258- AQUISIÇÃO E REEMBOLSO-MÓVEL COM REGISTRO";050.679.589-60;" AGNALDO DA SILVA";030457/0203-00;;" Concluído";072613;Perola;207;SICREDI VALE DO PIQUIRI ABCD P;207;SUREG Vale do Piquiri PR;CENTRAL SICREDI PR/SP/RJ;105.0 Hora(s);5d19h01m;16/11/2023 11:16:18;PROGRAMAR PAGAMENTO;1h00m;16/11/2023 11:15:33;16/11/2023 11:16:18;KELLY DA ROCHA KASPER;0h01m
0000356713;10/11/2023 16:11:48;" DANIELY MENDONCA DE FREITAS";" Pagamento de crédito";" 258- AQUISIÇÃO E REEMBOLSO-MÓVEL COM REGISTRO";050.679.589-60;" AGNALDO DA SILVA";030457/0203-00;;" Concluído";072613;Perola;207;SICREDI VALE DO PIQUIRI ABCD P;207;SUREG Vale do Piquiri PR;CENTRAL SICREDI PR/SP/RJ;105.0 Hora(s);5d19h01m;16/11/2023 11:15:33;ANALISAR DOCUMENTOS PARA LIBERAÇÃO 2ª ETAPA;18h00m;14/11/2023 12:24:19;16/11/2023 11:15:33;KELLY DA ROCHA KASPER;0h03m
0000356713;10/11/2023 16:11:48;" DANIELY MENDONCA DE FREITAS";" Pagamento de crédito";" 258- AQUISIÇÃO E REEMBOLSO-MÓVEL COM REGISTRO";050.679.589-60;" AGNALDO DA SILVA";030457/0203-00;;" Concluído";072613;Perola;207;SICREDI VALE DO PIQUIRI ABCD P;207;SUREG Vale do Piquiri PR;CENTRAL SICREDI PR/SP/RJ;105.0 Hora(s);5d19h01m;14/11/2023 12:24:18;EMITIR DOCUMENTOS PARA LIBERAÇÃO;18h00m;13/11/2023 11:20:11;14/11/2023 12:24:18;DANIELY MENDONCA DE FREITAS;0h00m
0000356713;10/11/2023 16:11:48;" DANIELY MENDONCA DE FREITAS";" Pagamento de crédito";" 258- AQUISIÇÃO E REEMBOLSO-MÓVEL COM REGISTRO";050.679.589-60;" AGNALDO DA SILVA";030457/0203-00;;" Concluído";072613;Perola;207;SICREDI VALE DO PIQUIRI ABCD P;207;SUREG Vale do Piquiri PR;CENTRAL SICREDI PR/SP/RJ;105.0 Hora(s);5d19h01m;13/11/2023 11:20:11;REGISTRAR CONTRATO MANUALMENTE;1h00m;13/11/2023 11:20:07;13/11/2023 11:20:11;Clara Vargas;0h00m
0000356713;10/11/2023 16:11:48;" DANIELY MENDONCA DE FREITAS";" Pagamento de crédito";" 258- AQUISIÇÃO E REEMBOLSO-MÓVEL COM REGISTRO";050.679.589-60;" AGNALDO DA SILVA";030457/0203-00;;" Concluído";072613;Perola;207;SICREDI VALE DO PIQUIRI ABCD P;207;SUREG Vale do Piquiri PR;CENTRAL SICREDI PR/SP/RJ;105.0 Hora(s);5d19h01m;13/11/2023 11:20:06;ALIENAR O BEM;1h00m;13/11/2023 11:19:17;13/11/2023 11:20:06;Clara Vargas;0h01m
0000356713;10/11/2023 16:11:48;" DANIELY MENDONCA DE FREITAS";" Pagamento de crédito";" 258- AQUISIÇÃO E REEMBOLSO-MÓVEL COM REGISTRO";050.679.589-60;" AGNALDO DA SILVA";030457/0203-00;;" Concluído";072613;Perola;207;SICREDI VALE DO PIQUIRI ABCD P;207;SUREG Vale do Piquiri PR;CENTRAL SICREDI PR/SP/RJ;105.0 Hora(s);5d19h01m;13/11/2023 11:19:17;FINALIZAR CADASTRO DO BEM;1h00m;13/11/2023 11:19:08;13/11/2023 11:19:17;Clara Vargas;0h00m
0000356713;10/11/2023 16:11:48;" DANIELY MENDONCA DE FREITAS";" Pagamento de crédito";" 258- AQUISIÇÃO E REEMBOLSO-MÓVEL COM REGISTRO";050.679.589-60;" AGNALDO DA SILVA";030457/0203-00;;" Concluído";072613;Perola;207;SICREDI VALE DO PIQUIRI ABCD P;207;SUREG Vale do Piquiri PR;CENTRAL SICREDI PR/SP/RJ;105.0 Hora(s);5d19h01m;13/11/2023 11:19:08;ANÁLISE DE DOCUMENTOS 1ª ETAPA;18h00m;10/11/2023 16:40:03;13/11/2023 11:19:08;Clara Vargas;0h08m
0000356713;10/11/2023 16:11:48;" DANIELY MENDONCA DE FREITAS";" Pagamento de crédito";" 258- AQUISIÇÃO E REEMBOLSO-MÓVEL COM REGISTRO";050.679.589-60;" AGNALDO DA SILVA";030457/0203-00;;" Concluído";072613;Perola;207;SICREDI VALE DO PIQUIRI ABCD P;207;SUREG Vale do Piquiri PR;CENTRAL SICREDI PR/SP/RJ;105.0 Hora(s);5d19h01m;10/11/2023 16:40:03;ENVIAR DOCUMENTOS;1d21h00m;10/11/2023 16:38:35;10/11/2023 16:40:03;DANIELY MENDONCA DE FREITAS;0h00m
0000356713;10/11/2023 16:11:48;" DANIELY MENDONCA DE FREITAS";" Pagamento de crédito";" 258- AQUISIÇÃO E REEMBOLSO-MÓVEL COM REGISTRO";050.679.589-60;" AGNALDO DA SILVA";030457/0203-00;;" Concluído";072613;Perola;207;SICREDI VALE DO PIQUIRI ABCD P;207;SUREG Vale do Piquiri PR;CENTRAL SICREDI PR/SP/RJ;105.0 Hora(s);5d19h01m;10/11/2023 16:38:35;AUTORIZAÇÃO DE FATURAMENTO;0h00m;10/11/2023 16:37:46;10/11/2023 16:38:35;;0h00m
0000356713;10/11/2023 16:11:48;" DANIELY MENDONCA DE FREITAS";" Pagamento de crédito";" 258- AQUISIÇÃO E REEMBOLSO-MÓVEL COM REGISTRO";050.679.589-60;" AGNALDO DA SILVA";030457/0203-00;;" Concluído";072613;Perola;207;SICREDI VALE DO PIQUIRI ABCD P;207;SUREG Vale do Piquiri PR;CENTRAL SICREDI PR/SP/RJ;105.0 Hora(s);5d19h01m;16/11/2023 11:38:22;;;;;;
0000356713;10/11/2023 16:11:48;" DANIELY MENDONCA DE FREITAS";" Pagamento de crédito";" 258- AQUISIÇÃO E REEMBOLSO-MÓVEL COM REGISTRO";050.679.589-60;" AGNALDO DA SILVA";030457/0203-00;;" Concluído";072613;Perola;207;SICREDI VALE DO PIQUIRI ABCD P;207;SUREG Vale do Piquiri PR;CENTRAL SICREDI PR/SP/RJ;105.0 Hora(s);5d19h01m;16/11/2023 11:16:35;;;;;;
0000356713;10/11/2023 16:11:48;" DANIELY MENDONCA DE FREITAS";" Pagamento de crédito";" 258- AQUISIÇÃO E REEMBOLSO-MÓVEL COM REGISTRO";050.679.589-60;" AGNALDO DA SILVA";030457/0203-00;;" Concluído";072613;Perola;207;SICREDI VALE DO PIQUIRI ABCD P;207;SUREG Vale do Piquiri PR;CENTRAL SICREDI PR/SP/RJ;105.0 Hora(s);5d19h01m;16/11/2023 11:16:18;;;;;;
0000356713;10/11/2023 16:11:48;" DANIELY MENDONCA DE FREITAS";" Pagamento de crédito";" 258- AQUISIÇÃO E REEMBOLSO-MÓVEL COM REGISTRO";050.679.589-60;" AGNALDO DA SILVA";030457/0203-00;;" Concluído";072613;Perola;207;SICREDI VALE DO PIQUIRI ABCD P;207;SUREG Vale do Piquiri PR;CENTRAL SICREDI PR/SP/RJ;105.0 Hora(s);5d19h01m;16/11/2023 11:15:33;;;;;;
0000356713;10/11/2023 16:11:48;" DANIELY MENDONCA DE FREITAS";" Pagamento de crédito";" 258- AQUISIÇÃO E REEMBOLSO-MÓVEL COM REGISTRO";050.679.589-60;" AGNALDO DA SILVA";030457/0203-00;;" Concluído";072613;Perola;207;SICREDI VALE DO PIQUIRI ABCD P;207;SUREG Vale do Piquiri PR;CENTRAL SICREDI PR/SP/RJ;105.0 Hora(s);5d19h01m;14/11/2023 12:24:18;;;;;;
0000356713;10/11/2023 16:11:48;" DANIELY MENDONCA DE FREITAS";" Pagamento de crédito";" 258- AQUISIÇÃO E REEMBOLSO-MÓVEL COM REGISTRO";050.679.589-60;" AGNALDO DA SILVA";030457/0203-00;;" Concluído";072613;Perola;207;SICREDI VALE DO PIQUIRI ABCD P;207;SUREG Vale do Piquiri PR;CENTRAL SICREDI PR/SP/RJ;105.0 Hora(s);5d19h01m;13/11/2023 11:20:11;;;;;;
0000356713;10/11/2023 16:11:48;" DANIELY MENDONCA DE FREITAS";" Pagamento de crédito";" 258- AQUISIÇÃO E REEMBOLSO-MÓVEL COM REGISTRO";050.679.589-60;" AGNALDO DA SILVA";030457/0203-00;;" Concluído";072613;Perola;207;SICREDI VALE DO PIQUIRI ABCD P;207;SUREG Vale do Piquiri PR;CENTRAL SICREDI PR/SP/RJ;105.0 Hora(s);5d19h01m;13/11/2023 11:20:06;;;;;;
0000356713;10/11/2023 16:11:48;" DANIELY MENDONCA DE FREITAS";" Pagamento de crédito";" 258- AQUISIÇÃO E REEMBOLSO-MÓVEL COM REGISTRO";050.679.589-60;" AGNALDO DA SILVA";030457/0203-00;;" Concluído";072613;Perola;207;SICREDI VALE DO PIQUIRI ABCD P;207;SUREG Vale do Piquiri PR;CENTRAL SICREDI PR/SP/RJ;105.0 Hora(s);5d19h01m;13/11/2023 11:19:17;;;;;;
0000356713;10/11/2023 16:11:48;" DANIELY MENDONCA DE FREITAS";" Pagamento de crédito";" 258- AQUISIÇÃO E REEMBOLSO-MÓVEL COM REGISTRO";050.679.589-60;" AGNALDO DA SILVA";030457/0203-00;;" Concluído";072613;Perola;207;SICREDI VALE DO PIQUIRI ABCD P;207;SUREG Vale do Piquiri PR;CENTRAL SICREDI PR/SP/RJ;105.0 Hora(s);5d19h01m;13/11/2023 11:19:08;;;;;;
0000356713;10/11/2023 16:11:48;" DANIELY MENDONCA DE FREITAS";" Pagamento de crédito";" 258- AQUISIÇÃO E REEMBOLSO-MÓVEL COM REGISTRO";050.679.589-60;" AGNALDO DA SILVA";030457/0203-00;;" Concluído";072613;Perola;207;SICREDI VALE DO PIQUIRI ABCD P;207;SUREG Vale do Piquiri PR;CENTRAL SICREDI PR/SP/RJ;105.0 Hora(s);5d19h01m;10/11/2023 16:40:03;;;;;;
0000356713;10/11/2023 16:11:48;" DANIELY MENDONCA DE FREITAS";" Pagamento de crédito";" 258- AQUISIÇÃO E REEMBOLSO-MÓVEL COM REGISTRO";050.679.589-60;" AGNALDO DA SILVA";030457/0203-00;;" Concluído";072613;Perola;207;SICREDI VALE DO PIQUIRI ABCD P;207;SUREG Vale do Piquiri PR;CENTRAL SICREDI PR/SP/RJ;105.0 Hora(s);5d19h01m;10/11/2023 16:38:35;;;;;;
