﻿ID_Processo7;DT_Solicitacao8;NM_Usuario_Solicitacao8;NM_Tipo_Processo8;NM_Processo8;CD_Inscricao_Nacional8;NM_Pessoa8;Usuário;Grupo_Cota_Outros8;ST_Status8;CD_Comissionado2;NM_Fantasia_Comissionado2;CD_Tipo_Ponto_Venda3;NM_Fantasia_Ponto_Venda2;CD_Tipo_Ponto_Venda4;NM_Tipo_Ponto_Venda2;NM_Filial_Venda2;Nivel_Servico8;Tempo_Processo8;DH_Conclusao8;NM_Atividade1;Nivel_Servico_Atividade1;DT_Inicio_Atividade1;DT_Fim_Atividade1;NM_Usuario_Atividade1;Tempo_Processo_Atividade1
0000363974;20/11/2023 10:11:11;" MAIARA DIAS ZANELA";" Pagamento de crédito";" 299 - PAGAMENTO EM ESPÉCIE-MÓVEIS";18.948.472/0001-36;" ABEL SOUZA DA SILVA  ESQUADRIAS";030420/0105-00;;" Concluído";072628;Campo Mourão;207;SICREDI VALE DO PIQUIRI ABCD P;207;SUREG Vale do Piquiri PR;CENTRAL SICREDI PR/SP/RJ;28.0 Hora(s);1d0h45m;21/11/2023 11:40:36;LIBERAR PAGAMENTO;0h00m;21/11/2023 10:34:08;21/11/2023 11:40:36;ELKIAYER FAGUNDES TRINDADE;0h00m
0000363974;20/11/2023 10:11:11;" MAIARA DIAS ZANELA";" Pagamento de crédito";" 299 - PAGAMENTO EM ESPÉCIE-MÓVEIS";18.948.472/0001-36;" ABEL SOUZA DA SILVA  ESQUADRIAS";030420/0105-00;;" Concluído";072628;Campo Mourão;207;SICREDI VALE DO PIQUIRI ABCD P;207;SUREG Vale do Piquiri PR;CENTRAL SICREDI PR/SP/RJ;28.0 Hora(s);1d0h45m;21/11/2023 10:34:08;APROVAR PAGAMENTO;1h00m;21/11/2023 10:33:35;21/11/2023 10:34:08;Eliane Ribas Barcelos;0h01m
0000363974;20/11/2023 10:11:11;" MAIARA DIAS ZANELA";" Pagamento de crédito";" 299 - PAGAMENTO EM ESPÉCIE-MÓVEIS";18.948.472/0001-36;" ABEL SOUZA DA SILVA  ESQUADRIAS";030420/0105-00;;" Concluído";072628;Campo Mourão;207;SICREDI VALE DO PIQUIRI ABCD P;207;SUREG Vale do Piquiri PR;CENTRAL SICREDI PR/SP/RJ;28.0 Hora(s);1d0h45m;21/11/2023 10:33:34;ANALISAR DOCUMENTOS ESPECIE;18h00m;20/11/2023 16:35:01;21/11/2023 10:33:34;Eliane Ribas Barcelos;0h03m
0000363974;20/11/2023 10:11:11;" MAIARA DIAS ZANELA";" Pagamento de crédito";" 299 - PAGAMENTO EM ESPÉCIE-MÓVEIS";18.948.472/0001-36;" ABEL SOUZA DA SILVA  ESQUADRIAS";030420/0105-00;;" Concluído";072628;Campo Mourão;207;SICREDI VALE DO PIQUIRI ABCD P;207;SUREG Vale do Piquiri PR;CENTRAL SICREDI PR/SP/RJ;28.0 Hora(s);1d0h45m;20/11/2023 16:35:00;ENVIAR DOCUMENTOS;1h00m;20/11/2023 10:56:25;20/11/2023 16:35:00;MAIARA DIAS ZANELA;0h00m
0000363974;20/11/2023 10:11:11;" MAIARA DIAS ZANELA";" Pagamento de crédito";" 299 - PAGAMENTO EM ESPÉCIE-MÓVEIS";18.948.472/0001-36;" ABEL SOUZA DA SILVA  ESQUADRIAS";030420/0105-00;;" Concluído";072628;Campo Mourão;207;SICREDI VALE DO PIQUIRI ABCD P;207;SUREG Vale do Piquiri PR;CENTRAL SICREDI PR/SP/RJ;28.0 Hora(s);1d0h45m;20/11/2023 10:56:25;EMISSÃO SOLICITAÇÃO DE PAGAMENTO;1d21h00m;20/11/2023 10:55:46;20/11/2023 10:56:25;;0h00m
0000363974;20/11/2023 10:11:11;" MAIARA DIAS ZANELA";" Pagamento de crédito";" 299 - PAGAMENTO EM ESPÉCIE-MÓVEIS";18.948.472/0001-36;" ABEL SOUZA DA SILVA  ESQUADRIAS";030420/0105-00;;" Concluído";072628;Campo Mourão;207;SICREDI VALE DO PIQUIRI ABCD P;207;SUREG Vale do Piquiri PR;CENTRAL SICREDI PR/SP/RJ;28.0 Hora(s);1d0h45m;21/11/2023 10:34:08;;;;;;
0000363974;20/11/2023 10:11:11;" MAIARA DIAS ZANELA";" Pagamento de crédito";" 299 - PAGAMENTO EM ESPÉCIE-MÓVEIS";18.948.472/0001-36;" ABEL SOUZA DA SILVA  ESQUADRIAS";030420/0105-00;;" Concluído";072628;Campo Mourão;207;SICREDI VALE DO PIQUIRI ABCD P;207;SUREG Vale do Piquiri PR;CENTRAL SICREDI PR/SP/RJ;28.0 Hora(s);1d0h45m;21/11/2023 10:33:34;;;;;;
0000363974;20/11/2023 10:11:11;" MAIARA DIAS ZANELA";" Pagamento de crédito";" 299 - PAGAMENTO EM ESPÉCIE-MÓVEIS";18.948.472/0001-36;" ABEL SOUZA DA SILVA  ESQUADRIAS";030420/0105-00;;" Concluído";072628;Campo Mourão;207;SICREDI VALE DO PIQUIRI ABCD P;207;SUREG Vale do Piquiri PR;CENTRAL SICREDI PR/SP/RJ;28.0 Hora(s);1d0h45m;20/11/2023 16:35:00;;;;;;
0000363974;20/11/2023 10:11:11;" MAIARA DIAS ZANELA";" Pagamento de crédito";" 299 - PAGAMENTO EM ESPÉCIE-MÓVEIS";18.948.472/0001-36;" ABEL SOUZA DA SILVA  ESQUADRIAS";030420/0105-00;;" Concluído";072628;Campo Mourão;207;SICREDI VALE DO PIQUIRI ABCD P;207;SUREG Vale do Piquiri PR;CENTRAL SICREDI PR/SP/RJ;28.0 Hora(s);1d0h45m;20/11/2023 10:56:25;;;;;;
0000363974;20/11/2023 10:11:11;" MAIARA DIAS ZANELA";" Pagamento de crédito";" 299 - PAGAMENTO EM ESPÉCIE-MÓVEIS";18.948.472/0001-36;" ABEL SOUZA DA SILVA  ESQUADRIAS";030420/0105-00;;" Concluído";072628;Campo Mourão;207;SICREDI VALE DO PIQUIRI ABCD P;207;SUREG Vale do Piquiri PR;CENTRAL SICREDI PR/SP/RJ;28.0 Hora(s);1d0h45m;21/11/2023 11:40:36;;;;;;
