﻿ID_Processo7;DT_Solicitacao8;NM_Usuario_Solicitacao8;NM_Tipo_Processo8;NM_Processo8;CD_Inscricao_Nacional8;NM_Pessoa8;Usuário;Grupo_Cota_Outros8;ST_Status8;CD_Comissionado2;NM_Fantasia_Comissionado2;CD_Tipo_Ponto_Venda3;NM_Fantasia_Ponto_Venda2;CD_Tipo_Ponto_Venda4;NM_Tipo_Ponto_Venda2;NM_Filial_Venda2;Nivel_Servico8;Tempo_Processo8;DH_Conclusao8;NM_Atividade1;Nivel_Servico_Atividade1;DT_Inicio_Atividade1;DT_Fim_Atividade1;NM_Usuario_Atividade1;Tempo_Processo_Atividade1
0000355404;06/11/2023 16:11:45;" LUCAS DA SILVA ESTANISLAU";" Pagamento de crédito";" 258- AQUISIÇÃO E REEMBOLSO-MÓVEL COM REGISTRO";090.633.039-47;" BRUNA DAVANZO DOS ANJOS";030487/0050-00;;" Concluído";072615;Esperança Nova;207;SICREDI VALE DO PIQUIRI ABCD P;207;SUREG Vale do Piquiri PR;CENTRAL SICREDI PR/SP/RJ;105.0 Hora(s);3d22h54m;10/11/2023 15:35:27;LIBERAR PAGAMENTOS;0h00m;10/11/2023 14:19:13;10/11/2023 15:35:27;ELKIAYER FAGUNDES TRINDADE;0h00m
0000355404;06/11/2023 16:11:45;" LUCAS DA SILVA ESTANISLAU";" Pagamento de crédito";" 258- AQUISIÇÃO E REEMBOLSO-MÓVEL COM REGISTRO";090.633.039-47;" BRUNA DAVANZO DOS ANJOS";030487/0050-00;;" Concluído";072615;Esperança Nova;207;SICREDI VALE DO PIQUIRI ABCD P;207;SUREG Vale do Piquiri PR;CENTRAL SICREDI PR/SP/RJ;105.0 Hora(s);3d22h54m;10/11/2023 14:19:12;APROVAR PAGAMENTO;1h00m;10/11/2023 14:19:06;10/11/2023 14:19:12;KELLY DA ROCHA KASPER;0h00m
0000355404;06/11/2023 16:11:45;" LUCAS DA SILVA ESTANISLAU";" Pagamento de crédito";" 258- AQUISIÇÃO E REEMBOLSO-MÓVEL COM REGISTRO";090.633.039-47;" BRUNA DAVANZO DOS ANJOS";030487/0050-00;;" Concluído";072615;Esperança Nova;207;SICREDI VALE DO PIQUIRI ABCD P;207;SUREG Vale do Piquiri PR;CENTRAL SICREDI PR/SP/RJ;105.0 Hora(s);3d22h54m;10/11/2023 14:19:06;PROGRAMAR PAGAMENTO;1h00m;10/11/2023 14:18:04;10/11/2023 14:19:06;KELLY DA ROCHA KASPER;0h01m
0000355404;06/11/2023 16:11:45;" LUCAS DA SILVA ESTANISLAU";" Pagamento de crédito";" 258- AQUISIÇÃO E REEMBOLSO-MÓVEL COM REGISTRO";090.633.039-47;" BRUNA DAVANZO DOS ANJOS";030487/0050-00;;" Concluído";072615;Esperança Nova;207;SICREDI VALE DO PIQUIRI ABCD P;207;SUREG Vale do Piquiri PR;CENTRAL SICREDI PR/SP/RJ;105.0 Hora(s);3d22h54m;10/11/2023 14:18:03;ANALISAR DOCUMENTOS PARA LIBERAÇÃO 2ª ETAPA;18h00m;09/11/2023 15:19:24;10/11/2023 14:18:03;KELLY DA ROCHA KASPER;0h03m
0000355404;06/11/2023 16:11:45;" LUCAS DA SILVA ESTANISLAU";" Pagamento de crédito";" 258- AQUISIÇÃO E REEMBOLSO-MÓVEL COM REGISTRO";090.633.039-47;" BRUNA DAVANZO DOS ANJOS";030487/0050-00;;" Concluído";072615;Esperança Nova;207;SICREDI VALE DO PIQUIRI ABCD P;207;SUREG Vale do Piquiri PR;CENTRAL SICREDI PR/SP/RJ;105.0 Hora(s);3d22h54m;09/11/2023 15:19:24;EMITIR DOCUMENTOS PARA LIBERAÇÃO;18h00m;08/11/2023 17:32:43;09/11/2023 15:19:24;LUCAS DA SILVA ESTANISLAU;0h00m
0000355404;06/11/2023 16:11:45;" LUCAS DA SILVA ESTANISLAU";" Pagamento de crédito";" 258- AQUISIÇÃO E REEMBOLSO-MÓVEL COM REGISTRO";090.633.039-47;" BRUNA DAVANZO DOS ANJOS";030487/0050-00;;" Concluído";072615;Esperança Nova;207;SICREDI VALE DO PIQUIRI ABCD P;207;SUREG Vale do Piquiri PR;CENTRAL SICREDI PR/SP/RJ;105.0 Hora(s);3d22h54m;08/11/2023 17:32:43;REGISTRAR CONTRATO MANUALMENTE;1h00m;08/11/2023 17:32:32;08/11/2023 17:32:43;Eliane Ribas Barcelos;0h00m
0000355404;06/11/2023 16:11:45;" LUCAS DA SILVA ESTANISLAU";" Pagamento de crédito";" 258- AQUISIÇÃO E REEMBOLSO-MÓVEL COM REGISTRO";090.633.039-47;" BRUNA DAVANZO DOS ANJOS";030487/0050-00;;" Concluído";072615;Esperança Nova;207;SICREDI VALE DO PIQUIRI ABCD P;207;SUREG Vale do Piquiri PR;CENTRAL SICREDI PR/SP/RJ;105.0 Hora(s);3d22h54m;08/11/2023 17:32:32;ALIENAR O BEM;1h00m;08/11/2023 17:30:15;08/11/2023 17:32:32;Eliane Ribas Barcelos;0h02m
0000355404;06/11/2023 16:11:45;" LUCAS DA SILVA ESTANISLAU";" Pagamento de crédito";" 258- AQUISIÇÃO E REEMBOLSO-MÓVEL COM REGISTRO";090.633.039-47;" BRUNA DAVANZO DOS ANJOS";030487/0050-00;;" Concluído";072615;Esperança Nova;207;SICREDI VALE DO PIQUIRI ABCD P;207;SUREG Vale do Piquiri PR;CENTRAL SICREDI PR/SP/RJ;105.0 Hora(s);3d22h54m;08/11/2023 17:30:15;FINALIZAR CADASTRO DO BEM;1h00m;08/11/2023 17:29:46;08/11/2023 17:30:15;Eliane Ribas Barcelos;0h00m
0000355404;06/11/2023 16:11:45;" LUCAS DA SILVA ESTANISLAU";" Pagamento de crédito";" 258- AQUISIÇÃO E REEMBOLSO-MÓVEL COM REGISTRO";090.633.039-47;" BRUNA DAVANZO DOS ANJOS";030487/0050-00;;" Concluído";072615;Esperança Nova;207;SICREDI VALE DO PIQUIRI ABCD P;207;SUREG Vale do Piquiri PR;CENTRAL SICREDI PR/SP/RJ;105.0 Hora(s);3d22h54m;08/11/2023 17:29:46;ANÁLISE DE DOCUMENTOS 1ª ETAPA;18h04m;08/11/2023 13:37:09;08/11/2023 17:29:46;Eliane Ribas Barcelos;0h14m
0000355404;06/11/2023 16:11:45;" LUCAS DA SILVA ESTANISLAU";" Pagamento de crédito";" 258- AQUISIÇÃO E REEMBOLSO-MÓVEL COM REGISTRO";090.633.039-47;" BRUNA DAVANZO DOS ANJOS";030487/0050-00;;" Concluído";072615;Esperança Nova;207;SICREDI VALE DO PIQUIRI ABCD P;207;SUREG Vale do Piquiri PR;CENTRAL SICREDI PR/SP/RJ;105.0 Hora(s);3d22h54m;08/11/2023 13:37:09;REGULARIZAR DOCUMENTOS INICIAIS;0h00m;07/11/2023 21:15:26;08/11/2023 13:37:09;LUCAS DA SILVA ESTANISLAU;0h00m
0000355404;06/11/2023 16:11:45;" LUCAS DA SILVA ESTANISLAU";" Pagamento de crédito";" 258- AQUISIÇÃO E REEMBOLSO-MÓVEL COM REGISTRO";090.633.039-47;" BRUNA DAVANZO DOS ANJOS";030487/0050-00;;" Concluído";072615;Esperança Nova;207;SICREDI VALE DO PIQUIRI ABCD P;207;SUREG Vale do Piquiri PR;CENTRAL SICREDI PR/SP/RJ;105.0 Hora(s);3d22h54m;07/11/2023 21:15:26;ANÁLISE DE DOCUMENTOS 1ª ETAPA;18h04m;06/11/2023 16:50:12;07/11/2023 21:15:26;Eliane Ribas Barcelos;0h14m
0000355404;06/11/2023 16:11:45;" LUCAS DA SILVA ESTANISLAU";" Pagamento de crédito";" 258- AQUISIÇÃO E REEMBOLSO-MÓVEL COM REGISTRO";090.633.039-47;" BRUNA DAVANZO DOS ANJOS";030487/0050-00;;" Concluído";072615;Esperança Nova;207;SICREDI VALE DO PIQUIRI ABCD P;207;SUREG Vale do Piquiri PR;CENTRAL SICREDI PR/SP/RJ;105.0 Hora(s);3d22h54m;06/11/2023 16:50:12;ENVIAR DOCUMENTOS;1d21h00m;06/11/2023 16:42:03;06/11/2023 16:50:12;LUCAS DA SILVA ESTANISLAU;0h00m
0000355404;06/11/2023 16:11:45;" LUCAS DA SILVA ESTANISLAU";" Pagamento de crédito";" 258- AQUISIÇÃO E REEMBOLSO-MÓVEL COM REGISTRO";090.633.039-47;" BRUNA DAVANZO DOS ANJOS";030487/0050-00;;" Concluído";072615;Esperança Nova;207;SICREDI VALE DO PIQUIRI ABCD P;207;SUREG Vale do Piquiri PR;CENTRAL SICREDI PR/SP/RJ;105.0 Hora(s);3d22h54m;06/11/2023 16:42:02;AUTORIZAÇÃO DE FATURAMENTO;0h00m;06/11/2023 16:41:35;06/11/2023 16:42:02;;0h00m
0000355404;06/11/2023 16:11:45;" LUCAS DA SILVA ESTANISLAU";" Pagamento de crédito";" 258- AQUISIÇÃO E REEMBOLSO-MÓVEL COM REGISTRO";090.633.039-47;" BRUNA DAVANZO DOS ANJOS";030487/0050-00;;" Concluído";072615;Esperança Nova;207;SICREDI VALE DO PIQUIRI ABCD P;207;SUREG Vale do Piquiri PR;CENTRAL SICREDI PR/SP/RJ;105.0 Hora(s);3d22h54m;10/11/2023 15:35:27;;;;;;
0000355404;06/11/2023 16:11:45;" LUCAS DA SILVA ESTANISLAU";" Pagamento de crédito";" 258- AQUISIÇÃO E REEMBOLSO-MÓVEL COM REGISTRO";090.633.039-47;" BRUNA DAVANZO DOS ANJOS";030487/0050-00;;" Concluído";072615;Esperança Nova;207;SICREDI VALE DO PIQUIRI ABCD P;207;SUREG Vale do Piquiri PR;CENTRAL SICREDI PR/SP/RJ;105.0 Hora(s);3d22h54m;10/11/2023 14:19:12;;;;;;
0000355404;06/11/2023 16:11:45;" LUCAS DA SILVA ESTANISLAU";" Pagamento de crédito";" 258- AQUISIÇÃO E REEMBOLSO-MÓVEL COM REGISTRO";090.633.039-47;" BRUNA DAVANZO DOS ANJOS";030487/0050-00;;" Concluído";072615;Esperança Nova;207;SICREDI VALE DO PIQUIRI ABCD P;207;SUREG Vale do Piquiri PR;CENTRAL SICREDI PR/SP/RJ;105.0 Hora(s);3d22h54m;10/11/2023 14:19:06;;;;;;
0000355404;06/11/2023 16:11:45;" LUCAS DA SILVA ESTANISLAU";" Pagamento de crédito";" 258- AQUISIÇÃO E REEMBOLSO-MÓVEL COM REGISTRO";090.633.039-47;" BRUNA DAVANZO DOS ANJOS";030487/0050-00;;" Concluído";072615;Esperança Nova;207;SICREDI VALE DO PIQUIRI ABCD P;207;SUREG Vale do Piquiri PR;CENTRAL SICREDI PR/SP/RJ;105.0 Hora(s);3d22h54m;10/11/2023 14:18:03;;;;;;
0000355404;06/11/2023 16:11:45;" LUCAS DA SILVA ESTANISLAU";" Pagamento de crédito";" 258- AQUISIÇÃO E REEMBOLSO-MÓVEL COM REGISTRO";090.633.039-47;" BRUNA DAVANZO DOS ANJOS";030487/0050-00;;" Concluído";072615;Esperança Nova;207;SICREDI VALE DO PIQUIRI ABCD P;207;SUREG Vale do Piquiri PR;CENTRAL SICREDI PR/SP/RJ;105.0 Hora(s);3d22h54m;09/11/2023 15:19:24;;;;;;
0000355404;06/11/2023 16:11:45;" LUCAS DA SILVA ESTANISLAU";" Pagamento de crédito";" 258- AQUISIÇÃO E REEMBOLSO-MÓVEL COM REGISTRO";090.633.039-47;" BRUNA DAVANZO DOS ANJOS";030487/0050-00;;" Concluído";072615;Esperança Nova;207;SICREDI VALE DO PIQUIRI ABCD P;207;SUREG Vale do Piquiri PR;CENTRAL SICREDI PR/SP/RJ;105.0 Hora(s);3d22h54m;08/11/2023 17:32:43;;;;;;
0000355404;06/11/2023 16:11:45;" LUCAS DA SILVA ESTANISLAU";" Pagamento de crédito";" 258- AQUISIÇÃO E REEMBOLSO-MÓVEL COM REGISTRO";090.633.039-47;" BRUNA DAVANZO DOS ANJOS";030487/0050-00;;" Concluído";072615;Esperança Nova;207;SICREDI VALE DO PIQUIRI ABCD P;207;SUREG Vale do Piquiri PR;CENTRAL SICREDI PR/SP/RJ;105.0 Hora(s);3d22h54m;08/11/2023 17:32:32;;;;;;
0000355404;06/11/2023 16:11:45;" LUCAS DA SILVA ESTANISLAU";" Pagamento de crédito";" 258- AQUISIÇÃO E REEMBOLSO-MÓVEL COM REGISTRO";090.633.039-47;" BRUNA DAVANZO DOS ANJOS";030487/0050-00;;" Concluído";072615;Esperança Nova;207;SICREDI VALE DO PIQUIRI ABCD P;207;SUREG Vale do Piquiri PR;CENTRAL SICREDI PR/SP/RJ;105.0 Hora(s);3d22h54m;08/11/2023 17:30:15;;;;;;
0000355404;06/11/2023 16:11:45;" LUCAS DA SILVA ESTANISLAU";" Pagamento de crédito";" 258- AQUISIÇÃO E REEMBOLSO-MÓVEL COM REGISTRO";090.633.039-47;" BRUNA DAVANZO DOS ANJOS";030487/0050-00;;" Concluído";072615;Esperança Nova;207;SICREDI VALE DO PIQUIRI ABCD P;207;SUREG Vale do Piquiri PR;CENTRAL SICREDI PR/SP/RJ;105.0 Hora(s);3d22h54m;08/11/2023 17:29:46;;;;;;
0000355404;06/11/2023 16:11:45;" LUCAS DA SILVA ESTANISLAU";" Pagamento de crédito";" 258- AQUISIÇÃO E REEMBOLSO-MÓVEL COM REGISTRO";090.633.039-47;" BRUNA DAVANZO DOS ANJOS";030487/0050-00;;" Concluído";072615;Esperança Nova;207;SICREDI VALE DO PIQUIRI ABCD P;207;SUREG Vale do Piquiri PR;CENTRAL SICREDI PR/SP/RJ;105.0 Hora(s);3d22h54m;08/11/2023 13:37:09;;;;;;
0000355404;06/11/2023 16:11:45;" LUCAS DA SILVA ESTANISLAU";" Pagamento de crédito";" 258- AQUISIÇÃO E REEMBOLSO-MÓVEL COM REGISTRO";090.633.039-47;" BRUNA DAVANZO DOS ANJOS";030487/0050-00;;" Concluído";072615;Esperança Nova;207;SICREDI VALE DO PIQUIRI ABCD P;207;SUREG Vale do Piquiri PR;CENTRAL SICREDI PR/SP/RJ;105.0 Hora(s);3d22h54m;07/11/2023 21:15:26;;;;;;
0000355404;06/11/2023 16:11:45;" LUCAS DA SILVA ESTANISLAU";" Pagamento de crédito";" 258- AQUISIÇÃO E REEMBOLSO-MÓVEL COM REGISTRO";090.633.039-47;" BRUNA DAVANZO DOS ANJOS";030487/0050-00;;" Concluído";072615;Esperança Nova;207;SICREDI VALE DO PIQUIRI ABCD P;207;SUREG Vale do Piquiri PR;CENTRAL SICREDI PR/SP/RJ;105.0 Hora(s);3d22h54m;06/11/2023 16:50:12;;;;;;
0000355404;06/11/2023 16:11:45;" LUCAS DA SILVA ESTANISLAU";" Pagamento de crédito";" 258- AQUISIÇÃO E REEMBOLSO-MÓVEL COM REGISTRO";090.633.039-47;" BRUNA DAVANZO DOS ANJOS";030487/0050-00;;" Concluído";072615;Esperança Nova;207;SICREDI VALE DO PIQUIRI ABCD P;207;SUREG Vale do Piquiri PR;CENTRAL SICREDI PR/SP/RJ;105.0 Hora(s);3d22h54m;06/11/2023 16:42:02;;;;;;
