﻿ID_Processo7;DT_Solicitacao8;NM_Usuario_Solicitacao8;NM_Tipo_Processo8;NM_Processo8;CD_Inscricao_Nacional8;NM_Pessoa8;Usuário;Grupo_Cota_Outros8;ST_Status8;CD_Comissionado2;NM_Fantasia_Comissionado2;CD_Tipo_Ponto_Venda3;NM_Fantasia_Ponto_Venda2;CD_Tipo_Ponto_Venda4;NM_Tipo_Ponto_Venda2;NM_Filial_Venda2;Nivel_Servico8;Tempo_Processo8;DH_Conclusao8;NM_Atividade1;Nivel_Servico_Atividade1;DT_Inicio_Atividade1;DT_Fim_Atividade1;NM_Usuario_Atividade1;Tempo_Processo_Atividade1
0000356080;08/11/2023 13:11:59;" GABRIEL FERNANDES";" Pagamento de crédito";" 258- AQUISIÇÃO E REEMBOLSO-MÓVEL COM REGISTRO";13.918.967/0001-07;" PEDRO IVANDRO PASSAIA 00281985065";030480/0324-00;;" Concluído";021728;Praça Jaime Lago;104;SICREDI UNIESTADOS;104;SUREG Erechim RS;CENTRAL SICREDI SUL/SUDESTE;105.0 Hora(s);4d21h27m;13/11/2023 10:41:28;LIBERAR PAGAMENTOS;0h00m;13/11/2023 09:55:16;13/11/2023 10:41:28;Kelen Hahn Paulo;0h00m
0000356080;08/11/2023 13:11:59;" GABRIEL FERNANDES";" Pagamento de crédito";" 258- AQUISIÇÃO E REEMBOLSO-MÓVEL COM REGISTRO";13.918.967/0001-07;" PEDRO IVANDRO PASSAIA 00281985065";030480/0324-00;;" Concluído";021728;Praça Jaime Lago;104;SICREDI UNIESTADOS;104;SUREG Erechim RS;CENTRAL SICREDI SUL/SUDESTE;105.0 Hora(s);4d21h27m;13/11/2023 09:55:16;APROVAR PAGAMENTO;1h00m;13/11/2023 09:55:11;13/11/2023 09:55:16;LARISSA JAENISCH DUTRA PINTO;0h00m
0000356080;08/11/2023 13:11:59;" GABRIEL FERNANDES";" Pagamento de crédito";" 258- AQUISIÇÃO E REEMBOLSO-MÓVEL COM REGISTRO";13.918.967/0001-07;" PEDRO IVANDRO PASSAIA 00281985065";030480/0324-00;;" Concluído";021728;Praça Jaime Lago;104;SICREDI UNIESTADOS;104;SUREG Erechim RS;CENTRAL SICREDI SUL/SUDESTE;105.0 Hora(s);4d21h27m;13/11/2023 09:55:10;PROGRAMAR PAGAMENTO;1h00m;13/11/2023 09:54:34;13/11/2023 09:55:10;LARISSA JAENISCH DUTRA PINTO;0h01m
0000356080;08/11/2023 13:11:59;" GABRIEL FERNANDES";" Pagamento de crédito";" 258- AQUISIÇÃO E REEMBOLSO-MÓVEL COM REGISTRO";13.918.967/0001-07;" PEDRO IVANDRO PASSAIA 00281985065";030480/0324-00;;" Concluído";021728;Praça Jaime Lago;104;SICREDI UNIESTADOS;104;SUREG Erechim RS;CENTRAL SICREDI SUL/SUDESTE;105.0 Hora(s);4d21h27m;13/11/2023 09:54:34;ANALISAR DOCUMENTOS PARA LIBERAÇÃO 2ª ETAPA;18h00m;10/11/2023 14:04:03;13/11/2023 09:54:34;LARISSA JAENISCH DUTRA PINTO;0h01m
0000356080;08/11/2023 13:11:59;" GABRIEL FERNANDES";" Pagamento de crédito";" 258- AQUISIÇÃO E REEMBOLSO-MÓVEL COM REGISTRO";13.918.967/0001-07;" PEDRO IVANDRO PASSAIA 00281985065";030480/0324-00;;" Concluído";021728;Praça Jaime Lago;104;SICREDI UNIESTADOS;104;SUREG Erechim RS;CENTRAL SICREDI SUL/SUDESTE;105.0 Hora(s);4d21h27m;10/11/2023 14:04:03;EMITIR DOCUMENTOS PARA LIBERAÇÃO;18h00m;09/11/2023 14:41:11;10/11/2023 14:04:03;GABRIEL FERNANDES;0h00m
0000356080;08/11/2023 13:11:59;" GABRIEL FERNANDES";" Pagamento de crédito";" 258- AQUISIÇÃO E REEMBOLSO-MÓVEL COM REGISTRO";13.918.967/0001-07;" PEDRO IVANDRO PASSAIA 00281985065";030480/0324-00;;" Concluído";021728;Praça Jaime Lago;104;SICREDI UNIESTADOS;104;SUREG Erechim RS;CENTRAL SICREDI SUL/SUDESTE;105.0 Hora(s);4d21h27m;09/11/2023 14:41:11;REGISTRAR CONTRATO MANUALMENTE;1h00m;09/11/2023 14:41:06;09/11/2023 14:41:11;Paola dos Santos Lima;0h00m
0000356080;08/11/2023 13:11:59;" GABRIEL FERNANDES";" Pagamento de crédito";" 258- AQUISIÇÃO E REEMBOLSO-MÓVEL COM REGISTRO";13.918.967/0001-07;" PEDRO IVANDRO PASSAIA 00281985065";030480/0324-00;;" Concluído";021728;Praça Jaime Lago;104;SICREDI UNIESTADOS;104;SUREG Erechim RS;CENTRAL SICREDI SUL/SUDESTE;105.0 Hora(s);4d21h27m;09/11/2023 14:41:06;ALIENAR O BEM;1h00m;09/11/2023 14:36:55;09/11/2023 14:41:06;Paola dos Santos Lima;0h04m
0000356080;08/11/2023 13:11:59;" GABRIEL FERNANDES";" Pagamento de crédito";" 258- AQUISIÇÃO E REEMBOLSO-MÓVEL COM REGISTRO";13.918.967/0001-07;" PEDRO IVANDRO PASSAIA 00281985065";030480/0324-00;;" Concluído";021728;Praça Jaime Lago;104;SICREDI UNIESTADOS;104;SUREG Erechim RS;CENTRAL SICREDI SUL/SUDESTE;105.0 Hora(s);4d21h27m;09/11/2023 14:36:55;FINALIZAR CADASTRO DO BEM;1h00m;09/11/2023 14:36:35;09/11/2023 14:36:55;Paola dos Santos Lima;0h00m
0000356080;08/11/2023 13:11:59;" GABRIEL FERNANDES";" Pagamento de crédito";" 258- AQUISIÇÃO E REEMBOLSO-MÓVEL COM REGISTRO";13.918.967/0001-07;" PEDRO IVANDRO PASSAIA 00281985065";030480/0324-00;;" Concluído";021728;Praça Jaime Lago;104;SICREDI UNIESTADOS;104;SUREG Erechim RS;CENTRAL SICREDI SUL/SUDESTE;105.0 Hora(s);4d21h27m;09/11/2023 14:36:35;ANÁLISE DE DOCUMENTOS 1ª ETAPA;18h00m;08/11/2023 13:20:42;09/11/2023 14:36:35;Paola dos Santos Lima;0h11m
0000356080;08/11/2023 13:11:59;" GABRIEL FERNANDES";" Pagamento de crédito";" 258- AQUISIÇÃO E REEMBOLSO-MÓVEL COM REGISTRO";13.918.967/0001-07;" PEDRO IVANDRO PASSAIA 00281985065";030480/0324-00;;" Concluído";021728;Praça Jaime Lago;104;SICREDI UNIESTADOS;104;SUREG Erechim RS;CENTRAL SICREDI SUL/SUDESTE;105.0 Hora(s);4d21h27m;08/11/2023 13:20:42;ENVIAR DOCUMENTOS;1d21h00m;08/11/2023 13:15:15;08/11/2023 13:20:42;GABRIEL FERNANDES;0h00m
0000356080;08/11/2023 13:11:59;" GABRIEL FERNANDES";" Pagamento de crédito";" 258- AQUISIÇÃO E REEMBOLSO-MÓVEL COM REGISTRO";13.918.967/0001-07;" PEDRO IVANDRO PASSAIA 00281985065";030480/0324-00;;" Concluído";021728;Praça Jaime Lago;104;SICREDI UNIESTADOS;104;SUREG Erechim RS;CENTRAL SICREDI SUL/SUDESTE;105.0 Hora(s);4d21h27m;08/11/2023 13:15:15;AUTORIZAÇÃO DE FATURAMENTO;0h00m;08/11/2023 13:14:40;08/11/2023 13:15:15;;0h00m
0000356080;08/11/2023 13:11:59;" GABRIEL FERNANDES";" Pagamento de crédito";" 258- AQUISIÇÃO E REEMBOLSO-MÓVEL COM REGISTRO";13.918.967/0001-07;" PEDRO IVANDRO PASSAIA 00281985065";030480/0324-00;;" Concluído";021728;Praça Jaime Lago;104;SICREDI UNIESTADOS;104;SUREG Erechim RS;CENTRAL SICREDI SUL/SUDESTE;105.0 Hora(s);4d21h27m;13/11/2023 10:41:28;;;;;;
0000356080;08/11/2023 13:11:59;" GABRIEL FERNANDES";" Pagamento de crédito";" 258- AQUISIÇÃO E REEMBOLSO-MÓVEL COM REGISTRO";13.918.967/0001-07;" PEDRO IVANDRO PASSAIA 00281985065";030480/0324-00;;" Concluído";021728;Praça Jaime Lago;104;SICREDI UNIESTADOS;104;SUREG Erechim RS;CENTRAL SICREDI SUL/SUDESTE;105.0 Hora(s);4d21h27m;13/11/2023 09:55:16;;;;;;
0000356080;08/11/2023 13:11:59;" GABRIEL FERNANDES";" Pagamento de crédito";" 258- AQUISIÇÃO E REEMBOLSO-MÓVEL COM REGISTRO";13.918.967/0001-07;" PEDRO IVANDRO PASSAIA 00281985065";030480/0324-00;;" Concluído";021728;Praça Jaime Lago;104;SICREDI UNIESTADOS;104;SUREG Erechim RS;CENTRAL SICREDI SUL/SUDESTE;105.0 Hora(s);4d21h27m;13/11/2023 09:55:10;;;;;;
0000356080;08/11/2023 13:11:59;" GABRIEL FERNANDES";" Pagamento de crédito";" 258- AQUISIÇÃO E REEMBOLSO-MÓVEL COM REGISTRO";13.918.967/0001-07;" PEDRO IVANDRO PASSAIA 00281985065";030480/0324-00;;" Concluído";021728;Praça Jaime Lago;104;SICREDI UNIESTADOS;104;SUREG Erechim RS;CENTRAL SICREDI SUL/SUDESTE;105.0 Hora(s);4d21h27m;13/11/2023 09:54:34;;;;;;
0000356080;08/11/2023 13:11:59;" GABRIEL FERNANDES";" Pagamento de crédito";" 258- AQUISIÇÃO E REEMBOLSO-MÓVEL COM REGISTRO";13.918.967/0001-07;" PEDRO IVANDRO PASSAIA 00281985065";030480/0324-00;;" Concluído";021728;Praça Jaime Lago;104;SICREDI UNIESTADOS;104;SUREG Erechim RS;CENTRAL SICREDI SUL/SUDESTE;105.0 Hora(s);4d21h27m;10/11/2023 14:04:03;;;;;;
0000356080;08/11/2023 13:11:59;" GABRIEL FERNANDES";" Pagamento de crédito";" 258- AQUISIÇÃO E REEMBOLSO-MÓVEL COM REGISTRO";13.918.967/0001-07;" PEDRO IVANDRO PASSAIA 00281985065";030480/0324-00;;" Concluído";021728;Praça Jaime Lago;104;SICREDI UNIESTADOS;104;SUREG Erechim RS;CENTRAL SICREDI SUL/SUDESTE;105.0 Hora(s);4d21h27m;09/11/2023 14:41:11;;;;;;
0000356080;08/11/2023 13:11:59;" GABRIEL FERNANDES";" Pagamento de crédito";" 258- AQUISIÇÃO E REEMBOLSO-MÓVEL COM REGISTRO";13.918.967/0001-07;" PEDRO IVANDRO PASSAIA 00281985065";030480/0324-00;;" Concluído";021728;Praça Jaime Lago;104;SICREDI UNIESTADOS;104;SUREG Erechim RS;CENTRAL SICREDI SUL/SUDESTE;105.0 Hora(s);4d21h27m;09/11/2023 14:41:06;;;;;;
0000356080;08/11/2023 13:11:59;" GABRIEL FERNANDES";" Pagamento de crédito";" 258- AQUISIÇÃO E REEMBOLSO-MÓVEL COM REGISTRO";13.918.967/0001-07;" PEDRO IVANDRO PASSAIA 00281985065";030480/0324-00;;" Concluído";021728;Praça Jaime Lago;104;SICREDI UNIESTADOS;104;SUREG Erechim RS;CENTRAL SICREDI SUL/SUDESTE;105.0 Hora(s);4d21h27m;09/11/2023 14:36:55;;;;;;
0000356080;08/11/2023 13:11:59;" GABRIEL FERNANDES";" Pagamento de crédito";" 258- AQUISIÇÃO E REEMBOLSO-MÓVEL COM REGISTRO";13.918.967/0001-07;" PEDRO IVANDRO PASSAIA 00281985065";030480/0324-00;;" Concluído";021728;Praça Jaime Lago;104;SICREDI UNIESTADOS;104;SUREG Erechim RS;CENTRAL SICREDI SUL/SUDESTE;105.0 Hora(s);4d21h27m;09/11/2023 14:36:35;;;;;;
0000356080;08/11/2023 13:11:59;" GABRIEL FERNANDES";" Pagamento de crédito";" 258- AQUISIÇÃO E REEMBOLSO-MÓVEL COM REGISTRO";13.918.967/0001-07;" PEDRO IVANDRO PASSAIA 00281985065";030480/0324-00;;" Concluído";021728;Praça Jaime Lago;104;SICREDI UNIESTADOS;104;SUREG Erechim RS;CENTRAL SICREDI SUL/SUDESTE;105.0 Hora(s);4d21h27m;08/11/2023 13:20:42;;;;;;
0000356080;08/11/2023 13:11:59;" GABRIEL FERNANDES";" Pagamento de crédito";" 258- AQUISIÇÃO E REEMBOLSO-MÓVEL COM REGISTRO";13.918.967/0001-07;" PEDRO IVANDRO PASSAIA 00281985065";030480/0324-00;;" Concluído";021728;Praça Jaime Lago;104;SICREDI UNIESTADOS;104;SUREG Erechim RS;CENTRAL SICREDI SUL/SUDESTE;105.0 Hora(s);4d21h27m;08/11/2023 13:15:15;;;;;;
