﻿ID_Processo7;DT_Solicitacao8;NM_Usuario_Solicitacao8;NM_Tipo_Processo8;NM_Processo8;CD_Inscricao_Nacional8;NM_Pessoa8;Usuário;Grupo_Cota_Outros8;ST_Status8;CD_Comissionado2;NM_Fantasia_Comissionado2;CD_Tipo_Ponto_Venda3;NM_Fantasia_Ponto_Venda2;CD_Tipo_Ponto_Venda4;NM_Tipo_Ponto_Venda2;NM_Filial_Venda2;Nivel_Servico8;Tempo_Processo8;DH_Conclusao8;NM_Atividade1;Nivel_Servico_Atividade1;DT_Inicio_Atividade1;DT_Fim_Atividade1;NM_Usuario_Atividade1;Tempo_Processo_Atividade1
0000356498;10/11/2023 08:11:58;" DANIELY MENDONCA DE FREITAS";" Pagamento de crédito";" 299 - PAGAMENTO EM ESPÉCIE-MÓVEIS";602.466.189-49;" AILTON NOGUEIRA DA SILVA";030428/0089-00;;" Concluído";072620;Moreira Sales;207;SICREDI VALE DO PIQUIRI ABCD P;207;SUREG Vale do Piquiri PR;CENTRAL SICREDI PR/SP/RJ;28.0 Hora(s);8h07m;10/11/2023 17:03:16;LIBERAR PAGAMENTO;0h00m;10/11/2023 16:41:03;10/11/2023 17:03:16;ELKIAYER FAGUNDES TRINDADE;0h00m
0000356498;10/11/2023 08:11:58;" DANIELY MENDONCA DE FREITAS";" Pagamento de crédito";" 299 - PAGAMENTO EM ESPÉCIE-MÓVEIS";602.466.189-49;" AILTON NOGUEIRA DA SILVA";030428/0089-00;;" Concluído";072620;Moreira Sales;207;SICREDI VALE DO PIQUIRI ABCD P;207;SUREG Vale do Piquiri PR;CENTRAL SICREDI PR/SP/RJ;28.0 Hora(s);8h07m;10/11/2023 16:41:02;APROVAR PAGAMENTO;1h00m;10/11/2023 16:40:56;10/11/2023 16:41:02;Eliane Ribas Barcelos;0h00m
0000356498;10/11/2023 08:11:58;" DANIELY MENDONCA DE FREITAS";" Pagamento de crédito";" 299 - PAGAMENTO EM ESPÉCIE-MÓVEIS";602.466.189-49;" AILTON NOGUEIRA DA SILVA";030428/0089-00;;" Concluído";072620;Moreira Sales;207;SICREDI VALE DO PIQUIRI ABCD P;207;SUREG Vale do Piquiri PR;CENTRAL SICREDI PR/SP/RJ;28.0 Hora(s);8h07m;10/11/2023 16:40:56;ANALISAR DOCUMENTOS ESPECIE;18h00m;10/11/2023 09:00:58;10/11/2023 16:40:56;Eliane Ribas Barcelos;0h02m
0000356498;10/11/2023 08:11:58;" DANIELY MENDONCA DE FREITAS";" Pagamento de crédito";" 299 - PAGAMENTO EM ESPÉCIE-MÓVEIS";602.466.189-49;" AILTON NOGUEIRA DA SILVA";030428/0089-00;;" Concluído";072620;Moreira Sales;207;SICREDI VALE DO PIQUIRI ABCD P;207;SUREG Vale do Piquiri PR;CENTRAL SICREDI PR/SP/RJ;28.0 Hora(s);8h07m;10/11/2023 09:00:58;ENVIAR DOCUMENTOS;1h00m;10/11/2023 08:56:37;10/11/2023 09:00:58;DANIELY MENDONCA DE FREITAS;0h00m
0000356498;10/11/2023 08:11:58;" DANIELY MENDONCA DE FREITAS";" Pagamento de crédito";" 299 - PAGAMENTO EM ESPÉCIE-MÓVEIS";602.466.189-49;" AILTON NOGUEIRA DA SILVA";030428/0089-00;;" Concluído";072620;Moreira Sales;207;SICREDI VALE DO PIQUIRI ABCD P;207;SUREG Vale do Piquiri PR;CENTRAL SICREDI PR/SP/RJ;28.0 Hora(s);8h07m;10/11/2023 08:56:37;EMISSÃO SOLICITAÇÃO DE PAGAMENTO;1d21h00m;10/11/2023 08:56:32;10/11/2023 08:56:37;;0h00m
0000356498;10/11/2023 08:11:58;" DANIELY MENDONCA DE FREITAS";" Pagamento de crédito";" 299 - PAGAMENTO EM ESPÉCIE-MÓVEIS";602.466.189-49;" AILTON NOGUEIRA DA SILVA";030428/0089-00;;" Concluído";072620;Moreira Sales;207;SICREDI VALE DO PIQUIRI ABCD P;207;SUREG Vale do Piquiri PR;CENTRAL SICREDI PR/SP/RJ;28.0 Hora(s);8h07m;10/11/2023 17:03:16;;;;;;
0000356498;10/11/2023 08:11:58;" DANIELY MENDONCA DE FREITAS";" Pagamento de crédito";" 299 - PAGAMENTO EM ESPÉCIE-MÓVEIS";602.466.189-49;" AILTON NOGUEIRA DA SILVA";030428/0089-00;;" Concluído";072620;Moreira Sales;207;SICREDI VALE DO PIQUIRI ABCD P;207;SUREG Vale do Piquiri PR;CENTRAL SICREDI PR/SP/RJ;28.0 Hora(s);8h07m;10/11/2023 16:41:02;;;;;;
0000356498;10/11/2023 08:11:58;" DANIELY MENDONCA DE FREITAS";" Pagamento de crédito";" 299 - PAGAMENTO EM ESPÉCIE-MÓVEIS";602.466.189-49;" AILTON NOGUEIRA DA SILVA";030428/0089-00;;" Concluído";072620;Moreira Sales;207;SICREDI VALE DO PIQUIRI ABCD P;207;SUREG Vale do Piquiri PR;CENTRAL SICREDI PR/SP/RJ;28.0 Hora(s);8h07m;10/11/2023 16:40:56;;;;;;
0000356498;10/11/2023 08:11:58;" DANIELY MENDONCA DE FREITAS";" Pagamento de crédito";" 299 - PAGAMENTO EM ESPÉCIE-MÓVEIS";602.466.189-49;" AILTON NOGUEIRA DA SILVA";030428/0089-00;;" Concluído";072620;Moreira Sales;207;SICREDI VALE DO PIQUIRI ABCD P;207;SUREG Vale do Piquiri PR;CENTRAL SICREDI PR/SP/RJ;28.0 Hora(s);8h07m;10/11/2023 09:00:58;;;;;;
0000356498;10/11/2023 08:11:58;" DANIELY MENDONCA DE FREITAS";" Pagamento de crédito";" 299 - PAGAMENTO EM ESPÉCIE-MÓVEIS";602.466.189-49;" AILTON NOGUEIRA DA SILVA";030428/0089-00;;" Concluído";072620;Moreira Sales;207;SICREDI VALE DO PIQUIRI ABCD P;207;SUREG Vale do Piquiri PR;CENTRAL SICREDI PR/SP/RJ;28.0 Hora(s);8h07m;10/11/2023 08:56:37;;;;;;
