﻿ID_Processo7;DT_Solicitacao8;NM_Usuario_Solicitacao8;NM_Tipo_Processo8;NM_Processo8;CD_Inscricao_Nacional8;NM_Pessoa8;Usuário;Grupo_Cota_Outros8;ST_Status8;CD_Comissionado2;NM_Fantasia_Comissionado2;CD_Tipo_Ponto_Venda3;NM_Fantasia_Ponto_Venda2;CD_Tipo_Ponto_Venda4;NM_Tipo_Ponto_Venda2;NM_Filial_Venda2;Nivel_Servico8;Tempo_Processo8;DH_Conclusao8;NM_Atividade1;Nivel_Servico_Atividade1;DT_Inicio_Atividade1;DT_Fim_Atividade1;NM_Usuario_Atividade1;Tempo_Processo_Atividade1
0000367748;24/11/2023 10:11:01;" Leandro Amalcaburio";" Pagamento de crédito";" 264- AQUISIÇÃO E REEMBOLSO-MÓVEL SEM  REGISTRO";11.031.460/0001-01;" BAZZO EQUIPAMENTOS PARA AVICULTURA LTDA ME";030464/0068-00;"030479/0041-00&#x0D;
030484/0052-00&#x0D;
030464/0388-00&#x0D;
030466/0195-00&#x0D;
030468/0155-00&#x0D;
030472/0316-00";" Aguardando Regularização";021730;Ouro;104;SICREDI UNIESTADOS;104;SUREG Erechim RS;CENTRAL SICREDI SUL/SUDESTE;103.0 Hora(s);4h35m;"                   ";EMITIR DOCUMENTOS PARA LIBERAÇÃO;18h00m;24/11/2023 14:50:22;"                   ";;0h00m
0000367748;24/11/2023 10:11:01;" Leandro Amalcaburio";" Pagamento de crédito";" 264- AQUISIÇÃO E REEMBOLSO-MÓVEL SEM  REGISTRO";11.031.460/0001-01;" BAZZO EQUIPAMENTOS PARA AVICULTURA LTDA ME";030464/0068-00;"030479/0041-00&#x0D;
030484/0052-00&#x0D;
030464/0388-00&#x0D;
030466/0195-00&#x0D;
030468/0155-00&#x0D;
030472/0316-00";" Aguardando Regularização";021730;Ouro;104;SICREDI UNIESTADOS;104;SUREG Erechim RS;CENTRAL SICREDI SUL/SUDESTE;103.0 Hora(s);4h35m;24/11/2023 14:50:22;ALIENAÇÃO DE BENS;1h00m;24/11/2023 14:50:17;24/11/2023 14:50:22;Camille Lyandra Paz dos Santos;0h00m
0000367748;24/11/2023 10:11:01;" Leandro Amalcaburio";" Pagamento de crédito";" 264- AQUISIÇÃO E REEMBOLSO-MÓVEL SEM  REGISTRO";11.031.460/0001-01;" BAZZO EQUIPAMENTOS PARA AVICULTURA LTDA ME";030464/0068-00;"030479/0041-00&#x0D;
030484/0052-00&#x0D;
030464/0388-00&#x0D;
030466/0195-00&#x0D;
030468/0155-00&#x0D;
030472/0316-00";" Aguardando Regularização";021730;Ouro;104;SICREDI UNIESTADOS;104;SUREG Erechim RS;CENTRAL SICREDI SUL/SUDESTE;103.0 Hora(s);4h35m;24/11/2023 14:50:17;FINALIZAR CADASTRO DO BEM;1h00m;24/11/2023 14:50:11;24/11/2023 14:50:17;Camille Lyandra Paz dos Santos;0h00m
0000367748;24/11/2023 10:11:01;" Leandro Amalcaburio";" Pagamento de crédito";" 264- AQUISIÇÃO E REEMBOLSO-MÓVEL SEM  REGISTRO";11.031.460/0001-01;" BAZZO EQUIPAMENTOS PARA AVICULTURA LTDA ME";030464/0068-00;"030479/0041-00&#x0D;
030484/0052-00&#x0D;
030464/0388-00&#x0D;
030466/0195-00&#x0D;
030468/0155-00&#x0D;
030472/0316-00";" Aguardando Regularização";021730;Ouro;104;SICREDI UNIESTADOS;104;SUREG Erechim RS;CENTRAL SICREDI SUL/SUDESTE;103.0 Hora(s);4h35m;24/11/2023 14:50:11;ANÁLISE DE DOCUMENTOS 1ª ETAPA;18h00m;24/11/2023 11:04:30;24/11/2023 14:50:11;Camille Lyandra Paz dos Santos;0h33m
0000367748;24/11/2023 10:11:01;" Leandro Amalcaburio";" Pagamento de crédito";" 264- AQUISIÇÃO E REEMBOLSO-MÓVEL SEM  REGISTRO";11.031.460/0001-01;" BAZZO EQUIPAMENTOS PARA AVICULTURA LTDA ME";030464/0068-00;"030479/0041-00&#x0D;
030484/0052-00&#x0D;
030464/0388-00&#x0D;
030466/0195-00&#x0D;
030468/0155-00&#x0D;
030472/0316-00";" Aguardando Regularização";021730;Ouro;104;SICREDI UNIESTADOS;104;SUREG Erechim RS;CENTRAL SICREDI SUL/SUDESTE;103.0 Hora(s);4h35m;24/11/2023 11:04:30;ENVIAR DOCUMENTOS;1d21h00m;24/11/2023 10:16:14;24/11/2023 11:04:30;Leandro Amalcaburio;0h00m
0000367748;24/11/2023 10:11:01;" Leandro Amalcaburio";" Pagamento de crédito";" 264- AQUISIÇÃO E REEMBOLSO-MÓVEL SEM  REGISTRO";11.031.460/0001-01;" BAZZO EQUIPAMENTOS PARA AVICULTURA LTDA ME";030464/0068-00;"030479/0041-00&#x0D;
030484/0052-00&#x0D;
030464/0388-00&#x0D;
030466/0195-00&#x0D;
030468/0155-00&#x0D;
030472/0316-00";" Aguardando Regularização";021730;Ouro;104;SICREDI UNIESTADOS;104;SUREG Erechim RS;CENTRAL SICREDI SUL/SUDESTE;103.0 Hora(s);4h35m;24/11/2023 10:16:14;AUTORIZAÇÃO DE FATURAMENTO;0h00m;24/11/2023 10:15:11;24/11/2023 10:16:14;;0h00m
0000367748;24/11/2023 10:11:01;" Leandro Amalcaburio";" Pagamento de crédito";" 264- AQUISIÇÃO E REEMBOLSO-MÓVEL SEM  REGISTRO";11.031.460/0001-01;" BAZZO EQUIPAMENTOS PARA AVICULTURA LTDA ME";030464/0068-00;"030479/0041-00&#x0D;
030484/0052-00&#x0D;
030464/0388-00&#x0D;
030466/0195-00&#x0D;
030468/0155-00&#x0D;
030472/0316-00";" Aguardando Regularização";021730;Ouro;104;SICREDI UNIESTADOS;104;SUREG Erechim RS;CENTRAL SICREDI SUL/SUDESTE;103.0 Hora(s);4h35m;"                   ";;;;;;
0000367748;24/11/2023 10:11:01;" Leandro Amalcaburio";" Pagamento de crédito";" 264- AQUISIÇÃO E REEMBOLSO-MÓVEL SEM  REGISTRO";11.031.460/0001-01;" BAZZO EQUIPAMENTOS PARA AVICULTURA LTDA ME";030464/0068-00;"030479/0041-00&#x0D;
030484/0052-00&#x0D;
030464/0388-00&#x0D;
030466/0195-00&#x0D;
030468/0155-00&#x0D;
030472/0316-00";" Aguardando Regularização";021730;Ouro;104;SICREDI UNIESTADOS;104;SUREG Erechim RS;CENTRAL SICREDI SUL/SUDESTE;103.0 Hora(s);4h35m;24/11/2023 14:50:22;;;;;;
0000367748;24/11/2023 10:11:01;" Leandro Amalcaburio";" Pagamento de crédito";" 264- AQUISIÇÃO E REEMBOLSO-MÓVEL SEM  REGISTRO";11.031.460/0001-01;" BAZZO EQUIPAMENTOS PARA AVICULTURA LTDA ME";030464/0068-00;"030479/0041-00&#x0D;
030484/0052-00&#x0D;
030464/0388-00&#x0D;
030466/0195-00&#x0D;
030468/0155-00&#x0D;
030472/0316-00";" Aguardando Regularização";021730;Ouro;104;SICREDI UNIESTADOS;104;SUREG Erechim RS;CENTRAL SICREDI SUL/SUDESTE;103.0 Hora(s);4h35m;24/11/2023 14:50:17;;;;;;
0000367748;24/11/2023 10:11:01;" Leandro Amalcaburio";" Pagamento de crédito";" 264- AQUISIÇÃO E REEMBOLSO-MÓVEL SEM  REGISTRO";11.031.460/0001-01;" BAZZO EQUIPAMENTOS PARA AVICULTURA LTDA ME";030464/0068-00;"030479/0041-00&#x0D;
030484/0052-00&#x0D;
030464/0388-00&#x0D;
030466/0195-00&#x0D;
030468/0155-00&#x0D;
030472/0316-00";" Aguardando Regularização";021730;Ouro;104;SICREDI UNIESTADOS;104;SUREG Erechim RS;CENTRAL SICREDI SUL/SUDESTE;103.0 Hora(s);4h35m;24/11/2023 14:50:11;;;;;;
0000367748;24/11/2023 10:11:01;" Leandro Amalcaburio";" Pagamento de crédito";" 264- AQUISIÇÃO E REEMBOLSO-MÓVEL SEM  REGISTRO";11.031.460/0001-01;" BAZZO EQUIPAMENTOS PARA AVICULTURA LTDA ME";030464/0068-00;"030479/0041-00&#x0D;
030484/0052-00&#x0D;
030464/0388-00&#x0D;
030466/0195-00&#x0D;
030468/0155-00&#x0D;
030472/0316-00";" Aguardando Regularização";021730;Ouro;104;SICREDI UNIESTADOS;104;SUREG Erechim RS;CENTRAL SICREDI SUL/SUDESTE;103.0 Hora(s);4h35m;24/11/2023 11:04:30;;;;;;
0000367748;24/11/2023 10:11:01;" Leandro Amalcaburio";" Pagamento de crédito";" 264- AQUISIÇÃO E REEMBOLSO-MÓVEL SEM  REGISTRO";11.031.460/0001-01;" BAZZO EQUIPAMENTOS PARA AVICULTURA LTDA ME";030464/0068-00;"030479/0041-00&#x0D;
030484/0052-00&#x0D;
030464/0388-00&#x0D;
030466/0195-00&#x0D;
030468/0155-00&#x0D;
030472/0316-00";" Aguardando Regularização";021730;Ouro;104;SICREDI UNIESTADOS;104;SUREG Erechim RS;CENTRAL SICREDI SUL/SUDESTE;103.0 Hora(s);4h35m;24/11/2023 10:16:14;;;;;;
