﻿ID_Processo7;DT_Solicitacao8;NM_Usuario_Solicitacao8;NM_Tipo_Processo8;NM_Processo8;CD_Inscricao_Nacional8;NM_Pessoa8;Usuário;Grupo_Cota_Outros8;ST_Status8;CD_Comissionado2;NM_Fantasia_Comissionado2;CD_Tipo_Ponto_Venda3;NM_Fantasia_Ponto_Venda2;CD_Tipo_Ponto_Venda4;NM_Tipo_Ponto_Venda2;NM_Filial_Venda2;Nivel_Servico8;Tempo_Processo8;DH_Conclusao8;NM_Atividade1;Nivel_Servico_Atividade1;DT_Inicio_Atividade1;DT_Fim_Atividade1;NM_Usuario_Atividade1;Tempo_Processo_Atividade1
0000365794;21/11/2023 13:11:36;" ANTHONI BATTISTI VARGAS";" Pagamento de crédito";" 258- AQUISIÇÃO E REEMBOLSO-MÓVEL COM REGISTRO";029.230.670-96;" ANDERSON ANTONIOLLI";030461/0294-00;"030488/0449-00&#x0D;
030489/0012-00&#x0D;
030489/0024-00&#x0D;
030489/0070-00&#x0D;
030475/0141-00&#x0D;
030480/0149-00&#x0D;
030466/0454-00";" Concluído";021713;Mariano Moro;104;SICREDI UNIESTADOS;104;SUREG Erechim RS;CENTRAL SICREDI SUL/SUDESTE;105.0 Hora(s);1d1h54m;22/11/2023 15:52:34;LIBERAR PAGAMENTOS;0h00m;22/11/2023 14:43:59;22/11/2023 15:52:34;Kelen Hahn Paulo;0h00m
0000365794;21/11/2023 13:11:36;" ANTHONI BATTISTI VARGAS";" Pagamento de crédito";" 258- AQUISIÇÃO E REEMBOLSO-MÓVEL COM REGISTRO";029.230.670-96;" ANDERSON ANTONIOLLI";030461/0294-00;"030488/0449-00&#x0D;
030489/0012-00&#x0D;
030489/0024-00&#x0D;
030489/0070-00&#x0D;
030475/0141-00&#x0D;
030480/0149-00&#x0D;
030466/0454-00";" Concluído";021713;Mariano Moro;104;SICREDI UNIESTADOS;104;SUREG Erechim RS;CENTRAL SICREDI SUL/SUDESTE;105.0 Hora(s);1d1h54m;22/11/2023 14:43:59;APROVAR PAGAMENTO;1h00m;22/11/2023 14:43:52;22/11/2023 14:43:59;LARISSA JAENISCH DUTRA PINTO;0h00m
0000365794;21/11/2023 13:11:36;" ANTHONI BATTISTI VARGAS";" Pagamento de crédito";" 258- AQUISIÇÃO E REEMBOLSO-MÓVEL COM REGISTRO";029.230.670-96;" ANDERSON ANTONIOLLI";030461/0294-00;"030488/0449-00&#x0D;
030489/0012-00&#x0D;
030489/0024-00&#x0D;
030489/0070-00&#x0D;
030475/0141-00&#x0D;
030480/0149-00&#x0D;
030466/0454-00";" Concluído";021713;Mariano Moro;104;SICREDI UNIESTADOS;104;SUREG Erechim RS;CENTRAL SICREDI SUL/SUDESTE;105.0 Hora(s);1d1h54m;22/11/2023 14:43:52;PROGRAMAR PAGAMENTO;1h00m;22/11/2023 14:42:50;22/11/2023 14:43:52;LARISSA JAENISCH DUTRA PINTO;0h01m
0000365794;21/11/2023 13:11:36;" ANTHONI BATTISTI VARGAS";" Pagamento de crédito";" 258- AQUISIÇÃO E REEMBOLSO-MÓVEL COM REGISTRO";029.230.670-96;" ANDERSON ANTONIOLLI";030461/0294-00;"030488/0449-00&#x0D;
030489/0012-00&#x0D;
030489/0024-00&#x0D;
030489/0070-00&#x0D;
030475/0141-00&#x0D;
030480/0149-00&#x0D;
030466/0454-00";" Concluído";021713;Mariano Moro;104;SICREDI UNIESTADOS;104;SUREG Erechim RS;CENTRAL SICREDI SUL/SUDESTE;105.0 Hora(s);1d1h54m;22/11/2023 14:42:50;ANALISAR DOCUMENTOS PARA LIBERAÇÃO 2ª ETAPA;18h00m;22/11/2023 13:19:02;22/11/2023 14:42:50;LARISSA JAENISCH DUTRA PINTO;0h03m
0000365794;21/11/2023 13:11:36;" ANTHONI BATTISTI VARGAS";" Pagamento de crédito";" 258- AQUISIÇÃO E REEMBOLSO-MÓVEL COM REGISTRO";029.230.670-96;" ANDERSON ANTONIOLLI";030461/0294-00;"030488/0449-00&#x0D;
030489/0012-00&#x0D;
030489/0024-00&#x0D;
030489/0070-00&#x0D;
030475/0141-00&#x0D;
030480/0149-00&#x0D;
030466/0454-00";" Concluído";021713;Mariano Moro;104;SICREDI UNIESTADOS;104;SUREG Erechim RS;CENTRAL SICREDI SUL/SUDESTE;105.0 Hora(s);1d1h54m;22/11/2023 13:19:02;EMITIR DOCUMENTOS PARA LIBERAÇÃO;18h00m;22/11/2023 11:40:31;22/11/2023 13:19:02;ANTHONI BATTISTI VARGAS;0h00m
0000365794;21/11/2023 13:11:36;" ANTHONI BATTISTI VARGAS";" Pagamento de crédito";" 258- AQUISIÇÃO E REEMBOLSO-MÓVEL COM REGISTRO";029.230.670-96;" ANDERSON ANTONIOLLI";030461/0294-00;"030488/0449-00&#x0D;
030489/0012-00&#x0D;
030489/0024-00&#x0D;
030489/0070-00&#x0D;
030475/0141-00&#x0D;
030480/0149-00&#x0D;
030466/0454-00";" Concluído";021713;Mariano Moro;104;SICREDI UNIESTADOS;104;SUREG Erechim RS;CENTRAL SICREDI SUL/SUDESTE;105.0 Hora(s);1d1h54m;22/11/2023 11:40:31;REGISTRAR CONTRATO MANUALMENTE;1h00m;22/11/2023 11:40:22;22/11/2023 11:40:31;NICOLAS PAULO DE SOUSA CUNHA;0h00m
0000365794;21/11/2023 13:11:36;" ANTHONI BATTISTI VARGAS";" Pagamento de crédito";" 258- AQUISIÇÃO E REEMBOLSO-MÓVEL COM REGISTRO";029.230.670-96;" ANDERSON ANTONIOLLI";030461/0294-00;"030488/0449-00&#x0D;
030489/0012-00&#x0D;
030489/0024-00&#x0D;
030489/0070-00&#x0D;
030475/0141-00&#x0D;
030480/0149-00&#x0D;
030466/0454-00";" Concluído";021713;Mariano Moro;104;SICREDI UNIESTADOS;104;SUREG Erechim RS;CENTRAL SICREDI SUL/SUDESTE;105.0 Hora(s);1d1h54m;22/11/2023 11:40:22;ALIENAR O BEM;1h00m;22/11/2023 11:39:42;22/11/2023 11:40:22;NICOLAS PAULO DE SOUSA CUNHA;0h01m
0000365794;21/11/2023 13:11:36;" ANTHONI BATTISTI VARGAS";" Pagamento de crédito";" 258- AQUISIÇÃO E REEMBOLSO-MÓVEL COM REGISTRO";029.230.670-96;" ANDERSON ANTONIOLLI";030461/0294-00;"030488/0449-00&#x0D;
030489/0012-00&#x0D;
030489/0024-00&#x0D;
030489/0070-00&#x0D;
030475/0141-00&#x0D;
030480/0149-00&#x0D;
030466/0454-00";" Concluído";021713;Mariano Moro;104;SICREDI UNIESTADOS;104;SUREG Erechim RS;CENTRAL SICREDI SUL/SUDESTE;105.0 Hora(s);1d1h54m;22/11/2023 11:39:42;FINALIZAR CADASTRO DO BEM;1h00m;22/11/2023 11:39:36;22/11/2023 11:39:42;NICOLAS PAULO DE SOUSA CUNHA;0h00m
0000365794;21/11/2023 13:11:36;" ANTHONI BATTISTI VARGAS";" Pagamento de crédito";" 258- AQUISIÇÃO E REEMBOLSO-MÓVEL COM REGISTRO";029.230.670-96;" ANDERSON ANTONIOLLI";030461/0294-00;"030488/0449-00&#x0D;
030489/0012-00&#x0D;
030489/0024-00&#x0D;
030489/0070-00&#x0D;
030475/0141-00&#x0D;
030480/0149-00&#x0D;
030466/0454-00";" Concluído";021713;Mariano Moro;104;SICREDI UNIESTADOS;104;SUREG Erechim RS;CENTRAL SICREDI SUL/SUDESTE;105.0 Hora(s);1d1h54m;22/11/2023 11:39:36;ANÁLISE DE DOCUMENTOS 1ª ETAPA;18h00m;21/11/2023 14:08:49;22/11/2023 11:39:36;NICOLAS PAULO DE SOUSA CUNHA;0h08m
0000365794;21/11/2023 13:11:36;" ANTHONI BATTISTI VARGAS";" Pagamento de crédito";" 258- AQUISIÇÃO E REEMBOLSO-MÓVEL COM REGISTRO";029.230.670-96;" ANDERSON ANTONIOLLI";030461/0294-00;"030488/0449-00&#x0D;
030489/0012-00&#x0D;
030489/0024-00&#x0D;
030489/0070-00&#x0D;
030475/0141-00&#x0D;
030480/0149-00&#x0D;
030466/0454-00";" Concluído";021713;Mariano Moro;104;SICREDI UNIESTADOS;104;SUREG Erechim RS;CENTRAL SICREDI SUL/SUDESTE;105.0 Hora(s);1d1h54m;21/11/2023 14:08:49;ENVIAR DOCUMENTOS;1d21h00m;21/11/2023 13:58:03;21/11/2023 14:08:49;ANTHONI BATTISTI VARGAS;0h00m
0000365794;21/11/2023 13:11:36;" ANTHONI BATTISTI VARGAS";" Pagamento de crédito";" 258- AQUISIÇÃO E REEMBOLSO-MÓVEL COM REGISTRO";029.230.670-96;" ANDERSON ANTONIOLLI";030461/0294-00;"030488/0449-00&#x0D;
030489/0012-00&#x0D;
030489/0024-00&#x0D;
030489/0070-00&#x0D;
030475/0141-00&#x0D;
030480/0149-00&#x0D;
030466/0454-00";" Concluído";021713;Mariano Moro;104;SICREDI UNIESTADOS;104;SUREG Erechim RS;CENTRAL SICREDI SUL/SUDESTE;105.0 Hora(s);1d1h54m;21/11/2023 13:58:03;AUTORIZAÇÃO DE FATURAMENTO;0h00m;21/11/2023 13:58:03;21/11/2023 13:58:03;;0h00m
0000365794;21/11/2023 13:11:36;" ANTHONI BATTISTI VARGAS";" Pagamento de crédito";" 258- AQUISIÇÃO E REEMBOLSO-MÓVEL COM REGISTRO";029.230.670-96;" ANDERSON ANTONIOLLI";030461/0294-00;"030488/0449-00&#x0D;
030489/0012-00&#x0D;
030489/0024-00&#x0D;
030489/0070-00&#x0D;
030475/0141-00&#x0D;
030480/0149-00&#x0D;
030466/0454-00";" Concluído";021713;Mariano Moro;104;SICREDI UNIESTADOS;104;SUREG Erechim RS;CENTRAL SICREDI SUL/SUDESTE;105.0 Hora(s);1d1h54m;22/11/2023 15:52:34;;;;;;
0000365794;21/11/2023 13:11:36;" ANTHONI BATTISTI VARGAS";" Pagamento de crédito";" 258- AQUISIÇÃO E REEMBOLSO-MÓVEL COM REGISTRO";029.230.670-96;" ANDERSON ANTONIOLLI";030461/0294-00;"030488/0449-00&#x0D;
030489/0012-00&#x0D;
030489/0024-00&#x0D;
030489/0070-00&#x0D;
030475/0141-00&#x0D;
030480/0149-00&#x0D;
030466/0454-00";" Concluído";021713;Mariano Moro;104;SICREDI UNIESTADOS;104;SUREG Erechim RS;CENTRAL SICREDI SUL/SUDESTE;105.0 Hora(s);1d1h54m;22/11/2023 14:43:59;;;;;;
0000365794;21/11/2023 13:11:36;" ANTHONI BATTISTI VARGAS";" Pagamento de crédito";" 258- AQUISIÇÃO E REEMBOLSO-MÓVEL COM REGISTRO";029.230.670-96;" ANDERSON ANTONIOLLI";030461/0294-00;"030488/0449-00&#x0D;
030489/0012-00&#x0D;
030489/0024-00&#x0D;
030489/0070-00&#x0D;
030475/0141-00&#x0D;
030480/0149-00&#x0D;
030466/0454-00";" Concluído";021713;Mariano Moro;104;SICREDI UNIESTADOS;104;SUREG Erechim RS;CENTRAL SICREDI SUL/SUDESTE;105.0 Hora(s);1d1h54m;22/11/2023 14:43:52;;;;;;
0000365794;21/11/2023 13:11:36;" ANTHONI BATTISTI VARGAS";" Pagamento de crédito";" 258- AQUISIÇÃO E REEMBOLSO-MÓVEL COM REGISTRO";029.230.670-96;" ANDERSON ANTONIOLLI";030461/0294-00;"030488/0449-00&#x0D;
030489/0012-00&#x0D;
030489/0024-00&#x0D;
030489/0070-00&#x0D;
030475/0141-00&#x0D;
030480/0149-00&#x0D;
030466/0454-00";" Concluído";021713;Mariano Moro;104;SICREDI UNIESTADOS;104;SUREG Erechim RS;CENTRAL SICREDI SUL/SUDESTE;105.0 Hora(s);1d1h54m;22/11/2023 14:42:50;;;;;;
0000365794;21/11/2023 13:11:36;" ANTHONI BATTISTI VARGAS";" Pagamento de crédito";" 258- AQUISIÇÃO E REEMBOLSO-MÓVEL COM REGISTRO";029.230.670-96;" ANDERSON ANTONIOLLI";030461/0294-00;"030488/0449-00&#x0D;
030489/0012-00&#x0D;
030489/0024-00&#x0D;
030489/0070-00&#x0D;
030475/0141-00&#x0D;
030480/0149-00&#x0D;
030466/0454-00";" Concluído";021713;Mariano Moro;104;SICREDI UNIESTADOS;104;SUREG Erechim RS;CENTRAL SICREDI SUL/SUDESTE;105.0 Hora(s);1d1h54m;22/11/2023 13:19:02;;;;;;
0000365794;21/11/2023 13:11:36;" ANTHONI BATTISTI VARGAS";" Pagamento de crédito";" 258- AQUISIÇÃO E REEMBOLSO-MÓVEL COM REGISTRO";029.230.670-96;" ANDERSON ANTONIOLLI";030461/0294-00;"030488/0449-00&#x0D;
030489/0012-00&#x0D;
030489/0024-00&#x0D;
030489/0070-00&#x0D;
030475/0141-00&#x0D;
030480/0149-00&#x0D;
030466/0454-00";" Concluído";021713;Mariano Moro;104;SICREDI UNIESTADOS;104;SUREG Erechim RS;CENTRAL SICREDI SUL/SUDESTE;105.0 Hora(s);1d1h54m;22/11/2023 11:40:31;;;;;;
0000365794;21/11/2023 13:11:36;" ANTHONI BATTISTI VARGAS";" Pagamento de crédito";" 258- AQUISIÇÃO E REEMBOLSO-MÓVEL COM REGISTRO";029.230.670-96;" ANDERSON ANTONIOLLI";030461/0294-00;"030488/0449-00&#x0D;
030489/0012-00&#x0D;
030489/0024-00&#x0D;
030489/0070-00&#x0D;
030475/0141-00&#x0D;
030480/0149-00&#x0D;
030466/0454-00";" Concluído";021713;Mariano Moro;104;SICREDI UNIESTADOS;104;SUREG Erechim RS;CENTRAL SICREDI SUL/SUDESTE;105.0 Hora(s);1d1h54m;22/11/2023 11:40:22;;;;;;
0000365794;21/11/2023 13:11:36;" ANTHONI BATTISTI VARGAS";" Pagamento de crédito";" 258- AQUISIÇÃO E REEMBOLSO-MÓVEL COM REGISTRO";029.230.670-96;" ANDERSON ANTONIOLLI";030461/0294-00;"030488/0449-00&#x0D;
030489/0012-00&#x0D;
030489/0024-00&#x0D;
030489/0070-00&#x0D;
030475/0141-00&#x0D;
030480/0149-00&#x0D;
030466/0454-00";" Concluído";021713;Mariano Moro;104;SICREDI UNIESTADOS;104;SUREG Erechim RS;CENTRAL SICREDI SUL/SUDESTE;105.0 Hora(s);1d1h54m;22/11/2023 11:39:42;;;;;;
0000365794;21/11/2023 13:11:36;" ANTHONI BATTISTI VARGAS";" Pagamento de crédito";" 258- AQUISIÇÃO E REEMBOLSO-MÓVEL COM REGISTRO";029.230.670-96;" ANDERSON ANTONIOLLI";030461/0294-00;"030488/0449-00&#x0D;
030489/0012-00&#x0D;
030489/0024-00&#x0D;
030489/0070-00&#x0D;
030475/0141-00&#x0D;
030480/0149-00&#x0D;
030466/0454-00";" Concluído";021713;Mariano Moro;104;SICREDI UNIESTADOS;104;SUREG Erechim RS;CENTRAL SICREDI SUL/SUDESTE;105.0 Hora(s);1d1h54m;22/11/2023 11:39:36;;;;;;
0000365794;21/11/2023 13:11:36;" ANTHONI BATTISTI VARGAS";" Pagamento de crédito";" 258- AQUISIÇÃO E REEMBOLSO-MÓVEL COM REGISTRO";029.230.670-96;" ANDERSON ANTONIOLLI";030461/0294-00;"030488/0449-00&#x0D;
030489/0012-00&#x0D;
030489/0024-00&#x0D;
030489/0070-00&#x0D;
030475/0141-00&#x0D;
030480/0149-00&#x0D;
030466/0454-00";" Concluído";021713;Mariano Moro;104;SICREDI UNIESTADOS;104;SUREG Erechim RS;CENTRAL SICREDI SUL/SUDESTE;105.0 Hora(s);1d1h54m;21/11/2023 14:08:49;;;;;;
0000365794;21/11/2023 13:11:36;" ANTHONI BATTISTI VARGAS";" Pagamento de crédito";" 258- AQUISIÇÃO E REEMBOLSO-MÓVEL COM REGISTRO";029.230.670-96;" ANDERSON ANTONIOLLI";030461/0294-00;"030488/0449-00&#x0D;
030489/0012-00&#x0D;
030489/0024-00&#x0D;
030489/0070-00&#x0D;
030475/0141-00&#x0D;
030480/0149-00&#x0D;
030466/0454-00";" Concluído";021713;Mariano Moro;104;SICREDI UNIESTADOS;104;SUREG Erechim RS;CENTRAL SICREDI SUL/SUDESTE;105.0 Hora(s);1d1h54m;21/11/2023 13:58:03;;;;;;
