﻿ID_Processo7;DT_Solicitacao8;NM_Usuario_Solicitacao8;NM_Tipo_Processo8;NM_Processo8;CD_Inscricao_Nacional8;NM_Pessoa8;Usuário;Grupo_Cota_Outros8;ST_Status8;CD_Comissionado2;NM_Fantasia_Comissionado2;CD_Tipo_Ponto_Venda3;NM_Fantasia_Ponto_Venda2;CD_Tipo_Ponto_Venda4;NM_Tipo_Ponto_Venda2;NM_Filial_Venda2;Nivel_Servico8;Tempo_Processo8;DH_Conclusao8;NM_Atividade1;Nivel_Servico_Atividade1;DT_Inicio_Atividade1;DT_Fim_Atividade1;NM_Usuario_Atividade1;Tempo_Processo_Atividade1
0000355318;06/11/2023 14:11:57;" DANIELY MENDONCA DE FREITAS";" Pagamento de crédito";" 299 - PAGAMENTO EM ESPÉCIE-MÓVEIS";29.099.344/0001-81;" CLAUDIO ADAO DE OLIVEIRA 02010082974";030461/0379-00;;" Concluído";072654;LUIZIANA;207;SICREDI VALE DO PIQUIRI ABCD P;207;SUREG Vale do Piquiri PR;CENTRAL SICREDI PR/SP/RJ;28.0 Hora(s);1d0h49m;07/11/2023 15:35:49;LIBERAR PAGAMENTO;0h00m;07/11/2023 14:44:07;07/11/2023 15:35:49;Kelen Hahn Paulo;0h00m
0000355318;06/11/2023 14:11:57;" DANIELY MENDONCA DE FREITAS";" Pagamento de crédito";" 299 - PAGAMENTO EM ESPÉCIE-MÓVEIS";29.099.344/0001-81;" CLAUDIO ADAO DE OLIVEIRA 02010082974";030461/0379-00;;" Concluído";072654;LUIZIANA;207;SICREDI VALE DO PIQUIRI ABCD P;207;SUREG Vale do Piquiri PR;CENTRAL SICREDI PR/SP/RJ;28.0 Hora(s);1d0h49m;07/11/2023 14:44:07;APROVAR PAGAMENTO;1h00m;07/11/2023 14:43:46;07/11/2023 14:44:07;Eliane Ribas Barcelos;0h01m
0000355318;06/11/2023 14:11:57;" DANIELY MENDONCA DE FREITAS";" Pagamento de crédito";" 299 - PAGAMENTO EM ESPÉCIE-MÓVEIS";29.099.344/0001-81;" CLAUDIO ADAO DE OLIVEIRA 02010082974";030461/0379-00;;" Concluído";072654;LUIZIANA;207;SICREDI VALE DO PIQUIRI ABCD P;207;SUREG Vale do Piquiri PR;CENTRAL SICREDI PR/SP/RJ;28.0 Hora(s);1d0h49m;07/11/2023 14:43:46;ANALISAR DOCUMENTOS ESPECIE;18h00m;06/11/2023 14:49:54;07/11/2023 14:43:46;Eliane Ribas Barcelos;0h01m
0000355318;06/11/2023 14:11:57;" DANIELY MENDONCA DE FREITAS";" Pagamento de crédito";" 299 - PAGAMENTO EM ESPÉCIE-MÓVEIS";29.099.344/0001-81;" CLAUDIO ADAO DE OLIVEIRA 02010082974";030461/0379-00;;" Concluído";072654;LUIZIANA;207;SICREDI VALE DO PIQUIRI ABCD P;207;SUREG Vale do Piquiri PR;CENTRAL SICREDI PR/SP/RJ;28.0 Hora(s);1d0h49m;06/11/2023 14:49:54;ENVIAR DOCUMENTOS;1h00m;06/11/2023 14:46:58;06/11/2023 14:49:54;DANIELY MENDONCA DE FREITAS;0h00m
0000355318;06/11/2023 14:11:57;" DANIELY MENDONCA DE FREITAS";" Pagamento de crédito";" 299 - PAGAMENTO EM ESPÉCIE-MÓVEIS";29.099.344/0001-81;" CLAUDIO ADAO DE OLIVEIRA 02010082974";030461/0379-00;;" Concluído";072654;LUIZIANA;207;SICREDI VALE DO PIQUIRI ABCD P;207;SUREG Vale do Piquiri PR;CENTRAL SICREDI PR/SP/RJ;28.0 Hora(s);1d0h49m;06/11/2023 14:46:58;EMISSÃO SOLICITAÇÃO DE PAGAMENTO;1d21h00m;06/11/2023 14:46:50;06/11/2023 14:46:58;;0h00m
0000355318;06/11/2023 14:11:57;" DANIELY MENDONCA DE FREITAS";" Pagamento de crédito";" 299 - PAGAMENTO EM ESPÉCIE-MÓVEIS";29.099.344/0001-81;" CLAUDIO ADAO DE OLIVEIRA 02010082974";030461/0379-00;;" Concluído";072654;LUIZIANA;207;SICREDI VALE DO PIQUIRI ABCD P;207;SUREG Vale do Piquiri PR;CENTRAL SICREDI PR/SP/RJ;28.0 Hora(s);1d0h49m;07/11/2023 15:35:49;;;;;;
0000355318;06/11/2023 14:11:57;" DANIELY MENDONCA DE FREITAS";" Pagamento de crédito";" 299 - PAGAMENTO EM ESPÉCIE-MÓVEIS";29.099.344/0001-81;" CLAUDIO ADAO DE OLIVEIRA 02010082974";030461/0379-00;;" Concluído";072654;LUIZIANA;207;SICREDI VALE DO PIQUIRI ABCD P;207;SUREG Vale do Piquiri PR;CENTRAL SICREDI PR/SP/RJ;28.0 Hora(s);1d0h49m;07/11/2023 14:44:07;;;;;;
0000355318;06/11/2023 14:11:57;" DANIELY MENDONCA DE FREITAS";" Pagamento de crédito";" 299 - PAGAMENTO EM ESPÉCIE-MÓVEIS";29.099.344/0001-81;" CLAUDIO ADAO DE OLIVEIRA 02010082974";030461/0379-00;;" Concluído";072654;LUIZIANA;207;SICREDI VALE DO PIQUIRI ABCD P;207;SUREG Vale do Piquiri PR;CENTRAL SICREDI PR/SP/RJ;28.0 Hora(s);1d0h49m;07/11/2023 14:43:46;;;;;;
0000355318;06/11/2023 14:11:57;" DANIELY MENDONCA DE FREITAS";" Pagamento de crédito";" 299 - PAGAMENTO EM ESPÉCIE-MÓVEIS";29.099.344/0001-81;" CLAUDIO ADAO DE OLIVEIRA 02010082974";030461/0379-00;;" Concluído";072654;LUIZIANA;207;SICREDI VALE DO PIQUIRI ABCD P;207;SUREG Vale do Piquiri PR;CENTRAL SICREDI PR/SP/RJ;28.0 Hora(s);1d0h49m;06/11/2023 14:49:54;;;;;;
0000355318;06/11/2023 14:11:57;" DANIELY MENDONCA DE FREITAS";" Pagamento de crédito";" 299 - PAGAMENTO EM ESPÉCIE-MÓVEIS";29.099.344/0001-81;" CLAUDIO ADAO DE OLIVEIRA 02010082974";030461/0379-00;;" Concluído";072654;LUIZIANA;207;SICREDI VALE DO PIQUIRI ABCD P;207;SUREG Vale do Piquiri PR;CENTRAL SICREDI PR/SP/RJ;28.0 Hora(s);1d0h49m;06/11/2023 14:46:58;;;;;;
