﻿ID_Processo7;DT_Solicitacao8;NM_Usuario_Solicitacao8;NM_Tipo_Processo8;NM_Processo8;CD_Inscricao_Nacional8;NM_Pessoa8;Usuário;Grupo_Cota_Outros8;ST_Status8;CD_Comissionado2;NM_Fantasia_Comissionado2;CD_Tipo_Ponto_Venda3;NM_Fantasia_Ponto_Venda2;CD_Tipo_Ponto_Venda4;NM_Tipo_Ponto_Venda2;NM_Filial_Venda2;Nivel_Servico8;Tempo_Processo8;DH_Conclusao8;NM_Atividade1;Nivel_Servico_Atividade1;DT_Inicio_Atividade1;DT_Fim_Atividade1;NM_Usuario_Atividade1;Tempo_Processo_Atividade1
0000356384;09/11/2023 14:11:07;" Jedielson Luiz Figueiredo";" Pagamento de crédito";" 258- AQUISIÇÃO E REEMBOLSO-MÓVEL COM REGISTRO";032.294.286-17;" MARCELO DE AVILA SILVA";030487/0368-00;;" Concluído";021748;Alfenas;104;SICREDI UNIESTADOS;104;SUREG Erechim RS;CENTRAL SICREDI SUL/SUDESTE;105.0 Hora(s);3d19h45m;13/11/2023 10:41:25;LIBERAR PAGAMENTOS;0h00m;13/11/2023 09:20:43;13/11/2023 10:41:25;Kelen Hahn Paulo;0h00m
0000356384;09/11/2023 14:11:07;" Jedielson Luiz Figueiredo";" Pagamento de crédito";" 258- AQUISIÇÃO E REEMBOLSO-MÓVEL COM REGISTRO";032.294.286-17;" MARCELO DE AVILA SILVA";030487/0368-00;;" Concluído";021748;Alfenas;104;SICREDI UNIESTADOS;104;SUREG Erechim RS;CENTRAL SICREDI SUL/SUDESTE;105.0 Hora(s);3d19h45m;13/11/2023 09:20:43;APROVAR PAGAMENTO;1h00m;13/11/2023 09:20:38;13/11/2023 09:20:43;LARISSA JAENISCH DUTRA PINTO;0h00m
0000356384;09/11/2023 14:11:07;" Jedielson Luiz Figueiredo";" Pagamento de crédito";" 258- AQUISIÇÃO E REEMBOLSO-MÓVEL COM REGISTRO";032.294.286-17;" MARCELO DE AVILA SILVA";030487/0368-00;;" Concluído";021748;Alfenas;104;SICREDI UNIESTADOS;104;SUREG Erechim RS;CENTRAL SICREDI SUL/SUDESTE;105.0 Hora(s);3d19h45m;13/11/2023 09:20:38;PROGRAMAR PAGAMENTO;1h00m;13/11/2023 09:20:14;13/11/2023 09:20:38;LARISSA JAENISCH DUTRA PINTO;0h00m
0000356384;09/11/2023 14:11:07;" Jedielson Luiz Figueiredo";" Pagamento de crédito";" 258- AQUISIÇÃO E REEMBOLSO-MÓVEL COM REGISTRO";032.294.286-17;" MARCELO DE AVILA SILVA";030487/0368-00;;" Concluído";021748;Alfenas;104;SICREDI UNIESTADOS;104;SUREG Erechim RS;CENTRAL SICREDI SUL/SUDESTE;105.0 Hora(s);3d19h45m;13/11/2023 09:20:14;ANALISAR DOCUMENTOS PARA LIBERAÇÃO 2ª ETAPA;18h00m;10/11/2023 15:50:23;13/11/2023 09:20:14;LARISSA JAENISCH DUTRA PINTO;0h01m
0000356384;09/11/2023 14:11:07;" Jedielson Luiz Figueiredo";" Pagamento de crédito";" 258- AQUISIÇÃO E REEMBOLSO-MÓVEL COM REGISTRO";032.294.286-17;" MARCELO DE AVILA SILVA";030487/0368-00;;" Concluído";021748;Alfenas;104;SICREDI UNIESTADOS;104;SUREG Erechim RS;CENTRAL SICREDI SUL/SUDESTE;105.0 Hora(s);3d19h45m;10/11/2023 15:50:23;EMITIR DOCUMENTOS PARA LIBERAÇÃO;18h00m;09/11/2023 17:32:55;10/11/2023 15:50:23;Jedielson Luiz Figueiredo;0h00m
0000356384;09/11/2023 14:11:07;" Jedielson Luiz Figueiredo";" Pagamento de crédito";" 258- AQUISIÇÃO E REEMBOLSO-MÓVEL COM REGISTRO";032.294.286-17;" MARCELO DE AVILA SILVA";030487/0368-00;;" Concluído";021748;Alfenas;104;SICREDI UNIESTADOS;104;SUREG Erechim RS;CENTRAL SICREDI SUL/SUDESTE;105.0 Hora(s);3d19h45m;09/11/2023 17:32:55;REGISTRAR CONTRATO MANUALMENTE;1h00m;09/11/2023 17:32:49;09/11/2023 17:32:55;NICOLAS PAULO DE SOUSA CUNHA;0h00m
0000356384;09/11/2023 14:11:07;" Jedielson Luiz Figueiredo";" Pagamento de crédito";" 258- AQUISIÇÃO E REEMBOLSO-MÓVEL COM REGISTRO";032.294.286-17;" MARCELO DE AVILA SILVA";030487/0368-00;;" Concluído";021748;Alfenas;104;SICREDI UNIESTADOS;104;SUREG Erechim RS;CENTRAL SICREDI SUL/SUDESTE;105.0 Hora(s);3d19h45m;09/11/2023 17:32:49;ALIENAR O BEM;1h00m;09/11/2023 17:30:30;09/11/2023 17:32:49;NICOLAS PAULO DE SOUSA CUNHA;0h02m
0000356384;09/11/2023 14:11:07;" Jedielson Luiz Figueiredo";" Pagamento de crédito";" 258- AQUISIÇÃO E REEMBOLSO-MÓVEL COM REGISTRO";032.294.286-17;" MARCELO DE AVILA SILVA";030487/0368-00;;" Concluído";021748;Alfenas;104;SICREDI UNIESTADOS;104;SUREG Erechim RS;CENTRAL SICREDI SUL/SUDESTE;105.0 Hora(s);3d19h45m;09/11/2023 17:30:30;FINALIZAR CADASTRO DO BEM;1h00m;09/11/2023 17:29:58;09/11/2023 17:30:30;NICOLAS PAULO DE SOUSA CUNHA;0h00m
0000356384;09/11/2023 14:11:07;" Jedielson Luiz Figueiredo";" Pagamento de crédito";" 258- AQUISIÇÃO E REEMBOLSO-MÓVEL COM REGISTRO";032.294.286-17;" MARCELO DE AVILA SILVA";030487/0368-00;;" Concluído";021748;Alfenas;104;SICREDI UNIESTADOS;104;SUREG Erechim RS;CENTRAL SICREDI SUL/SUDESTE;105.0 Hora(s);3d19h45m;09/11/2023 17:29:58;ANÁLISE DE DOCUMENTOS 1ª ETAPA;18h00m;09/11/2023 14:58:03;09/11/2023 17:29:58;NICOLAS PAULO DE SOUSA CUNHA;0h02m
0000356384;09/11/2023 14:11:07;" Jedielson Luiz Figueiredo";" Pagamento de crédito";" 258- AQUISIÇÃO E REEMBOLSO-MÓVEL COM REGISTRO";032.294.286-17;" MARCELO DE AVILA SILVA";030487/0368-00;;" Concluído";021748;Alfenas;104;SICREDI UNIESTADOS;104;SUREG Erechim RS;CENTRAL SICREDI SUL/SUDESTE;105.0 Hora(s);3d19h45m;09/11/2023 14:58:03;ENVIAR DOCUMENTOS;1d21h00m;09/11/2023 14:56:55;09/11/2023 14:58:03;Jedielson Luiz Figueiredo;0h00m
0000356384;09/11/2023 14:11:07;" Jedielson Luiz Figueiredo";" Pagamento de crédito";" 258- AQUISIÇÃO E REEMBOLSO-MÓVEL COM REGISTRO";032.294.286-17;" MARCELO DE AVILA SILVA";030487/0368-00;;" Concluído";021748;Alfenas;104;SICREDI UNIESTADOS;104;SUREG Erechim RS;CENTRAL SICREDI SUL/SUDESTE;105.0 Hora(s);3d19h45m;09/11/2023 14:56:55;AUTORIZAÇÃO DE FATURAMENTO;0h00m;09/11/2023 14:56:10;09/11/2023 14:56:55;;0h00m
0000356384;09/11/2023 14:11:07;" Jedielson Luiz Figueiredo";" Pagamento de crédito";" 258- AQUISIÇÃO E REEMBOLSO-MÓVEL COM REGISTRO";032.294.286-17;" MARCELO DE AVILA SILVA";030487/0368-00;;" Concluído";021748;Alfenas;104;SICREDI UNIESTADOS;104;SUREG Erechim RS;CENTRAL SICREDI SUL/SUDESTE;105.0 Hora(s);3d19h45m;13/11/2023 10:41:25;;;;;;
0000356384;09/11/2023 14:11:07;" Jedielson Luiz Figueiredo";" Pagamento de crédito";" 258- AQUISIÇÃO E REEMBOLSO-MÓVEL COM REGISTRO";032.294.286-17;" MARCELO DE AVILA SILVA";030487/0368-00;;" Concluído";021748;Alfenas;104;SICREDI UNIESTADOS;104;SUREG Erechim RS;CENTRAL SICREDI SUL/SUDESTE;105.0 Hora(s);3d19h45m;13/11/2023 09:20:43;;;;;;
0000356384;09/11/2023 14:11:07;" Jedielson Luiz Figueiredo";" Pagamento de crédito";" 258- AQUISIÇÃO E REEMBOLSO-MÓVEL COM REGISTRO";032.294.286-17;" MARCELO DE AVILA SILVA";030487/0368-00;;" Concluído";021748;Alfenas;104;SICREDI UNIESTADOS;104;SUREG Erechim RS;CENTRAL SICREDI SUL/SUDESTE;105.0 Hora(s);3d19h45m;13/11/2023 09:20:38;;;;;;
0000356384;09/11/2023 14:11:07;" Jedielson Luiz Figueiredo";" Pagamento de crédito";" 258- AQUISIÇÃO E REEMBOLSO-MÓVEL COM REGISTRO";032.294.286-17;" MARCELO DE AVILA SILVA";030487/0368-00;;" Concluído";021748;Alfenas;104;SICREDI UNIESTADOS;104;SUREG Erechim RS;CENTRAL SICREDI SUL/SUDESTE;105.0 Hora(s);3d19h45m;13/11/2023 09:20:14;;;;;;
0000356384;09/11/2023 14:11:07;" Jedielson Luiz Figueiredo";" Pagamento de crédito";" 258- AQUISIÇÃO E REEMBOLSO-MÓVEL COM REGISTRO";032.294.286-17;" MARCELO DE AVILA SILVA";030487/0368-00;;" Concluído";021748;Alfenas;104;SICREDI UNIESTADOS;104;SUREG Erechim RS;CENTRAL SICREDI SUL/SUDESTE;105.0 Hora(s);3d19h45m;10/11/2023 15:50:23;;;;;;
0000356384;09/11/2023 14:11:07;" Jedielson Luiz Figueiredo";" Pagamento de crédito";" 258- AQUISIÇÃO E REEMBOLSO-MÓVEL COM REGISTRO";032.294.286-17;" MARCELO DE AVILA SILVA";030487/0368-00;;" Concluído";021748;Alfenas;104;SICREDI UNIESTADOS;104;SUREG Erechim RS;CENTRAL SICREDI SUL/SUDESTE;105.0 Hora(s);3d19h45m;09/11/2023 17:32:55;;;;;;
0000356384;09/11/2023 14:11:07;" Jedielson Luiz Figueiredo";" Pagamento de crédito";" 258- AQUISIÇÃO E REEMBOLSO-MÓVEL COM REGISTRO";032.294.286-17;" MARCELO DE AVILA SILVA";030487/0368-00;;" Concluído";021748;Alfenas;104;SICREDI UNIESTADOS;104;SUREG Erechim RS;CENTRAL SICREDI SUL/SUDESTE;105.0 Hora(s);3d19h45m;09/11/2023 17:32:49;;;;;;
0000356384;09/11/2023 14:11:07;" Jedielson Luiz Figueiredo";" Pagamento de crédito";" 258- AQUISIÇÃO E REEMBOLSO-MÓVEL COM REGISTRO";032.294.286-17;" MARCELO DE AVILA SILVA";030487/0368-00;;" Concluído";021748;Alfenas;104;SICREDI UNIESTADOS;104;SUREG Erechim RS;CENTRAL SICREDI SUL/SUDESTE;105.0 Hora(s);3d19h45m;09/11/2023 17:30:30;;;;;;
0000356384;09/11/2023 14:11:07;" Jedielson Luiz Figueiredo";" Pagamento de crédito";" 258- AQUISIÇÃO E REEMBOLSO-MÓVEL COM REGISTRO";032.294.286-17;" MARCELO DE AVILA SILVA";030487/0368-00;;" Concluído";021748;Alfenas;104;SICREDI UNIESTADOS;104;SUREG Erechim RS;CENTRAL SICREDI SUL/SUDESTE;105.0 Hora(s);3d19h45m;09/11/2023 17:29:58;;;;;;
0000356384;09/11/2023 14:11:07;" Jedielson Luiz Figueiredo";" Pagamento de crédito";" 258- AQUISIÇÃO E REEMBOLSO-MÓVEL COM REGISTRO";032.294.286-17;" MARCELO DE AVILA SILVA";030487/0368-00;;" Concluído";021748;Alfenas;104;SICREDI UNIESTADOS;104;SUREG Erechim RS;CENTRAL SICREDI SUL/SUDESTE;105.0 Hora(s);3d19h45m;09/11/2023 14:58:03;;;;;;
0000356384;09/11/2023 14:11:07;" Jedielson Luiz Figueiredo";" Pagamento de crédito";" 258- AQUISIÇÃO E REEMBOLSO-MÓVEL COM REGISTRO";032.294.286-17;" MARCELO DE AVILA SILVA";030487/0368-00;;" Concluído";021748;Alfenas;104;SICREDI UNIESTADOS;104;SUREG Erechim RS;CENTRAL SICREDI SUL/SUDESTE;105.0 Hora(s);3d19h45m;09/11/2023 14:56:55;;;;;;
