﻿ID_Processo7;DT_Solicitacao8;NM_Usuario_Solicitacao8;NM_Tipo_Processo8;NM_Processo8;CD_Inscricao_Nacional8;NM_Pessoa8;Usuário;Grupo_Cota_Outros8;ST_Status8;CD_Comissionado2;NM_Fantasia_Comissionado2;CD_Tipo_Ponto_Venda3;NM_Fantasia_Ponto_Venda2;CD_Tipo_Ponto_Venda4;NM_Tipo_Ponto_Venda2;NM_Filial_Venda2;Nivel_Servico8;Tempo_Processo8;DH_Conclusao8;NM_Atividade1;Nivel_Servico_Atividade1;DT_Inicio_Atividade1;DT_Fim_Atividade1;NM_Usuario_Atividade1;Tempo_Processo_Atividade1
0000367043;22/11/2023 13:11:44;" LUCAS DA SILVA ESTANISLAU";" Pagamento de crédito";" 107- COTA QUITADA-AQUISIÇÃO/REEMB-MÓVEL C/REGISTRO";103.871.638-16;" MARCELO DANTAS DA SILVA";030448/0025-00;;" Concluído";072671;Tatuapé;207;SICREDI VALE DO PIQUIRI ABCD P;207;SUREG Vale do Piquiri PR;CENTRAL SICREDI PR/SP/RJ;102.0 Hora(s);1d1h52m;23/11/2023 15:37:51;LIBERAR PAGAMENTO;0h00m;23/11/2023 15:20:09;23/11/2023 15:37:51;Kelen Hahn Paulo;0h00m
0000367043;22/11/2023 13:11:44;" LUCAS DA SILVA ESTANISLAU";" Pagamento de crédito";" 107- COTA QUITADA-AQUISIÇÃO/REEMB-MÓVEL C/REGISTRO";103.871.638-16;" MARCELO DANTAS DA SILVA";030448/0025-00;;" Concluído";072671;Tatuapé;207;SICREDI VALE DO PIQUIRI ABCD P;207;SUREG Vale do Piquiri PR;CENTRAL SICREDI PR/SP/RJ;102.0 Hora(s);1d1h52m;23/11/2023 15:20:09;APROVAR PAGAMENTO;1h00m;23/11/2023 15:20:01;23/11/2023 15:20:09;Eliane Ribas Barcelos;0h00m
0000367043;22/11/2023 13:11:44;" LUCAS DA SILVA ESTANISLAU";" Pagamento de crédito";" 107- COTA QUITADA-AQUISIÇÃO/REEMB-MÓVEL C/REGISTRO";103.871.638-16;" MARCELO DANTAS DA SILVA";030448/0025-00;;" Concluído";072671;Tatuapé;207;SICREDI VALE DO PIQUIRI ABCD P;207;SUREG Vale do Piquiri PR;CENTRAL SICREDI PR/SP/RJ;102.0 Hora(s);1d1h52m;23/11/2023 15:20:01;PROGRAMAR PAGAMENTO;1h00m;23/11/2023 15:19:39;23/11/2023 15:20:01;Eliane Ribas Barcelos;0h01m
0000367043;22/11/2023 13:11:44;" LUCAS DA SILVA ESTANISLAU";" Pagamento de crédito";" 107- COTA QUITADA-AQUISIÇÃO/REEMB-MÓVEL C/REGISTRO";103.871.638-16;" MARCELO DANTAS DA SILVA";030448/0025-00;;" Concluído";072671;Tatuapé;207;SICREDI VALE DO PIQUIRI ABCD P;207;SUREG Vale do Piquiri PR;CENTRAL SICREDI PR/SP/RJ;102.0 Hora(s);1d1h52m;23/11/2023 15:19:39;ANALISAR DOCUMENTOS PARA LIBERAÇÃO 2ª ETAPA;18h00m;23/11/2023 13:34:05;23/11/2023 15:19:39;Eliane Ribas Barcelos;0h04m
0000367043;22/11/2023 13:11:44;" LUCAS DA SILVA ESTANISLAU";" Pagamento de crédito";" 107- COTA QUITADA-AQUISIÇÃO/REEMB-MÓVEL C/REGISTRO";103.871.638-16;" MARCELO DANTAS DA SILVA";030448/0025-00;;" Concluído";072671;Tatuapé;207;SICREDI VALE DO PIQUIRI ABCD P;207;SUREG Vale do Piquiri PR;CENTRAL SICREDI PR/SP/RJ;102.0 Hora(s);1d1h52m;23/11/2023 13:34:05;EMITIR DOCUMENTOS PARA LIBERAÇÃO;18h00m;22/11/2023 17:36:41;23/11/2023 13:34:05;LUCAS DA SILVA ESTANISLAU;0h00m
0000367043;22/11/2023 13:11:44;" LUCAS DA SILVA ESTANISLAU";" Pagamento de crédito";" 107- COTA QUITADA-AQUISIÇÃO/REEMB-MÓVEL C/REGISTRO";103.871.638-16;" MARCELO DANTAS DA SILVA";030448/0025-00;;" Concluído";072671;Tatuapé;207;SICREDI VALE DO PIQUIRI ABCD P;207;SUREG Vale do Piquiri PR;CENTRAL SICREDI PR/SP/RJ;102.0 Hora(s);1d1h52m;22/11/2023 17:36:41;FINALIZAR O CADASTRO DO BEM;1h00m;22/11/2023 17:36:34;22/11/2023 17:36:41;Clara Vargas;0h00m
0000367043;22/11/2023 13:11:44;" LUCAS DA SILVA ESTANISLAU";" Pagamento de crédito";" 107- COTA QUITADA-AQUISIÇÃO/REEMB-MÓVEL C/REGISTRO";103.871.638-16;" MARCELO DANTAS DA SILVA";030448/0025-00;;" Concluído";072671;Tatuapé;207;SICREDI VALE DO PIQUIRI ABCD P;207;SUREG Vale do Piquiri PR;CENTRAL SICREDI PR/SP/RJ;102.0 Hora(s);1d1h52m;22/11/2023 17:36:34;ANÁLISE DE DOCUMENTOS 1ª ETAPA;18h00m;22/11/2023 14:00:32;22/11/2023 17:36:34;Clara Vargas;0h05m
0000367043;22/11/2023 13:11:44;" LUCAS DA SILVA ESTANISLAU";" Pagamento de crédito";" 107- COTA QUITADA-AQUISIÇÃO/REEMB-MÓVEL C/REGISTRO";103.871.638-16;" MARCELO DANTAS DA SILVA";030448/0025-00;;" Concluído";072671;Tatuapé;207;SICREDI VALE DO PIQUIRI ABCD P;207;SUREG Vale do Piquiri PR;CENTRAL SICREDI PR/SP/RJ;102.0 Hora(s);1d1h52m;22/11/2023 14:00:32;ENVIAR DOCUMENTOS;1d21h00m;22/11/2023 13:45:22;22/11/2023 14:00:32;LUCAS DA SILVA ESTANISLAU;0h00m
0000367043;22/11/2023 13:11:44;" LUCAS DA SILVA ESTANISLAU";" Pagamento de crédito";" 107- COTA QUITADA-AQUISIÇÃO/REEMB-MÓVEL C/REGISTRO";103.871.638-16;" MARCELO DANTAS DA SILVA";030448/0025-00;;" Concluído";072671;Tatuapé;207;SICREDI VALE DO PIQUIRI ABCD P;207;SUREG Vale do Piquiri PR;CENTRAL SICREDI PR/SP/RJ;102.0 Hora(s);1d1h52m;22/11/2023 13:45:21;AUTORIZAÇÃO DE FATURAMENTO;0h00m;22/11/2023 13:45:07;22/11/2023 13:45:21;;0h00m
0000367043;22/11/2023 13:11:44;" LUCAS DA SILVA ESTANISLAU";" Pagamento de crédito";" 107- COTA QUITADA-AQUISIÇÃO/REEMB-MÓVEL C/REGISTRO";103.871.638-16;" MARCELO DANTAS DA SILVA";030448/0025-00;;" Concluído";072671;Tatuapé;207;SICREDI VALE DO PIQUIRI ABCD P;207;SUREG Vale do Piquiri PR;CENTRAL SICREDI PR/SP/RJ;102.0 Hora(s);1d1h52m;23/11/2023 15:37:51;;;;;;
0000367043;22/11/2023 13:11:44;" LUCAS DA SILVA ESTANISLAU";" Pagamento de crédito";" 107- COTA QUITADA-AQUISIÇÃO/REEMB-MÓVEL C/REGISTRO";103.871.638-16;" MARCELO DANTAS DA SILVA";030448/0025-00;;" Concluído";072671;Tatuapé;207;SICREDI VALE DO PIQUIRI ABCD P;207;SUREG Vale do Piquiri PR;CENTRAL SICREDI PR/SP/RJ;102.0 Hora(s);1d1h52m;23/11/2023 15:20:09;;;;;;
0000367043;22/11/2023 13:11:44;" LUCAS DA SILVA ESTANISLAU";" Pagamento de crédito";" 107- COTA QUITADA-AQUISIÇÃO/REEMB-MÓVEL C/REGISTRO";103.871.638-16;" MARCELO DANTAS DA SILVA";030448/0025-00;;" Concluído";072671;Tatuapé;207;SICREDI VALE DO PIQUIRI ABCD P;207;SUREG Vale do Piquiri PR;CENTRAL SICREDI PR/SP/RJ;102.0 Hora(s);1d1h52m;23/11/2023 15:20:01;;;;;;
0000367043;22/11/2023 13:11:44;" LUCAS DA SILVA ESTANISLAU";" Pagamento de crédito";" 107- COTA QUITADA-AQUISIÇÃO/REEMB-MÓVEL C/REGISTRO";103.871.638-16;" MARCELO DANTAS DA SILVA";030448/0025-00;;" Concluído";072671;Tatuapé;207;SICREDI VALE DO PIQUIRI ABCD P;207;SUREG Vale do Piquiri PR;CENTRAL SICREDI PR/SP/RJ;102.0 Hora(s);1d1h52m;23/11/2023 15:19:39;;;;;;
0000367043;22/11/2023 13:11:44;" LUCAS DA SILVA ESTANISLAU";" Pagamento de crédito";" 107- COTA QUITADA-AQUISIÇÃO/REEMB-MÓVEL C/REGISTRO";103.871.638-16;" MARCELO DANTAS DA SILVA";030448/0025-00;;" Concluído";072671;Tatuapé;207;SICREDI VALE DO PIQUIRI ABCD P;207;SUREG Vale do Piquiri PR;CENTRAL SICREDI PR/SP/RJ;102.0 Hora(s);1d1h52m;23/11/2023 13:34:05;;;;;;
0000367043;22/11/2023 13:11:44;" LUCAS DA SILVA ESTANISLAU";" Pagamento de crédito";" 107- COTA QUITADA-AQUISIÇÃO/REEMB-MÓVEL C/REGISTRO";103.871.638-16;" MARCELO DANTAS DA SILVA";030448/0025-00;;" Concluído";072671;Tatuapé;207;SICREDI VALE DO PIQUIRI ABCD P;207;SUREG Vale do Piquiri PR;CENTRAL SICREDI PR/SP/RJ;102.0 Hora(s);1d1h52m;22/11/2023 17:36:41;;;;;;
0000367043;22/11/2023 13:11:44;" LUCAS DA SILVA ESTANISLAU";" Pagamento de crédito";" 107- COTA QUITADA-AQUISIÇÃO/REEMB-MÓVEL C/REGISTRO";103.871.638-16;" MARCELO DANTAS DA SILVA";030448/0025-00;;" Concluído";072671;Tatuapé;207;SICREDI VALE DO PIQUIRI ABCD P;207;SUREG Vale do Piquiri PR;CENTRAL SICREDI PR/SP/RJ;102.0 Hora(s);1d1h52m;22/11/2023 17:36:34;;;;;;
0000367043;22/11/2023 13:11:44;" LUCAS DA SILVA ESTANISLAU";" Pagamento de crédito";" 107- COTA QUITADA-AQUISIÇÃO/REEMB-MÓVEL C/REGISTRO";103.871.638-16;" MARCELO DANTAS DA SILVA";030448/0025-00;;" Concluído";072671;Tatuapé;207;SICREDI VALE DO PIQUIRI ABCD P;207;SUREG Vale do Piquiri PR;CENTRAL SICREDI PR/SP/RJ;102.0 Hora(s);1d1h52m;22/11/2023 14:00:32;;;;;;
0000367043;22/11/2023 13:11:44;" LUCAS DA SILVA ESTANISLAU";" Pagamento de crédito";" 107- COTA QUITADA-AQUISIÇÃO/REEMB-MÓVEL C/REGISTRO";103.871.638-16;" MARCELO DANTAS DA SILVA";030448/0025-00;;" Concluído";072671;Tatuapé;207;SICREDI VALE DO PIQUIRI ABCD P;207;SUREG Vale do Piquiri PR;CENTRAL SICREDI PR/SP/RJ;102.0 Hora(s);1d1h52m;22/11/2023 13:45:21;;;;;;
