﻿ID_Processo7;DT_Solicitacao8;NM_Usuario_Solicitacao8;NM_Tipo_Processo8;NM_Processo8;CD_Inscricao_Nacional8;NM_Pessoa8;Usuário;Grupo_Cota_Outros8;ST_Status8;CD_Comissionado2;NM_Fantasia_Comissionado2;CD_Tipo_Ponto_Venda3;NM_Fantasia_Ponto_Venda2;CD_Tipo_Ponto_Venda4;NM_Tipo_Ponto_Venda2;NM_Filial_Venda2;Nivel_Servico8;Tempo_Processo8;DH_Conclusao8;NM_Atividade1;Nivel_Servico_Atividade1;DT_Inicio_Atividade1;DT_Fim_Atividade1;NM_Usuario_Atividade1;Tempo_Processo_Atividade1
0000365778;21/11/2023 13:11:58;" MAIARA DIAS ZANELA";" Pagamento de crédito";" 299 - PAGAMENTO EM ESPÉCIE-MÓVEIS";413.805.689-00;" JOSE FARIAS DE SANTANA";030436/0180-00;;" Concluído";072628;Campo Mourão;207;SICREDI VALE DO PIQUIRI ABCD P;207;SUREG Vale do Piquiri PR;CENTRAL SICREDI PR/SP/RJ;28.0 Hora(s);2h15m;21/11/2023 15:47:14;LIBERAR PAGAMENTO;0h00m;21/11/2023 13:55:48;21/11/2023 15:47:14;Kelen Hahn Paulo;0h00m
0000365778;21/11/2023 13:11:58;" MAIARA DIAS ZANELA";" Pagamento de crédito";" 299 - PAGAMENTO EM ESPÉCIE-MÓVEIS";413.805.689-00;" JOSE FARIAS DE SANTANA";030436/0180-00;;" Concluído";072628;Campo Mourão;207;SICREDI VALE DO PIQUIRI ABCD P;207;SUREG Vale do Piquiri PR;CENTRAL SICREDI PR/SP/RJ;28.0 Hora(s);2h15m;21/11/2023 13:55:47;APROVAR PAGAMENTO;1h00m;21/11/2023 13:55:44;21/11/2023 13:55:47;LARISSA JAENISCH DUTRA PINTO;0h00m
0000365778;21/11/2023 13:11:58;" MAIARA DIAS ZANELA";" Pagamento de crédito";" 299 - PAGAMENTO EM ESPÉCIE-MÓVEIS";413.805.689-00;" JOSE FARIAS DE SANTANA";030436/0180-00;;" Concluído";072628;Campo Mourão;207;SICREDI VALE DO PIQUIRI ABCD P;207;SUREG Vale do Piquiri PR;CENTRAL SICREDI PR/SP/RJ;28.0 Hora(s);2h15m;21/11/2023 13:55:44;ANALISAR DOCUMENTOS ESPECIE;18h00m;21/11/2023 13:34:12;21/11/2023 13:55:44;LARISSA JAENISCH DUTRA PINTO;0h01m
0000365778;21/11/2023 13:11:58;" MAIARA DIAS ZANELA";" Pagamento de crédito";" 299 - PAGAMENTO EM ESPÉCIE-MÓVEIS";413.805.689-00;" JOSE FARIAS DE SANTANA";030436/0180-00;;" Concluído";072628;Campo Mourão;207;SICREDI VALE DO PIQUIRI ABCD P;207;SUREG Vale do Piquiri PR;CENTRAL SICREDI PR/SP/RJ;28.0 Hora(s);2h15m;21/11/2023 13:34:12;ENVIAR DOCUMENTOS;1h00m;21/11/2023 13:33:42;21/11/2023 13:34:12;MAIARA DIAS ZANELA;0h00m
0000365778;21/11/2023 13:11:58;" MAIARA DIAS ZANELA";" Pagamento de crédito";" 299 - PAGAMENTO EM ESPÉCIE-MÓVEIS";413.805.689-00;" JOSE FARIAS DE SANTANA";030436/0180-00;;" Concluído";072628;Campo Mourão;207;SICREDI VALE DO PIQUIRI ABCD P;207;SUREG Vale do Piquiri PR;CENTRAL SICREDI PR/SP/RJ;28.0 Hora(s);2h15m;21/11/2023 13:33:42;EMISSÃO SOLICITAÇÃO DE PAGAMENTO;1d21h00m;21/11/2023 13:32:43;21/11/2023 13:33:42;;0h00m
0000365778;21/11/2023 13:11:58;" MAIARA DIAS ZANELA";" Pagamento de crédito";" 299 - PAGAMENTO EM ESPÉCIE-MÓVEIS";413.805.689-00;" JOSE FARIAS DE SANTANA";030436/0180-00;;" Concluído";072628;Campo Mourão;207;SICREDI VALE DO PIQUIRI ABCD P;207;SUREG Vale do Piquiri PR;CENTRAL SICREDI PR/SP/RJ;28.0 Hora(s);2h15m;21/11/2023 15:47:14;;;;;;
0000365778;21/11/2023 13:11:58;" MAIARA DIAS ZANELA";" Pagamento de crédito";" 299 - PAGAMENTO EM ESPÉCIE-MÓVEIS";413.805.689-00;" JOSE FARIAS DE SANTANA";030436/0180-00;;" Concluído";072628;Campo Mourão;207;SICREDI VALE DO PIQUIRI ABCD P;207;SUREG Vale do Piquiri PR;CENTRAL SICREDI PR/SP/RJ;28.0 Hora(s);2h15m;21/11/2023 13:55:47;;;;;;
0000365778;21/11/2023 13:11:58;" MAIARA DIAS ZANELA";" Pagamento de crédito";" 299 - PAGAMENTO EM ESPÉCIE-MÓVEIS";413.805.689-00;" JOSE FARIAS DE SANTANA";030436/0180-00;;" Concluído";072628;Campo Mourão;207;SICREDI VALE DO PIQUIRI ABCD P;207;SUREG Vale do Piquiri PR;CENTRAL SICREDI PR/SP/RJ;28.0 Hora(s);2h15m;21/11/2023 13:55:44;;;;;;
0000365778;21/11/2023 13:11:58;" MAIARA DIAS ZANELA";" Pagamento de crédito";" 299 - PAGAMENTO EM ESPÉCIE-MÓVEIS";413.805.689-00;" JOSE FARIAS DE SANTANA";030436/0180-00;;" Concluído";072628;Campo Mourão;207;SICREDI VALE DO PIQUIRI ABCD P;207;SUREG Vale do Piquiri PR;CENTRAL SICREDI PR/SP/RJ;28.0 Hora(s);2h15m;21/11/2023 13:34:12;;;;;;
0000365778;21/11/2023 13:11:58;" MAIARA DIAS ZANELA";" Pagamento de crédito";" 299 - PAGAMENTO EM ESPÉCIE-MÓVEIS";413.805.689-00;" JOSE FARIAS DE SANTANA";030436/0180-00;;" Concluído";072628;Campo Mourão;207;SICREDI VALE DO PIQUIRI ABCD P;207;SUREG Vale do Piquiri PR;CENTRAL SICREDI PR/SP/RJ;28.0 Hora(s);2h15m;21/11/2023 13:33:42;;;;;;
