﻿ID_Processo7;DT_Solicitacao8;NM_Usuario_Solicitacao8;NM_Tipo_Processo8;NM_Processo8;CD_Inscricao_Nacional8;NM_Pessoa8;Usuário;Grupo_Cota_Outros8;ST_Status8;CD_Comissionado2;NM_Fantasia_Comissionado2;CD_Tipo_Ponto_Venda3;NM_Fantasia_Ponto_Venda2;CD_Tipo_Ponto_Venda4;NM_Tipo_Ponto_Venda2;NM_Filial_Venda2;Nivel_Servico8;Tempo_Processo8;DH_Conclusao8;NM_Atividade1;Nivel_Servico_Atividade1;DT_Inicio_Atividade1;DT_Fim_Atividade1;NM_Usuario_Atividade1;Tempo_Processo_Atividade1
0000363965;20/11/2023 10:11:55;" Susan Keisi Mattia";" Pagamento de crédito";" 258- AQUISIÇÃO E REEMBOLSO-MÓVEL COM REGISTRO";021.812.790-12;" SUSAN KEISI MATTIA";030484/0135-00;030495/0391-00;" Concluído";021714;Severiano de Almeida;104;SICREDI UNIESTADOS;104;SUREG Erechim RS;CENTRAL SICREDI SUL/SUDESTE;105.0 Hora(s);1d5h05m;21/11/2023 15:47:00;LIBERAR PAGAMENTOS;0h00m;21/11/2023 11:27:24;21/11/2023 15:47:00;Kelen Hahn Paulo;0h00m
0000363965;20/11/2023 10:11:55;" Susan Keisi Mattia";" Pagamento de crédito";" 258- AQUISIÇÃO E REEMBOLSO-MÓVEL COM REGISTRO";021.812.790-12;" SUSAN KEISI MATTIA";030484/0135-00;030495/0391-00;" Concluído";021714;Severiano de Almeida;104;SICREDI UNIESTADOS;104;SUREG Erechim RS;CENTRAL SICREDI SUL/SUDESTE;105.0 Hora(s);1d5h05m;21/11/2023 11:27:24;APROVAR PAGAMENTO;1h00m;21/11/2023 11:27:19;21/11/2023 11:27:24;Paola dos Santos Lima;0h00m
0000363965;20/11/2023 10:11:55;" Susan Keisi Mattia";" Pagamento de crédito";" 258- AQUISIÇÃO E REEMBOLSO-MÓVEL COM REGISTRO";021.812.790-12;" SUSAN KEISI MATTIA";030484/0135-00;030495/0391-00;" Concluído";021714;Severiano de Almeida;104;SICREDI UNIESTADOS;104;SUREG Erechim RS;CENTRAL SICREDI SUL/SUDESTE;105.0 Hora(s);1d5h05m;21/11/2023 11:27:19;PROGRAMAR PAGAMENTO;1h00m;21/11/2023 11:26:33;21/11/2023 11:27:19;Paola dos Santos Lima;0h01m
0000363965;20/11/2023 10:11:55;" Susan Keisi Mattia";" Pagamento de crédito";" 258- AQUISIÇÃO E REEMBOLSO-MÓVEL COM REGISTRO";021.812.790-12;" SUSAN KEISI MATTIA";030484/0135-00;030495/0391-00;" Concluído";021714;Severiano de Almeida;104;SICREDI UNIESTADOS;104;SUREG Erechim RS;CENTRAL SICREDI SUL/SUDESTE;105.0 Hora(s);1d5h05m;21/11/2023 11:26:33;ANALISAR DOCUMENTOS PARA LIBERAÇÃO 2ª ETAPA;18h00m;20/11/2023 16:35:01;21/11/2023 11:26:33;Paola dos Santos Lima;0h02m
0000363965;20/11/2023 10:11:55;" Susan Keisi Mattia";" Pagamento de crédito";" 258- AQUISIÇÃO E REEMBOLSO-MÓVEL COM REGISTRO";021.812.790-12;" SUSAN KEISI MATTIA";030484/0135-00;030495/0391-00;" Concluído";021714;Severiano de Almeida;104;SICREDI UNIESTADOS;104;SUREG Erechim RS;CENTRAL SICREDI SUL/SUDESTE;105.0 Hora(s);1d5h05m;20/11/2023 16:35:00;EMITIR DOCUMENTOS PARA LIBERAÇÃO;18h00m;20/11/2023 14:43:36;20/11/2023 16:35:00;Susan Keisi Mattia;0h00m
0000363965;20/11/2023 10:11:55;" Susan Keisi Mattia";" Pagamento de crédito";" 258- AQUISIÇÃO E REEMBOLSO-MÓVEL COM REGISTRO";021.812.790-12;" SUSAN KEISI MATTIA";030484/0135-00;030495/0391-00;" Concluído";021714;Severiano de Almeida;104;SICREDI UNIESTADOS;104;SUREG Erechim RS;CENTRAL SICREDI SUL/SUDESTE;105.0 Hora(s);1d5h05m;20/11/2023 14:43:36;REGISTRAR CONTRATO MANUALMENTE;1h00m;20/11/2023 14:43:19;20/11/2023 14:43:36;João Pedro Pieluhowski Silva;0h00m
0000363965;20/11/2023 10:11:55;" Susan Keisi Mattia";" Pagamento de crédito";" 258- AQUISIÇÃO E REEMBOLSO-MÓVEL COM REGISTRO";021.812.790-12;" SUSAN KEISI MATTIA";030484/0135-00;030495/0391-00;" Concluído";021714;Severiano de Almeida;104;SICREDI UNIESTADOS;104;SUREG Erechim RS;CENTRAL SICREDI SUL/SUDESTE;105.0 Hora(s);1d5h05m;20/11/2023 14:43:19;ALIENAR O BEM;1h00m;20/11/2023 14:41:57;20/11/2023 14:43:19;João Pedro Pieluhowski Silva;0h01m
0000363965;20/11/2023 10:11:55;" Susan Keisi Mattia";" Pagamento de crédito";" 258- AQUISIÇÃO E REEMBOLSO-MÓVEL COM REGISTRO";021.812.790-12;" SUSAN KEISI MATTIA";030484/0135-00;030495/0391-00;" Concluído";021714;Severiano de Almeida;104;SICREDI UNIESTADOS;104;SUREG Erechim RS;CENTRAL SICREDI SUL/SUDESTE;105.0 Hora(s);1d5h05m;20/11/2023 14:41:57;FINALIZAR CADASTRO DO BEM;1h00m;20/11/2023 14:41:53;20/11/2023 14:41:57;João Pedro Pieluhowski Silva;0h00m
0000363965;20/11/2023 10:11:55;" Susan Keisi Mattia";" Pagamento de crédito";" 258- AQUISIÇÃO E REEMBOLSO-MÓVEL COM REGISTRO";021.812.790-12;" SUSAN KEISI MATTIA";030484/0135-00;030495/0391-00;" Concluído";021714;Severiano de Almeida;104;SICREDI UNIESTADOS;104;SUREG Erechim RS;CENTRAL SICREDI SUL/SUDESTE;105.0 Hora(s);1d5h05m;20/11/2023 14:41:53;ANÁLISE DE DOCUMENTOS 1ª ETAPA;18h00m;20/11/2023 10:54:43;20/11/2023 14:41:53;João Pedro Pieluhowski Silva;0h09m
0000363965;20/11/2023 10:11:55;" Susan Keisi Mattia";" Pagamento de crédito";" 258- AQUISIÇÃO E REEMBOLSO-MÓVEL COM REGISTRO";021.812.790-12;" SUSAN KEISI MATTIA";030484/0135-00;030495/0391-00;" Concluído";021714;Severiano de Almeida;104;SICREDI UNIESTADOS;104;SUREG Erechim RS;CENTRAL SICREDI SUL/SUDESTE;105.0 Hora(s);1d5h05m;20/11/2023 10:54:43;ENVIAR DOCUMENTOS;1d21h00m;20/11/2023 10:42:58;20/11/2023 10:54:43;Susan Keisi Mattia;0h00m
0000363965;20/11/2023 10:11:55;" Susan Keisi Mattia";" Pagamento de crédito";" 258- AQUISIÇÃO E REEMBOLSO-MÓVEL COM REGISTRO";021.812.790-12;" SUSAN KEISI MATTIA";030484/0135-00;030495/0391-00;" Concluído";021714;Severiano de Almeida;104;SICREDI UNIESTADOS;104;SUREG Erechim RS;CENTRAL SICREDI SUL/SUDESTE;105.0 Hora(s);1d5h05m;20/11/2023 10:42:58;AUTORIZAÇÃO DE FATURAMENTO;0h00m;20/11/2023 10:42:24;20/11/2023 10:42:58;;0h00m
0000363965;20/11/2023 10:11:55;" Susan Keisi Mattia";" Pagamento de crédito";" 258- AQUISIÇÃO E REEMBOLSO-MÓVEL COM REGISTRO";021.812.790-12;" SUSAN KEISI MATTIA";030484/0135-00;030495/0391-00;" Concluído";021714;Severiano de Almeida;104;SICREDI UNIESTADOS;104;SUREG Erechim RS;CENTRAL SICREDI SUL/SUDESTE;105.0 Hora(s);1d5h05m;21/11/2023 15:47:00;;;;;;
0000363965;20/11/2023 10:11:55;" Susan Keisi Mattia";" Pagamento de crédito";" 258- AQUISIÇÃO E REEMBOLSO-MÓVEL COM REGISTRO";021.812.790-12;" SUSAN KEISI MATTIA";030484/0135-00;030495/0391-00;" Concluído";021714;Severiano de Almeida;104;SICREDI UNIESTADOS;104;SUREG Erechim RS;CENTRAL SICREDI SUL/SUDESTE;105.0 Hora(s);1d5h05m;21/11/2023 11:27:24;;;;;;
0000363965;20/11/2023 10:11:55;" Susan Keisi Mattia";" Pagamento de crédito";" 258- AQUISIÇÃO E REEMBOLSO-MÓVEL COM REGISTRO";021.812.790-12;" SUSAN KEISI MATTIA";030484/0135-00;030495/0391-00;" Concluído";021714;Severiano de Almeida;104;SICREDI UNIESTADOS;104;SUREG Erechim RS;CENTRAL SICREDI SUL/SUDESTE;105.0 Hora(s);1d5h05m;21/11/2023 11:27:19;;;;;;
0000363965;20/11/2023 10:11:55;" Susan Keisi Mattia";" Pagamento de crédito";" 258- AQUISIÇÃO E REEMBOLSO-MÓVEL COM REGISTRO";021.812.790-12;" SUSAN KEISI MATTIA";030484/0135-00;030495/0391-00;" Concluído";021714;Severiano de Almeida;104;SICREDI UNIESTADOS;104;SUREG Erechim RS;CENTRAL SICREDI SUL/SUDESTE;105.0 Hora(s);1d5h05m;21/11/2023 11:26:33;;;;;;
0000363965;20/11/2023 10:11:55;" Susan Keisi Mattia";" Pagamento de crédito";" 258- AQUISIÇÃO E REEMBOLSO-MÓVEL COM REGISTRO";021.812.790-12;" SUSAN KEISI MATTIA";030484/0135-00;030495/0391-00;" Concluído";021714;Severiano de Almeida;104;SICREDI UNIESTADOS;104;SUREG Erechim RS;CENTRAL SICREDI SUL/SUDESTE;105.0 Hora(s);1d5h05m;20/11/2023 16:35:00;;;;;;
0000363965;20/11/2023 10:11:55;" Susan Keisi Mattia";" Pagamento de crédito";" 258- AQUISIÇÃO E REEMBOLSO-MÓVEL COM REGISTRO";021.812.790-12;" SUSAN KEISI MATTIA";030484/0135-00;030495/0391-00;" Concluído";021714;Severiano de Almeida;104;SICREDI UNIESTADOS;104;SUREG Erechim RS;CENTRAL SICREDI SUL/SUDESTE;105.0 Hora(s);1d5h05m;20/11/2023 14:43:36;;;;;;
0000363965;20/11/2023 10:11:55;" Susan Keisi Mattia";" Pagamento de crédito";" 258- AQUISIÇÃO E REEMBOLSO-MÓVEL COM REGISTRO";021.812.790-12;" SUSAN KEISI MATTIA";030484/0135-00;030495/0391-00;" Concluído";021714;Severiano de Almeida;104;SICREDI UNIESTADOS;104;SUREG Erechim RS;CENTRAL SICREDI SUL/SUDESTE;105.0 Hora(s);1d5h05m;20/11/2023 14:43:19;;;;;;
0000363965;20/11/2023 10:11:55;" Susan Keisi Mattia";" Pagamento de crédito";" 258- AQUISIÇÃO E REEMBOLSO-MÓVEL COM REGISTRO";021.812.790-12;" SUSAN KEISI MATTIA";030484/0135-00;030495/0391-00;" Concluído";021714;Severiano de Almeida;104;SICREDI UNIESTADOS;104;SUREG Erechim RS;CENTRAL SICREDI SUL/SUDESTE;105.0 Hora(s);1d5h05m;20/11/2023 14:41:57;;;;;;
0000363965;20/11/2023 10:11:55;" Susan Keisi Mattia";" Pagamento de crédito";" 258- AQUISIÇÃO E REEMBOLSO-MÓVEL COM REGISTRO";021.812.790-12;" SUSAN KEISI MATTIA";030484/0135-00;030495/0391-00;" Concluído";021714;Severiano de Almeida;104;SICREDI UNIESTADOS;104;SUREG Erechim RS;CENTRAL SICREDI SUL/SUDESTE;105.0 Hora(s);1d5h05m;20/11/2023 14:41:53;;;;;;
0000363965;20/11/2023 10:11:55;" Susan Keisi Mattia";" Pagamento de crédito";" 258- AQUISIÇÃO E REEMBOLSO-MÓVEL COM REGISTRO";021.812.790-12;" SUSAN KEISI MATTIA";030484/0135-00;030495/0391-00;" Concluído";021714;Severiano de Almeida;104;SICREDI UNIESTADOS;104;SUREG Erechim RS;CENTRAL SICREDI SUL/SUDESTE;105.0 Hora(s);1d5h05m;20/11/2023 10:54:43;;;;;;
0000363965;20/11/2023 10:11:55;" Susan Keisi Mattia";" Pagamento de crédito";" 258- AQUISIÇÃO E REEMBOLSO-MÓVEL COM REGISTRO";021.812.790-12;" SUSAN KEISI MATTIA";030484/0135-00;030495/0391-00;" Concluído";021714;Severiano de Almeida;104;SICREDI UNIESTADOS;104;SUREG Erechim RS;CENTRAL SICREDI SUL/SUDESTE;105.0 Hora(s);1d5h05m;20/11/2023 10:42:58;;;;;;
