﻿ID_Processo7;DT_Solicitacao8;NM_Usuario_Solicitacao8;NM_Tipo_Processo8;NM_Processo8;CD_Inscricao_Nacional8;NM_Pessoa8;Usuário;Grupo_Cota_Outros8;ST_Status8;CD_Comissionado2;NM_Fantasia_Comissionado2;CD_Tipo_Ponto_Venda3;NM_Fantasia_Ponto_Venda2;CD_Tipo_Ponto_Venda4;NM_Tipo_Ponto_Venda2;NM_Filial_Venda2;Nivel_Servico8;Tempo_Processo8;DH_Conclusao8;NM_Atividade1;Nivel_Servico_Atividade1;DT_Inicio_Atividade1;DT_Fim_Atividade1;NM_Usuario_Atividade1;Tempo_Processo_Atividade1
0000369352;24/11/2023 15:11:54;" REGIANA GABRIELA POSSEBON";" Pagamento de crédito";" 258- AQUISIÇÃO E REEMBOLSO-MÓVEL COM REGISTRO";20.707.904/0001-69;" LUZIANE MONICA DA SILVA";030460/0361-00;"030494/0460-00&#x0D;
030489/0330-00";" Andamento";021732;Capinzal;104;SICREDI UNIESTADOS;104;SUREG Erechim RS;CENTRAL SICREDI SUL/SUDESTE;105.0 Hora(s);0h07m;"                   ";ANÁLISE DE DOCUMENTOS 1ª ETAPA;18h00m;24/11/2023 15:28:15;"                   ";;0h00m
0000369352;24/11/2023 15:11:54;" REGIANA GABRIELA POSSEBON";" Pagamento de crédito";" 258- AQUISIÇÃO E REEMBOLSO-MÓVEL COM REGISTRO";20.707.904/0001-69;" LUZIANE MONICA DA SILVA";030460/0361-00;"030494/0460-00&#x0D;
030489/0330-00";" Andamento";021732;Capinzal;104;SICREDI UNIESTADOS;104;SUREG Erechim RS;CENTRAL SICREDI SUL/SUDESTE;105.0 Hora(s);0h07m;24/11/2023 15:28:15;ENVIAR DOCUMENTOS;1d21h00m;24/11/2023 15:21:47;24/11/2023 15:28:15;REGIANA GABRIELA POSSEBON;0h00m
0000369352;24/11/2023 15:11:54;" REGIANA GABRIELA POSSEBON";" Pagamento de crédito";" 258- AQUISIÇÃO E REEMBOLSO-MÓVEL COM REGISTRO";20.707.904/0001-69;" LUZIANE MONICA DA SILVA";030460/0361-00;"030494/0460-00&#x0D;
030489/0330-00";" Andamento";021732;Capinzal;104;SICREDI UNIESTADOS;104;SUREG Erechim RS;CENTRAL SICREDI SUL/SUDESTE;105.0 Hora(s);0h07m;24/11/2023 15:21:47;AUTORIZAÇÃO DE FATURAMENTO;0h00m;24/11/2023 15:21:40;24/11/2023 15:21:47;;0h00m
0000369352;24/11/2023 15:11:54;" REGIANA GABRIELA POSSEBON";" Pagamento de crédito";" 258- AQUISIÇÃO E REEMBOLSO-MÓVEL COM REGISTRO";20.707.904/0001-69;" LUZIANE MONICA DA SILVA";030460/0361-00;"030494/0460-00&#x0D;
030489/0330-00";" Andamento";021732;Capinzal;104;SICREDI UNIESTADOS;104;SUREG Erechim RS;CENTRAL SICREDI SUL/SUDESTE;105.0 Hora(s);0h07m;"                   ";;;;;;
0000369352;24/11/2023 15:11:54;" REGIANA GABRIELA POSSEBON";" Pagamento de crédito";" 258- AQUISIÇÃO E REEMBOLSO-MÓVEL COM REGISTRO";20.707.904/0001-69;" LUZIANE MONICA DA SILVA";030460/0361-00;"030494/0460-00&#x0D;
030489/0330-00";" Andamento";021732;Capinzal;104;SICREDI UNIESTADOS;104;SUREG Erechim RS;CENTRAL SICREDI SUL/SUDESTE;105.0 Hora(s);0h07m;24/11/2023 15:28:15;;;;;;
0000369352;24/11/2023 15:11:54;" REGIANA GABRIELA POSSEBON";" Pagamento de crédito";" 258- AQUISIÇÃO E REEMBOLSO-MÓVEL COM REGISTRO";20.707.904/0001-69;" LUZIANE MONICA DA SILVA";030460/0361-00;"030494/0460-00&#x0D;
030489/0330-00";" Andamento";021732;Capinzal;104;SICREDI UNIESTADOS;104;SUREG Erechim RS;CENTRAL SICREDI SUL/SUDESTE;105.0 Hora(s);0h07m;24/11/2023 15:21:47;;;;;;
