﻿ID_Processo7;DT_Solicitacao8;NM_Usuario_Solicitacao8;NM_Tipo_Processo8;NM_Processo8;CD_Inscricao_Nacional8;NM_Pessoa8;Usuário;Grupo_Cota_Outros8;ST_Status8;CD_Comissionado2;NM_Fantasia_Comissionado2;CD_Tipo_Ponto_Venda3;NM_Fantasia_Ponto_Venda2;CD_Tipo_Ponto_Venda4;NM_Tipo_Ponto_Venda2;NM_Filial_Venda2;Nivel_Servico8;Tempo_Processo8;DH_Conclusao8;NM_Atividade1;Nivel_Servico_Atividade1;DT_Inicio_Atividade1;DT_Fim_Atividade1;NM_Usuario_Atividade1;Tempo_Processo_Atividade1
0000367455;23/11/2023 13:11:43;" Carlos Diogo Trentin";" Pagamento de crédito";" 258- AQUISIÇÃO E REEMBOLSO-MÓVEL COM REGISTRO";005.915.950-28;" DIEGO ELIAS JACOBOSKI";030480/0138-00;010444/0392-00;" Andamento";021714;Severiano de Almeida;104;SICREDI UNIESTADOS;104;SUREG Erechim RS;CENTRAL SICREDI SUL/SUDESTE;105.0 Hora(s);3d18h57m;"                   ";ANÁLISE DE DOCUMENTOS 1ª ETAPA;18h14m;27/11/2023 08:27:28;"                   ";;0h14m
0000367455;23/11/2023 13:11:43;" Carlos Diogo Trentin";" Pagamento de crédito";" 258- AQUISIÇÃO E REEMBOLSO-MÓVEL COM REGISTRO";005.915.950-28;" DIEGO ELIAS JACOBOSKI";030480/0138-00;010444/0392-00;" Andamento";021714;Severiano de Almeida;104;SICREDI UNIESTADOS;104;SUREG Erechim RS;CENTRAL SICREDI SUL/SUDESTE;105.0 Hora(s);3d18h57m;27/11/2023 08:27:28;REGULARIZAR DOCUMENTOS INICIAIS;0h00m;24/11/2023 16:43:23;27/11/2023 08:27:28;Carlos Diogo Trentin;0h00m
0000367455;23/11/2023 13:11:43;" Carlos Diogo Trentin";" Pagamento de crédito";" 258- AQUISIÇÃO E REEMBOLSO-MÓVEL COM REGISTRO";005.915.950-28;" DIEGO ELIAS JACOBOSKI";030480/0138-00;010444/0392-00;" Andamento";021714;Severiano de Almeida;104;SICREDI UNIESTADOS;104;SUREG Erechim RS;CENTRAL SICREDI SUL/SUDESTE;105.0 Hora(s);3d18h57m;24/11/2023 16:43:23;ANÁLISE DE DOCUMENTOS 1ª ETAPA;18h14m;23/11/2023 16:48:41;24/11/2023 16:43:23;João Pedro Pieluhowski Silva;0h14m
0000367455;23/11/2023 13:11:43;" Carlos Diogo Trentin";" Pagamento de crédito";" 258- AQUISIÇÃO E REEMBOLSO-MÓVEL COM REGISTRO";005.915.950-28;" DIEGO ELIAS JACOBOSKI";030480/0138-00;010444/0392-00;" Andamento";021714;Severiano de Almeida;104;SICREDI UNIESTADOS;104;SUREG Erechim RS;CENTRAL SICREDI SUL/SUDESTE;105.0 Hora(s);3d18h57m;23/11/2023 16:48:40;ENVIAR DOCUMENTOS;1d21h00m;23/11/2023 13:31:07;23/11/2023 16:48:40;Carlos Diogo Trentin;0h00m
0000367455;23/11/2023 13:11:43;" Carlos Diogo Trentin";" Pagamento de crédito";" 258- AQUISIÇÃO E REEMBOLSO-MÓVEL COM REGISTRO";005.915.950-28;" DIEGO ELIAS JACOBOSKI";030480/0138-00;010444/0392-00;" Andamento";021714;Severiano de Almeida;104;SICREDI UNIESTADOS;104;SUREG Erechim RS;CENTRAL SICREDI SUL/SUDESTE;105.0 Hora(s);3d18h57m;23/11/2023 13:31:07;AUTORIZAÇÃO DE FATURAMENTO;0h00m;23/11/2023 13:30:34;23/11/2023 13:31:07;;0h00m
0000367455;23/11/2023 13:11:43;" Carlos Diogo Trentin";" Pagamento de crédito";" 258- AQUISIÇÃO E REEMBOLSO-MÓVEL COM REGISTRO";005.915.950-28;" DIEGO ELIAS JACOBOSKI";030480/0138-00;010444/0392-00;" Andamento";021714;Severiano de Almeida;104;SICREDI UNIESTADOS;104;SUREG Erechim RS;CENTRAL SICREDI SUL/SUDESTE;105.0 Hora(s);3d18h57m;"                   ";;;;;;
0000367455;23/11/2023 13:11:43;" Carlos Diogo Trentin";" Pagamento de crédito";" 258- AQUISIÇÃO E REEMBOLSO-MÓVEL COM REGISTRO";005.915.950-28;" DIEGO ELIAS JACOBOSKI";030480/0138-00;010444/0392-00;" Andamento";021714;Severiano de Almeida;104;SICREDI UNIESTADOS;104;SUREG Erechim RS;CENTRAL SICREDI SUL/SUDESTE;105.0 Hora(s);3d18h57m;27/11/2023 08:27:28;;;;;;
0000367455;23/11/2023 13:11:43;" Carlos Diogo Trentin";" Pagamento de crédito";" 258- AQUISIÇÃO E REEMBOLSO-MÓVEL COM REGISTRO";005.915.950-28;" DIEGO ELIAS JACOBOSKI";030480/0138-00;010444/0392-00;" Andamento";021714;Severiano de Almeida;104;SICREDI UNIESTADOS;104;SUREG Erechim RS;CENTRAL SICREDI SUL/SUDESTE;105.0 Hora(s);3d18h57m;24/11/2023 16:43:23;;;;;;
0000367455;23/11/2023 13:11:43;" Carlos Diogo Trentin";" Pagamento de crédito";" 258- AQUISIÇÃO E REEMBOLSO-MÓVEL COM REGISTRO";005.915.950-28;" DIEGO ELIAS JACOBOSKI";030480/0138-00;010444/0392-00;" Andamento";021714;Severiano de Almeida;104;SICREDI UNIESTADOS;104;SUREG Erechim RS;CENTRAL SICREDI SUL/SUDESTE;105.0 Hora(s);3d18h57m;23/11/2023 16:48:40;;;;;;
0000367455;23/11/2023 13:11:43;" Carlos Diogo Trentin";" Pagamento de crédito";" 258- AQUISIÇÃO E REEMBOLSO-MÓVEL COM REGISTRO";005.915.950-28;" DIEGO ELIAS JACOBOSKI";030480/0138-00;010444/0392-00;" Andamento";021714;Severiano de Almeida;104;SICREDI UNIESTADOS;104;SUREG Erechim RS;CENTRAL SICREDI SUL/SUDESTE;105.0 Hora(s);3d18h57m;23/11/2023 13:31:07;;;;;;
