﻿ID_Processo7;DT_Solicitacao8;NM_Usuario_Solicitacao8;NM_Tipo_Processo8;NM_Processo8;CD_Inscricao_Nacional8;NM_Pessoa8;Usuário;Grupo_Cota_Outros8;ST_Status8;CD_Comissionado2;NM_Fantasia_Comissionado2;CD_Tipo_Ponto_Venda3;NM_Fantasia_Ponto_Venda2;CD_Tipo_Ponto_Venda4;NM_Tipo_Ponto_Venda2;NM_Filial_Venda2;Nivel_Servico8;Tempo_Processo8;DH_Conclusao8;NM_Atividade1;Nivel_Servico_Atividade1;DT_Inicio_Atividade1;DT_Fim_Atividade1;NM_Usuario_Atividade1;Tempo_Processo_Atividade1
0000364116;20/11/2023 15:11:21;" LUANA SCHMIDT";" Pagamento de crédito";" 258- AQUISIÇÃO E REEMBOLSO-MÓVEL COM REGISTRO";102.418.539-74;" FABIO OTFINOVSKI";030465/0398-00;;" Concluído";021747;Ipumirim;104;SICREDI UNIESTADOS;104;SUREG Erechim RS;CENTRAL SICREDI SUL/SUDESTE;105.0 Hora(s);3d20h04m;24/11/2023 11:49:17;LIBERAR PAGAMENTOS;0h00m;24/11/2023 10:12:42;24/11/2023 11:49:17;Kelen Hahn Paulo;0h00m
0000364116;20/11/2023 15:11:21;" LUANA SCHMIDT";" Pagamento de crédito";" 258- AQUISIÇÃO E REEMBOLSO-MÓVEL COM REGISTRO";102.418.539-74;" FABIO OTFINOVSKI";030465/0398-00;;" Concluído";021747;Ipumirim;104;SICREDI UNIESTADOS;104;SUREG Erechim RS;CENTRAL SICREDI SUL/SUDESTE;105.0 Hora(s);3d20h04m;24/11/2023 10:12:42;APROVAR PAGAMENTO;1h00m;24/11/2023 10:12:37;24/11/2023 10:12:42;LARISSA JAENISCH DUTRA PINTO;0h00m
0000364116;20/11/2023 15:11:21;" LUANA SCHMIDT";" Pagamento de crédito";" 258- AQUISIÇÃO E REEMBOLSO-MÓVEL COM REGISTRO";102.418.539-74;" FABIO OTFINOVSKI";030465/0398-00;;" Concluído";021747;Ipumirim;104;SICREDI UNIESTADOS;104;SUREG Erechim RS;CENTRAL SICREDI SUL/SUDESTE;105.0 Hora(s);3d20h04m;24/11/2023 10:12:37;PROGRAMAR PAGAMENTO;1h00m;24/11/2023 10:11:34;24/11/2023 10:12:37;LARISSA JAENISCH DUTRA PINTO;0h01m
0000364116;20/11/2023 15:11:21;" LUANA SCHMIDT";" Pagamento de crédito";" 258- AQUISIÇÃO E REEMBOLSO-MÓVEL COM REGISTRO";102.418.539-74;" FABIO OTFINOVSKI";030465/0398-00;;" Concluído";021747;Ipumirim;104;SICREDI UNIESTADOS;104;SUREG Erechim RS;CENTRAL SICREDI SUL/SUDESTE;105.0 Hora(s);3d20h04m;24/11/2023 10:11:33;ANALISAR DOCUMENTOS PARA LIBERAÇÃO 2ª ETAPA;18h00m;23/11/2023 14:33:17;24/11/2023 10:11:33;LARISSA JAENISCH DUTRA PINTO;0h01m
0000364116;20/11/2023 15:11:21;" LUANA SCHMIDT";" Pagamento de crédito";" 258- AQUISIÇÃO E REEMBOLSO-MÓVEL COM REGISTRO";102.418.539-74;" FABIO OTFINOVSKI";030465/0398-00;;" Concluído";021747;Ipumirim;104;SICREDI UNIESTADOS;104;SUREG Erechim RS;CENTRAL SICREDI SUL/SUDESTE;105.0 Hora(s);3d20h04m;23/11/2023 14:33:17;EMITIR DOCUMENTOS PARA LIBERAÇÃO;18h00m;21/11/2023 09:10:42;23/11/2023 14:33:17;LUANA SCHMIDT;0h00m
0000364116;20/11/2023 15:11:21;" LUANA SCHMIDT";" Pagamento de crédito";" 258- AQUISIÇÃO E REEMBOLSO-MÓVEL COM REGISTRO";102.418.539-74;" FABIO OTFINOVSKI";030465/0398-00;;" Concluído";021747;Ipumirim;104;SICREDI UNIESTADOS;104;SUREG Erechim RS;CENTRAL SICREDI SUL/SUDESTE;105.0 Hora(s);3d20h04m;21/11/2023 09:10:42;REGISTRAR CONTRATO MANUALMENTE;1h00m;21/11/2023 09:10:37;21/11/2023 09:10:42;Ana Luiza da Silva Cruz;0h00m
0000364116;20/11/2023 15:11:21;" LUANA SCHMIDT";" Pagamento de crédito";" 258- AQUISIÇÃO E REEMBOLSO-MÓVEL COM REGISTRO";102.418.539-74;" FABIO OTFINOVSKI";030465/0398-00;;" Concluído";021747;Ipumirim;104;SICREDI UNIESTADOS;104;SUREG Erechim RS;CENTRAL SICREDI SUL/SUDESTE;105.0 Hora(s);3d20h04m;21/11/2023 09:10:36;ALIENAR O BEM;1h00m;21/11/2023 09:09:19;21/11/2023 09:10:36;Ana Luiza da Silva Cruz;0h01m
0000364116;20/11/2023 15:11:21;" LUANA SCHMIDT";" Pagamento de crédito";" 258- AQUISIÇÃO E REEMBOLSO-MÓVEL COM REGISTRO";102.418.539-74;" FABIO OTFINOVSKI";030465/0398-00;;" Concluído";021747;Ipumirim;104;SICREDI UNIESTADOS;104;SUREG Erechim RS;CENTRAL SICREDI SUL/SUDESTE;105.0 Hora(s);3d20h04m;21/11/2023 09:09:19;FINALIZAR CADASTRO DO BEM;1h00m;21/11/2023 09:09:15;21/11/2023 09:09:19;Ana Luiza da Silva Cruz;0h00m
0000364116;20/11/2023 15:11:21;" LUANA SCHMIDT";" Pagamento de crédito";" 258- AQUISIÇÃO E REEMBOLSO-MÓVEL COM REGISTRO";102.418.539-74;" FABIO OTFINOVSKI";030465/0398-00;;" Concluído";021747;Ipumirim;104;SICREDI UNIESTADOS;104;SUREG Erechim RS;CENTRAL SICREDI SUL/SUDESTE;105.0 Hora(s);3d20h04m;21/11/2023 09:09:15;ANÁLISE DE DOCUMENTOS 1ª ETAPA;18h00m;21/11/2023 08:15:18;21/11/2023 09:09:15;Ana Luiza da Silva Cruz;0h06m
0000364116;20/11/2023 15:11:21;" LUANA SCHMIDT";" Pagamento de crédito";" 258- AQUISIÇÃO E REEMBOLSO-MÓVEL COM REGISTRO";102.418.539-74;" FABIO OTFINOVSKI";030465/0398-00;;" Concluído";021747;Ipumirim;104;SICREDI UNIESTADOS;104;SUREG Erechim RS;CENTRAL SICREDI SUL/SUDESTE;105.0 Hora(s);3d20h04m;21/11/2023 08:15:17;ENVIAR DOCUMENTOS;1d21h00m;20/11/2023 15:46:18;21/11/2023 08:15:17;LUANA SCHMIDT;0h00m
0000364116;20/11/2023 15:11:21;" LUANA SCHMIDT";" Pagamento de crédito";" 258- AQUISIÇÃO E REEMBOLSO-MÓVEL COM REGISTRO";102.418.539-74;" FABIO OTFINOVSKI";030465/0398-00;;" Concluído";021747;Ipumirim;104;SICREDI UNIESTADOS;104;SUREG Erechim RS;CENTRAL SICREDI SUL/SUDESTE;105.0 Hora(s);3d20h04m;20/11/2023 15:46:18;AUTORIZAÇÃO DE FATURAMENTO;0h00m;20/11/2023 15:45:23;20/11/2023 15:46:18;;0h00m
0000364116;20/11/2023 15:11:21;" LUANA SCHMIDT";" Pagamento de crédito";" 258- AQUISIÇÃO E REEMBOLSO-MÓVEL COM REGISTRO";102.418.539-74;" FABIO OTFINOVSKI";030465/0398-00;;" Concluído";021747;Ipumirim;104;SICREDI UNIESTADOS;104;SUREG Erechim RS;CENTRAL SICREDI SUL/SUDESTE;105.0 Hora(s);3d20h04m;24/11/2023 11:49:17;;;;;;
0000364116;20/11/2023 15:11:21;" LUANA SCHMIDT";" Pagamento de crédito";" 258- AQUISIÇÃO E REEMBOLSO-MÓVEL COM REGISTRO";102.418.539-74;" FABIO OTFINOVSKI";030465/0398-00;;" Concluído";021747;Ipumirim;104;SICREDI UNIESTADOS;104;SUREG Erechim RS;CENTRAL SICREDI SUL/SUDESTE;105.0 Hora(s);3d20h04m;24/11/2023 10:12:42;;;;;;
0000364116;20/11/2023 15:11:21;" LUANA SCHMIDT";" Pagamento de crédito";" 258- AQUISIÇÃO E REEMBOLSO-MÓVEL COM REGISTRO";102.418.539-74;" FABIO OTFINOVSKI";030465/0398-00;;" Concluído";021747;Ipumirim;104;SICREDI UNIESTADOS;104;SUREG Erechim RS;CENTRAL SICREDI SUL/SUDESTE;105.0 Hora(s);3d20h04m;24/11/2023 10:12:37;;;;;;
0000364116;20/11/2023 15:11:21;" LUANA SCHMIDT";" Pagamento de crédito";" 258- AQUISIÇÃO E REEMBOLSO-MÓVEL COM REGISTRO";102.418.539-74;" FABIO OTFINOVSKI";030465/0398-00;;" Concluído";021747;Ipumirim;104;SICREDI UNIESTADOS;104;SUREG Erechim RS;CENTRAL SICREDI SUL/SUDESTE;105.0 Hora(s);3d20h04m;24/11/2023 10:11:33;;;;;;
0000364116;20/11/2023 15:11:21;" LUANA SCHMIDT";" Pagamento de crédito";" 258- AQUISIÇÃO E REEMBOLSO-MÓVEL COM REGISTRO";102.418.539-74;" FABIO OTFINOVSKI";030465/0398-00;;" Concluído";021747;Ipumirim;104;SICREDI UNIESTADOS;104;SUREG Erechim RS;CENTRAL SICREDI SUL/SUDESTE;105.0 Hora(s);3d20h04m;23/11/2023 14:33:17;;;;;;
0000364116;20/11/2023 15:11:21;" LUANA SCHMIDT";" Pagamento de crédito";" 258- AQUISIÇÃO E REEMBOLSO-MÓVEL COM REGISTRO";102.418.539-74;" FABIO OTFINOVSKI";030465/0398-00;;" Concluído";021747;Ipumirim;104;SICREDI UNIESTADOS;104;SUREG Erechim RS;CENTRAL SICREDI SUL/SUDESTE;105.0 Hora(s);3d20h04m;21/11/2023 09:10:42;;;;;;
0000364116;20/11/2023 15:11:21;" LUANA SCHMIDT";" Pagamento de crédito";" 258- AQUISIÇÃO E REEMBOLSO-MÓVEL COM REGISTRO";102.418.539-74;" FABIO OTFINOVSKI";030465/0398-00;;" Concluído";021747;Ipumirim;104;SICREDI UNIESTADOS;104;SUREG Erechim RS;CENTRAL SICREDI SUL/SUDESTE;105.0 Hora(s);3d20h04m;21/11/2023 09:10:36;;;;;;
0000364116;20/11/2023 15:11:21;" LUANA SCHMIDT";" Pagamento de crédito";" 258- AQUISIÇÃO E REEMBOLSO-MÓVEL COM REGISTRO";102.418.539-74;" FABIO OTFINOVSKI";030465/0398-00;;" Concluído";021747;Ipumirim;104;SICREDI UNIESTADOS;104;SUREG Erechim RS;CENTRAL SICREDI SUL/SUDESTE;105.0 Hora(s);3d20h04m;21/11/2023 09:09:19;;;;;;
0000364116;20/11/2023 15:11:21;" LUANA SCHMIDT";" Pagamento de crédito";" 258- AQUISIÇÃO E REEMBOLSO-MÓVEL COM REGISTRO";102.418.539-74;" FABIO OTFINOVSKI";030465/0398-00;;" Concluído";021747;Ipumirim;104;SICREDI UNIESTADOS;104;SUREG Erechim RS;CENTRAL SICREDI SUL/SUDESTE;105.0 Hora(s);3d20h04m;21/11/2023 09:09:15;;;;;;
0000364116;20/11/2023 15:11:21;" LUANA SCHMIDT";" Pagamento de crédito";" 258- AQUISIÇÃO E REEMBOLSO-MÓVEL COM REGISTRO";102.418.539-74;" FABIO OTFINOVSKI";030465/0398-00;;" Concluído";021747;Ipumirim;104;SICREDI UNIESTADOS;104;SUREG Erechim RS;CENTRAL SICREDI SUL/SUDESTE;105.0 Hora(s);3d20h04m;21/11/2023 08:15:17;;;;;;
0000364116;20/11/2023 15:11:21;" LUANA SCHMIDT";" Pagamento de crédito";" 258- AQUISIÇÃO E REEMBOLSO-MÓVEL COM REGISTRO";102.418.539-74;" FABIO OTFINOVSKI";030465/0398-00;;" Concluído";021747;Ipumirim;104;SICREDI UNIESTADOS;104;SUREG Erechim RS;CENTRAL SICREDI SUL/SUDESTE;105.0 Hora(s);3d20h04m;20/11/2023 15:46:18;;;;;;
