﻿ID_Processo7;DT_Solicitacao8;NM_Usuario_Solicitacao8;NM_Tipo_Processo8;NM_Processo8;CD_Inscricao_Nacional8;NM_Pessoa8;Usuário;Grupo_Cota_Outros8;ST_Status8;CD_Comissionado2;NM_Fantasia_Comissionado2;CD_Tipo_Ponto_Venda3;NM_Fantasia_Ponto_Venda2;CD_Tipo_Ponto_Venda4;NM_Tipo_Ponto_Venda2;NM_Filial_Venda2;Nivel_Servico8;Tempo_Processo8;DH_Conclusao8;NM_Atividade1;Nivel_Servico_Atividade1;DT_Inicio_Atividade1;DT_Fim_Atividade1;NM_Usuario_Atividade1;Tempo_Processo_Atividade1
0000367096;22/11/2023 15:11:32;" LUCAS DA SILVA ESTANISLAU";" Pagamento de crédito";" 258- AQUISIÇÃO E REEMBOLSO-MÓVEL COM REGISTRO";101.403.919-32;" ARTUR CASSIO TASCA";030470/0471-00;;" Aguardando Regularização";072654;LUIZIANA;207;SICREDI VALE DO PIQUIRI ABCD P;207;SUREG Vale do Piquiri PR;CENTRAL SICREDI PR/SP/RJ;105.0 Hora(s);20h52m;"                   ";EMITIR DOCUMENTOS PARA LIBERAÇÃO;18h00m;23/11/2023 11:53:16;"                   ";;0h00m
0000367096;22/11/2023 15:11:32;" LUCAS DA SILVA ESTANISLAU";" Pagamento de crédito";" 258- AQUISIÇÃO E REEMBOLSO-MÓVEL COM REGISTRO";101.403.919-32;" ARTUR CASSIO TASCA";030470/0471-00;;" Aguardando Regularização";072654;LUIZIANA;207;SICREDI VALE DO PIQUIRI ABCD P;207;SUREG Vale do Piquiri PR;CENTRAL SICREDI PR/SP/RJ;105.0 Hora(s);20h52m;23/11/2023 11:53:16;REGISTRAR CONTRATO MANUALMENTE;1h00m;23/11/2023 11:53:11;23/11/2023 11:53:16;Clara Vargas;0h00m
0000367096;22/11/2023 15:11:32;" LUCAS DA SILVA ESTANISLAU";" Pagamento de crédito";" 258- AQUISIÇÃO E REEMBOLSO-MÓVEL COM REGISTRO";101.403.919-32;" ARTUR CASSIO TASCA";030470/0471-00;;" Aguardando Regularização";072654;LUIZIANA;207;SICREDI VALE DO PIQUIRI ABCD P;207;SUREG Vale do Piquiri PR;CENTRAL SICREDI PR/SP/RJ;105.0 Hora(s);20h52m;23/11/2023 11:53:11;ALIENAR O BEM;1h00m;23/11/2023 11:52:15;23/11/2023 11:53:11;Clara Vargas;0h01m
0000367096;22/11/2023 15:11:32;" LUCAS DA SILVA ESTANISLAU";" Pagamento de crédito";" 258- AQUISIÇÃO E REEMBOLSO-MÓVEL COM REGISTRO";101.403.919-32;" ARTUR CASSIO TASCA";030470/0471-00;;" Aguardando Regularização";072654;LUIZIANA;207;SICREDI VALE DO PIQUIRI ABCD P;207;SUREG Vale do Piquiri PR;CENTRAL SICREDI PR/SP/RJ;105.0 Hora(s);20h52m;23/11/2023 11:52:14;FINALIZAR CADASTRO DO BEM;1h00m;23/11/2023 11:52:10;23/11/2023 11:52:14;Clara Vargas;0h00m
0000367096;22/11/2023 15:11:32;" LUCAS DA SILVA ESTANISLAU";" Pagamento de crédito";" 258- AQUISIÇÃO E REEMBOLSO-MÓVEL COM REGISTRO";101.403.919-32;" ARTUR CASSIO TASCA";030470/0471-00;;" Aguardando Regularização";072654;LUIZIANA;207;SICREDI VALE DO PIQUIRI ABCD P;207;SUREG Vale do Piquiri PR;CENTRAL SICREDI PR/SP/RJ;105.0 Hora(s);20h52m;23/11/2023 11:52:10;ANÁLISE DE DOCUMENTOS 1ª ETAPA;18h00m;22/11/2023 15:07:18;23/11/2023 11:52:10;Clara Vargas;0h04m
0000367096;22/11/2023 15:11:32;" LUCAS DA SILVA ESTANISLAU";" Pagamento de crédito";" 258- AQUISIÇÃO E REEMBOLSO-MÓVEL COM REGISTRO";101.403.919-32;" ARTUR CASSIO TASCA";030470/0471-00;;" Aguardando Regularização";072654;LUIZIANA;207;SICREDI VALE DO PIQUIRI ABCD P;207;SUREG Vale do Piquiri PR;CENTRAL SICREDI PR/SP/RJ;105.0 Hora(s);20h52m;22/11/2023 15:07:18;ENVIAR DOCUMENTOS;1d21h00m;22/11/2023 15:01:56;22/11/2023 15:07:18;LUCAS DA SILVA ESTANISLAU;0h00m
0000367096;22/11/2023 15:11:32;" LUCAS DA SILVA ESTANISLAU";" Pagamento de crédito";" 258- AQUISIÇÃO E REEMBOLSO-MÓVEL COM REGISTRO";101.403.919-32;" ARTUR CASSIO TASCA";030470/0471-00;;" Aguardando Regularização";072654;LUIZIANA;207;SICREDI VALE DO PIQUIRI ABCD P;207;SUREG Vale do Piquiri PR;CENTRAL SICREDI PR/SP/RJ;105.0 Hora(s);20h52m;22/11/2023 15:01:56;AUTORIZAÇÃO DE FATURAMENTO;0h00m;22/11/2023 15:01:51;22/11/2023 15:01:56;;0h00m
0000367096;22/11/2023 15:11:32;" LUCAS DA SILVA ESTANISLAU";" Pagamento de crédito";" 258- AQUISIÇÃO E REEMBOLSO-MÓVEL COM REGISTRO";101.403.919-32;" ARTUR CASSIO TASCA";030470/0471-00;;" Aguardando Regularização";072654;LUIZIANA;207;SICREDI VALE DO PIQUIRI ABCD P;207;SUREG Vale do Piquiri PR;CENTRAL SICREDI PR/SP/RJ;105.0 Hora(s);20h52m;"                   ";;;;;;
0000367096;22/11/2023 15:11:32;" LUCAS DA SILVA ESTANISLAU";" Pagamento de crédito";" 258- AQUISIÇÃO E REEMBOLSO-MÓVEL COM REGISTRO";101.403.919-32;" ARTUR CASSIO TASCA";030470/0471-00;;" Aguardando Regularização";072654;LUIZIANA;207;SICREDI VALE DO PIQUIRI ABCD P;207;SUREG Vale do Piquiri PR;CENTRAL SICREDI PR/SP/RJ;105.0 Hora(s);20h52m;23/11/2023 11:53:16;;;;;;
0000367096;22/11/2023 15:11:32;" LUCAS DA SILVA ESTANISLAU";" Pagamento de crédito";" 258- AQUISIÇÃO E REEMBOLSO-MÓVEL COM REGISTRO";101.403.919-32;" ARTUR CASSIO TASCA";030470/0471-00;;" Aguardando Regularização";072654;LUIZIANA;207;SICREDI VALE DO PIQUIRI ABCD P;207;SUREG Vale do Piquiri PR;CENTRAL SICREDI PR/SP/RJ;105.0 Hora(s);20h52m;23/11/2023 11:53:11;;;;;;
0000367096;22/11/2023 15:11:32;" LUCAS DA SILVA ESTANISLAU";" Pagamento de crédito";" 258- AQUISIÇÃO E REEMBOLSO-MÓVEL COM REGISTRO";101.403.919-32;" ARTUR CASSIO TASCA";030470/0471-00;;" Aguardando Regularização";072654;LUIZIANA;207;SICREDI VALE DO PIQUIRI ABCD P;207;SUREG Vale do Piquiri PR;CENTRAL SICREDI PR/SP/RJ;105.0 Hora(s);20h52m;23/11/2023 11:52:14;;;;;;
0000367096;22/11/2023 15:11:32;" LUCAS DA SILVA ESTANISLAU";" Pagamento de crédito";" 258- AQUISIÇÃO E REEMBOLSO-MÓVEL COM REGISTRO";101.403.919-32;" ARTUR CASSIO TASCA";030470/0471-00;;" Aguardando Regularização";072654;LUIZIANA;207;SICREDI VALE DO PIQUIRI ABCD P;207;SUREG Vale do Piquiri PR;CENTRAL SICREDI PR/SP/RJ;105.0 Hora(s);20h52m;23/11/2023 11:52:10;;;;;;
0000367096;22/11/2023 15:11:32;" LUCAS DA SILVA ESTANISLAU";" Pagamento de crédito";" 258- AQUISIÇÃO E REEMBOLSO-MÓVEL COM REGISTRO";101.403.919-32;" ARTUR CASSIO TASCA";030470/0471-00;;" Aguardando Regularização";072654;LUIZIANA;207;SICREDI VALE DO PIQUIRI ABCD P;207;SUREG Vale do Piquiri PR;CENTRAL SICREDI PR/SP/RJ;105.0 Hora(s);20h52m;22/11/2023 15:07:18;;;;;;
0000367096;22/11/2023 15:11:32;" LUCAS DA SILVA ESTANISLAU";" Pagamento de crédito";" 258- AQUISIÇÃO E REEMBOLSO-MÓVEL COM REGISTRO";101.403.919-32;" ARTUR CASSIO TASCA";030470/0471-00;;" Aguardando Regularização";072654;LUIZIANA;207;SICREDI VALE DO PIQUIRI ABCD P;207;SUREG Vale do Piquiri PR;CENTRAL SICREDI PR/SP/RJ;105.0 Hora(s);20h52m;22/11/2023 15:01:56;;;;;;
