﻿ID_Processo7;DT_Solicitacao8;NM_Usuario_Solicitacao8;NM_Tipo_Processo8;NM_Processo8;CD_Inscricao_Nacional8;NM_Pessoa8;Usuário;Grupo_Cota_Outros8;ST_Status8;CD_Comissionado2;NM_Fantasia_Comissionado2;CD_Tipo_Ponto_Venda3;NM_Fantasia_Ponto_Venda2;CD_Tipo_Ponto_Venda4;NM_Tipo_Ponto_Venda2;NM_Filial_Venda2;Nivel_Servico8;Tempo_Processo8;DH_Conclusao8;NM_Atividade1;Nivel_Servico_Atividade1;DT_Inicio_Atividade1;DT_Fim_Atividade1;NM_Usuario_Atividade1;Tempo_Processo_Atividade1
0000363437;17/11/2023 12:11:11;" MAIARA DIAS ZANELA";" Pagamento de crédito";" 299 - PAGAMENTO EM ESPÉCIE-MÓVEIS";263.125.278-08;" FABRICIO SANCHEZ LOMONACO";030429/0181-00;;" Concluído";072651;AC São Paulo;207;SICREDI VALE DO PIQUIRI ABCD P;207;SUREG Vale do Piquiri PR;CENTRAL SICREDI PR/SP/RJ;28.0 Hora(s);4h51m;17/11/2023 17:00:38;LIBERAR PAGAMENTO;0h00m;17/11/2023 16:35:20;17/11/2023 17:00:38;Kelen Hahn Paulo;0h00m
0000363437;17/11/2023 12:11:11;" MAIARA DIAS ZANELA";" Pagamento de crédito";" 299 - PAGAMENTO EM ESPÉCIE-MÓVEIS";263.125.278-08;" FABRICIO SANCHEZ LOMONACO";030429/0181-00;;" Concluído";072651;AC São Paulo;207;SICREDI VALE DO PIQUIRI ABCD P;207;SUREG Vale do Piquiri PR;CENTRAL SICREDI PR/SP/RJ;28.0 Hora(s);4h51m;17/11/2023 16:35:20;APROVAR PAGAMENTO;1h00m;17/11/2023 16:35:11;17/11/2023 16:35:20;Eliane Ribas Barcelos;0h00m
0000363437;17/11/2023 12:11:11;" MAIARA DIAS ZANELA";" Pagamento de crédito";" 299 - PAGAMENTO EM ESPÉCIE-MÓVEIS";263.125.278-08;" FABRICIO SANCHEZ LOMONACO";030429/0181-00;;" Concluído";072651;AC São Paulo;207;SICREDI VALE DO PIQUIRI ABCD P;207;SUREG Vale do Piquiri PR;CENTRAL SICREDI PR/SP/RJ;28.0 Hora(s);4h51m;17/11/2023 16:35:11;ANALISAR DOCUMENTOS ESPECIE;18h00m;17/11/2023 12:11:05;17/11/2023 16:35:11;Eliane Ribas Barcelos;0h02m
0000363437;17/11/2023 12:11:11;" MAIARA DIAS ZANELA";" Pagamento de crédito";" 299 - PAGAMENTO EM ESPÉCIE-MÓVEIS";263.125.278-08;" FABRICIO SANCHEZ LOMONACO";030429/0181-00;;" Concluído";072651;AC São Paulo;207;SICREDI VALE DO PIQUIRI ABCD P;207;SUREG Vale do Piquiri PR;CENTRAL SICREDI PR/SP/RJ;28.0 Hora(s);4h51m;17/11/2023 12:11:04;ENVIAR DOCUMENTOS;1h00m;17/11/2023 12:09:45;17/11/2023 12:11:04;MAIARA DIAS ZANELA;0h00m
0000363437;17/11/2023 12:11:11;" MAIARA DIAS ZANELA";" Pagamento de crédito";" 299 - PAGAMENTO EM ESPÉCIE-MÓVEIS";263.125.278-08;" FABRICIO SANCHEZ LOMONACO";030429/0181-00;;" Concluído";072651;AC São Paulo;207;SICREDI VALE DO PIQUIRI ABCD P;207;SUREG Vale do Piquiri PR;CENTRAL SICREDI PR/SP/RJ;28.0 Hora(s);4h51m;17/11/2023 12:09:44;EMISSÃO SOLICITAÇÃO DE PAGAMENTO;1d21h00m;17/11/2023 12:09:44;17/11/2023 12:09:44;;0h00m
0000363437;17/11/2023 12:11:11;" MAIARA DIAS ZANELA";" Pagamento de crédito";" 299 - PAGAMENTO EM ESPÉCIE-MÓVEIS";263.125.278-08;" FABRICIO SANCHEZ LOMONACO";030429/0181-00;;" Concluído";072651;AC São Paulo;207;SICREDI VALE DO PIQUIRI ABCD P;207;SUREG Vale do Piquiri PR;CENTRAL SICREDI PR/SP/RJ;28.0 Hora(s);4h51m;17/11/2023 17:00:38;;;;;;
0000363437;17/11/2023 12:11:11;" MAIARA DIAS ZANELA";" Pagamento de crédito";" 299 - PAGAMENTO EM ESPÉCIE-MÓVEIS";263.125.278-08;" FABRICIO SANCHEZ LOMONACO";030429/0181-00;;" Concluído";072651;AC São Paulo;207;SICREDI VALE DO PIQUIRI ABCD P;207;SUREG Vale do Piquiri PR;CENTRAL SICREDI PR/SP/RJ;28.0 Hora(s);4h51m;17/11/2023 16:35:20;;;;;;
0000363437;17/11/2023 12:11:11;" MAIARA DIAS ZANELA";" Pagamento de crédito";" 299 - PAGAMENTO EM ESPÉCIE-MÓVEIS";263.125.278-08;" FABRICIO SANCHEZ LOMONACO";030429/0181-00;;" Concluído";072651;AC São Paulo;207;SICREDI VALE DO PIQUIRI ABCD P;207;SUREG Vale do Piquiri PR;CENTRAL SICREDI PR/SP/RJ;28.0 Hora(s);4h51m;17/11/2023 16:35:11;;;;;;
0000363437;17/11/2023 12:11:11;" MAIARA DIAS ZANELA";" Pagamento de crédito";" 299 - PAGAMENTO EM ESPÉCIE-MÓVEIS";263.125.278-08;" FABRICIO SANCHEZ LOMONACO";030429/0181-00;;" Concluído";072651;AC São Paulo;207;SICREDI VALE DO PIQUIRI ABCD P;207;SUREG Vale do Piquiri PR;CENTRAL SICREDI PR/SP/RJ;28.0 Hora(s);4h51m;17/11/2023 12:11:04;;;;;;
0000363437;17/11/2023 12:11:11;" MAIARA DIAS ZANELA";" Pagamento de crédito";" 299 - PAGAMENTO EM ESPÉCIE-MÓVEIS";263.125.278-08;" FABRICIO SANCHEZ LOMONACO";030429/0181-00;;" Concluído";072651;AC São Paulo;207;SICREDI VALE DO PIQUIRI ABCD P;207;SUREG Vale do Piquiri PR;CENTRAL SICREDI PR/SP/RJ;28.0 Hora(s);4h51m;17/11/2023 12:09:44;;;;;;
