﻿ID_Processo7;DT_Solicitacao8;NM_Usuario_Solicitacao8;NM_Tipo_Processo8;NM_Processo8;CD_Inscricao_Nacional8;NM_Pessoa8;Usuário;Grupo_Cota_Outros8;ST_Status8;CD_Comissionado2;NM_Fantasia_Comissionado2;CD_Tipo_Ponto_Venda3;NM_Fantasia_Ponto_Venda2;CD_Tipo_Ponto_Venda4;NM_Tipo_Ponto_Venda2;NM_Filial_Venda2;Nivel_Servico8;Tempo_Processo8;DH_Conclusao8;NM_Atividade1;Nivel_Servico_Atividade1;DT_Inicio_Atividade1;DT_Fim_Atividade1;NM_Usuario_Atividade1;Tempo_Processo_Atividade1
0000367034;22/11/2023 13:11:24;" GRASIELA SALVADOR";" Pagamento de crédito";" 258- AQUISIÇÃO E REEMBOLSO-MÓVEL COM REGISTRO";097.337.089-09;" GRASIELA SALVADOR";030493/0339-00;;" Concluído";021750;Irani;104;SICREDI UNIESTADOS;104;SUREG Erechim RS;CENTRAL SICREDI SUL/SUDESTE;105.0 Hora(s);1d4h05m;23/11/2023 17:09:55;LIBERAR PAGAMENTOS;0h00m;23/11/2023 15:37:58;23/11/2023 17:09:55;Kelen Hahn Paulo;0h00m
0000367034;22/11/2023 13:11:24;" GRASIELA SALVADOR";" Pagamento de crédito";" 258- AQUISIÇÃO E REEMBOLSO-MÓVEL COM REGISTRO";097.337.089-09;" GRASIELA SALVADOR";030493/0339-00;;" Concluído";021750;Irani;104;SICREDI UNIESTADOS;104;SUREG Erechim RS;CENTRAL SICREDI SUL/SUDESTE;105.0 Hora(s);1d4h05m;23/11/2023 15:37:58;APROVAR PAGAMENTO;1h00m;23/11/2023 15:37:53;23/11/2023 15:37:58;LARISSA JAENISCH DUTRA PINTO;0h00m
0000367034;22/11/2023 13:11:24;" GRASIELA SALVADOR";" Pagamento de crédito";" 258- AQUISIÇÃO E REEMBOLSO-MÓVEL COM REGISTRO";097.337.089-09;" GRASIELA SALVADOR";030493/0339-00;;" Concluído";021750;Irani;104;SICREDI UNIESTADOS;104;SUREG Erechim RS;CENTRAL SICREDI SUL/SUDESTE;105.0 Hora(s);1d4h05m;23/11/2023 15:37:52;PROGRAMAR PAGAMENTO;1h00m;23/11/2023 15:36:54;23/11/2023 15:37:52;LARISSA JAENISCH DUTRA PINTO;0h00m
0000367034;22/11/2023 13:11:24;" GRASIELA SALVADOR";" Pagamento de crédito";" 258- AQUISIÇÃO E REEMBOLSO-MÓVEL COM REGISTRO";097.337.089-09;" GRASIELA SALVADOR";030493/0339-00;;" Concluído";021750;Irani;104;SICREDI UNIESTADOS;104;SUREG Erechim RS;CENTRAL SICREDI SUL/SUDESTE;105.0 Hora(s);1d4h05m;23/11/2023 15:36:54;ANALISAR DOCUMENTOS PARA LIBERAÇÃO 2ª ETAPA;18h00m;23/11/2023 09:24:00;23/11/2023 15:36:54;LARISSA JAENISCH DUTRA PINTO;0h01m
0000367034;22/11/2023 13:11:24;" GRASIELA SALVADOR";" Pagamento de crédito";" 258- AQUISIÇÃO E REEMBOLSO-MÓVEL COM REGISTRO";097.337.089-09;" GRASIELA SALVADOR";030493/0339-00;;" Concluído";021750;Irani;104;SICREDI UNIESTADOS;104;SUREG Erechim RS;CENTRAL SICREDI SUL/SUDESTE;105.0 Hora(s);1d4h05m;23/11/2023 09:24:00;EMITIR DOCUMENTOS PARA LIBERAÇÃO;18h00m;22/11/2023 16:33:09;23/11/2023 09:24:00;Vitor Augusto Zampieri;0h00m
0000367034;22/11/2023 13:11:24;" GRASIELA SALVADOR";" Pagamento de crédito";" 258- AQUISIÇÃO E REEMBOLSO-MÓVEL COM REGISTRO";097.337.089-09;" GRASIELA SALVADOR";030493/0339-00;;" Concluído";021750;Irani;104;SICREDI UNIESTADOS;104;SUREG Erechim RS;CENTRAL SICREDI SUL/SUDESTE;105.0 Hora(s);1d4h05m;22/11/2023 16:33:09;REGISTRAR CONTRATO MANUALMENTE;1h00m;22/11/2023 16:32:59;22/11/2023 16:33:09;NICOLAS PAULO DE SOUSA CUNHA;0h00m
0000367034;22/11/2023 13:11:24;" GRASIELA SALVADOR";" Pagamento de crédito";" 258- AQUISIÇÃO E REEMBOLSO-MÓVEL COM REGISTRO";097.337.089-09;" GRASIELA SALVADOR";030493/0339-00;;" Concluído";021750;Irani;104;SICREDI UNIESTADOS;104;SUREG Erechim RS;CENTRAL SICREDI SUL/SUDESTE;105.0 Hora(s);1d4h05m;22/11/2023 16:32:59;ALIENAR O BEM;1h00m;22/11/2023 16:32:28;22/11/2023 16:32:59;NICOLAS PAULO DE SOUSA CUNHA;0h00m
0000367034;22/11/2023 13:11:24;" GRASIELA SALVADOR";" Pagamento de crédito";" 258- AQUISIÇÃO E REEMBOLSO-MÓVEL COM REGISTRO";097.337.089-09;" GRASIELA SALVADOR";030493/0339-00;;" Concluído";021750;Irani;104;SICREDI UNIESTADOS;104;SUREG Erechim RS;CENTRAL SICREDI SUL/SUDESTE;105.0 Hora(s);1d4h05m;22/11/2023 16:32:28;FINALIZAR CADASTRO DO BEM;1h00m;22/11/2023 16:32:22;22/11/2023 16:32:28;NICOLAS PAULO DE SOUSA CUNHA;0h00m
0000367034;22/11/2023 13:11:24;" GRASIELA SALVADOR";" Pagamento de crédito";" 258- AQUISIÇÃO E REEMBOLSO-MÓVEL COM REGISTRO";097.337.089-09;" GRASIELA SALVADOR";030493/0339-00;;" Concluído";021750;Irani;104;SICREDI UNIESTADOS;104;SUREG Erechim RS;CENTRAL SICREDI SUL/SUDESTE;105.0 Hora(s);1d4h05m;22/11/2023 16:32:22;ANÁLISE DE DOCUMENTOS 1ª ETAPA;18h00m;22/11/2023 14:21:14;22/11/2023 16:32:22;NICOLAS PAULO DE SOUSA CUNHA;0h03m
0000367034;22/11/2023 13:11:24;" GRASIELA SALVADOR";" Pagamento de crédito";" 258- AQUISIÇÃO E REEMBOLSO-MÓVEL COM REGISTRO";097.337.089-09;" GRASIELA SALVADOR";030493/0339-00;;" Concluído";021750;Irani;104;SICREDI UNIESTADOS;104;SUREG Erechim RS;CENTRAL SICREDI SUL/SUDESTE;105.0 Hora(s);1d4h05m;22/11/2023 14:21:14;ENVIAR DOCUMENTOS;1d21h00m;22/11/2023 13:05:56;22/11/2023 14:21:14;Vitor Augusto Zampieri;0h00m
0000367034;22/11/2023 13:11:24;" GRASIELA SALVADOR";" Pagamento de crédito";" 258- AQUISIÇÃO E REEMBOLSO-MÓVEL COM REGISTRO";097.337.089-09;" GRASIELA SALVADOR";030493/0339-00;;" Concluído";021750;Irani;104;SICREDI UNIESTADOS;104;SUREG Erechim RS;CENTRAL SICREDI SUL/SUDESTE;105.0 Hora(s);1d4h05m;22/11/2023 13:05:56;AUTORIZAÇÃO DE FATURAMENTO;0h00m;22/11/2023 13:04:59;22/11/2023 13:05:56;;0h00m
0000367034;22/11/2023 13:11:24;" GRASIELA SALVADOR";" Pagamento de crédito";" 258- AQUISIÇÃO E REEMBOLSO-MÓVEL COM REGISTRO";097.337.089-09;" GRASIELA SALVADOR";030493/0339-00;;" Concluído";021750;Irani;104;SICREDI UNIESTADOS;104;SUREG Erechim RS;CENTRAL SICREDI SUL/SUDESTE;105.0 Hora(s);1d4h05m;23/11/2023 17:09:55;;;;;;
0000367034;22/11/2023 13:11:24;" GRASIELA SALVADOR";" Pagamento de crédito";" 258- AQUISIÇÃO E REEMBOLSO-MÓVEL COM REGISTRO";097.337.089-09;" GRASIELA SALVADOR";030493/0339-00;;" Concluído";021750;Irani;104;SICREDI UNIESTADOS;104;SUREG Erechim RS;CENTRAL SICREDI SUL/SUDESTE;105.0 Hora(s);1d4h05m;23/11/2023 15:37:58;;;;;;
0000367034;22/11/2023 13:11:24;" GRASIELA SALVADOR";" Pagamento de crédito";" 258- AQUISIÇÃO E REEMBOLSO-MÓVEL COM REGISTRO";097.337.089-09;" GRASIELA SALVADOR";030493/0339-00;;" Concluído";021750;Irani;104;SICREDI UNIESTADOS;104;SUREG Erechim RS;CENTRAL SICREDI SUL/SUDESTE;105.0 Hora(s);1d4h05m;23/11/2023 15:37:52;;;;;;
0000367034;22/11/2023 13:11:24;" GRASIELA SALVADOR";" Pagamento de crédito";" 258- AQUISIÇÃO E REEMBOLSO-MÓVEL COM REGISTRO";097.337.089-09;" GRASIELA SALVADOR";030493/0339-00;;" Concluído";021750;Irani;104;SICREDI UNIESTADOS;104;SUREG Erechim RS;CENTRAL SICREDI SUL/SUDESTE;105.0 Hora(s);1d4h05m;23/11/2023 15:36:54;;;;;;
0000367034;22/11/2023 13:11:24;" GRASIELA SALVADOR";" Pagamento de crédito";" 258- AQUISIÇÃO E REEMBOLSO-MÓVEL COM REGISTRO";097.337.089-09;" GRASIELA SALVADOR";030493/0339-00;;" Concluído";021750;Irani;104;SICREDI UNIESTADOS;104;SUREG Erechim RS;CENTRAL SICREDI SUL/SUDESTE;105.0 Hora(s);1d4h05m;23/11/2023 09:24:00;;;;;;
0000367034;22/11/2023 13:11:24;" GRASIELA SALVADOR";" Pagamento de crédito";" 258- AQUISIÇÃO E REEMBOLSO-MÓVEL COM REGISTRO";097.337.089-09;" GRASIELA SALVADOR";030493/0339-00;;" Concluído";021750;Irani;104;SICREDI UNIESTADOS;104;SUREG Erechim RS;CENTRAL SICREDI SUL/SUDESTE;105.0 Hora(s);1d4h05m;22/11/2023 16:33:09;;;;;;
0000367034;22/11/2023 13:11:24;" GRASIELA SALVADOR";" Pagamento de crédito";" 258- AQUISIÇÃO E REEMBOLSO-MÓVEL COM REGISTRO";097.337.089-09;" GRASIELA SALVADOR";030493/0339-00;;" Concluído";021750;Irani;104;SICREDI UNIESTADOS;104;SUREG Erechim RS;CENTRAL SICREDI SUL/SUDESTE;105.0 Hora(s);1d4h05m;22/11/2023 16:32:59;;;;;;
0000367034;22/11/2023 13:11:24;" GRASIELA SALVADOR";" Pagamento de crédito";" 258- AQUISIÇÃO E REEMBOLSO-MÓVEL COM REGISTRO";097.337.089-09;" GRASIELA SALVADOR";030493/0339-00;;" Concluído";021750;Irani;104;SICREDI UNIESTADOS;104;SUREG Erechim RS;CENTRAL SICREDI SUL/SUDESTE;105.0 Hora(s);1d4h05m;22/11/2023 16:32:28;;;;;;
0000367034;22/11/2023 13:11:24;" GRASIELA SALVADOR";" Pagamento de crédito";" 258- AQUISIÇÃO E REEMBOLSO-MÓVEL COM REGISTRO";097.337.089-09;" GRASIELA SALVADOR";030493/0339-00;;" Concluído";021750;Irani;104;SICREDI UNIESTADOS;104;SUREG Erechim RS;CENTRAL SICREDI SUL/SUDESTE;105.0 Hora(s);1d4h05m;22/11/2023 16:32:22;;;;;;
0000367034;22/11/2023 13:11:24;" GRASIELA SALVADOR";" Pagamento de crédito";" 258- AQUISIÇÃO E REEMBOLSO-MÓVEL COM REGISTRO";097.337.089-09;" GRASIELA SALVADOR";030493/0339-00;;" Concluído";021750;Irani;104;SICREDI UNIESTADOS;104;SUREG Erechim RS;CENTRAL SICREDI SUL/SUDESTE;105.0 Hora(s);1d4h05m;22/11/2023 14:21:14;;;;;;
0000367034;22/11/2023 13:11:24;" GRASIELA SALVADOR";" Pagamento de crédito";" 258- AQUISIÇÃO E REEMBOLSO-MÓVEL COM REGISTRO";097.337.089-09;" GRASIELA SALVADOR";030493/0339-00;;" Concluído";021750;Irani;104;SICREDI UNIESTADOS;104;SUREG Erechim RS;CENTRAL SICREDI SUL/SUDESTE;105.0 Hora(s);1d4h05m;22/11/2023 13:05:56;;;;;;
