﻿ID_Processo7;DT_Solicitacao8;NM_Usuario_Solicitacao8;NM_Tipo_Processo8;NM_Processo8;CD_Inscricao_Nacional8;NM_Pessoa8;Usuário;Grupo_Cota_Outros8;ST_Status8;CD_Comissionado2;NM_Fantasia_Comissionado2;CD_Tipo_Ponto_Venda3;NM_Fantasia_Ponto_Venda2;CD_Tipo_Ponto_Venda4;NM_Tipo_Ponto_Venda2;NM_Filial_Venda2;Nivel_Servico8;Tempo_Processo8;DH_Conclusao8;NM_Atividade1;Nivel_Servico_Atividade1;DT_Inicio_Atividade1;DT_Fim_Atividade1;NM_Usuario_Atividade1;Tempo_Processo_Atividade1
0000367751;24/11/2023 10:11:14;" DANIELY MENDONCA DE FREITAS";" Pagamento de crédito";" 258- AQUISIÇÃO E REEMBOLSO-MÓVEL COM REGISTRO";345.681.838-63;" EVERTON NOGUEIRA FERREIRA";030465/0214-00;;" Andamento";072640;São Caetano do Sul;207;SICREDI VALE DO PIQUIRI ABCD P;207;SUREG Vale do Piquiri PR;CENTRAL SICREDI PR/SP/RJ;105.0 Hora(s);2d22h01m;"                   ";ANALISAR DOCUMENTOS PARA LIBERAÇÃO 2ª ETAPA;18h00m;27/11/2023 08:27:14;"                   ";;0h00m
0000367751;24/11/2023 10:11:14;" DANIELY MENDONCA DE FREITAS";" Pagamento de crédito";" 258- AQUISIÇÃO E REEMBOLSO-MÓVEL COM REGISTRO";345.681.838-63;" EVERTON NOGUEIRA FERREIRA";030465/0214-00;;" Andamento";072640;São Caetano do Sul;207;SICREDI VALE DO PIQUIRI ABCD P;207;SUREG Vale do Piquiri PR;CENTRAL SICREDI PR/SP/RJ;105.0 Hora(s);2d22h01m;27/11/2023 08:27:14;EMITIR DOCUMENTOS PARA LIBERAÇÃO;18h00m;24/11/2023 15:03:27;27/11/2023 08:27:14;DANIELY MENDONCA DE FREITAS;0h00m
0000367751;24/11/2023 10:11:14;" DANIELY MENDONCA DE FREITAS";" Pagamento de crédito";" 258- AQUISIÇÃO E REEMBOLSO-MÓVEL COM REGISTRO";345.681.838-63;" EVERTON NOGUEIRA FERREIRA";030465/0214-00;;" Andamento";072640;São Caetano do Sul;207;SICREDI VALE DO PIQUIRI ABCD P;207;SUREG Vale do Piquiri PR;CENTRAL SICREDI PR/SP/RJ;105.0 Hora(s);2d22h01m;24/11/2023 15:03:27;REGISTRAR CONTRATO MANUALMENTE;1h00m;24/11/2023 15:03:20;24/11/2023 15:03:27;Bianca Peck Berwanger;0h00m
0000367751;24/11/2023 10:11:14;" DANIELY MENDONCA DE FREITAS";" Pagamento de crédito";" 258- AQUISIÇÃO E REEMBOLSO-MÓVEL COM REGISTRO";345.681.838-63;" EVERTON NOGUEIRA FERREIRA";030465/0214-00;;" Andamento";072640;São Caetano do Sul;207;SICREDI VALE DO PIQUIRI ABCD P;207;SUREG Vale do Piquiri PR;CENTRAL SICREDI PR/SP/RJ;105.0 Hora(s);2d22h01m;24/11/2023 15:03:20;ALIENAR O BEM;1h00m;24/11/2023 15:02:48;24/11/2023 15:03:20;Bianca Peck Berwanger;0h01m
0000367751;24/11/2023 10:11:14;" DANIELY MENDONCA DE FREITAS";" Pagamento de crédito";" 258- AQUISIÇÃO E REEMBOLSO-MÓVEL COM REGISTRO";345.681.838-63;" EVERTON NOGUEIRA FERREIRA";030465/0214-00;;" Andamento";072640;São Caetano do Sul;207;SICREDI VALE DO PIQUIRI ABCD P;207;SUREG Vale do Piquiri PR;CENTRAL SICREDI PR/SP/RJ;105.0 Hora(s);2d22h01m;24/11/2023 15:02:48;FINALIZAR CADASTRO DO BEM;1h00m;24/11/2023 15:02:41;24/11/2023 15:02:48;Bianca Peck Berwanger;0h00m
0000367751;24/11/2023 10:11:14;" DANIELY MENDONCA DE FREITAS";" Pagamento de crédito";" 258- AQUISIÇÃO E REEMBOLSO-MÓVEL COM REGISTRO";345.681.838-63;" EVERTON NOGUEIRA FERREIRA";030465/0214-00;;" Andamento";072640;São Caetano do Sul;207;SICREDI VALE DO PIQUIRI ABCD P;207;SUREG Vale do Piquiri PR;CENTRAL SICREDI PR/SP/RJ;105.0 Hora(s);2d22h01m;24/11/2023 15:02:40;ANÁLISE DE DOCUMENTOS 1ª ETAPA;18h00m;24/11/2023 10:27:52;24/11/2023 15:02:40;Bianca Peck Berwanger;0h43m
0000367751;24/11/2023 10:11:14;" DANIELY MENDONCA DE FREITAS";" Pagamento de crédito";" 258- AQUISIÇÃO E REEMBOLSO-MÓVEL COM REGISTRO";345.681.838-63;" EVERTON NOGUEIRA FERREIRA";030465/0214-00;;" Andamento";072640;São Caetano do Sul;207;SICREDI VALE DO PIQUIRI ABCD P;207;SUREG Vale do Piquiri PR;CENTRAL SICREDI PR/SP/RJ;105.0 Hora(s);2d22h01m;24/11/2023 10:27:52;ENVIAR DOCUMENTOS;1d21h00m;24/11/2023 10:26:25;24/11/2023 10:27:52;DANIELY MENDONCA DE FREITAS;0h00m
0000367751;24/11/2023 10:11:14;" DANIELY MENDONCA DE FREITAS";" Pagamento de crédito";" 258- AQUISIÇÃO E REEMBOLSO-MÓVEL COM REGISTRO";345.681.838-63;" EVERTON NOGUEIRA FERREIRA";030465/0214-00;;" Andamento";072640;São Caetano do Sul;207;SICREDI VALE DO PIQUIRI ABCD P;207;SUREG Vale do Piquiri PR;CENTRAL SICREDI PR/SP/RJ;105.0 Hora(s);2d22h01m;24/11/2023 10:26:25;AUTORIZAÇÃO DE FATURAMENTO;0h00m;24/11/2023 10:26:23;24/11/2023 10:26:25;;0h00m
0000367751;24/11/2023 10:11:14;" DANIELY MENDONCA DE FREITAS";" Pagamento de crédito";" 258- AQUISIÇÃO E REEMBOLSO-MÓVEL COM REGISTRO";345.681.838-63;" EVERTON NOGUEIRA FERREIRA";030465/0214-00;;" Andamento";072640;São Caetano do Sul;207;SICREDI VALE DO PIQUIRI ABCD P;207;SUREG Vale do Piquiri PR;CENTRAL SICREDI PR/SP/RJ;105.0 Hora(s);2d22h01m;"                   ";;;;;;
0000367751;24/11/2023 10:11:14;" DANIELY MENDONCA DE FREITAS";" Pagamento de crédito";" 258- AQUISIÇÃO E REEMBOLSO-MÓVEL COM REGISTRO";345.681.838-63;" EVERTON NOGUEIRA FERREIRA";030465/0214-00;;" Andamento";072640;São Caetano do Sul;207;SICREDI VALE DO PIQUIRI ABCD P;207;SUREG Vale do Piquiri PR;CENTRAL SICREDI PR/SP/RJ;105.0 Hora(s);2d22h01m;27/11/2023 08:27:14;;;;;;
0000367751;24/11/2023 10:11:14;" DANIELY MENDONCA DE FREITAS";" Pagamento de crédito";" 258- AQUISIÇÃO E REEMBOLSO-MÓVEL COM REGISTRO";345.681.838-63;" EVERTON NOGUEIRA FERREIRA";030465/0214-00;;" Andamento";072640;São Caetano do Sul;207;SICREDI VALE DO PIQUIRI ABCD P;207;SUREG Vale do Piquiri PR;CENTRAL SICREDI PR/SP/RJ;105.0 Hora(s);2d22h01m;24/11/2023 15:03:27;;;;;;
0000367751;24/11/2023 10:11:14;" DANIELY MENDONCA DE FREITAS";" Pagamento de crédito";" 258- AQUISIÇÃO E REEMBOLSO-MÓVEL COM REGISTRO";345.681.838-63;" EVERTON NOGUEIRA FERREIRA";030465/0214-00;;" Andamento";072640;São Caetano do Sul;207;SICREDI VALE DO PIQUIRI ABCD P;207;SUREG Vale do Piquiri PR;CENTRAL SICREDI PR/SP/RJ;105.0 Hora(s);2d22h01m;24/11/2023 15:03:20;;;;;;
0000367751;24/11/2023 10:11:14;" DANIELY MENDONCA DE FREITAS";" Pagamento de crédito";" 258- AQUISIÇÃO E REEMBOLSO-MÓVEL COM REGISTRO";345.681.838-63;" EVERTON NOGUEIRA FERREIRA";030465/0214-00;;" Andamento";072640;São Caetano do Sul;207;SICREDI VALE DO PIQUIRI ABCD P;207;SUREG Vale do Piquiri PR;CENTRAL SICREDI PR/SP/RJ;105.0 Hora(s);2d22h01m;24/11/2023 15:02:48;;;;;;
0000367751;24/11/2023 10:11:14;" DANIELY MENDONCA DE FREITAS";" Pagamento de crédito";" 258- AQUISIÇÃO E REEMBOLSO-MÓVEL COM REGISTRO";345.681.838-63;" EVERTON NOGUEIRA FERREIRA";030465/0214-00;;" Andamento";072640;São Caetano do Sul;207;SICREDI VALE DO PIQUIRI ABCD P;207;SUREG Vale do Piquiri PR;CENTRAL SICREDI PR/SP/RJ;105.0 Hora(s);2d22h01m;24/11/2023 15:02:40;;;;;;
0000367751;24/11/2023 10:11:14;" DANIELY MENDONCA DE FREITAS";" Pagamento de crédito";" 258- AQUISIÇÃO E REEMBOLSO-MÓVEL COM REGISTRO";345.681.838-63;" EVERTON NOGUEIRA FERREIRA";030465/0214-00;;" Andamento";072640;São Caetano do Sul;207;SICREDI VALE DO PIQUIRI ABCD P;207;SUREG Vale do Piquiri PR;CENTRAL SICREDI PR/SP/RJ;105.0 Hora(s);2d22h01m;24/11/2023 10:27:52;;;;;;
0000367751;24/11/2023 10:11:14;" DANIELY MENDONCA DE FREITAS";" Pagamento de crédito";" 258- AQUISIÇÃO E REEMBOLSO-MÓVEL COM REGISTRO";345.681.838-63;" EVERTON NOGUEIRA FERREIRA";030465/0214-00;;" Andamento";072640;São Caetano do Sul;207;SICREDI VALE DO PIQUIRI ABCD P;207;SUREG Vale do Piquiri PR;CENTRAL SICREDI PR/SP/RJ;105.0 Hora(s);2d22h01m;24/11/2023 10:26:25;;;;;;
