﻿ID_Processo7;DT_Solicitacao8;NM_Usuario_Solicitacao8;NM_Tipo_Processo8;NM_Processo8;CD_Inscricao_Nacional8;NM_Pessoa8;Usuário;Grupo_Cota_Outros8;ST_Status8;CD_Comissionado2;NM_Fantasia_Comissionado2;CD_Tipo_Ponto_Venda3;NM_Fantasia_Ponto_Venda2;CD_Tipo_Ponto_Venda4;NM_Tipo_Ponto_Venda2;NM_Filial_Venda2;Nivel_Servico8;Tempo_Processo8;DH_Conclusao8;NM_Atividade1;Nivel_Servico_Atividade1;DT_Inicio_Atividade1;DT_Fim_Atividade1;NM_Usuario_Atividade1;Tempo_Processo_Atividade1
0000356808;13/11/2023 10:11:00;" DANIELY MENDONCA DE FREITAS";" Pagamento de crédito";" 258- AQUISIÇÃO E REEMBOLSO-MÓVEL COM REGISTRO";039.405.959-00;" NELIO ALCEU MERTINS";030452/0386-00;;" Concluído";072650;Palotina - Morada do Sol;207;SICREDI VALE DO PIQUIRI ABCD P;207;SUREG Vale do Piquiri PR;CENTRAL SICREDI PR/SP/RJ;105.0 Hora(s);3d1h18m;16/11/2023 11:38:05;LIBERAR PAGAMENTOS;0h00m;14/11/2023 16:15:32;16/11/2023 11:38:05;Kelen Hahn Paulo;0h00m
0000356808;13/11/2023 10:11:00;" DANIELY MENDONCA DE FREITAS";" Pagamento de crédito";" 258- AQUISIÇÃO E REEMBOLSO-MÓVEL COM REGISTRO";039.405.959-00;" NELIO ALCEU MERTINS";030452/0386-00;;" Concluído";072650;Palotina - Morada do Sol;207;SICREDI VALE DO PIQUIRI ABCD P;207;SUREG Vale do Piquiri PR;CENTRAL SICREDI PR/SP/RJ;105.0 Hora(s);3d1h18m;14/11/2023 16:15:31;APROVAR PAGAMENTO;1h00m;14/11/2023 16:15:23;14/11/2023 16:15:31;KELLY DA ROCHA KASPER;0h00m
0000356808;13/11/2023 10:11:00;" DANIELY MENDONCA DE FREITAS";" Pagamento de crédito";" 258- AQUISIÇÃO E REEMBOLSO-MÓVEL COM REGISTRO";039.405.959-00;" NELIO ALCEU MERTINS";030452/0386-00;;" Concluído";072650;Palotina - Morada do Sol;207;SICREDI VALE DO PIQUIRI ABCD P;207;SUREG Vale do Piquiri PR;CENTRAL SICREDI PR/SP/RJ;105.0 Hora(s);3d1h18m;14/11/2023 16:15:23;PROGRAMAR PAGAMENTO;1h00m;14/11/2023 16:14:18;14/11/2023 16:15:23;KELLY DA ROCHA KASPER;0h01m
0000356808;13/11/2023 10:11:00;" DANIELY MENDONCA DE FREITAS";" Pagamento de crédito";" 258- AQUISIÇÃO E REEMBOLSO-MÓVEL COM REGISTRO";039.405.959-00;" NELIO ALCEU MERTINS";030452/0386-00;;" Concluído";072650;Palotina - Morada do Sol;207;SICREDI VALE DO PIQUIRI ABCD P;207;SUREG Vale do Piquiri PR;CENTRAL SICREDI PR/SP/RJ;105.0 Hora(s);3d1h18m;14/11/2023 16:14:18;ANALISAR DOCUMENTOS PARA LIBERAÇÃO 2ª ETAPA;18h00m;14/11/2023 10:43:44;14/11/2023 16:14:18;KELLY DA ROCHA KASPER;0h03m
0000356808;13/11/2023 10:11:00;" DANIELY MENDONCA DE FREITAS";" Pagamento de crédito";" 258- AQUISIÇÃO E REEMBOLSO-MÓVEL COM REGISTRO";039.405.959-00;" NELIO ALCEU MERTINS";030452/0386-00;;" Concluído";072650;Palotina - Morada do Sol;207;SICREDI VALE DO PIQUIRI ABCD P;207;SUREG Vale do Piquiri PR;CENTRAL SICREDI PR/SP/RJ;105.0 Hora(s);3d1h18m;14/11/2023 10:43:44;EMITIR DOCUMENTOS PARA LIBERAÇÃO;18h00m;13/11/2023 18:25:54;14/11/2023 10:43:44;DANIELY MENDONCA DE FREITAS;0h00m
0000356808;13/11/2023 10:11:00;" DANIELY MENDONCA DE FREITAS";" Pagamento de crédito";" 258- AQUISIÇÃO E REEMBOLSO-MÓVEL COM REGISTRO";039.405.959-00;" NELIO ALCEU MERTINS";030452/0386-00;;" Concluído";072650;Palotina - Morada do Sol;207;SICREDI VALE DO PIQUIRI ABCD P;207;SUREG Vale do Piquiri PR;CENTRAL SICREDI PR/SP/RJ;105.0 Hora(s);3d1h18m;13/11/2023 18:25:54;REGISTRAR CONTRATO MANUALMENTE;1h00m;13/11/2023 15:58:30;13/11/2023 18:25:54;Bianca Peck Berwanger;0h00m
0000356808;13/11/2023 10:11:00;" DANIELY MENDONCA DE FREITAS";" Pagamento de crédito";" 258- AQUISIÇÃO E REEMBOLSO-MÓVEL COM REGISTRO";039.405.959-00;" NELIO ALCEU MERTINS";030452/0386-00;;" Concluído";072650;Palotina - Morada do Sol;207;SICREDI VALE DO PIQUIRI ABCD P;207;SUREG Vale do Piquiri PR;CENTRAL SICREDI PR/SP/RJ;105.0 Hora(s);3d1h18m;13/11/2023 15:58:30;ALIENAR O BEM;1h00m;13/11/2023 15:56:47;13/11/2023 15:58:30;Bianca Peck Berwanger;0h02m
0000356808;13/11/2023 10:11:00;" DANIELY MENDONCA DE FREITAS";" Pagamento de crédito";" 258- AQUISIÇÃO E REEMBOLSO-MÓVEL COM REGISTRO";039.405.959-00;" NELIO ALCEU MERTINS";030452/0386-00;;" Concluído";072650;Palotina - Morada do Sol;207;SICREDI VALE DO PIQUIRI ABCD P;207;SUREG Vale do Piquiri PR;CENTRAL SICREDI PR/SP/RJ;105.0 Hora(s);3d1h18m;13/11/2023 15:56:47;FINALIZAR CADASTRO DO BEM;1h00m;13/11/2023 15:56:40;13/11/2023 15:56:47;Bianca Peck Berwanger;0h00m
0000356808;13/11/2023 10:11:00;" DANIELY MENDONCA DE FREITAS";" Pagamento de crédito";" 258- AQUISIÇÃO E REEMBOLSO-MÓVEL COM REGISTRO";039.405.959-00;" NELIO ALCEU MERTINS";030452/0386-00;;" Concluído";072650;Palotina - Morada do Sol;207;SICREDI VALE DO PIQUIRI ABCD P;207;SUREG Vale do Piquiri PR;CENTRAL SICREDI PR/SP/RJ;105.0 Hora(s);3d1h18m;13/11/2023 15:56:40;ANÁLISE DE DOCUMENTOS 1ª ETAPA;18h00m;13/11/2023 10:22:23;13/11/2023 15:56:40;Bianca Peck Berwanger;0h05m
0000356808;13/11/2023 10:11:00;" DANIELY MENDONCA DE FREITAS";" Pagamento de crédito";" 258- AQUISIÇÃO E REEMBOLSO-MÓVEL COM REGISTRO";039.405.959-00;" NELIO ALCEU MERTINS";030452/0386-00;;" Concluído";072650;Palotina - Morada do Sol;207;SICREDI VALE DO PIQUIRI ABCD P;207;SUREG Vale do Piquiri PR;CENTRAL SICREDI PR/SP/RJ;105.0 Hora(s);3d1h18m;13/11/2023 10:22:23;ENVIAR DOCUMENTOS;1d21h00m;13/11/2023 10:21:40;13/11/2023 10:22:23;DANIELY MENDONCA DE FREITAS;0h00m
0000356808;13/11/2023 10:11:00;" DANIELY MENDONCA DE FREITAS";" Pagamento de crédito";" 258- AQUISIÇÃO E REEMBOLSO-MÓVEL COM REGISTRO";039.405.959-00;" NELIO ALCEU MERTINS";030452/0386-00;;" Concluído";072650;Palotina - Morada do Sol;207;SICREDI VALE DO PIQUIRI ABCD P;207;SUREG Vale do Piquiri PR;CENTRAL SICREDI PR/SP/RJ;105.0 Hora(s);3d1h18m;13/11/2023 10:21:40;AUTORIZAÇÃO DE FATURAMENTO;0h00m;13/11/2023 10:20:57;13/11/2023 10:21:40;;0h00m
0000356803;13/11/2023 10:11:24;" DANIELY MENDONCA DE FREITAS";" Pagamento de crédito";" 258- AQUISIÇÃO E REEMBOLSO-MÓVEL COM REGISTRO";039.405.959-00;" NELIO ALCEU MERTINS";030452/0386-00;;" Reprovado";072650;Palotina - Morada do Sol;207;SICREDI VALE DO PIQUIRI ABCD P;207;SUREG Vale do Piquiri PR;CENTRAL SICREDI PR/SP/RJ;105.0 Hora(s);0h04m;13/11/2023 10:12:34;ENVIAR DOCUMENTOS;1d21h00m;13/11/2023 10:09:15;13/11/2023 10:12:34;DANIELY MENDONCA DE FREITAS;0h00m
0000356803;13/11/2023 10:11:24;" DANIELY MENDONCA DE FREITAS";" Pagamento de crédito";" 258- AQUISIÇÃO E REEMBOLSO-MÓVEL COM REGISTRO";039.405.959-00;" NELIO ALCEU MERTINS";030452/0386-00;;" Reprovado";072650;Palotina - Morada do Sol;207;SICREDI VALE DO PIQUIRI ABCD P;207;SUREG Vale do Piquiri PR;CENTRAL SICREDI PR/SP/RJ;105.0 Hora(s);0h04m;13/11/2023 10:09:15;AUTORIZAÇÃO DE FATURAMENTO;0h00m;13/11/2023 10:08:55;13/11/2023 10:09:15;;0h00m
0000356803;13/11/2023 10:11:24;" DANIELY MENDONCA DE FREITAS";" Pagamento de crédito";" 258- AQUISIÇÃO E REEMBOLSO-MÓVEL COM REGISTRO";039.405.959-00;" NELIO ALCEU MERTINS";030452/0386-00;;" Reprovado";072650;Palotina - Morada do Sol;207;SICREDI VALE DO PIQUIRI ABCD P;207;SUREG Vale do Piquiri PR;CENTRAL SICREDI PR/SP/RJ;105.0 Hora(s);0h04m;13/11/2023 10:12:34;;;;;;
0000356803;13/11/2023 10:11:24;" DANIELY MENDONCA DE FREITAS";" Pagamento de crédito";" 258- AQUISIÇÃO E REEMBOLSO-MÓVEL COM REGISTRO";039.405.959-00;" NELIO ALCEU MERTINS";030452/0386-00;;" Reprovado";072650;Palotina - Morada do Sol;207;SICREDI VALE DO PIQUIRI ABCD P;207;SUREG Vale do Piquiri PR;CENTRAL SICREDI PR/SP/RJ;105.0 Hora(s);0h04m;13/11/2023 10:09:15;;;;;;
0000356808;13/11/2023 10:11:00;" DANIELY MENDONCA DE FREITAS";" Pagamento de crédito";" 258- AQUISIÇÃO E REEMBOLSO-MÓVEL COM REGISTRO";039.405.959-00;" NELIO ALCEU MERTINS";030452/0386-00;;" Concluído";072650;Palotina - Morada do Sol;207;SICREDI VALE DO PIQUIRI ABCD P;207;SUREG Vale do Piquiri PR;CENTRAL SICREDI PR/SP/RJ;105.0 Hora(s);3d1h18m;16/11/2023 11:38:05;;;;;;
0000356808;13/11/2023 10:11:00;" DANIELY MENDONCA DE FREITAS";" Pagamento de crédito";" 258- AQUISIÇÃO E REEMBOLSO-MÓVEL COM REGISTRO";039.405.959-00;" NELIO ALCEU MERTINS";030452/0386-00;;" Concluído";072650;Palotina - Morada do Sol;207;SICREDI VALE DO PIQUIRI ABCD P;207;SUREG Vale do Piquiri PR;CENTRAL SICREDI PR/SP/RJ;105.0 Hora(s);3d1h18m;14/11/2023 16:15:31;;;;;;
0000356808;13/11/2023 10:11:00;" DANIELY MENDONCA DE FREITAS";" Pagamento de crédito";" 258- AQUISIÇÃO E REEMBOLSO-MÓVEL COM REGISTRO";039.405.959-00;" NELIO ALCEU MERTINS";030452/0386-00;;" Concluído";072650;Palotina - Morada do Sol;207;SICREDI VALE DO PIQUIRI ABCD P;207;SUREG Vale do Piquiri PR;CENTRAL SICREDI PR/SP/RJ;105.0 Hora(s);3d1h18m;14/11/2023 16:15:23;;;;;;
0000356808;13/11/2023 10:11:00;" DANIELY MENDONCA DE FREITAS";" Pagamento de crédito";" 258- AQUISIÇÃO E REEMBOLSO-MÓVEL COM REGISTRO";039.405.959-00;" NELIO ALCEU MERTINS";030452/0386-00;;" Concluído";072650;Palotina - Morada do Sol;207;SICREDI VALE DO PIQUIRI ABCD P;207;SUREG Vale do Piquiri PR;CENTRAL SICREDI PR/SP/RJ;105.0 Hora(s);3d1h18m;14/11/2023 16:14:18;;;;;;
0000356808;13/11/2023 10:11:00;" DANIELY MENDONCA DE FREITAS";" Pagamento de crédito";" 258- AQUISIÇÃO E REEMBOLSO-MÓVEL COM REGISTRO";039.405.959-00;" NELIO ALCEU MERTINS";030452/0386-00;;" Concluído";072650;Palotina - Morada do Sol;207;SICREDI VALE DO PIQUIRI ABCD P;207;SUREG Vale do Piquiri PR;CENTRAL SICREDI PR/SP/RJ;105.0 Hora(s);3d1h18m;14/11/2023 10:43:44;;;;;;
0000356808;13/11/2023 10:11:00;" DANIELY MENDONCA DE FREITAS";" Pagamento de crédito";" 258- AQUISIÇÃO E REEMBOLSO-MÓVEL COM REGISTRO";039.405.959-00;" NELIO ALCEU MERTINS";030452/0386-00;;" Concluído";072650;Palotina - Morada do Sol;207;SICREDI VALE DO PIQUIRI ABCD P;207;SUREG Vale do Piquiri PR;CENTRAL SICREDI PR/SP/RJ;105.0 Hora(s);3d1h18m;13/11/2023 18:25:54;;;;;;
0000356808;13/11/2023 10:11:00;" DANIELY MENDONCA DE FREITAS";" Pagamento de crédito";" 258- AQUISIÇÃO E REEMBOLSO-MÓVEL COM REGISTRO";039.405.959-00;" NELIO ALCEU MERTINS";030452/0386-00;;" Concluído";072650;Palotina - Morada do Sol;207;SICREDI VALE DO PIQUIRI ABCD P;207;SUREG Vale do Piquiri PR;CENTRAL SICREDI PR/SP/RJ;105.0 Hora(s);3d1h18m;13/11/2023 15:58:30;;;;;;
0000356808;13/11/2023 10:11:00;" DANIELY MENDONCA DE FREITAS";" Pagamento de crédito";" 258- AQUISIÇÃO E REEMBOLSO-MÓVEL COM REGISTRO";039.405.959-00;" NELIO ALCEU MERTINS";030452/0386-00;;" Concluído";072650;Palotina - Morada do Sol;207;SICREDI VALE DO PIQUIRI ABCD P;207;SUREG Vale do Piquiri PR;CENTRAL SICREDI PR/SP/RJ;105.0 Hora(s);3d1h18m;13/11/2023 15:56:47;;;;;;
0000356808;13/11/2023 10:11:00;" DANIELY MENDONCA DE FREITAS";" Pagamento de crédito";" 258- AQUISIÇÃO E REEMBOLSO-MÓVEL COM REGISTRO";039.405.959-00;" NELIO ALCEU MERTINS";030452/0386-00;;" Concluído";072650;Palotina - Morada do Sol;207;SICREDI VALE DO PIQUIRI ABCD P;207;SUREG Vale do Piquiri PR;CENTRAL SICREDI PR/SP/RJ;105.0 Hora(s);3d1h18m;13/11/2023 15:56:40;;;;;;
0000356808;13/11/2023 10:11:00;" DANIELY MENDONCA DE FREITAS";" Pagamento de crédito";" 258- AQUISIÇÃO E REEMBOLSO-MÓVEL COM REGISTRO";039.405.959-00;" NELIO ALCEU MERTINS";030452/0386-00;;" Concluído";072650;Palotina - Morada do Sol;207;SICREDI VALE DO PIQUIRI ABCD P;207;SUREG Vale do Piquiri PR;CENTRAL SICREDI PR/SP/RJ;105.0 Hora(s);3d1h18m;13/11/2023 10:22:23;;;;;;
0000356808;13/11/2023 10:11:00;" DANIELY MENDONCA DE FREITAS";" Pagamento de crédito";" 258- AQUISIÇÃO E REEMBOLSO-MÓVEL COM REGISTRO";039.405.959-00;" NELIO ALCEU MERTINS";030452/0386-00;;" Concluído";072650;Palotina - Morada do Sol;207;SICREDI VALE DO PIQUIRI ABCD P;207;SUREG Vale do Piquiri PR;CENTRAL SICREDI PR/SP/RJ;105.0 Hora(s);3d1h18m;13/11/2023 10:21:40;;;;;;
