﻿ID_Processo7;DT_Solicitacao8;NM_Usuario_Solicitacao8;NM_Tipo_Processo8;NM_Processo8;CD_Inscricao_Nacional8;NM_Pessoa8;Usuário;Grupo_Cota_Outros8;ST_Status8;CD_Comissionado2;NM_Fantasia_Comissionado2;CD_Tipo_Ponto_Venda3;NM_Fantasia_Ponto_Venda2;CD_Tipo_Ponto_Venda4;NM_Tipo_Ponto_Venda2;NM_Filial_Venda2;Nivel_Servico8;Tempo_Processo8;DH_Conclusao8;NM_Atividade1;Nivel_Servico_Atividade1;DT_Inicio_Atividade1;DT_Fim_Atividade1;NM_Usuario_Atividade1;Tempo_Processo_Atividade1
0000366472;21/11/2023 15:11:37;" Gabriel da Silva Rodrigues";" Pagamento de crédito";" 258- AQUISIÇÃO E REEMBOLSO-MÓVEL COM REGISTRO";119.071.746-80;" LETICIA MAC INTYER BORGES DE OLIVEIRA";030512/0450-00;;" Aguardando Regularização";021748;Alfenas;104;SICREDI UNIESTADOS;104;SUREG Erechim RS;CENTRAL SICREDI SUL/SUDESTE;105.0 Hora(s);2d0h39m;"                   ";REGULARIZAR DOCUMENTOS INICIAIS;0h00m;23/11/2023 16:32:10;"                   ";;0h00m
0000366472;21/11/2023 15:11:37;" Gabriel da Silva Rodrigues";" Pagamento de crédito";" 258- AQUISIÇÃO E REEMBOLSO-MÓVEL COM REGISTRO";119.071.746-80;" LETICIA MAC INTYER BORGES DE OLIVEIRA";030512/0450-00;;" Aguardando Regularização";021748;Alfenas;104;SICREDI UNIESTADOS;104;SUREG Erechim RS;CENTRAL SICREDI SUL/SUDESTE;105.0 Hora(s);2d0h39m;23/11/2023 16:32:10;ANÁLISE DE DOCUMENTOS 1ª ETAPA;18h00m;22/11/2023 10:56:23;23/11/2023 16:32:10;João Pedro Pieluhowski Silva;0h04m
0000366472;21/11/2023 15:11:37;" Gabriel da Silva Rodrigues";" Pagamento de crédito";" 258- AQUISIÇÃO E REEMBOLSO-MÓVEL COM REGISTRO";119.071.746-80;" LETICIA MAC INTYER BORGES DE OLIVEIRA";030512/0450-00;;" Aguardando Regularização";021748;Alfenas;104;SICREDI UNIESTADOS;104;SUREG Erechim RS;CENTRAL SICREDI SUL/SUDESTE;105.0 Hora(s);2d0h39m;22/11/2023 10:56:23;ENVIAR DOCUMENTOS;1d21h00m;21/11/2023 15:54:38;22/11/2023 10:56:23;Tamires Faria Laurindo;0h00m
0000366472;21/11/2023 15:11:37;" Gabriel da Silva Rodrigues";" Pagamento de crédito";" 258- AQUISIÇÃO E REEMBOLSO-MÓVEL COM REGISTRO";119.071.746-80;" LETICIA MAC INTYER BORGES DE OLIVEIRA";030512/0450-00;;" Aguardando Regularização";021748;Alfenas;104;SICREDI UNIESTADOS;104;SUREG Erechim RS;CENTRAL SICREDI SUL/SUDESTE;105.0 Hora(s);2d0h39m;21/11/2023 15:54:38;AUTORIZAÇÃO DE FATURAMENTO;0h00m;21/11/2023 15:53:23;21/11/2023 15:54:38;;0h00m
0000366472;21/11/2023 15:11:37;" Gabriel da Silva Rodrigues";" Pagamento de crédito";" 258- AQUISIÇÃO E REEMBOLSO-MÓVEL COM REGISTRO";119.071.746-80;" LETICIA MAC INTYER BORGES DE OLIVEIRA";030512/0450-00;;" Aguardando Regularização";021748;Alfenas;104;SICREDI UNIESTADOS;104;SUREG Erechim RS;CENTRAL SICREDI SUL/SUDESTE;105.0 Hora(s);2d0h39m;"                   ";;;;;;
0000366472;21/11/2023 15:11:37;" Gabriel da Silva Rodrigues";" Pagamento de crédito";" 258- AQUISIÇÃO E REEMBOLSO-MÓVEL COM REGISTRO";119.071.746-80;" LETICIA MAC INTYER BORGES DE OLIVEIRA";030512/0450-00;;" Aguardando Regularização";021748;Alfenas;104;SICREDI UNIESTADOS;104;SUREG Erechim RS;CENTRAL SICREDI SUL/SUDESTE;105.0 Hora(s);2d0h39m;23/11/2023 16:32:10;;;;;;
0000366472;21/11/2023 15:11:37;" Gabriel da Silva Rodrigues";" Pagamento de crédito";" 258- AQUISIÇÃO E REEMBOLSO-MÓVEL COM REGISTRO";119.071.746-80;" LETICIA MAC INTYER BORGES DE OLIVEIRA";030512/0450-00;;" Aguardando Regularização";021748;Alfenas;104;SICREDI UNIESTADOS;104;SUREG Erechim RS;CENTRAL SICREDI SUL/SUDESTE;105.0 Hora(s);2d0h39m;22/11/2023 10:56:23;;;;;;
0000366472;21/11/2023 15:11:37;" Gabriel da Silva Rodrigues";" Pagamento de crédito";" 258- AQUISIÇÃO E REEMBOLSO-MÓVEL COM REGISTRO";119.071.746-80;" LETICIA MAC INTYER BORGES DE OLIVEIRA";030512/0450-00;;" Aguardando Regularização";021748;Alfenas;104;SICREDI UNIESTADOS;104;SUREG Erechim RS;CENTRAL SICREDI SUL/SUDESTE;105.0 Hora(s);2d0h39m;21/11/2023 15:54:38;;;;;;
