﻿ID_Processo7;DT_Solicitacao8;NM_Usuario_Solicitacao8;NM_Tipo_Processo8;NM_Processo8;CD_Inscricao_Nacional8;NM_Pessoa8;Usuário;Grupo_Cota_Outros8;ST_Status8;CD_Comissionado2;NM_Fantasia_Comissionado2;CD_Tipo_Ponto_Venda3;NM_Fantasia_Ponto_Venda2;CD_Tipo_Ponto_Venda4;NM_Tipo_Ponto_Venda2;NM_Filial_Venda2;Nivel_Servico8;Tempo_Processo8;DH_Conclusao8;NM_Atividade1;Nivel_Servico_Atividade1;DT_Inicio_Atividade1;DT_Fim_Atividade1;NM_Usuario_Atividade1;Tempo_Processo_Atividade1
0000356410;09/11/2023 15:11:50;" TAISE PAMELA MAZUTTI";" Pagamento de crédito";" 258- AQUISIÇÃO E REEMBOLSO-MÓVEL COM REGISTRO";944.941.500-53;" JOSIANE BALDISSERA";050069/0037-00;;" Concluído";021702;Gaurama;104;SICREDI UNIESTADOS;104;SUREG Erechim RS;CENTRAL SICREDI SUL/SUDESTE;105.0 Hora(s);6d19h58m;16/11/2023 11:38:05;LIBERAR PAGAMENTOS;0h00m;14/11/2023 16:15:53;16/11/2023 11:38:05;Kelen Hahn Paulo;0h00m
0000356410;09/11/2023 15:11:50;" TAISE PAMELA MAZUTTI";" Pagamento de crédito";" 258- AQUISIÇÃO E REEMBOLSO-MÓVEL COM REGISTRO";944.941.500-53;" JOSIANE BALDISSERA";050069/0037-00;;" Concluído";021702;Gaurama;104;SICREDI UNIESTADOS;104;SUREG Erechim RS;CENTRAL SICREDI SUL/SUDESTE;105.0 Hora(s);6d19h58m;14/11/2023 16:15:53;APROVAR PAGAMENTO;1h00m;14/11/2023 16:15:48;14/11/2023 16:15:53;LARISSA JAENISCH DUTRA PINTO;0h00m
0000356410;09/11/2023 15:11:50;" TAISE PAMELA MAZUTTI";" Pagamento de crédito";" 258- AQUISIÇÃO E REEMBOLSO-MÓVEL COM REGISTRO";944.941.500-53;" JOSIANE BALDISSERA";050069/0037-00;;" Concluído";021702;Gaurama;104;SICREDI UNIESTADOS;104;SUREG Erechim RS;CENTRAL SICREDI SUL/SUDESTE;105.0 Hora(s);6d19h58m;14/11/2023 16:15:48;PROGRAMAR PAGAMENTO;1h00m;14/11/2023 16:15:35;14/11/2023 16:15:48;LARISSA JAENISCH DUTRA PINTO;0h00m
0000356410;09/11/2023 15:11:50;" TAISE PAMELA MAZUTTI";" Pagamento de crédito";" 258- AQUISIÇÃO E REEMBOLSO-MÓVEL COM REGISTRO";944.941.500-53;" JOSIANE BALDISSERA";050069/0037-00;;" Concluído";021702;Gaurama;104;SICREDI UNIESTADOS;104;SUREG Erechim RS;CENTRAL SICREDI SUL/SUDESTE;105.0 Hora(s);6d19h58m;14/11/2023 16:15:35;ANALISAR DOCUMENTOS PARA LIBERAÇÃO 2ª ETAPA;18h00m;14/11/2023 11:21:09;14/11/2023 16:15:35;LARISSA JAENISCH DUTRA PINTO;0h01m
0000356410;09/11/2023 15:11:50;" TAISE PAMELA MAZUTTI";" Pagamento de crédito";" 258- AQUISIÇÃO E REEMBOLSO-MÓVEL COM REGISTRO";944.941.500-53;" JOSIANE BALDISSERA";050069/0037-00;;" Concluído";021702;Gaurama;104;SICREDI UNIESTADOS;104;SUREG Erechim RS;CENTRAL SICREDI SUL/SUDESTE;105.0 Hora(s);6d19h58m;14/11/2023 11:21:08;EMITIR DOCUMENTOS PARA LIBERAÇÃO;18h00m;13/11/2023 09:16:07;14/11/2023 11:21:08;TAISE PAMELA MAZUTTI;0h00m
0000356410;09/11/2023 15:11:50;" TAISE PAMELA MAZUTTI";" Pagamento de crédito";" 258- AQUISIÇÃO E REEMBOLSO-MÓVEL COM REGISTRO";944.941.500-53;" JOSIANE BALDISSERA";050069/0037-00;;" Concluído";021702;Gaurama;104;SICREDI UNIESTADOS;104;SUREG Erechim RS;CENTRAL SICREDI SUL/SUDESTE;105.0 Hora(s);6d19h58m;13/11/2023 09:16:07;REGISTRAR CONTRATO MANUALMENTE;1h00m;13/11/2023 09:15:20;13/11/2023 09:16:07;Paola dos Santos Lima;0h00m
0000356410;09/11/2023 15:11:50;" TAISE PAMELA MAZUTTI";" Pagamento de crédito";" 258- AQUISIÇÃO E REEMBOLSO-MÓVEL COM REGISTRO";944.941.500-53;" JOSIANE BALDISSERA";050069/0037-00;;" Concluído";021702;Gaurama;104;SICREDI UNIESTADOS;104;SUREG Erechim RS;CENTRAL SICREDI SUL/SUDESTE;105.0 Hora(s);6d19h58m;13/11/2023 09:15:20;ALIENAR O BEM;1h00m;13/11/2023 09:14:16;13/11/2023 09:15:20;Paola dos Santos Lima;0h01m
0000356410;09/11/2023 15:11:50;" TAISE PAMELA MAZUTTI";" Pagamento de crédito";" 258- AQUISIÇÃO E REEMBOLSO-MÓVEL COM REGISTRO";944.941.500-53;" JOSIANE BALDISSERA";050069/0037-00;;" Concluído";021702;Gaurama;104;SICREDI UNIESTADOS;104;SUREG Erechim RS;CENTRAL SICREDI SUL/SUDESTE;105.0 Hora(s);6d19h58m;13/11/2023 09:14:16;FINALIZAR CADASTRO DO BEM;1h00m;13/11/2023 09:14:12;13/11/2023 09:14:16;Paola dos Santos Lima;0h00m
0000356410;09/11/2023 15:11:50;" TAISE PAMELA MAZUTTI";" Pagamento de crédito";" 258- AQUISIÇÃO E REEMBOLSO-MÓVEL COM REGISTRO";944.941.500-53;" JOSIANE BALDISSERA";050069/0037-00;;" Concluído";021702;Gaurama;104;SICREDI UNIESTADOS;104;SUREG Erechim RS;CENTRAL SICREDI SUL/SUDESTE;105.0 Hora(s);6d19h58m;13/11/2023 09:14:12;ANÁLISE DE DOCUMENTOS 1ª ETAPA;18h00m;10/11/2023 15:38:00;13/11/2023 09:14:12;Paola dos Santos Lima;0h06m
0000356410;09/11/2023 15:11:50;" TAISE PAMELA MAZUTTI";" Pagamento de crédito";" 258- AQUISIÇÃO E REEMBOLSO-MÓVEL COM REGISTRO";944.941.500-53;" JOSIANE BALDISSERA";050069/0037-00;;" Concluído";021702;Gaurama;104;SICREDI UNIESTADOS;104;SUREG Erechim RS;CENTRAL SICREDI SUL/SUDESTE;105.0 Hora(s);6d19h58m;10/11/2023 15:38:00;ENVIAR DOCUMENTOS;1d21h00m;09/11/2023 15:40:58;10/11/2023 15:38:00;TAISE PAMELA MAZUTTI;0h00m
0000356410;09/11/2023 15:11:50;" TAISE PAMELA MAZUTTI";" Pagamento de crédito";" 258- AQUISIÇÃO E REEMBOLSO-MÓVEL COM REGISTRO";944.941.500-53;" JOSIANE BALDISSERA";050069/0037-00;;" Concluído";021702;Gaurama;104;SICREDI UNIESTADOS;104;SUREG Erechim RS;CENTRAL SICREDI SUL/SUDESTE;105.0 Hora(s);6d19h58m;09/11/2023 15:40:57;AUTORIZAÇÃO DE FATURAMENTO;0h00m;09/11/2023 15:40:35;09/11/2023 15:40:57;;0h00m
0000356410;09/11/2023 15:11:50;" TAISE PAMELA MAZUTTI";" Pagamento de crédito";" 258- AQUISIÇÃO E REEMBOLSO-MÓVEL COM REGISTRO";944.941.500-53;" JOSIANE BALDISSERA";050069/0037-00;;" Concluído";021702;Gaurama;104;SICREDI UNIESTADOS;104;SUREG Erechim RS;CENTRAL SICREDI SUL/SUDESTE;105.0 Hora(s);6d19h58m;16/11/2023 11:38:05;;;;;;
0000356410;09/11/2023 15:11:50;" TAISE PAMELA MAZUTTI";" Pagamento de crédito";" 258- AQUISIÇÃO E REEMBOLSO-MÓVEL COM REGISTRO";944.941.500-53;" JOSIANE BALDISSERA";050069/0037-00;;" Concluído";021702;Gaurama;104;SICREDI UNIESTADOS;104;SUREG Erechim RS;CENTRAL SICREDI SUL/SUDESTE;105.0 Hora(s);6d19h58m;14/11/2023 16:15:53;;;;;;
0000356410;09/11/2023 15:11:50;" TAISE PAMELA MAZUTTI";" Pagamento de crédito";" 258- AQUISIÇÃO E REEMBOLSO-MÓVEL COM REGISTRO";944.941.500-53;" JOSIANE BALDISSERA";050069/0037-00;;" Concluído";021702;Gaurama;104;SICREDI UNIESTADOS;104;SUREG Erechim RS;CENTRAL SICREDI SUL/SUDESTE;105.0 Hora(s);6d19h58m;14/11/2023 16:15:48;;;;;;
0000356410;09/11/2023 15:11:50;" TAISE PAMELA MAZUTTI";" Pagamento de crédito";" 258- AQUISIÇÃO E REEMBOLSO-MÓVEL COM REGISTRO";944.941.500-53;" JOSIANE BALDISSERA";050069/0037-00;;" Concluído";021702;Gaurama;104;SICREDI UNIESTADOS;104;SUREG Erechim RS;CENTRAL SICREDI SUL/SUDESTE;105.0 Hora(s);6d19h58m;14/11/2023 16:15:35;;;;;;
0000356410;09/11/2023 15:11:50;" TAISE PAMELA MAZUTTI";" Pagamento de crédito";" 258- AQUISIÇÃO E REEMBOLSO-MÓVEL COM REGISTRO";944.941.500-53;" JOSIANE BALDISSERA";050069/0037-00;;" Concluído";021702;Gaurama;104;SICREDI UNIESTADOS;104;SUREG Erechim RS;CENTRAL SICREDI SUL/SUDESTE;105.0 Hora(s);6d19h58m;14/11/2023 11:21:08;;;;;;
0000356410;09/11/2023 15:11:50;" TAISE PAMELA MAZUTTI";" Pagamento de crédito";" 258- AQUISIÇÃO E REEMBOLSO-MÓVEL COM REGISTRO";944.941.500-53;" JOSIANE BALDISSERA";050069/0037-00;;" Concluído";021702;Gaurama;104;SICREDI UNIESTADOS;104;SUREG Erechim RS;CENTRAL SICREDI SUL/SUDESTE;105.0 Hora(s);6d19h58m;13/11/2023 09:16:07;;;;;;
0000356410;09/11/2023 15:11:50;" TAISE PAMELA MAZUTTI";" Pagamento de crédito";" 258- AQUISIÇÃO E REEMBOLSO-MÓVEL COM REGISTRO";944.941.500-53;" JOSIANE BALDISSERA";050069/0037-00;;" Concluído";021702;Gaurama;104;SICREDI UNIESTADOS;104;SUREG Erechim RS;CENTRAL SICREDI SUL/SUDESTE;105.0 Hora(s);6d19h58m;13/11/2023 09:15:20;;;;;;
0000356410;09/11/2023 15:11:50;" TAISE PAMELA MAZUTTI";" Pagamento de crédito";" 258- AQUISIÇÃO E REEMBOLSO-MÓVEL COM REGISTRO";944.941.500-53;" JOSIANE BALDISSERA";050069/0037-00;;" Concluído";021702;Gaurama;104;SICREDI UNIESTADOS;104;SUREG Erechim RS;CENTRAL SICREDI SUL/SUDESTE;105.0 Hora(s);6d19h58m;13/11/2023 09:14:16;;;;;;
0000356410;09/11/2023 15:11:50;" TAISE PAMELA MAZUTTI";" Pagamento de crédito";" 258- AQUISIÇÃO E REEMBOLSO-MÓVEL COM REGISTRO";944.941.500-53;" JOSIANE BALDISSERA";050069/0037-00;;" Concluído";021702;Gaurama;104;SICREDI UNIESTADOS;104;SUREG Erechim RS;CENTRAL SICREDI SUL/SUDESTE;105.0 Hora(s);6d19h58m;13/11/2023 09:14:12;;;;;;
0000356410;09/11/2023 15:11:50;" TAISE PAMELA MAZUTTI";" Pagamento de crédito";" 258- AQUISIÇÃO E REEMBOLSO-MÓVEL COM REGISTRO";944.941.500-53;" JOSIANE BALDISSERA";050069/0037-00;;" Concluído";021702;Gaurama;104;SICREDI UNIESTADOS;104;SUREG Erechim RS;CENTRAL SICREDI SUL/SUDESTE;105.0 Hora(s);6d19h58m;10/11/2023 15:38:00;;;;;;
0000356410;09/11/2023 15:11:50;" TAISE PAMELA MAZUTTI";" Pagamento de crédito";" 258- AQUISIÇÃO E REEMBOLSO-MÓVEL COM REGISTRO";944.941.500-53;" JOSIANE BALDISSERA";050069/0037-00;;" Concluído";021702;Gaurama;104;SICREDI UNIESTADOS;104;SUREG Erechim RS;CENTRAL SICREDI SUL/SUDESTE;105.0 Hora(s);6d19h58m;09/11/2023 15:40:57;;;;;;
