﻿ID_Processo7;DT_Solicitacao8;NM_Usuario_Solicitacao8;NM_Tipo_Processo8;NM_Processo8;CD_Inscricao_Nacional8;NM_Pessoa8;Usuário;Grupo_Cota_Outros8;ST_Status8;CD_Comissionado2;NM_Fantasia_Comissionado2;CD_Tipo_Ponto_Venda3;NM_Fantasia_Ponto_Venda2;CD_Tipo_Ponto_Venda4;NM_Tipo_Ponto_Venda2;NM_Filial_Venda2;Nivel_Servico8;Tempo_Processo8;DH_Conclusao8;NM_Atividade1;Nivel_Servico_Atividade1;DT_Inicio_Atividade1;DT_Fim_Atividade1;NM_Usuario_Atividade1;Tempo_Processo_Atividade1
0000367462;23/11/2023 13:11:52;" CONFEDERAÇÃO DAS COOPERATIVAS DO SICREDI";" Pagamento de crédito";" 264- AQUISIÇÃO E REEMBOLSO-MÓVEL SEM  REGISTRO";026.398.868-60;" NELSON APARECIDO DA SILVA";050088/0086-00;;" Aguardando Regularização";021748;Alfenas;104;SICREDI UNIESTADOS;104;SUREG Erechim RS;CENTRAL SICREDI SUL/SUDESTE;103.0 Hora(s);1d3h03m;"                   ";REGULARIZAR DOCUMENTOS INICIAIS;0h00m;24/11/2023 16:54:48;"                   ";;0h00m
0000367462;23/11/2023 13:11:52;" CONFEDERAÇÃO DAS COOPERATIVAS DO SICREDI";" Pagamento de crédito";" 264- AQUISIÇÃO E REEMBOLSO-MÓVEL SEM  REGISTRO";026.398.868-60;" NELSON APARECIDO DA SILVA";050088/0086-00;;" Aguardando Regularização";021748;Alfenas;104;SICREDI UNIESTADOS;104;SUREG Erechim RS;CENTRAL SICREDI SUL/SUDESTE;103.0 Hora(s);1d3h03m;24/11/2023 16:54:48;ANÁLISE DE DOCUMENTOS 1ª ETAPA;18h00m;23/11/2023 13:58:58;24/11/2023 16:54:48;NICOLAS PAULO DE SOUSA CUNHA;0h01m
0000367462;23/11/2023 13:11:52;" CONFEDERAÇÃO DAS COOPERATIVAS DO SICREDI";" Pagamento de crédito";" 264- AQUISIÇÃO E REEMBOLSO-MÓVEL SEM  REGISTRO";026.398.868-60;" NELSON APARECIDO DA SILVA";050088/0086-00;;" Aguardando Regularização";021748;Alfenas;104;SICREDI UNIESTADOS;104;SUREG Erechim RS;CENTRAL SICREDI SUL/SUDESTE;103.0 Hora(s);1d3h03m;23/11/2023 13:58:58;ENVIAR DOCUMENTOS;1d21h00m;23/11/2023 13:52:23;23/11/2023 13:58:58;LUIZA RODRIGUES;0h00m
0000367462;23/11/2023 13:11:52;" CONFEDERAÇÃO DAS COOPERATIVAS DO SICREDI";" Pagamento de crédito";" 264- AQUISIÇÃO E REEMBOLSO-MÓVEL SEM  REGISTRO";026.398.868-60;" NELSON APARECIDO DA SILVA";050088/0086-00;;" Aguardando Regularização";021748;Alfenas;104;SICREDI UNIESTADOS;104;SUREG Erechim RS;CENTRAL SICREDI SUL/SUDESTE;103.0 Hora(s);1d3h03m;23/11/2023 13:52:22;AUTORIZAÇÃO DE FATURAMENTO;0h00m;23/11/2023 13:51:28;23/11/2023 13:52:22;;0h00m
0000367462;23/11/2023 13:11:52;" CONFEDERAÇÃO DAS COOPERATIVAS DO SICREDI";" Pagamento de crédito";" 264- AQUISIÇÃO E REEMBOLSO-MÓVEL SEM  REGISTRO";026.398.868-60;" NELSON APARECIDO DA SILVA";050088/0086-00;;" Aguardando Regularização";021748;Alfenas;104;SICREDI UNIESTADOS;104;SUREG Erechim RS;CENTRAL SICREDI SUL/SUDESTE;103.0 Hora(s);1d3h03m;"                   ";;;;;;
0000367462;23/11/2023 13:11:52;" CONFEDERAÇÃO DAS COOPERATIVAS DO SICREDI";" Pagamento de crédito";" 264- AQUISIÇÃO E REEMBOLSO-MÓVEL SEM  REGISTRO";026.398.868-60;" NELSON APARECIDO DA SILVA";050088/0086-00;;" Aguardando Regularização";021748;Alfenas;104;SICREDI UNIESTADOS;104;SUREG Erechim RS;CENTRAL SICREDI SUL/SUDESTE;103.0 Hora(s);1d3h03m;24/11/2023 16:54:48;;;;;;
0000367462;23/11/2023 13:11:52;" CONFEDERAÇÃO DAS COOPERATIVAS DO SICREDI";" Pagamento de crédito";" 264- AQUISIÇÃO E REEMBOLSO-MÓVEL SEM  REGISTRO";026.398.868-60;" NELSON APARECIDO DA SILVA";050088/0086-00;;" Aguardando Regularização";021748;Alfenas;104;SICREDI UNIESTADOS;104;SUREG Erechim RS;CENTRAL SICREDI SUL/SUDESTE;103.0 Hora(s);1d3h03m;23/11/2023 13:58:58;;;;;;
0000367462;23/11/2023 13:11:52;" CONFEDERAÇÃO DAS COOPERATIVAS DO SICREDI";" Pagamento de crédito";" 264- AQUISIÇÃO E REEMBOLSO-MÓVEL SEM  REGISTRO";026.398.868-60;" NELSON APARECIDO DA SILVA";050088/0086-00;;" Aguardando Regularização";021748;Alfenas;104;SICREDI UNIESTADOS;104;SUREG Erechim RS;CENTRAL SICREDI SUL/SUDESTE;103.0 Hora(s);1d3h03m;23/11/2023 13:52:22;;;;;;
