﻿ID_Processo7;DT_Solicitacao8;NM_Usuario_Solicitacao8;NM_Tipo_Processo8;NM_Processo8;CD_Inscricao_Nacional8;NM_Pessoa8;Usuário;Grupo_Cota_Outros8;ST_Status8;CD_Comissionado2;NM_Fantasia_Comissionado2;CD_Tipo_Ponto_Venda3;NM_Fantasia_Ponto_Venda2;CD_Tipo_Ponto_Venda4;NM_Tipo_Ponto_Venda2;NM_Filial_Venda2;Nivel_Servico8;Tempo_Processo8;DH_Conclusao8;NM_Atividade1;Nivel_Servico_Atividade1;DT_Inicio_Atividade1;DT_Fim_Atividade1;NM_Usuario_Atividade1;Tempo_Processo_Atividade1
0000356373;09/11/2023 14:11:07;" DANIELY MENDONCA DE FREITAS";" Pagamento de crédito";" 258- AQUISIÇÃO E REEMBOLSO-MÓVEL COM REGISTRO";105.716.089-06;" ANDRE LUIZ LEME JARDIM";050094/0220-00;;" Concluído";072678;Alto Paraíso;207;SICREDI VALE DO PIQUIRI ABCD P;207;SUREG Vale do Piquiri PR;CENTRAL SICREDI PR/SP/RJ;105.0 Hora(s);3d20h08m;13/11/2023 10:41:28;LIBERAR PAGAMENTOS;0h00m;13/11/2023 09:54:55;13/11/2023 10:41:28;Kelen Hahn Paulo;0h00m
0000356373;09/11/2023 14:11:07;" DANIELY MENDONCA DE FREITAS";" Pagamento de crédito";" 258- AQUISIÇÃO E REEMBOLSO-MÓVEL COM REGISTRO";105.716.089-06;" ANDRE LUIZ LEME JARDIM";050094/0220-00;;" Concluído";072678;Alto Paraíso;207;SICREDI VALE DO PIQUIRI ABCD P;207;SUREG Vale do Piquiri PR;CENTRAL SICREDI PR/SP/RJ;105.0 Hora(s);3d20h08m;13/11/2023 09:54:55;APROVAR PAGAMENTO;1h00m;13/11/2023 09:54:26;13/11/2023 09:54:55;KELLY DA ROCHA KASPER;0h00m
0000356373;09/11/2023 14:11:07;" DANIELY MENDONCA DE FREITAS";" Pagamento de crédito";" 258- AQUISIÇÃO E REEMBOLSO-MÓVEL COM REGISTRO";105.716.089-06;" ANDRE LUIZ LEME JARDIM";050094/0220-00;;" Concluído";072678;Alto Paraíso;207;SICREDI VALE DO PIQUIRI ABCD P;207;SUREG Vale do Piquiri PR;CENTRAL SICREDI PR/SP/RJ;105.0 Hora(s);3d20h08m;13/11/2023 09:54:26;PROGRAMAR PAGAMENTO;1h00m;13/11/2023 09:54:02;13/11/2023 09:54:26;KELLY DA ROCHA KASPER;0h00m
0000356373;09/11/2023 14:11:07;" DANIELY MENDONCA DE FREITAS";" Pagamento de crédito";" 258- AQUISIÇÃO E REEMBOLSO-MÓVEL COM REGISTRO";105.716.089-06;" ANDRE LUIZ LEME JARDIM";050094/0220-00;;" Concluído";072678;Alto Paraíso;207;SICREDI VALE DO PIQUIRI ABCD P;207;SUREG Vale do Piquiri PR;CENTRAL SICREDI PR/SP/RJ;105.0 Hora(s);3d20h08m;13/11/2023 09:54:02;ANALISAR DOCUMENTOS PARA LIBERAÇÃO 2ª ETAPA;18h00m;10/11/2023 16:25:38;13/11/2023 09:54:02;KELLY DA ROCHA KASPER;0h02m
0000356373;09/11/2023 14:11:07;" DANIELY MENDONCA DE FREITAS";" Pagamento de crédito";" 258- AQUISIÇÃO E REEMBOLSO-MÓVEL COM REGISTRO";105.716.089-06;" ANDRE LUIZ LEME JARDIM";050094/0220-00;;" Concluído";072678;Alto Paraíso;207;SICREDI VALE DO PIQUIRI ABCD P;207;SUREG Vale do Piquiri PR;CENTRAL SICREDI PR/SP/RJ;105.0 Hora(s);3d20h08m;10/11/2023 16:25:38;EMITIR DOCUMENTOS PARA LIBERAÇÃO;18h00m;09/11/2023 17:09:38;10/11/2023 16:25:38;DANIELY MENDONCA DE FREITAS;0h00m
0000356373;09/11/2023 14:11:07;" DANIELY MENDONCA DE FREITAS";" Pagamento de crédito";" 258- AQUISIÇÃO E REEMBOLSO-MÓVEL COM REGISTRO";105.716.089-06;" ANDRE LUIZ LEME JARDIM";050094/0220-00;;" Concluído";072678;Alto Paraíso;207;SICREDI VALE DO PIQUIRI ABCD P;207;SUREG Vale do Piquiri PR;CENTRAL SICREDI PR/SP/RJ;105.0 Hora(s);3d20h08m;09/11/2023 17:09:38;REGISTRAR CONTRATO MANUALMENTE;1h00m;09/11/2023 17:09:26;09/11/2023 17:09:38;Bianca Peck Berwanger;0h00m
0000356373;09/11/2023 14:11:07;" DANIELY MENDONCA DE FREITAS";" Pagamento de crédito";" 258- AQUISIÇÃO E REEMBOLSO-MÓVEL COM REGISTRO";105.716.089-06;" ANDRE LUIZ LEME JARDIM";050094/0220-00;;" Concluído";072678;Alto Paraíso;207;SICREDI VALE DO PIQUIRI ABCD P;207;SUREG Vale do Piquiri PR;CENTRAL SICREDI PR/SP/RJ;105.0 Hora(s);3d20h08m;09/11/2023 17:09:26;ALIENAR O BEM;1h00m;09/11/2023 17:07:16;09/11/2023 17:09:26;Bianca Peck Berwanger;0h01m
0000356373;09/11/2023 14:11:07;" DANIELY MENDONCA DE FREITAS";" Pagamento de crédito";" 258- AQUISIÇÃO E REEMBOLSO-MÓVEL COM REGISTRO";105.716.089-06;" ANDRE LUIZ LEME JARDIM";050094/0220-00;;" Concluído";072678;Alto Paraíso;207;SICREDI VALE DO PIQUIRI ABCD P;207;SUREG Vale do Piquiri PR;CENTRAL SICREDI PR/SP/RJ;105.0 Hora(s);3d20h08m;09/11/2023 17:07:16;FINALIZAR CADASTRO DO BEM;1h00m;09/11/2023 17:07:08;09/11/2023 17:07:16;Bianca Peck Berwanger;0h00m
0000356373;09/11/2023 14:11:07;" DANIELY MENDONCA DE FREITAS";" Pagamento de crédito";" 258- AQUISIÇÃO E REEMBOLSO-MÓVEL COM REGISTRO";105.716.089-06;" ANDRE LUIZ LEME JARDIM";050094/0220-00;;" Concluído";072678;Alto Paraíso;207;SICREDI VALE DO PIQUIRI ABCD P;207;SUREG Vale do Piquiri PR;CENTRAL SICREDI PR/SP/RJ;105.0 Hora(s);3d20h08m;09/11/2023 17:07:08;ANÁLISE DE DOCUMENTOS 1ª ETAPA;18h00m;09/11/2023 14:36:55;09/11/2023 17:07:08;Bianca Peck Berwanger;0h04m
0000356373;09/11/2023 14:11:07;" DANIELY MENDONCA DE FREITAS";" Pagamento de crédito";" 258- AQUISIÇÃO E REEMBOLSO-MÓVEL COM REGISTRO";105.716.089-06;" ANDRE LUIZ LEME JARDIM";050094/0220-00;;" Concluído";072678;Alto Paraíso;207;SICREDI VALE DO PIQUIRI ABCD P;207;SUREG Vale do Piquiri PR;CENTRAL SICREDI PR/SP/RJ;105.0 Hora(s);3d20h08m;09/11/2023 14:36:55;ENVIAR DOCUMENTOS;1d21h00m;09/11/2023 14:34:38;09/11/2023 14:36:55;DANIELY MENDONCA DE FREITAS;0h00m
0000356373;09/11/2023 14:11:07;" DANIELY MENDONCA DE FREITAS";" Pagamento de crédito";" 258- AQUISIÇÃO E REEMBOLSO-MÓVEL COM REGISTRO";105.716.089-06;" ANDRE LUIZ LEME JARDIM";050094/0220-00;;" Concluído";072678;Alto Paraíso;207;SICREDI VALE DO PIQUIRI ABCD P;207;SUREG Vale do Piquiri PR;CENTRAL SICREDI PR/SP/RJ;105.0 Hora(s);3d20h08m;09/11/2023 14:34:38;AUTORIZAÇÃO DE FATURAMENTO;0h00m;09/11/2023 14:33:50;09/11/2023 14:34:38;;0h00m
0000356373;09/11/2023 14:11:07;" DANIELY MENDONCA DE FREITAS";" Pagamento de crédito";" 258- AQUISIÇÃO E REEMBOLSO-MÓVEL COM REGISTRO";105.716.089-06;" ANDRE LUIZ LEME JARDIM";050094/0220-00;;" Concluído";072678;Alto Paraíso;207;SICREDI VALE DO PIQUIRI ABCD P;207;SUREG Vale do Piquiri PR;CENTRAL SICREDI PR/SP/RJ;105.0 Hora(s);3d20h08m;13/11/2023 10:41:28;;;;;;
0000356373;09/11/2023 14:11:07;" DANIELY MENDONCA DE FREITAS";" Pagamento de crédito";" 258- AQUISIÇÃO E REEMBOLSO-MÓVEL COM REGISTRO";105.716.089-06;" ANDRE LUIZ LEME JARDIM";050094/0220-00;;" Concluído";072678;Alto Paraíso;207;SICREDI VALE DO PIQUIRI ABCD P;207;SUREG Vale do Piquiri PR;CENTRAL SICREDI PR/SP/RJ;105.0 Hora(s);3d20h08m;13/11/2023 09:54:55;;;;;;
0000356373;09/11/2023 14:11:07;" DANIELY MENDONCA DE FREITAS";" Pagamento de crédito";" 258- AQUISIÇÃO E REEMBOLSO-MÓVEL COM REGISTRO";105.716.089-06;" ANDRE LUIZ LEME JARDIM";050094/0220-00;;" Concluído";072678;Alto Paraíso;207;SICREDI VALE DO PIQUIRI ABCD P;207;SUREG Vale do Piquiri PR;CENTRAL SICREDI PR/SP/RJ;105.0 Hora(s);3d20h08m;13/11/2023 09:54:26;;;;;;
0000356373;09/11/2023 14:11:07;" DANIELY MENDONCA DE FREITAS";" Pagamento de crédito";" 258- AQUISIÇÃO E REEMBOLSO-MÓVEL COM REGISTRO";105.716.089-06;" ANDRE LUIZ LEME JARDIM";050094/0220-00;;" Concluído";072678;Alto Paraíso;207;SICREDI VALE DO PIQUIRI ABCD P;207;SUREG Vale do Piquiri PR;CENTRAL SICREDI PR/SP/RJ;105.0 Hora(s);3d20h08m;13/11/2023 09:54:02;;;;;;
0000356373;09/11/2023 14:11:07;" DANIELY MENDONCA DE FREITAS";" Pagamento de crédito";" 258- AQUISIÇÃO E REEMBOLSO-MÓVEL COM REGISTRO";105.716.089-06;" ANDRE LUIZ LEME JARDIM";050094/0220-00;;" Concluído";072678;Alto Paraíso;207;SICREDI VALE DO PIQUIRI ABCD P;207;SUREG Vale do Piquiri PR;CENTRAL SICREDI PR/SP/RJ;105.0 Hora(s);3d20h08m;10/11/2023 16:25:38;;;;;;
0000356373;09/11/2023 14:11:07;" DANIELY MENDONCA DE FREITAS";" Pagamento de crédito";" 258- AQUISIÇÃO E REEMBOLSO-MÓVEL COM REGISTRO";105.716.089-06;" ANDRE LUIZ LEME JARDIM";050094/0220-00;;" Concluído";072678;Alto Paraíso;207;SICREDI VALE DO PIQUIRI ABCD P;207;SUREG Vale do Piquiri PR;CENTRAL SICREDI PR/SP/RJ;105.0 Hora(s);3d20h08m;09/11/2023 17:09:38;;;;;;
0000356373;09/11/2023 14:11:07;" DANIELY MENDONCA DE FREITAS";" Pagamento de crédito";" 258- AQUISIÇÃO E REEMBOLSO-MÓVEL COM REGISTRO";105.716.089-06;" ANDRE LUIZ LEME JARDIM";050094/0220-00;;" Concluído";072678;Alto Paraíso;207;SICREDI VALE DO PIQUIRI ABCD P;207;SUREG Vale do Piquiri PR;CENTRAL SICREDI PR/SP/RJ;105.0 Hora(s);3d20h08m;09/11/2023 17:09:26;;;;;;
0000356373;09/11/2023 14:11:07;" DANIELY MENDONCA DE FREITAS";" Pagamento de crédito";" 258- AQUISIÇÃO E REEMBOLSO-MÓVEL COM REGISTRO";105.716.089-06;" ANDRE LUIZ LEME JARDIM";050094/0220-00;;" Concluído";072678;Alto Paraíso;207;SICREDI VALE DO PIQUIRI ABCD P;207;SUREG Vale do Piquiri PR;CENTRAL SICREDI PR/SP/RJ;105.0 Hora(s);3d20h08m;09/11/2023 17:07:16;;;;;;
0000356373;09/11/2023 14:11:07;" DANIELY MENDONCA DE FREITAS";" Pagamento de crédito";" 258- AQUISIÇÃO E REEMBOLSO-MÓVEL COM REGISTRO";105.716.089-06;" ANDRE LUIZ LEME JARDIM";050094/0220-00;;" Concluído";072678;Alto Paraíso;207;SICREDI VALE DO PIQUIRI ABCD P;207;SUREG Vale do Piquiri PR;CENTRAL SICREDI PR/SP/RJ;105.0 Hora(s);3d20h08m;09/11/2023 17:07:08;;;;;;
0000356373;09/11/2023 14:11:07;" DANIELY MENDONCA DE FREITAS";" Pagamento de crédito";" 258- AQUISIÇÃO E REEMBOLSO-MÓVEL COM REGISTRO";105.716.089-06;" ANDRE LUIZ LEME JARDIM";050094/0220-00;;" Concluído";072678;Alto Paraíso;207;SICREDI VALE DO PIQUIRI ABCD P;207;SUREG Vale do Piquiri PR;CENTRAL SICREDI PR/SP/RJ;105.0 Hora(s);3d20h08m;09/11/2023 14:36:55;;;;;;
0000356373;09/11/2023 14:11:07;" DANIELY MENDONCA DE FREITAS";" Pagamento de crédito";" 258- AQUISIÇÃO E REEMBOLSO-MÓVEL COM REGISTRO";105.716.089-06;" ANDRE LUIZ LEME JARDIM";050094/0220-00;;" Concluído";072678;Alto Paraíso;207;SICREDI VALE DO PIQUIRI ABCD P;207;SUREG Vale do Piquiri PR;CENTRAL SICREDI PR/SP/RJ;105.0 Hora(s);3d20h08m;09/11/2023 14:34:38;;;;;;
