﻿ID_Processo7;DT_Solicitacao8;NM_Usuario_Solicitacao8;NM_Tipo_Processo8;NM_Processo8;CD_Inscricao_Nacional8;NM_Pessoa8;Usuário;Grupo_Cota_Outros8;ST_Status8;CD_Comissionado2;NM_Fantasia_Comissionado2;CD_Tipo_Ponto_Venda3;NM_Fantasia_Ponto_Venda2;CD_Tipo_Ponto_Venda4;NM_Tipo_Ponto_Venda2;NM_Filial_Venda2;Nivel_Servico8;Tempo_Processo8;DH_Conclusao8;NM_Atividade1;Nivel_Servico_Atividade1;DT_Inicio_Atividade1;DT_Fim_Atividade1;NM_Usuario_Atividade1;Tempo_Processo_Atividade1
0000363897;20/11/2023 09:11:40;" MAIARA DIAS ZANELA";" Pagamento de crédito";" 264- AQUISIÇÃO E REEMBOLSO-MÓVEL SEM  REGISTRO";749.514.759-87;" ADEMIR GOMES PAULINO";050080/0048-00;;" Aguardando Regularização";072625;Ubirata;207;SICREDI VALE DO PIQUIRI ABCD P;207;SUREG Vale do Piquiri PR;CENTRAL SICREDI PR/SP/RJ;103.0 Hora(s);2h46m;"                   ";EMITIR DOCUMENTOS PARA LIBERAÇÃO;18h00m;20/11/2023 12:01:55;"                   ";;0h00m
0000363897;20/11/2023 09:11:40;" MAIARA DIAS ZANELA";" Pagamento de crédito";" 264- AQUISIÇÃO E REEMBOLSO-MÓVEL SEM  REGISTRO";749.514.759-87;" ADEMIR GOMES PAULINO";050080/0048-00;;" Aguardando Regularização";072625;Ubirata;207;SICREDI VALE DO PIQUIRI ABCD P;207;SUREG Vale do Piquiri PR;CENTRAL SICREDI PR/SP/RJ;103.0 Hora(s);2h46m;20/11/2023 12:01:55;ALIENAÇÃO DE BENS;1h00m;20/11/2023 12:01:48;20/11/2023 12:01:55;Eliane Ribas Barcelos;0h00m
0000363897;20/11/2023 09:11:40;" MAIARA DIAS ZANELA";" Pagamento de crédito";" 264- AQUISIÇÃO E REEMBOLSO-MÓVEL SEM  REGISTRO";749.514.759-87;" ADEMIR GOMES PAULINO";050080/0048-00;;" Aguardando Regularização";072625;Ubirata;207;SICREDI VALE DO PIQUIRI ABCD P;207;SUREG Vale do Piquiri PR;CENTRAL SICREDI PR/SP/RJ;103.0 Hora(s);2h46m;20/11/2023 12:01:48;FINALIZAR CADASTRO DO BEM;1h00m;20/11/2023 11:59:36;20/11/2023 12:01:48;Eliane Ribas Barcelos;0h00m
0000363897;20/11/2023 09:11:40;" MAIARA DIAS ZANELA";" Pagamento de crédito";" 264- AQUISIÇÃO E REEMBOLSO-MÓVEL SEM  REGISTRO";749.514.759-87;" ADEMIR GOMES PAULINO";050080/0048-00;;" Aguardando Regularização";072625;Ubirata;207;SICREDI VALE DO PIQUIRI ABCD P;207;SUREG Vale do Piquiri PR;CENTRAL SICREDI PR/SP/RJ;103.0 Hora(s);2h46m;20/11/2023 11:59:36;ANÁLISE DE DOCUMENTOS 1ª ETAPA;18h00m;20/11/2023 09:17:47;20/11/2023 11:59:36;Eliane Ribas Barcelos;0h06m
0000363897;20/11/2023 09:11:40;" MAIARA DIAS ZANELA";" Pagamento de crédito";" 264- AQUISIÇÃO E REEMBOLSO-MÓVEL SEM  REGISTRO";749.514.759-87;" ADEMIR GOMES PAULINO";050080/0048-00;;" Aguardando Regularização";072625;Ubirata;207;SICREDI VALE DO PIQUIRI ABCD P;207;SUREG Vale do Piquiri PR;CENTRAL SICREDI PR/SP/RJ;103.0 Hora(s);2h46m;20/11/2023 09:17:47;ENVIAR DOCUMENTOS;1d21h00m;20/11/2023 09:15:37;20/11/2023 09:17:47;MAIARA DIAS ZANELA;0h00m
0000363897;20/11/2023 09:11:40;" MAIARA DIAS ZANELA";" Pagamento de crédito";" 264- AQUISIÇÃO E REEMBOLSO-MÓVEL SEM  REGISTRO";749.514.759-87;" ADEMIR GOMES PAULINO";050080/0048-00;;" Aguardando Regularização";072625;Ubirata;207;SICREDI VALE DO PIQUIRI ABCD P;207;SUREG Vale do Piquiri PR;CENTRAL SICREDI PR/SP/RJ;103.0 Hora(s);2h46m;20/11/2023 09:15:37;AUTORIZAÇÃO DE FATURAMENTO;0h00m;20/11/2023 09:15:34;20/11/2023 09:15:37;;0h00m
0000363897;20/11/2023 09:11:40;" MAIARA DIAS ZANELA";" Pagamento de crédito";" 264- AQUISIÇÃO E REEMBOLSO-MÓVEL SEM  REGISTRO";749.514.759-87;" ADEMIR GOMES PAULINO";050080/0048-00;;" Aguardando Regularização";072625;Ubirata;207;SICREDI VALE DO PIQUIRI ABCD P;207;SUREG Vale do Piquiri PR;CENTRAL SICREDI PR/SP/RJ;103.0 Hora(s);2h46m;"                   ";;;;;;
0000363897;20/11/2023 09:11:40;" MAIARA DIAS ZANELA";" Pagamento de crédito";" 264- AQUISIÇÃO E REEMBOLSO-MÓVEL SEM  REGISTRO";749.514.759-87;" ADEMIR GOMES PAULINO";050080/0048-00;;" Aguardando Regularização";072625;Ubirata;207;SICREDI VALE DO PIQUIRI ABCD P;207;SUREG Vale do Piquiri PR;CENTRAL SICREDI PR/SP/RJ;103.0 Hora(s);2h46m;20/11/2023 12:01:55;;;;;;
0000363897;20/11/2023 09:11:40;" MAIARA DIAS ZANELA";" Pagamento de crédito";" 264- AQUISIÇÃO E REEMBOLSO-MÓVEL SEM  REGISTRO";749.514.759-87;" ADEMIR GOMES PAULINO";050080/0048-00;;" Aguardando Regularização";072625;Ubirata;207;SICREDI VALE DO PIQUIRI ABCD P;207;SUREG Vale do Piquiri PR;CENTRAL SICREDI PR/SP/RJ;103.0 Hora(s);2h46m;20/11/2023 12:01:48;;;;;;
0000363897;20/11/2023 09:11:40;" MAIARA DIAS ZANELA";" Pagamento de crédito";" 264- AQUISIÇÃO E REEMBOLSO-MÓVEL SEM  REGISTRO";749.514.759-87;" ADEMIR GOMES PAULINO";050080/0048-00;;" Aguardando Regularização";072625;Ubirata;207;SICREDI VALE DO PIQUIRI ABCD P;207;SUREG Vale do Piquiri PR;CENTRAL SICREDI PR/SP/RJ;103.0 Hora(s);2h46m;20/11/2023 11:59:36;;;;;;
0000363897;20/11/2023 09:11:40;" MAIARA DIAS ZANELA";" Pagamento de crédito";" 264- AQUISIÇÃO E REEMBOLSO-MÓVEL SEM  REGISTRO";749.514.759-87;" ADEMIR GOMES PAULINO";050080/0048-00;;" Aguardando Regularização";072625;Ubirata;207;SICREDI VALE DO PIQUIRI ABCD P;207;SUREG Vale do Piquiri PR;CENTRAL SICREDI PR/SP/RJ;103.0 Hora(s);2h46m;20/11/2023 09:17:47;;;;;;
0000363897;20/11/2023 09:11:40;" MAIARA DIAS ZANELA";" Pagamento de crédito";" 264- AQUISIÇÃO E REEMBOLSO-MÓVEL SEM  REGISTRO";749.514.759-87;" ADEMIR GOMES PAULINO";050080/0048-00;;" Aguardando Regularização";072625;Ubirata;207;SICREDI VALE DO PIQUIRI ABCD P;207;SUREG Vale do Piquiri PR;CENTRAL SICREDI PR/SP/RJ;103.0 Hora(s);2h46m;20/11/2023 09:15:37;;;;;;
