﻿ID_Processo7;DT_Solicitacao8;NM_Usuario_Solicitacao8;NM_Tipo_Processo8;NM_Processo8;CD_Inscricao_Nacional8;NM_Pessoa8;Usuário;Grupo_Cota_Outros8;ST_Status8;CD_Comissionado2;NM_Fantasia_Comissionado2;CD_Tipo_Ponto_Venda3;NM_Fantasia_Ponto_Venda2;CD_Tipo_Ponto_Venda4;NM_Tipo_Ponto_Venda2;NM_Filial_Venda2;Nivel_Servico8;Tempo_Processo8;DH_Conclusao8;NM_Atividade1;Nivel_Servico_Atividade1;DT_Inicio_Atividade1;DT_Fim_Atividade1;NM_Usuario_Atividade1;Tempo_Processo_Atividade1
0000363223;16/11/2023 14:11:50;" VANDERLEIA TAVARES";" Pagamento de crédito";" 264- AQUISIÇÃO E REEMBOLSO-MÓVEL SEM  REGISTRO";028.411.689-05;" MARCIO ANDOLFATTO";050080/0220-00;;" Concluído";021733;Concórdia;104;SICREDI UNIESTADOS;104;SUREG Erechim RS;CENTRAL SICREDI SUL/SUDESTE;103.0 Hora(s);6d21h22m;23/11/2023 11:57:39;LIBERAR PAGAMENTOS;0h00m;23/11/2023 11:05:04;23/11/2023 11:57:39;Kelen Hahn Paulo;0h00m
0000363223;16/11/2023 14:11:50;" VANDERLEIA TAVARES";" Pagamento de crédito";" 264- AQUISIÇÃO E REEMBOLSO-MÓVEL SEM  REGISTRO";028.411.689-05;" MARCIO ANDOLFATTO";050080/0220-00;;" Concluído";021733;Concórdia;104;SICREDI UNIESTADOS;104;SUREG Erechim RS;CENTRAL SICREDI SUL/SUDESTE;103.0 Hora(s);6d21h22m;23/11/2023 11:05:03;APROVAR PAGAMENTO;1h00m;23/11/2023 11:04:57;23/11/2023 11:05:03;LARISSA JAENISCH DUTRA PINTO;0h00m
0000363223;16/11/2023 14:11:50;" VANDERLEIA TAVARES";" Pagamento de crédito";" 264- AQUISIÇÃO E REEMBOLSO-MÓVEL SEM  REGISTRO";028.411.689-05;" MARCIO ANDOLFATTO";050080/0220-00;;" Concluído";021733;Concórdia;104;SICREDI UNIESTADOS;104;SUREG Erechim RS;CENTRAL SICREDI SUL/SUDESTE;103.0 Hora(s);6d21h22m;23/11/2023 11:04:57;PROGRAMAR PAGAMENTO;1h00m;23/11/2023 11:04:37;23/11/2023 11:04:57;LARISSA JAENISCH DUTRA PINTO;0h00m
0000363223;16/11/2023 14:11:50;" VANDERLEIA TAVARES";" Pagamento de crédito";" 264- AQUISIÇÃO E REEMBOLSO-MÓVEL SEM  REGISTRO";028.411.689-05;" MARCIO ANDOLFATTO";050080/0220-00;;" Concluído";021733;Concórdia;104;SICREDI UNIESTADOS;104;SUREG Erechim RS;CENTRAL SICREDI SUL/SUDESTE;103.0 Hora(s);6d21h22m;23/11/2023 11:04:37;ANALISAR DOCUMENTOS PARA LIBERAÇÃO 2ª ETAPA;18h00m;22/11/2023 15:29:24;23/11/2023 11:04:37;LARISSA JAENISCH DUTRA PINTO;0h04m
0000363223;16/11/2023 14:11:50;" VANDERLEIA TAVARES";" Pagamento de crédito";" 264- AQUISIÇÃO E REEMBOLSO-MÓVEL SEM  REGISTRO";028.411.689-05;" MARCIO ANDOLFATTO";050080/0220-00;;" Concluído";021733;Concórdia;104;SICREDI UNIESTADOS;104;SUREG Erechim RS;CENTRAL SICREDI SUL/SUDESTE;103.0 Hora(s);6d21h22m;22/11/2023 15:29:24;EMITIR DOCUMENTOS PARA LIBERAÇÃO;18h00m;20/11/2023 16:24:13;22/11/2023 15:29:24;VANDERLEIA TAVARES;0h00m
0000363223;16/11/2023 14:11:50;" VANDERLEIA TAVARES";" Pagamento de crédito";" 264- AQUISIÇÃO E REEMBOLSO-MÓVEL SEM  REGISTRO";028.411.689-05;" MARCIO ANDOLFATTO";050080/0220-00;;" Concluído";021733;Concórdia;104;SICREDI UNIESTADOS;104;SUREG Erechim RS;CENTRAL SICREDI SUL/SUDESTE;103.0 Hora(s);6d21h22m;20/11/2023 16:24:13;ALIENAÇÃO DE BENS;1h00m;20/11/2023 16:24:11;20/11/2023 16:24:13;;0h00m
0000363223;16/11/2023 14:11:50;" VANDERLEIA TAVARES";" Pagamento de crédito";" 264- AQUISIÇÃO E REEMBOLSO-MÓVEL SEM  REGISTRO";028.411.689-05;" MARCIO ANDOLFATTO";050080/0220-00;;" Concluído";021733;Concórdia;104;SICREDI UNIESTADOS;104;SUREG Erechim RS;CENTRAL SICREDI SUL/SUDESTE;103.0 Hora(s);6d21h22m;20/11/2023 16:24:11;FINALIZAR CADASTRO DO BEM;1h00m;20/11/2023 16:23:33;20/11/2023 16:24:11;NICOLAS PAULO DE SOUSA CUNHA;0h01m
0000363223;16/11/2023 14:11:50;" VANDERLEIA TAVARES";" Pagamento de crédito";" 264- AQUISIÇÃO E REEMBOLSO-MÓVEL SEM  REGISTRO";028.411.689-05;" MARCIO ANDOLFATTO";050080/0220-00;;" Concluído";021733;Concórdia;104;SICREDI UNIESTADOS;104;SUREG Erechim RS;CENTRAL SICREDI SUL/SUDESTE;103.0 Hora(s);6d21h22m;20/11/2023 16:23:32;ANÁLISE DE DOCUMENTOS 1ª ETAPA;18h06m;20/11/2023 14:44:25;20/11/2023 16:23:32;NICOLAS PAULO DE SOUSA CUNHA;0h13m
0000363223;16/11/2023 14:11:50;" VANDERLEIA TAVARES";" Pagamento de crédito";" 264- AQUISIÇÃO E REEMBOLSO-MÓVEL SEM  REGISTRO";028.411.689-05;" MARCIO ANDOLFATTO";050080/0220-00;;" Concluído";021733;Concórdia;104;SICREDI UNIESTADOS;104;SUREG Erechim RS;CENTRAL SICREDI SUL/SUDESTE;103.0 Hora(s);6d21h22m;20/11/2023 14:44:25;REGULARIZAR DOCUMENTOS INICIAIS;0h00m;17/11/2023 15:59:27;20/11/2023 14:44:25;VANDERLEIA TAVARES;0h00m
0000363223;16/11/2023 14:11:50;" VANDERLEIA TAVARES";" Pagamento de crédito";" 264- AQUISIÇÃO E REEMBOLSO-MÓVEL SEM  REGISTRO";028.411.689-05;" MARCIO ANDOLFATTO";050080/0220-00;;" Concluído";021733;Concórdia;104;SICREDI UNIESTADOS;104;SUREG Erechim RS;CENTRAL SICREDI SUL/SUDESTE;103.0 Hora(s);6d21h22m;17/11/2023 15:59:27;ANÁLISE DE DOCUMENTOS 1ª ETAPA;18h06m;16/11/2023 15:42:56;17/11/2023 15:59:27;NICOLAS PAULO DE SOUSA CUNHA;0h13m
0000363223;16/11/2023 14:11:50;" VANDERLEIA TAVARES";" Pagamento de crédito";" 264- AQUISIÇÃO E REEMBOLSO-MÓVEL SEM  REGISTRO";028.411.689-05;" MARCIO ANDOLFATTO";050080/0220-00;;" Concluído";021733;Concórdia;104;SICREDI UNIESTADOS;104;SUREG Erechim RS;CENTRAL SICREDI SUL/SUDESTE;103.0 Hora(s);6d21h22m;16/11/2023 15:42:56;ENVIAR DOCUMENTOS;1d21h00m;16/11/2023 14:38:56;16/11/2023 15:42:56;VANDERLEIA TAVARES;0h00m
0000363223;16/11/2023 14:11:50;" VANDERLEIA TAVARES";" Pagamento de crédito";" 264- AQUISIÇÃO E REEMBOLSO-MÓVEL SEM  REGISTRO";028.411.689-05;" MARCIO ANDOLFATTO";050080/0220-00;;" Concluído";021733;Concórdia;104;SICREDI UNIESTADOS;104;SUREG Erechim RS;CENTRAL SICREDI SUL/SUDESTE;103.0 Hora(s);6d21h22m;16/11/2023 14:38:56;AUTORIZAÇÃO DE FATURAMENTO;0h00m;16/11/2023 14:35:21;16/11/2023 14:38:56;;0h00m
0000363223;16/11/2023 14:11:50;" VANDERLEIA TAVARES";" Pagamento de crédito";" 264- AQUISIÇÃO E REEMBOLSO-MÓVEL SEM  REGISTRO";028.411.689-05;" MARCIO ANDOLFATTO";050080/0220-00;;" Concluído";021733;Concórdia;104;SICREDI UNIESTADOS;104;SUREG Erechim RS;CENTRAL SICREDI SUL/SUDESTE;103.0 Hora(s);6d21h22m;23/11/2023 11:57:39;;;;;;
0000363223;16/11/2023 14:11:50;" VANDERLEIA TAVARES";" Pagamento de crédito";" 264- AQUISIÇÃO E REEMBOLSO-MÓVEL SEM  REGISTRO";028.411.689-05;" MARCIO ANDOLFATTO";050080/0220-00;;" Concluído";021733;Concórdia;104;SICREDI UNIESTADOS;104;SUREG Erechim RS;CENTRAL SICREDI SUL/SUDESTE;103.0 Hora(s);6d21h22m;23/11/2023 11:05:03;;;;;;
0000363223;16/11/2023 14:11:50;" VANDERLEIA TAVARES";" Pagamento de crédito";" 264- AQUISIÇÃO E REEMBOLSO-MÓVEL SEM  REGISTRO";028.411.689-05;" MARCIO ANDOLFATTO";050080/0220-00;;" Concluído";021733;Concórdia;104;SICREDI UNIESTADOS;104;SUREG Erechim RS;CENTRAL SICREDI SUL/SUDESTE;103.0 Hora(s);6d21h22m;23/11/2023 11:04:57;;;;;;
0000363223;16/11/2023 14:11:50;" VANDERLEIA TAVARES";" Pagamento de crédito";" 264- AQUISIÇÃO E REEMBOLSO-MÓVEL SEM  REGISTRO";028.411.689-05;" MARCIO ANDOLFATTO";050080/0220-00;;" Concluído";021733;Concórdia;104;SICREDI UNIESTADOS;104;SUREG Erechim RS;CENTRAL SICREDI SUL/SUDESTE;103.0 Hora(s);6d21h22m;23/11/2023 11:04:37;;;;;;
0000363223;16/11/2023 14:11:50;" VANDERLEIA TAVARES";" Pagamento de crédito";" 264- AQUISIÇÃO E REEMBOLSO-MÓVEL SEM  REGISTRO";028.411.689-05;" MARCIO ANDOLFATTO";050080/0220-00;;" Concluído";021733;Concórdia;104;SICREDI UNIESTADOS;104;SUREG Erechim RS;CENTRAL SICREDI SUL/SUDESTE;103.0 Hora(s);6d21h22m;22/11/2023 15:29:24;;;;;;
0000363223;16/11/2023 14:11:50;" VANDERLEIA TAVARES";" Pagamento de crédito";" 264- AQUISIÇÃO E REEMBOLSO-MÓVEL SEM  REGISTRO";028.411.689-05;" MARCIO ANDOLFATTO";050080/0220-00;;" Concluído";021733;Concórdia;104;SICREDI UNIESTADOS;104;SUREG Erechim RS;CENTRAL SICREDI SUL/SUDESTE;103.0 Hora(s);6d21h22m;20/11/2023 16:24:13;;;;;;
0000363223;16/11/2023 14:11:50;" VANDERLEIA TAVARES";" Pagamento de crédito";" 264- AQUISIÇÃO E REEMBOLSO-MÓVEL SEM  REGISTRO";028.411.689-05;" MARCIO ANDOLFATTO";050080/0220-00;;" Concluído";021733;Concórdia;104;SICREDI UNIESTADOS;104;SUREG Erechim RS;CENTRAL SICREDI SUL/SUDESTE;103.0 Hora(s);6d21h22m;20/11/2023 16:24:11;;;;;;
0000363223;16/11/2023 14:11:50;" VANDERLEIA TAVARES";" Pagamento de crédito";" 264- AQUISIÇÃO E REEMBOLSO-MÓVEL SEM  REGISTRO";028.411.689-05;" MARCIO ANDOLFATTO";050080/0220-00;;" Concluído";021733;Concórdia;104;SICREDI UNIESTADOS;104;SUREG Erechim RS;CENTRAL SICREDI SUL/SUDESTE;103.0 Hora(s);6d21h22m;20/11/2023 16:23:32;;;;;;
0000363223;16/11/2023 14:11:50;" VANDERLEIA TAVARES";" Pagamento de crédito";" 264- AQUISIÇÃO E REEMBOLSO-MÓVEL SEM  REGISTRO";028.411.689-05;" MARCIO ANDOLFATTO";050080/0220-00;;" Concluído";021733;Concórdia;104;SICREDI UNIESTADOS;104;SUREG Erechim RS;CENTRAL SICREDI SUL/SUDESTE;103.0 Hora(s);6d21h22m;20/11/2023 14:44:25;;;;;;
0000363223;16/11/2023 14:11:50;" VANDERLEIA TAVARES";" Pagamento de crédito";" 264- AQUISIÇÃO E REEMBOLSO-MÓVEL SEM  REGISTRO";028.411.689-05;" MARCIO ANDOLFATTO";050080/0220-00;;" Concluído";021733;Concórdia;104;SICREDI UNIESTADOS;104;SUREG Erechim RS;CENTRAL SICREDI SUL/SUDESTE;103.0 Hora(s);6d21h22m;17/11/2023 15:59:27;;;;;;
0000363223;16/11/2023 14:11:50;" VANDERLEIA TAVARES";" Pagamento de crédito";" 264- AQUISIÇÃO E REEMBOLSO-MÓVEL SEM  REGISTRO";028.411.689-05;" MARCIO ANDOLFATTO";050080/0220-00;;" Concluído";021733;Concórdia;104;SICREDI UNIESTADOS;104;SUREG Erechim RS;CENTRAL SICREDI SUL/SUDESTE;103.0 Hora(s);6d21h22m;16/11/2023 15:42:56;;;;;;
0000363223;16/11/2023 14:11:50;" VANDERLEIA TAVARES";" Pagamento de crédito";" 264- AQUISIÇÃO E REEMBOLSO-MÓVEL SEM  REGISTRO";028.411.689-05;" MARCIO ANDOLFATTO";050080/0220-00;;" Concluído";021733;Concórdia;104;SICREDI UNIESTADOS;104;SUREG Erechim RS;CENTRAL SICREDI SUL/SUDESTE;103.0 Hora(s);6d21h22m;16/11/2023 14:38:56;;;;;;
