﻿ID_Processo7;DT_Solicitacao8;NM_Usuario_Solicitacao8;NM_Tipo_Processo8;NM_Processo8;CD_Inscricao_Nacional8;NM_Pessoa8;Usuário;Grupo_Cota_Outros8;ST_Status8;CD_Comissionado2;NM_Fantasia_Comissionado2;CD_Tipo_Ponto_Venda3;NM_Fantasia_Ponto_Venda2;CD_Tipo_Ponto_Venda4;NM_Tipo_Ponto_Venda2;NM_Filial_Venda2;Nivel_Servico8;Tempo_Processo8;DH_Conclusao8;NM_Atividade1;Nivel_Servico_Atividade1;DT_Inicio_Atividade1;DT_Fim_Atividade1;NM_Usuario_Atividade1;Tempo_Processo_Atividade1
0000355457;07/11/2023 08:11:30;" Ana Cleusa Pasini";" Pagamento de crédito";" 299 - PAGAMENTO EM ESPÉCIE-MÓVEIS";345.886.809-78;" MARIO BRUNO POY";050059/0198-00;;" Concluído";021710;Marcelino Ramos;104;SICREDI UNIESTADOS;104;SUREG Erechim RS;CENTRAL SICREDI SUL/SUDESTE;28.0 Hora(s);8h20m;07/11/2023 17:00:52;LIBERAR PAGAMENTO;0h00m;07/11/2023 15:54:11;07/11/2023 17:00:52;Kelen Hahn Paulo;0h00m
0000355457;07/11/2023 08:11:30;" Ana Cleusa Pasini";" Pagamento de crédito";" 299 - PAGAMENTO EM ESPÉCIE-MÓVEIS";345.886.809-78;" MARIO BRUNO POY";050059/0198-00;;" Concluído";021710;Marcelino Ramos;104;SICREDI UNIESTADOS;104;SUREG Erechim RS;CENTRAL SICREDI SUL/SUDESTE;28.0 Hora(s);8h20m;07/11/2023 15:54:11;APROVAR PAGAMENTO;1h00m;07/11/2023 15:54:07;07/11/2023 15:54:11;LARISSA JAENISCH DUTRA PINTO;0h00m
0000355457;07/11/2023 08:11:30;" Ana Cleusa Pasini";" Pagamento de crédito";" 299 - PAGAMENTO EM ESPÉCIE-MÓVEIS";345.886.809-78;" MARIO BRUNO POY";050059/0198-00;;" Concluído";021710;Marcelino Ramos;104;SICREDI UNIESTADOS;104;SUREG Erechim RS;CENTRAL SICREDI SUL/SUDESTE;28.0 Hora(s);8h20m;07/11/2023 15:54:07;ANALISAR DOCUMENTOS ESPECIE;18h00m;07/11/2023 08:42:17;07/11/2023 15:54:07;LARISSA JAENISCH DUTRA PINTO;0h02m
0000355457;07/11/2023 08:11:30;" Ana Cleusa Pasini";" Pagamento de crédito";" 299 - PAGAMENTO EM ESPÉCIE-MÓVEIS";345.886.809-78;" MARIO BRUNO POY";050059/0198-00;;" Concluído";021710;Marcelino Ramos;104;SICREDI UNIESTADOS;104;SUREG Erechim RS;CENTRAL SICREDI SUL/SUDESTE;28.0 Hora(s);8h20m;07/11/2023 08:42:17;ENVIAR DOCUMENTOS;1h00m;07/11/2023 08:40:37;07/11/2023 08:42:17;Ana Cleusa Pasini;0h00m
0000355457;07/11/2023 08:11:30;" Ana Cleusa Pasini";" Pagamento de crédito";" 299 - PAGAMENTO EM ESPÉCIE-MÓVEIS";345.886.809-78;" MARIO BRUNO POY";050059/0198-00;;" Concluído";021710;Marcelino Ramos;104;SICREDI UNIESTADOS;104;SUREG Erechim RS;CENTRAL SICREDI SUL/SUDESTE;28.0 Hora(s);8h20m;07/11/2023 08:40:37;EMISSÃO SOLICITAÇÃO DE PAGAMENTO;1d21h00m;07/11/2023 08:40:11;07/11/2023 08:40:37;;0h00m
0000355286;06/11/2023 14:11:11;" Ana Cleusa Pasini";" Pagamento de crédito";" 300 - IMÓVEIS PAGAMENTO EM ESPÉCIE";345.886.809-78;" MARIO BRUNO POY";050059/0198-00;;" Reprovado";021710;Marcelino Ramos;104;SICREDI UNIESTADOS;104;SUREG Erechim RS;CENTRAL SICREDI SUL/SUDESTE;128.0 Hora(s);0h17m;"                   ";AJUSTAR DOCUMENTAÇÃO;1d21h00m;06/11/2023 14:18:19;"                   ";;0h00m
0000355286;06/11/2023 14:11:11;" Ana Cleusa Pasini";" Pagamento de crédito";" 300 - IMÓVEIS PAGAMENTO EM ESPÉCIE";345.886.809-78;" MARIO BRUNO POY";050059/0198-00;;" Reprovado";021710;Marcelino Ramos;104;SICREDI UNIESTADOS;104;SUREG Erechim RS;CENTRAL SICREDI SUL/SUDESTE;128.0 Hora(s);0h17m;06/11/2023 14:18:19;ANALISAR DOCUMENTOS - IMÓVEIS;1d3h00m;06/11/2023 14:09:54;06/11/2023 14:18:19;GUILHERME LEMOS REZES;0h00m
0000355286;06/11/2023 14:11:11;" Ana Cleusa Pasini";" Pagamento de crédito";" 300 - IMÓVEIS PAGAMENTO EM ESPÉCIE";345.886.809-78;" MARIO BRUNO POY";050059/0198-00;;" Reprovado";021710;Marcelino Ramos;104;SICREDI UNIESTADOS;104;SUREG Erechim RS;CENTRAL SICREDI SUL/SUDESTE;128.0 Hora(s);0h17m;06/11/2023 14:09:54;ENVIAR DOCUMENTOS;1d21h00m;06/11/2023 14:01:03;06/11/2023 14:09:54;Ana Cleusa Pasini;0h00m
0000355286;06/11/2023 14:11:11;" Ana Cleusa Pasini";" Pagamento de crédito";" 300 - IMÓVEIS PAGAMENTO EM ESPÉCIE";345.886.809-78;" MARIO BRUNO POY";050059/0198-00;;" Reprovado";021710;Marcelino Ramos;104;SICREDI UNIESTADOS;104;SUREG Erechim RS;CENTRAL SICREDI SUL/SUDESTE;128.0 Hora(s);0h17m;"                   ";;;;;;
0000355286;06/11/2023 14:11:11;" Ana Cleusa Pasini";" Pagamento de crédito";" 300 - IMÓVEIS PAGAMENTO EM ESPÉCIE";345.886.809-78;" MARIO BRUNO POY";050059/0198-00;;" Reprovado";021710;Marcelino Ramos;104;SICREDI UNIESTADOS;104;SUREG Erechim RS;CENTRAL SICREDI SUL/SUDESTE;128.0 Hora(s);0h17m;06/11/2023 14:18:19;;;;;;
0000355286;06/11/2023 14:11:11;" Ana Cleusa Pasini";" Pagamento de crédito";" 300 - IMÓVEIS PAGAMENTO EM ESPÉCIE";345.886.809-78;" MARIO BRUNO POY";050059/0198-00;;" Reprovado";021710;Marcelino Ramos;104;SICREDI UNIESTADOS;104;SUREG Erechim RS;CENTRAL SICREDI SUL/SUDESTE;128.0 Hora(s);0h17m;06/11/2023 14:09:54;;;;;;
0000355457;07/11/2023 08:11:30;" Ana Cleusa Pasini";" Pagamento de crédito";" 299 - PAGAMENTO EM ESPÉCIE-MÓVEIS";345.886.809-78;" MARIO BRUNO POY";050059/0198-00;;" Concluído";021710;Marcelino Ramos;104;SICREDI UNIESTADOS;104;SUREG Erechim RS;CENTRAL SICREDI SUL/SUDESTE;28.0 Hora(s);8h20m;07/11/2023 17:00:52;;;;;;
0000355457;07/11/2023 08:11:30;" Ana Cleusa Pasini";" Pagamento de crédito";" 299 - PAGAMENTO EM ESPÉCIE-MÓVEIS";345.886.809-78;" MARIO BRUNO POY";050059/0198-00;;" Concluído";021710;Marcelino Ramos;104;SICREDI UNIESTADOS;104;SUREG Erechim RS;CENTRAL SICREDI SUL/SUDESTE;28.0 Hora(s);8h20m;07/11/2023 15:54:11;;;;;;
0000355457;07/11/2023 08:11:30;" Ana Cleusa Pasini";" Pagamento de crédito";" 299 - PAGAMENTO EM ESPÉCIE-MÓVEIS";345.886.809-78;" MARIO BRUNO POY";050059/0198-00;;" Concluído";021710;Marcelino Ramos;104;SICREDI UNIESTADOS;104;SUREG Erechim RS;CENTRAL SICREDI SUL/SUDESTE;28.0 Hora(s);8h20m;07/11/2023 15:54:07;;;;;;
0000355457;07/11/2023 08:11:30;" Ana Cleusa Pasini";" Pagamento de crédito";" 299 - PAGAMENTO EM ESPÉCIE-MÓVEIS";345.886.809-78;" MARIO BRUNO POY";050059/0198-00;;" Concluído";021710;Marcelino Ramos;104;SICREDI UNIESTADOS;104;SUREG Erechim RS;CENTRAL SICREDI SUL/SUDESTE;28.0 Hora(s);8h20m;07/11/2023 08:42:17;;;;;;
0000355457;07/11/2023 08:11:30;" Ana Cleusa Pasini";" Pagamento de crédito";" 299 - PAGAMENTO EM ESPÉCIE-MÓVEIS";345.886.809-78;" MARIO BRUNO POY";050059/0198-00;;" Concluído";021710;Marcelino Ramos;104;SICREDI UNIESTADOS;104;SUREG Erechim RS;CENTRAL SICREDI SUL/SUDESTE;28.0 Hora(s);8h20m;07/11/2023 08:40:37;;;;;;
