﻿ID_Processo7;DT_Solicitacao8;NM_Usuario_Solicitacao8;NM_Tipo_Processo8;NM_Processo8;CD_Inscricao_Nacional8;NM_Pessoa8;Usuário;Grupo_Cota_Outros8;ST_Status8;CD_Comissionado2;NM_Fantasia_Comissionado2;CD_Tipo_Ponto_Venda3;NM_Fantasia_Ponto_Venda2;CD_Tipo_Ponto_Venda4;NM_Tipo_Ponto_Venda2;NM_Filial_Venda2;Nivel_Servico8;Tempo_Processo8;DH_Conclusao8;NM_Atividade1;Nivel_Servico_Atividade1;DT_Inicio_Atividade1;DT_Fim_Atividade1;NM_Usuario_Atividade1;Tempo_Processo_Atividade1
0000356773;13/11/2023 09:11:39;" DANIELY MENDONCA DE FREITAS";" Pagamento de crédito";" 264- AQUISIÇÃO E REEMBOLSO-MÓVEL SEM  REGISTRO";023.965.679-26;" MARCIO ADEJANE MANTOVANI";050095/0017-00;;" Concluído";072664;Peabiru;207;SICREDI VALE DO PIQUIRI ABCD P;207;SUREG Vale do Piquiri PR;CENTRAL SICREDI PR/SP/RJ;103.0 Hora(s);9d7h59m;22/11/2023 17:06:13;LIBERAR PAGAMENTOS;0h00m;22/11/2023 15:59:04;22/11/2023 17:06:13;Kelen Hahn Paulo;0h00m
0000356773;13/11/2023 09:11:39;" DANIELY MENDONCA DE FREITAS";" Pagamento de crédito";" 264- AQUISIÇÃO E REEMBOLSO-MÓVEL SEM  REGISTRO";023.965.679-26;" MARCIO ADEJANE MANTOVANI";050095/0017-00;;" Concluído";072664;Peabiru;207;SICREDI VALE DO PIQUIRI ABCD P;207;SUREG Vale do Piquiri PR;CENTRAL SICREDI PR/SP/RJ;103.0 Hora(s);9d7h59m;22/11/2023 15:59:04;APROVAR PAGAMENTO;1h00m;22/11/2023 15:58:58;22/11/2023 15:59:04;Eliane Ribas Barcelos;0h00m
0000356773;13/11/2023 09:11:39;" DANIELY MENDONCA DE FREITAS";" Pagamento de crédito";" 264- AQUISIÇÃO E REEMBOLSO-MÓVEL SEM  REGISTRO";023.965.679-26;" MARCIO ADEJANE MANTOVANI";050095/0017-00;;" Concluído";072664;Peabiru;207;SICREDI VALE DO PIQUIRI ABCD P;207;SUREG Vale do Piquiri PR;CENTRAL SICREDI PR/SP/RJ;103.0 Hora(s);9d7h59m;22/11/2023 15:58:58;PROGRAMAR PAGAMENTO;1h00m;22/11/2023 15:58:32;22/11/2023 15:58:58;Eliane Ribas Barcelos;0h00m
0000356773;13/11/2023 09:11:39;" DANIELY MENDONCA DE FREITAS";" Pagamento de crédito";" 264- AQUISIÇÃO E REEMBOLSO-MÓVEL SEM  REGISTRO";023.965.679-26;" MARCIO ADEJANE MANTOVANI";050095/0017-00;;" Concluído";072664;Peabiru;207;SICREDI VALE DO PIQUIRI ABCD P;207;SUREG Vale do Piquiri PR;CENTRAL SICREDI PR/SP/RJ;103.0 Hora(s);9d7h59m;22/11/2023 15:58:32;ANALISAR DOCUMENTOS PARA LIBERAÇÃO 2ª ETAPA;18h00m;22/11/2023 14:18:35;22/11/2023 15:58:32;Eliane Ribas Barcelos;0h04m
0000356773;13/11/2023 09:11:39;" DANIELY MENDONCA DE FREITAS";" Pagamento de crédito";" 264- AQUISIÇÃO E REEMBOLSO-MÓVEL SEM  REGISTRO";023.965.679-26;" MARCIO ADEJANE MANTOVANI";050095/0017-00;;" Concluído";072664;Peabiru;207;SICREDI VALE DO PIQUIRI ABCD P;207;SUREG Vale do Piquiri PR;CENTRAL SICREDI PR/SP/RJ;103.0 Hora(s);9d7h59m;22/11/2023 14:18:35;EMITIR DOCUMENTOS PARA LIBERAÇÃO;18h00m;14/11/2023 08:25:00;22/11/2023 14:18:35;DANIELY MENDONCA DE FREITAS;0h00m
0000356773;13/11/2023 09:11:39;" DANIELY MENDONCA DE FREITAS";" Pagamento de crédito";" 264- AQUISIÇÃO E REEMBOLSO-MÓVEL SEM  REGISTRO";023.965.679-26;" MARCIO ADEJANE MANTOVANI";050095/0017-00;;" Concluído";072664;Peabiru;207;SICREDI VALE DO PIQUIRI ABCD P;207;SUREG Vale do Piquiri PR;CENTRAL SICREDI PR/SP/RJ;103.0 Hora(s);9d7h59m;14/11/2023 08:25:00;ALIENAÇÃO DE BENS;1h00m;14/11/2023 08:24:56;14/11/2023 08:25:00;PAOLA MENEZES DA COSTA;0h01m
0000356773;13/11/2023 09:11:39;" DANIELY MENDONCA DE FREITAS";" Pagamento de crédito";" 264- AQUISIÇÃO E REEMBOLSO-MÓVEL SEM  REGISTRO";023.965.679-26;" MARCIO ADEJANE MANTOVANI";050095/0017-00;;" Concluído";072664;Peabiru;207;SICREDI VALE DO PIQUIRI ABCD P;207;SUREG Vale do Piquiri PR;CENTRAL SICREDI PR/SP/RJ;103.0 Hora(s);9d7h59m;14/11/2023 08:24:56;FINALIZAR CADASTRO DO BEM;1h00m;14/11/2023 08:24:38;14/11/2023 08:24:56;PAOLA MENEZES DA COSTA;0h00m
0000356773;13/11/2023 09:11:39;" DANIELY MENDONCA DE FREITAS";" Pagamento de crédito";" 264- AQUISIÇÃO E REEMBOLSO-MÓVEL SEM  REGISTRO";023.965.679-26;" MARCIO ADEJANE MANTOVANI";050095/0017-00;;" Concluído";072664;Peabiru;207;SICREDI VALE DO PIQUIRI ABCD P;207;SUREG Vale do Piquiri PR;CENTRAL SICREDI PR/SP/RJ;103.0 Hora(s);9d7h59m;14/11/2023 08:24:38;ANÁLISE DE DOCUMENTOS 1ª ETAPA;18h00m;13/11/2023 09:11:39;14/11/2023 08:24:38;PAOLA MENEZES DA COSTA;0h12m
0000356773;13/11/2023 09:11:39;" DANIELY MENDONCA DE FREITAS";" Pagamento de crédito";" 264- AQUISIÇÃO E REEMBOLSO-MÓVEL SEM  REGISTRO";023.965.679-26;" MARCIO ADEJANE MANTOVANI";050095/0017-00;;" Concluído";072664;Peabiru;207;SICREDI VALE DO PIQUIRI ABCD P;207;SUREG Vale do Piquiri PR;CENTRAL SICREDI PR/SP/RJ;103.0 Hora(s);9d7h59m;13/11/2023 09:11:39;ENVIAR DOCUMENTOS;1d21h00m;13/11/2023 09:08:08;13/11/2023 09:11:39;DANIELY MENDONCA DE FREITAS;0h00m
0000356773;13/11/2023 09:11:39;" DANIELY MENDONCA DE FREITAS";" Pagamento de crédito";" 264- AQUISIÇÃO E REEMBOLSO-MÓVEL SEM  REGISTRO";023.965.679-26;" MARCIO ADEJANE MANTOVANI";050095/0017-00;;" Concluído";072664;Peabiru;207;SICREDI VALE DO PIQUIRI ABCD P;207;SUREG Vale do Piquiri PR;CENTRAL SICREDI PR/SP/RJ;103.0 Hora(s);9d7h59m;13/11/2023 09:08:08;AUTORIZAÇÃO DE FATURAMENTO;0h00m;13/11/2023 09:07:07;13/11/2023 09:08:08;;0h00m
0000356773;13/11/2023 09:11:39;" DANIELY MENDONCA DE FREITAS";" Pagamento de crédito";" 264- AQUISIÇÃO E REEMBOLSO-MÓVEL SEM  REGISTRO";023.965.679-26;" MARCIO ADEJANE MANTOVANI";050095/0017-00;;" Concluído";072664;Peabiru;207;SICREDI VALE DO PIQUIRI ABCD P;207;SUREG Vale do Piquiri PR;CENTRAL SICREDI PR/SP/RJ;103.0 Hora(s);9d7h59m;22/11/2023 17:06:13;;;;;;
0000356773;13/11/2023 09:11:39;" DANIELY MENDONCA DE FREITAS";" Pagamento de crédito";" 264- AQUISIÇÃO E REEMBOLSO-MÓVEL SEM  REGISTRO";023.965.679-26;" MARCIO ADEJANE MANTOVANI";050095/0017-00;;" Concluído";072664;Peabiru;207;SICREDI VALE DO PIQUIRI ABCD P;207;SUREG Vale do Piquiri PR;CENTRAL SICREDI PR/SP/RJ;103.0 Hora(s);9d7h59m;22/11/2023 15:59:04;;;;;;
0000356773;13/11/2023 09:11:39;" DANIELY MENDONCA DE FREITAS";" Pagamento de crédito";" 264- AQUISIÇÃO E REEMBOLSO-MÓVEL SEM  REGISTRO";023.965.679-26;" MARCIO ADEJANE MANTOVANI";050095/0017-00;;" Concluído";072664;Peabiru;207;SICREDI VALE DO PIQUIRI ABCD P;207;SUREG Vale do Piquiri PR;CENTRAL SICREDI PR/SP/RJ;103.0 Hora(s);9d7h59m;22/11/2023 15:58:58;;;;;;
0000356773;13/11/2023 09:11:39;" DANIELY MENDONCA DE FREITAS";" Pagamento de crédito";" 264- AQUISIÇÃO E REEMBOLSO-MÓVEL SEM  REGISTRO";023.965.679-26;" MARCIO ADEJANE MANTOVANI";050095/0017-00;;" Concluído";072664;Peabiru;207;SICREDI VALE DO PIQUIRI ABCD P;207;SUREG Vale do Piquiri PR;CENTRAL SICREDI PR/SP/RJ;103.0 Hora(s);9d7h59m;22/11/2023 15:58:32;;;;;;
0000356773;13/11/2023 09:11:39;" DANIELY MENDONCA DE FREITAS";" Pagamento de crédito";" 264- AQUISIÇÃO E REEMBOLSO-MÓVEL SEM  REGISTRO";023.965.679-26;" MARCIO ADEJANE MANTOVANI";050095/0017-00;;" Concluído";072664;Peabiru;207;SICREDI VALE DO PIQUIRI ABCD P;207;SUREG Vale do Piquiri PR;CENTRAL SICREDI PR/SP/RJ;103.0 Hora(s);9d7h59m;22/11/2023 14:18:35;;;;;;
0000356773;13/11/2023 09:11:39;" DANIELY MENDONCA DE FREITAS";" Pagamento de crédito";" 264- AQUISIÇÃO E REEMBOLSO-MÓVEL SEM  REGISTRO";023.965.679-26;" MARCIO ADEJANE MANTOVANI";050095/0017-00;;" Concluído";072664;Peabiru;207;SICREDI VALE DO PIQUIRI ABCD P;207;SUREG Vale do Piquiri PR;CENTRAL SICREDI PR/SP/RJ;103.0 Hora(s);9d7h59m;14/11/2023 08:25:00;;;;;;
0000356773;13/11/2023 09:11:39;" DANIELY MENDONCA DE FREITAS";" Pagamento de crédito";" 264- AQUISIÇÃO E REEMBOLSO-MÓVEL SEM  REGISTRO";023.965.679-26;" MARCIO ADEJANE MANTOVANI";050095/0017-00;;" Concluído";072664;Peabiru;207;SICREDI VALE DO PIQUIRI ABCD P;207;SUREG Vale do Piquiri PR;CENTRAL SICREDI PR/SP/RJ;103.0 Hora(s);9d7h59m;14/11/2023 08:24:56;;;;;;
0000356773;13/11/2023 09:11:39;" DANIELY MENDONCA DE FREITAS";" Pagamento de crédito";" 264- AQUISIÇÃO E REEMBOLSO-MÓVEL SEM  REGISTRO";023.965.679-26;" MARCIO ADEJANE MANTOVANI";050095/0017-00;;" Concluído";072664;Peabiru;207;SICREDI VALE DO PIQUIRI ABCD P;207;SUREG Vale do Piquiri PR;CENTRAL SICREDI PR/SP/RJ;103.0 Hora(s);9d7h59m;14/11/2023 08:24:38;;;;;;
0000356773;13/11/2023 09:11:39;" DANIELY MENDONCA DE FREITAS";" Pagamento de crédito";" 264- AQUISIÇÃO E REEMBOLSO-MÓVEL SEM  REGISTRO";023.965.679-26;" MARCIO ADEJANE MANTOVANI";050095/0017-00;;" Concluído";072664;Peabiru;207;SICREDI VALE DO PIQUIRI ABCD P;207;SUREG Vale do Piquiri PR;CENTRAL SICREDI PR/SP/RJ;103.0 Hora(s);9d7h59m;13/11/2023 09:11:39;;;;;;
0000356773;13/11/2023 09:11:39;" DANIELY MENDONCA DE FREITAS";" Pagamento de crédito";" 264- AQUISIÇÃO E REEMBOLSO-MÓVEL SEM  REGISTRO";023.965.679-26;" MARCIO ADEJANE MANTOVANI";050095/0017-00;;" Concluído";072664;Peabiru;207;SICREDI VALE DO PIQUIRI ABCD P;207;SUREG Vale do Piquiri PR;CENTRAL SICREDI PR/SP/RJ;103.0 Hora(s);9d7h59m;13/11/2023 09:08:08;;;;;;
