﻿ID_Processo7;DT_Solicitacao8;NM_Usuario_Solicitacao8;NM_Tipo_Processo8;NM_Processo8;CD_Inscricao_Nacional8;NM_Pessoa8;Usuário;Grupo_Cota_Outros8;ST_Status8;CD_Comissionado2;NM_Fantasia_Comissionado2;CD_Tipo_Ponto_Venda3;NM_Fantasia_Ponto_Venda2;CD_Tipo_Ponto_Venda4;NM_Tipo_Ponto_Venda2;NM_Filial_Venda2;Nivel_Servico8;Tempo_Processo8;DH_Conclusao8;NM_Atividade1;Nivel_Servico_Atividade1;DT_Inicio_Atividade1;DT_Fim_Atividade1;NM_Usuario_Atividade1;Tempo_Processo_Atividade1
0000356848;13/11/2023 11:11:51;" LUCAS DA SILVA ESTANISLAU";" Pagamento de crédito";" 258- AQUISIÇÃO E REEMBOLSO-MÓVEL COM REGISTRO";661.590.839-53;" PEDRO JOSE BATISTELA";050126/0511-00;;" Concluído";072666;Mariluz;207;SICREDI VALE DO PIQUIRI ABCD P;207;SUREG Vale do Piquiri PR;CENTRAL SICREDI PR/SP/RJ;105.0 Hora(s);8d4h20m;21/11/2023 15:47:05;LIBERAR PAGAMENTOS;0h00m;21/11/2023 12:39:42;21/11/2023 15:47:05;Kelen Hahn Paulo;0h00m
0000356848;13/11/2023 11:11:51;" LUCAS DA SILVA ESTANISLAU";" Pagamento de crédito";" 258- AQUISIÇÃO E REEMBOLSO-MÓVEL COM REGISTRO";661.590.839-53;" PEDRO JOSE BATISTELA";050126/0511-00;;" Concluído";072666;Mariluz;207;SICREDI VALE DO PIQUIRI ABCD P;207;SUREG Vale do Piquiri PR;CENTRAL SICREDI PR/SP/RJ;105.0 Hora(s);8d4h20m;21/11/2023 12:39:42;APROVAR PAGAMENTO;1h00m;21/11/2023 12:39:35;21/11/2023 12:39:42;Eliane Ribas Barcelos;0h00m
0000356848;13/11/2023 11:11:51;" LUCAS DA SILVA ESTANISLAU";" Pagamento de crédito";" 258- AQUISIÇÃO E REEMBOLSO-MÓVEL COM REGISTRO";661.590.839-53;" PEDRO JOSE BATISTELA";050126/0511-00;;" Concluído";072666;Mariluz;207;SICREDI VALE DO PIQUIRI ABCD P;207;SUREG Vale do Piquiri PR;CENTRAL SICREDI PR/SP/RJ;105.0 Hora(s);8d4h20m;21/11/2023 12:39:35;PROGRAMAR PAGAMENTO;1h00m;21/11/2023 12:39:07;21/11/2023 12:39:35;Eliane Ribas Barcelos;0h00m
0000356848;13/11/2023 11:11:51;" LUCAS DA SILVA ESTANISLAU";" Pagamento de crédito";" 258- AQUISIÇÃO E REEMBOLSO-MÓVEL COM REGISTRO";661.590.839-53;" PEDRO JOSE BATISTELA";050126/0511-00;;" Concluído";072666;Mariluz;207;SICREDI VALE DO PIQUIRI ABCD P;207;SUREG Vale do Piquiri PR;CENTRAL SICREDI PR/SP/RJ;105.0 Hora(s);8d4h20m;21/11/2023 12:39:07;ANALISAR DOCUMENTOS PARA LIBERAÇÃO 2ª ETAPA;18h00m;21/11/2023 10:13:58;21/11/2023 12:39:07;Eliane Ribas Barcelos;0h07m
0000356848;13/11/2023 11:11:51;" LUCAS DA SILVA ESTANISLAU";" Pagamento de crédito";" 258- AQUISIÇÃO E REEMBOLSO-MÓVEL COM REGISTRO";661.590.839-53;" PEDRO JOSE BATISTELA";050126/0511-00;;" Concluído";072666;Mariluz;207;SICREDI VALE DO PIQUIRI ABCD P;207;SUREG Vale do Piquiri PR;CENTRAL SICREDI PR/SP/RJ;105.0 Hora(s);8d4h20m;21/11/2023 10:13:58;EMITIR DOCUMENTOS PARA LIBERAÇÃO;18h00m;14/11/2023 08:38:43;21/11/2023 10:13:58;LUCAS DA SILVA ESTANISLAU;0h00m
0000356848;13/11/2023 11:11:51;" LUCAS DA SILVA ESTANISLAU";" Pagamento de crédito";" 258- AQUISIÇÃO E REEMBOLSO-MÓVEL COM REGISTRO";661.590.839-53;" PEDRO JOSE BATISTELA";050126/0511-00;;" Concluído";072666;Mariluz;207;SICREDI VALE DO PIQUIRI ABCD P;207;SUREG Vale do Piquiri PR;CENTRAL SICREDI PR/SP/RJ;105.0 Hora(s);8d4h20m;14/11/2023 08:38:43;REGISTRAR CONTRATO MANUALMENTE;1h00m;14/11/2023 08:38:37;14/11/2023 08:38:43;PAOLA MENEZES DA COSTA;0h00m
0000356848;13/11/2023 11:11:51;" LUCAS DA SILVA ESTANISLAU";" Pagamento de crédito";" 258- AQUISIÇÃO E REEMBOLSO-MÓVEL COM REGISTRO";661.590.839-53;" PEDRO JOSE BATISTELA";050126/0511-00;;" Concluído";072666;Mariluz;207;SICREDI VALE DO PIQUIRI ABCD P;207;SUREG Vale do Piquiri PR;CENTRAL SICREDI PR/SP/RJ;105.0 Hora(s);8d4h20m;14/11/2023 08:38:37;ALIENAR O BEM;1h00m;14/11/2023 08:37:24;14/11/2023 08:38:37;PAOLA MENEZES DA COSTA;0h01m
0000356848;13/11/2023 11:11:51;" LUCAS DA SILVA ESTANISLAU";" Pagamento de crédito";" 258- AQUISIÇÃO E REEMBOLSO-MÓVEL COM REGISTRO";661.590.839-53;" PEDRO JOSE BATISTELA";050126/0511-00;;" Concluído";072666;Mariluz;207;SICREDI VALE DO PIQUIRI ABCD P;207;SUREG Vale do Piquiri PR;CENTRAL SICREDI PR/SP/RJ;105.0 Hora(s);8d4h20m;14/11/2023 08:37:24;FINALIZAR CADASTRO DO BEM;1h00m;14/11/2023 08:37:11;14/11/2023 08:37:24;PAOLA MENEZES DA COSTA;0h00m
0000356848;13/11/2023 11:11:51;" LUCAS DA SILVA ESTANISLAU";" Pagamento de crédito";" 258- AQUISIÇÃO E REEMBOLSO-MÓVEL COM REGISTRO";661.590.839-53;" PEDRO JOSE BATISTELA";050126/0511-00;;" Concluído";072666;Mariluz;207;SICREDI VALE DO PIQUIRI ABCD P;207;SUREG Vale do Piquiri PR;CENTRAL SICREDI PR/SP/RJ;105.0 Hora(s);8d4h20m;14/11/2023 08:37:11;ANÁLISE DE DOCUMENTOS 1ª ETAPA;18h00m;13/11/2023 11:29:13;14/11/2023 08:37:11;PAOLA MENEZES DA COSTA;0h10m
0000356848;13/11/2023 11:11:51;" LUCAS DA SILVA ESTANISLAU";" Pagamento de crédito";" 258- AQUISIÇÃO E REEMBOLSO-MÓVEL COM REGISTRO";661.590.839-53;" PEDRO JOSE BATISTELA";050126/0511-00;;" Concluído";072666;Mariluz;207;SICREDI VALE DO PIQUIRI ABCD P;207;SUREG Vale do Piquiri PR;CENTRAL SICREDI PR/SP/RJ;105.0 Hora(s);8d4h20m;13/11/2023 11:29:13;ENVIAR DOCUMENTOS;1d21h00m;13/11/2023 11:27:58;13/11/2023 11:29:13;LUCAS DA SILVA ESTANISLAU;0h00m
0000356848;13/11/2023 11:11:51;" LUCAS DA SILVA ESTANISLAU";" Pagamento de crédito";" 258- AQUISIÇÃO E REEMBOLSO-MÓVEL COM REGISTRO";661.590.839-53;" PEDRO JOSE BATISTELA";050126/0511-00;;" Concluído";072666;Mariluz;207;SICREDI VALE DO PIQUIRI ABCD P;207;SUREG Vale do Piquiri PR;CENTRAL SICREDI PR/SP/RJ;105.0 Hora(s);8d4h20m;13/11/2023 11:27:57;AUTORIZAÇÃO DE FATURAMENTO;0h00m;13/11/2023 11:27:45;13/11/2023 11:27:57;LUCAS DA SILVA ESTANISLAU;0h00m
0000356848;13/11/2023 11:11:51;" LUCAS DA SILVA ESTANISLAU";" Pagamento de crédito";" 258- AQUISIÇÃO E REEMBOLSO-MÓVEL COM REGISTRO";661.590.839-53;" PEDRO JOSE BATISTELA";050126/0511-00;;" Concluído";072666;Mariluz;207;SICREDI VALE DO PIQUIRI ABCD P;207;SUREG Vale do Piquiri PR;CENTRAL SICREDI PR/SP/RJ;105.0 Hora(s);8d4h20m;21/11/2023 15:47:05;;;;;;
0000356848;13/11/2023 11:11:51;" LUCAS DA SILVA ESTANISLAU";" Pagamento de crédito";" 258- AQUISIÇÃO E REEMBOLSO-MÓVEL COM REGISTRO";661.590.839-53;" PEDRO JOSE BATISTELA";050126/0511-00;;" Concluído";072666;Mariluz;207;SICREDI VALE DO PIQUIRI ABCD P;207;SUREG Vale do Piquiri PR;CENTRAL SICREDI PR/SP/RJ;105.0 Hora(s);8d4h20m;21/11/2023 12:39:42;;;;;;
0000356848;13/11/2023 11:11:51;" LUCAS DA SILVA ESTANISLAU";" Pagamento de crédito";" 258- AQUISIÇÃO E REEMBOLSO-MÓVEL COM REGISTRO";661.590.839-53;" PEDRO JOSE BATISTELA";050126/0511-00;;" Concluído";072666;Mariluz;207;SICREDI VALE DO PIQUIRI ABCD P;207;SUREG Vale do Piquiri PR;CENTRAL SICREDI PR/SP/RJ;105.0 Hora(s);8d4h20m;21/11/2023 12:39:35;;;;;;
0000356848;13/11/2023 11:11:51;" LUCAS DA SILVA ESTANISLAU";" Pagamento de crédito";" 258- AQUISIÇÃO E REEMBOLSO-MÓVEL COM REGISTRO";661.590.839-53;" PEDRO JOSE BATISTELA";050126/0511-00;;" Concluído";072666;Mariluz;207;SICREDI VALE DO PIQUIRI ABCD P;207;SUREG Vale do Piquiri PR;CENTRAL SICREDI PR/SP/RJ;105.0 Hora(s);8d4h20m;21/11/2023 12:39:07;;;;;;
0000356848;13/11/2023 11:11:51;" LUCAS DA SILVA ESTANISLAU";" Pagamento de crédito";" 258- AQUISIÇÃO E REEMBOLSO-MÓVEL COM REGISTRO";661.590.839-53;" PEDRO JOSE BATISTELA";050126/0511-00;;" Concluído";072666;Mariluz;207;SICREDI VALE DO PIQUIRI ABCD P;207;SUREG Vale do Piquiri PR;CENTRAL SICREDI PR/SP/RJ;105.0 Hora(s);8d4h20m;21/11/2023 10:13:58;;;;;;
0000356848;13/11/2023 11:11:51;" LUCAS DA SILVA ESTANISLAU";" Pagamento de crédito";" 258- AQUISIÇÃO E REEMBOLSO-MÓVEL COM REGISTRO";661.590.839-53;" PEDRO JOSE BATISTELA";050126/0511-00;;" Concluído";072666;Mariluz;207;SICREDI VALE DO PIQUIRI ABCD P;207;SUREG Vale do Piquiri PR;CENTRAL SICREDI PR/SP/RJ;105.0 Hora(s);8d4h20m;14/11/2023 08:38:43;;;;;;
0000356848;13/11/2023 11:11:51;" LUCAS DA SILVA ESTANISLAU";" Pagamento de crédito";" 258- AQUISIÇÃO E REEMBOLSO-MÓVEL COM REGISTRO";661.590.839-53;" PEDRO JOSE BATISTELA";050126/0511-00;;" Concluído";072666;Mariluz;207;SICREDI VALE DO PIQUIRI ABCD P;207;SUREG Vale do Piquiri PR;CENTRAL SICREDI PR/SP/RJ;105.0 Hora(s);8d4h20m;14/11/2023 08:38:37;;;;;;
0000356848;13/11/2023 11:11:51;" LUCAS DA SILVA ESTANISLAU";" Pagamento de crédito";" 258- AQUISIÇÃO E REEMBOLSO-MÓVEL COM REGISTRO";661.590.839-53;" PEDRO JOSE BATISTELA";050126/0511-00;;" Concluído";072666;Mariluz;207;SICREDI VALE DO PIQUIRI ABCD P;207;SUREG Vale do Piquiri PR;CENTRAL SICREDI PR/SP/RJ;105.0 Hora(s);8d4h20m;14/11/2023 08:37:24;;;;;;
0000356848;13/11/2023 11:11:51;" LUCAS DA SILVA ESTANISLAU";" Pagamento de crédito";" 258- AQUISIÇÃO E REEMBOLSO-MÓVEL COM REGISTRO";661.590.839-53;" PEDRO JOSE BATISTELA";050126/0511-00;;" Concluído";072666;Mariluz;207;SICREDI VALE DO PIQUIRI ABCD P;207;SUREG Vale do Piquiri PR;CENTRAL SICREDI PR/SP/RJ;105.0 Hora(s);8d4h20m;14/11/2023 08:37:11;;;;;;
0000356848;13/11/2023 11:11:51;" LUCAS DA SILVA ESTANISLAU";" Pagamento de crédito";" 258- AQUISIÇÃO E REEMBOLSO-MÓVEL COM REGISTRO";661.590.839-53;" PEDRO JOSE BATISTELA";050126/0511-00;;" Concluído";072666;Mariluz;207;SICREDI VALE DO PIQUIRI ABCD P;207;SUREG Vale do Piquiri PR;CENTRAL SICREDI PR/SP/RJ;105.0 Hora(s);8d4h20m;13/11/2023 11:29:13;;;;;;
0000356848;13/11/2023 11:11:51;" LUCAS DA SILVA ESTANISLAU";" Pagamento de crédito";" 258- AQUISIÇÃO E REEMBOLSO-MÓVEL COM REGISTRO";661.590.839-53;" PEDRO JOSE BATISTELA";050126/0511-00;;" Concluído";072666;Mariluz;207;SICREDI VALE DO PIQUIRI ABCD P;207;SUREG Vale do Piquiri PR;CENTRAL SICREDI PR/SP/RJ;105.0 Hora(s);8d4h20m;13/11/2023 11:27:57;;;;;;
