﻿ID_Processo7;DT_Solicitacao8;NM_Usuario_Solicitacao8;NM_Tipo_Processo8;NM_Processo8;CD_Inscricao_Nacional8;NM_Pessoa8;Usuário;Grupo_Cota_Outros8;ST_Status8;CD_Comissionado2;NM_Fantasia_Comissionado2;CD_Tipo_Ponto_Venda3;NM_Fantasia_Ponto_Venda2;CD_Tipo_Ponto_Venda4;NM_Tipo_Ponto_Venda2;NM_Filial_Venda2;Nivel_Servico8;Tempo_Processo8;DH_Conclusao8;NM_Atividade1;Nivel_Servico_Atividade1;DT_Inicio_Atividade1;DT_Fim_Atividade1;NM_Usuario_Atividade1;Tempo_Processo_Atividade1
0000358058;16/11/2023 11:11:43;" DEIVYD KADU BARBIERI";" Pagamento de crédito";" 264- AQUISIÇÃO E REEMBOLSO-MÓVEL SEM  REGISTRO";428.477.290-20;" VALDECIR DOMINGOS BETTO";050126/0402-00;;" Aguardando Regularização";021721;Entre Rios do Sul;104;SICREDI UNIESTADOS;104;SUREG Erechim RS;CENTRAL SICREDI SUL/SUDESTE;103.0 Hora(s);1d3h23m;"                   ";EMITIR DOCUMENTOS PARA LIBERAÇÃO;18h00m;17/11/2023 14:35:02;"                   ";;0h00m
0000358058;16/11/2023 11:11:43;" DEIVYD KADU BARBIERI";" Pagamento de crédito";" 264- AQUISIÇÃO E REEMBOLSO-MÓVEL SEM  REGISTRO";428.477.290-20;" VALDECIR DOMINGOS BETTO";050126/0402-00;;" Aguardando Regularização";021721;Entre Rios do Sul;104;SICREDI UNIESTADOS;104;SUREG Erechim RS;CENTRAL SICREDI SUL/SUDESTE;103.0 Hora(s);1d3h23m;17/11/2023 14:35:01;ALIENAÇÃO DE BENS;1h00m;17/11/2023 14:34:19;17/11/2023 14:35:01;;0h00m
0000358058;16/11/2023 11:11:43;" DEIVYD KADU BARBIERI";" Pagamento de crédito";" 264- AQUISIÇÃO E REEMBOLSO-MÓVEL SEM  REGISTRO";428.477.290-20;" VALDECIR DOMINGOS BETTO";050126/0402-00;;" Aguardando Regularização";021721;Entre Rios do Sul;104;SICREDI UNIESTADOS;104;SUREG Erechim RS;CENTRAL SICREDI SUL/SUDESTE;103.0 Hora(s);1d3h23m;17/11/2023 14:34:19;FINALIZAR CADASTRO DO BEM;1h00m;17/11/2023 14:34:09;17/11/2023 14:34:19;Camille Lyandra Paz dos Santos;0h00m
0000358058;16/11/2023 11:11:43;" DEIVYD KADU BARBIERI";" Pagamento de crédito";" 264- AQUISIÇÃO E REEMBOLSO-MÓVEL SEM  REGISTRO";428.477.290-20;" VALDECIR DOMINGOS BETTO";050126/0402-00;;" Aguardando Regularização";021721;Entre Rios do Sul;104;SICREDI UNIESTADOS;104;SUREG Erechim RS;CENTRAL SICREDI SUL/SUDESTE;103.0 Hora(s);1d3h23m;17/11/2023 14:34:09;ANÁLISE DE DOCUMENTOS 1ª ETAPA;18h00m;17/11/2023 11:37:04;17/11/2023 14:34:09;Camille Lyandra Paz dos Santos;1h14m
0000358058;16/11/2023 11:11:43;" DEIVYD KADU BARBIERI";" Pagamento de crédito";" 264- AQUISIÇÃO E REEMBOLSO-MÓVEL SEM  REGISTRO";428.477.290-20;" VALDECIR DOMINGOS BETTO";050126/0402-00;;" Aguardando Regularização";021721;Entre Rios do Sul;104;SICREDI UNIESTADOS;104;SUREG Erechim RS;CENTRAL SICREDI SUL/SUDESTE;103.0 Hora(s);1d3h23m;17/11/2023 11:37:03;ENVIAR DOCUMENTOS;1d21h00m;16/11/2023 11:13:05;17/11/2023 11:37:03;DEIVYD KADU BARBIERI;0h00m
0000358058;16/11/2023 11:11:43;" DEIVYD KADU BARBIERI";" Pagamento de crédito";" 264- AQUISIÇÃO E REEMBOLSO-MÓVEL SEM  REGISTRO";428.477.290-20;" VALDECIR DOMINGOS BETTO";050126/0402-00;;" Aguardando Regularização";021721;Entre Rios do Sul;104;SICREDI UNIESTADOS;104;SUREG Erechim RS;CENTRAL SICREDI SUL/SUDESTE;103.0 Hora(s);1d3h23m;16/11/2023 11:13:05;AUTORIZAÇÃO DE FATURAMENTO;0h00m;16/11/2023 11:12:17;16/11/2023 11:13:05;;0h00m
0000357625;13/11/2023 15:11:47;" DEIVYD KADU BARBIERI";" Pagamento de crédito";" 264- AQUISIÇÃO E REEMBOLSO-MÓVEL SEM  REGISTRO";428.477.290-20;" VALDECIR DOMINGOS BETTO";050126/0402-00;;" Reprovado";021721;Entre Rios do Sul;104;SICREDI UNIESTADOS;104;SUREG Erechim RS;CENTRAL SICREDI SUL/SUDESTE;103.0 Hora(s);2d20h02m;16/11/2023 11:06:38;ENVIAR DOCUMENTOS;1d21h00m;13/11/2023 15:04:58;16/11/2023 11:06:38;DEIVYD KADU BARBIERI;0h00m
0000357625;13/11/2023 15:11:47;" DEIVYD KADU BARBIERI";" Pagamento de crédito";" 264- AQUISIÇÃO E REEMBOLSO-MÓVEL SEM  REGISTRO";428.477.290-20;" VALDECIR DOMINGOS BETTO";050126/0402-00;;" Reprovado";021721;Entre Rios do Sul;104;SICREDI UNIESTADOS;104;SUREG Erechim RS;CENTRAL SICREDI SUL/SUDESTE;103.0 Hora(s);2d20h02m;13/11/2023 15:04:58;AUTORIZAÇÃO DE FATURAMENTO;0h00m;13/11/2023 15:04:50;13/11/2023 15:04:58;;0h00m
0000357625;13/11/2023 15:11:47;" DEIVYD KADU BARBIERI";" Pagamento de crédito";" 264- AQUISIÇÃO E REEMBOLSO-MÓVEL SEM  REGISTRO";428.477.290-20;" VALDECIR DOMINGOS BETTO";050126/0402-00;;" Reprovado";021721;Entre Rios do Sul;104;SICREDI UNIESTADOS;104;SUREG Erechim RS;CENTRAL SICREDI SUL/SUDESTE;103.0 Hora(s);2d20h02m;16/11/2023 11:06:38;;;;;;
0000357625;13/11/2023 15:11:47;" DEIVYD KADU BARBIERI";" Pagamento de crédito";" 264- AQUISIÇÃO E REEMBOLSO-MÓVEL SEM  REGISTRO";428.477.290-20;" VALDECIR DOMINGOS BETTO";050126/0402-00;;" Reprovado";021721;Entre Rios do Sul;104;SICREDI UNIESTADOS;104;SUREG Erechim RS;CENTRAL SICREDI SUL/SUDESTE;103.0 Hora(s);2d20h02m;13/11/2023 15:04:58;;;;;;
0000358058;16/11/2023 11:11:43;" DEIVYD KADU BARBIERI";" Pagamento de crédito";" 264- AQUISIÇÃO E REEMBOLSO-MÓVEL SEM  REGISTRO";428.477.290-20;" VALDECIR DOMINGOS BETTO";050126/0402-00;;" Aguardando Regularização";021721;Entre Rios do Sul;104;SICREDI UNIESTADOS;104;SUREG Erechim RS;CENTRAL SICREDI SUL/SUDESTE;103.0 Hora(s);1d3h23m;"                   ";;;;;;
0000358058;16/11/2023 11:11:43;" DEIVYD KADU BARBIERI";" Pagamento de crédito";" 264- AQUISIÇÃO E REEMBOLSO-MÓVEL SEM  REGISTRO";428.477.290-20;" VALDECIR DOMINGOS BETTO";050126/0402-00;;" Aguardando Regularização";021721;Entre Rios do Sul;104;SICREDI UNIESTADOS;104;SUREG Erechim RS;CENTRAL SICREDI SUL/SUDESTE;103.0 Hora(s);1d3h23m;17/11/2023 14:35:01;;;;;;
0000358058;16/11/2023 11:11:43;" DEIVYD KADU BARBIERI";" Pagamento de crédito";" 264- AQUISIÇÃO E REEMBOLSO-MÓVEL SEM  REGISTRO";428.477.290-20;" VALDECIR DOMINGOS BETTO";050126/0402-00;;" Aguardando Regularização";021721;Entre Rios do Sul;104;SICREDI UNIESTADOS;104;SUREG Erechim RS;CENTRAL SICREDI SUL/SUDESTE;103.0 Hora(s);1d3h23m;17/11/2023 14:34:19;;;;;;
0000358058;16/11/2023 11:11:43;" DEIVYD KADU BARBIERI";" Pagamento de crédito";" 264- AQUISIÇÃO E REEMBOLSO-MÓVEL SEM  REGISTRO";428.477.290-20;" VALDECIR DOMINGOS BETTO";050126/0402-00;;" Aguardando Regularização";021721;Entre Rios do Sul;104;SICREDI UNIESTADOS;104;SUREG Erechim RS;CENTRAL SICREDI SUL/SUDESTE;103.0 Hora(s);1d3h23m;17/11/2023 14:34:09;;;;;;
0000358058;16/11/2023 11:11:43;" DEIVYD KADU BARBIERI";" Pagamento de crédito";" 264- AQUISIÇÃO E REEMBOLSO-MÓVEL SEM  REGISTRO";428.477.290-20;" VALDECIR DOMINGOS BETTO";050126/0402-00;;" Aguardando Regularização";021721;Entre Rios do Sul;104;SICREDI UNIESTADOS;104;SUREG Erechim RS;CENTRAL SICREDI SUL/SUDESTE;103.0 Hora(s);1d3h23m;17/11/2023 11:37:03;;;;;;
0000358058;16/11/2023 11:11:43;" DEIVYD KADU BARBIERI";" Pagamento de crédito";" 264- AQUISIÇÃO E REEMBOLSO-MÓVEL SEM  REGISTRO";428.477.290-20;" VALDECIR DOMINGOS BETTO";050126/0402-00;;" Aguardando Regularização";021721;Entre Rios do Sul;104;SICREDI UNIESTADOS;104;SUREG Erechim RS;CENTRAL SICREDI SUL/SUDESTE;103.0 Hora(s);1d3h23m;16/11/2023 11:13:05;;;;;;
