﻿ID_Processo7;DT_Solicitacao8;NM_Usuario_Solicitacao8;NM_Tipo_Processo8;NM_Processo8;CD_Inscricao_Nacional8;NM_Pessoa8;Usuário;Grupo_Cota_Outros8;ST_Status8;CD_Comissionado2;NM_Fantasia_Comissionado2;CD_Tipo_Ponto_Venda3;NM_Fantasia_Ponto_Venda2;CD_Tipo_Ponto_Venda4;NM_Tipo_Ponto_Venda2;NM_Filial_Venda2;Nivel_Servico8;Tempo_Processo8;DH_Conclusao8;NM_Atividade1;Nivel_Servico_Atividade1;DT_Inicio_Atividade1;DT_Fim_Atividade1;NM_Usuario_Atividade1;Tempo_Processo_Atividade1
0000357861;14/11/2023 13:11:52;" MAYARA BREDA";" Pagamento de crédito";" 258- AQUISIÇÃO E REEMBOLSO-MÓVEL COM REGISTRO";135.158.530-49;" NELSON JOSE DE MARCHI";050117/0070-00;;" Aguardando Regularização";021720;Erechim Santo Dal Bosco;104;SICREDI UNIESTADOS;104;SUREG Erechim RS;CENTRAL SICREDI SUL/SUDESTE;105.0 Hora(s);5d22h14m;"                   ";EMITIR DOCUMENTOS PARA LIBERAÇÃO;18h00m;20/11/2023 12:04:12;"                   ";;0h00m
0000357861;14/11/2023 13:11:52;" MAYARA BREDA";" Pagamento de crédito";" 258- AQUISIÇÃO E REEMBOLSO-MÓVEL COM REGISTRO";135.158.530-49;" NELSON JOSE DE MARCHI";050117/0070-00;;" Aguardando Regularização";021720;Erechim Santo Dal Bosco;104;SICREDI UNIESTADOS;104;SUREG Erechim RS;CENTRAL SICREDI SUL/SUDESTE;105.0 Hora(s);5d22h14m;20/11/2023 12:04:12;REGISTRAR CONTRATO MANUALMENTE;1h00m;20/11/2023 12:04:00;20/11/2023 12:04:12;João Pedro Pieluhowski Silva;0h00m
0000357861;14/11/2023 13:11:52;" MAYARA BREDA";" Pagamento de crédito";" 258- AQUISIÇÃO E REEMBOLSO-MÓVEL COM REGISTRO";135.158.530-49;" NELSON JOSE DE MARCHI";050117/0070-00;;" Aguardando Regularização";021720;Erechim Santo Dal Bosco;104;SICREDI UNIESTADOS;104;SUREG Erechim RS;CENTRAL SICREDI SUL/SUDESTE;105.0 Hora(s);5d22h14m;20/11/2023 12:04:00;ALIENAR O BEM;1h00m;17/11/2023 10:19:01;20/11/2023 12:04:00;João Pedro Pieluhowski Silva;0h04m
0000357861;14/11/2023 13:11:52;" MAYARA BREDA";" Pagamento de crédito";" 258- AQUISIÇÃO E REEMBOLSO-MÓVEL COM REGISTRO";135.158.530-49;" NELSON JOSE DE MARCHI";050117/0070-00;;" Aguardando Regularização";021720;Erechim Santo Dal Bosco;104;SICREDI UNIESTADOS;104;SUREG Erechim RS;CENTRAL SICREDI SUL/SUDESTE;105.0 Hora(s);5d22h14m;17/11/2023 10:19:01;FINALIZAR CADASTRO DO BEM;1h00m;17/11/2023 10:18:58;17/11/2023 10:19:01;João Pedro Pieluhowski Silva;0h00m
0000357861;14/11/2023 13:11:52;" MAYARA BREDA";" Pagamento de crédito";" 258- AQUISIÇÃO E REEMBOLSO-MÓVEL COM REGISTRO";135.158.530-49;" NELSON JOSE DE MARCHI";050117/0070-00;;" Aguardando Regularização";021720;Erechim Santo Dal Bosco;104;SICREDI UNIESTADOS;104;SUREG Erechim RS;CENTRAL SICREDI SUL/SUDESTE;105.0 Hora(s);5d22h14m;17/11/2023 10:18:57;ANÁLISE DE DOCUMENTOS 1ª ETAPA;18h00m;16/11/2023 14:24:38;17/11/2023 10:18:57;João Pedro Pieluhowski Silva;0h06m
0000357861;14/11/2023 13:11:52;" MAYARA BREDA";" Pagamento de crédito";" 258- AQUISIÇÃO E REEMBOLSO-MÓVEL COM REGISTRO";135.158.530-49;" NELSON JOSE DE MARCHI";050117/0070-00;;" Aguardando Regularização";021720;Erechim Santo Dal Bosco;104;SICREDI UNIESTADOS;104;SUREG Erechim RS;CENTRAL SICREDI SUL/SUDESTE;105.0 Hora(s);5d22h14m;16/11/2023 14:24:38;ENVIAR DOCUMENTOS;1d21h00m;14/11/2023 13:50:49;16/11/2023 14:24:38;MAYARA BREDA;0h00m
0000357861;14/11/2023 13:11:52;" MAYARA BREDA";" Pagamento de crédito";" 258- AQUISIÇÃO E REEMBOLSO-MÓVEL COM REGISTRO";135.158.530-49;" NELSON JOSE DE MARCHI";050117/0070-00;;" Aguardando Regularização";021720;Erechim Santo Dal Bosco;104;SICREDI UNIESTADOS;104;SUREG Erechim RS;CENTRAL SICREDI SUL/SUDESTE;105.0 Hora(s);5d22h14m;14/11/2023 13:50:49;AUTORIZAÇÃO DE FATURAMENTO;0h00m;14/11/2023 13:50:43;14/11/2023 13:50:49;;0h00m
0000357861;14/11/2023 13:11:52;" MAYARA BREDA";" Pagamento de crédito";" 258- AQUISIÇÃO E REEMBOLSO-MÓVEL COM REGISTRO";135.158.530-49;" NELSON JOSE DE MARCHI";050117/0070-00;;" Aguardando Regularização";021720;Erechim Santo Dal Bosco;104;SICREDI UNIESTADOS;104;SUREG Erechim RS;CENTRAL SICREDI SUL/SUDESTE;105.0 Hora(s);5d22h14m;"                   ";;;;;;
0000357861;14/11/2023 13:11:52;" MAYARA BREDA";" Pagamento de crédito";" 258- AQUISIÇÃO E REEMBOLSO-MÓVEL COM REGISTRO";135.158.530-49;" NELSON JOSE DE MARCHI";050117/0070-00;;" Aguardando Regularização";021720;Erechim Santo Dal Bosco;104;SICREDI UNIESTADOS;104;SUREG Erechim RS;CENTRAL SICREDI SUL/SUDESTE;105.0 Hora(s);5d22h14m;20/11/2023 12:04:12;;;;;;
0000357861;14/11/2023 13:11:52;" MAYARA BREDA";" Pagamento de crédito";" 258- AQUISIÇÃO E REEMBOLSO-MÓVEL COM REGISTRO";135.158.530-49;" NELSON JOSE DE MARCHI";050117/0070-00;;" Aguardando Regularização";021720;Erechim Santo Dal Bosco;104;SICREDI UNIESTADOS;104;SUREG Erechim RS;CENTRAL SICREDI SUL/SUDESTE;105.0 Hora(s);5d22h14m;20/11/2023 12:04:00;;;;;;
0000357861;14/11/2023 13:11:52;" MAYARA BREDA";" Pagamento de crédito";" 258- AQUISIÇÃO E REEMBOLSO-MÓVEL COM REGISTRO";135.158.530-49;" NELSON JOSE DE MARCHI";050117/0070-00;;" Aguardando Regularização";021720;Erechim Santo Dal Bosco;104;SICREDI UNIESTADOS;104;SUREG Erechim RS;CENTRAL SICREDI SUL/SUDESTE;105.0 Hora(s);5d22h14m;17/11/2023 10:19:01;;;;;;
0000357861;14/11/2023 13:11:52;" MAYARA BREDA";" Pagamento de crédito";" 258- AQUISIÇÃO E REEMBOLSO-MÓVEL COM REGISTRO";135.158.530-49;" NELSON JOSE DE MARCHI";050117/0070-00;;" Aguardando Regularização";021720;Erechim Santo Dal Bosco;104;SICREDI UNIESTADOS;104;SUREG Erechim RS;CENTRAL SICREDI SUL/SUDESTE;105.0 Hora(s);5d22h14m;17/11/2023 10:18:57;;;;;;
0000357861;14/11/2023 13:11:52;" MAYARA BREDA";" Pagamento de crédito";" 258- AQUISIÇÃO E REEMBOLSO-MÓVEL COM REGISTRO";135.158.530-49;" NELSON JOSE DE MARCHI";050117/0070-00;;" Aguardando Regularização";021720;Erechim Santo Dal Bosco;104;SICREDI UNIESTADOS;104;SUREG Erechim RS;CENTRAL SICREDI SUL/SUDESTE;105.0 Hora(s);5d22h14m;16/11/2023 14:24:38;;;;;;
0000357861;14/11/2023 13:11:52;" MAYARA BREDA";" Pagamento de crédito";" 258- AQUISIÇÃO E REEMBOLSO-MÓVEL COM REGISTRO";135.158.530-49;" NELSON JOSE DE MARCHI";050117/0070-00;;" Aguardando Regularização";021720;Erechim Santo Dal Bosco;104;SICREDI UNIESTADOS;104;SUREG Erechim RS;CENTRAL SICREDI SUL/SUDESTE;105.0 Hora(s);5d22h14m;14/11/2023 13:50:49;;;;;;
