﻿ID_Processo7;DT_Solicitacao8;NM_Usuario_Solicitacao8;NM_Tipo_Processo8;NM_Processo8;CD_Inscricao_Nacional8;NM_Pessoa8;Usuário;Grupo_Cota_Outros8;ST_Status8;CD_Comissionado2;NM_Fantasia_Comissionado2;CD_Tipo_Ponto_Venda3;NM_Fantasia_Ponto_Venda2;CD_Tipo_Ponto_Venda4;NM_Tipo_Ponto_Venda2;NM_Filial_Venda2;Nivel_Servico8;Tempo_Processo8;DH_Conclusao8;NM_Atividade1;Nivel_Servico_Atividade1;DT_Inicio_Atividade1;DT_Fim_Atividade1;NM_Usuario_Atividade1;Tempo_Processo_Atividade1
0000355308;06/11/2023 14:11:21;" LUCAS DA SILVA ESTANISLAU";" Pagamento de crédito";" 264- AQUISIÇÃO E REEMBOLSO-MÓVEL SEM  REGISTRO";072.359.009-54;" GEOVAN DE OLIVEIRA DUTRA";050139/0621-00;;" Concluído";072677;Altamira do Paraná;207;SICREDI VALE DO PIQUIRI ABCD P;207;SUREG Vale do Piquiri PR;CENTRAL SICREDI PR/SP/RJ;103.0 Hora(s);4d0h53m;10/11/2023 15:35:27;LIBERAR PAGAMENTOS;0h00m;10/11/2023 14:14:46;10/11/2023 15:35:27;ELKIAYER FAGUNDES TRINDADE;0h00m
0000355308;06/11/2023 14:11:21;" LUCAS DA SILVA ESTANISLAU";" Pagamento de crédito";" 264- AQUISIÇÃO E REEMBOLSO-MÓVEL SEM  REGISTRO";072.359.009-54;" GEOVAN DE OLIVEIRA DUTRA";050139/0621-00;;" Concluído";072677;Altamira do Paraná;207;SICREDI VALE DO PIQUIRI ABCD P;207;SUREG Vale do Piquiri PR;CENTRAL SICREDI PR/SP/RJ;103.0 Hora(s);4d0h53m;10/11/2023 14:14:46;APROVAR PAGAMENTO;1h00m;10/11/2023 14:14:41;10/11/2023 14:14:46;KELLY DA ROCHA KASPER;0h00m
0000355308;06/11/2023 14:11:21;" LUCAS DA SILVA ESTANISLAU";" Pagamento de crédito";" 264- AQUISIÇÃO E REEMBOLSO-MÓVEL SEM  REGISTRO";072.359.009-54;" GEOVAN DE OLIVEIRA DUTRA";050139/0621-00;;" Concluído";072677;Altamira do Paraná;207;SICREDI VALE DO PIQUIRI ABCD P;207;SUREG Vale do Piquiri PR;CENTRAL SICREDI PR/SP/RJ;103.0 Hora(s);4d0h53m;10/11/2023 14:14:41;PROGRAMAR PAGAMENTO;1h00m;10/11/2023 14:14:19;10/11/2023 14:14:41;KELLY DA ROCHA KASPER;0h00m
0000355308;06/11/2023 14:11:21;" LUCAS DA SILVA ESTANISLAU";" Pagamento de crédito";" 264- AQUISIÇÃO E REEMBOLSO-MÓVEL SEM  REGISTRO";072.359.009-54;" GEOVAN DE OLIVEIRA DUTRA";050139/0621-00;;" Concluído";072677;Altamira do Paraná;207;SICREDI VALE DO PIQUIRI ABCD P;207;SUREG Vale do Piquiri PR;CENTRAL SICREDI PR/SP/RJ;103.0 Hora(s);4d0h53m;10/11/2023 14:14:19;ANALISAR DOCUMENTOS PARA LIBERAÇÃO 2ª ETAPA;18h00m;09/11/2023 13:39:15;10/11/2023 14:14:19;KELLY DA ROCHA KASPER;0h05m
0000355308;06/11/2023 14:11:21;" LUCAS DA SILVA ESTANISLAU";" Pagamento de crédito";" 264- AQUISIÇÃO E REEMBOLSO-MÓVEL SEM  REGISTRO";072.359.009-54;" GEOVAN DE OLIVEIRA DUTRA";050139/0621-00;;" Concluído";072677;Altamira do Paraná;207;SICREDI VALE DO PIQUIRI ABCD P;207;SUREG Vale do Piquiri PR;CENTRAL SICREDI PR/SP/RJ;103.0 Hora(s);4d0h53m;09/11/2023 13:39:14;EMITIR DOCUMENTOS PARA LIBERAÇÃO;18h00m;07/11/2023 15:54:33;09/11/2023 13:39:14;LUCAS DA SILVA ESTANISLAU;0h00m
0000355308;06/11/2023 14:11:21;" LUCAS DA SILVA ESTANISLAU";" Pagamento de crédito";" 264- AQUISIÇÃO E REEMBOLSO-MÓVEL SEM  REGISTRO";072.359.009-54;" GEOVAN DE OLIVEIRA DUTRA";050139/0621-00;;" Concluído";072677;Altamira do Paraná;207;SICREDI VALE DO PIQUIRI ABCD P;207;SUREG Vale do Piquiri PR;CENTRAL SICREDI PR/SP/RJ;103.0 Hora(s);4d0h53m;07/11/2023 15:54:33;ALIENAÇÃO DE BENS;1h00m;07/11/2023 15:54:27;07/11/2023 15:54:33;PAOLA MENEZES DA COSTA;0h00m
0000355308;06/11/2023 14:11:21;" LUCAS DA SILVA ESTANISLAU";" Pagamento de crédito";" 264- AQUISIÇÃO E REEMBOLSO-MÓVEL SEM  REGISTRO";072.359.009-54;" GEOVAN DE OLIVEIRA DUTRA";050139/0621-00;;" Concluído";072677;Altamira do Paraná;207;SICREDI VALE DO PIQUIRI ABCD P;207;SUREG Vale do Piquiri PR;CENTRAL SICREDI PR/SP/RJ;103.0 Hora(s);4d0h53m;07/11/2023 15:54:27;FINALIZAR CADASTRO DO BEM;1h00m;07/11/2023 15:54:13;07/11/2023 15:54:27;PAOLA MENEZES DA COSTA;0h00m
0000355308;06/11/2023 14:11:21;" LUCAS DA SILVA ESTANISLAU";" Pagamento de crédito";" 264- AQUISIÇÃO E REEMBOLSO-MÓVEL SEM  REGISTRO";072.359.009-54;" GEOVAN DE OLIVEIRA DUTRA";050139/0621-00;;" Concluído";072677;Altamira do Paraná;207;SICREDI VALE DO PIQUIRI ABCD P;207;SUREG Vale do Piquiri PR;CENTRAL SICREDI PR/SP/RJ;103.0 Hora(s);4d0h53m;07/11/2023 15:54:13;ANÁLISE DE DOCUMENTOS 1ª ETAPA;18h00m;06/11/2023 14:47:06;07/11/2023 15:54:13;PAOLA MENEZES DA COSTA;0h13m
0000355308;06/11/2023 14:11:21;" LUCAS DA SILVA ESTANISLAU";" Pagamento de crédito";" 264- AQUISIÇÃO E REEMBOLSO-MÓVEL SEM  REGISTRO";072.359.009-54;" GEOVAN DE OLIVEIRA DUTRA";050139/0621-00;;" Concluído";072677;Altamira do Paraná;207;SICREDI VALE DO PIQUIRI ABCD P;207;SUREG Vale do Piquiri PR;CENTRAL SICREDI PR/SP/RJ;103.0 Hora(s);4d0h53m;06/11/2023 14:47:06;ENVIAR DOCUMENTOS;1d21h00m;06/11/2023 14:43:50;06/11/2023 14:47:06;LUCAS DA SILVA ESTANISLAU;0h00m
0000355308;06/11/2023 14:11:21;" LUCAS DA SILVA ESTANISLAU";" Pagamento de crédito";" 264- AQUISIÇÃO E REEMBOLSO-MÓVEL SEM  REGISTRO";072.359.009-54;" GEOVAN DE OLIVEIRA DUTRA";050139/0621-00;;" Concluído";072677;Altamira do Paraná;207;SICREDI VALE DO PIQUIRI ABCD P;207;SUREG Vale do Piquiri PR;CENTRAL SICREDI PR/SP/RJ;103.0 Hora(s);4d0h53m;06/11/2023 14:43:50;AUTORIZAÇÃO DE FATURAMENTO;0h00m;06/11/2023 14:42:34;06/11/2023 14:43:50;;0h00m
0000355308;06/11/2023 14:11:21;" LUCAS DA SILVA ESTANISLAU";" Pagamento de crédito";" 264- AQUISIÇÃO E REEMBOLSO-MÓVEL SEM  REGISTRO";072.359.009-54;" GEOVAN DE OLIVEIRA DUTRA";050139/0621-00;;" Concluído";072677;Altamira do Paraná;207;SICREDI VALE DO PIQUIRI ABCD P;207;SUREG Vale do Piquiri PR;CENTRAL SICREDI PR/SP/RJ;103.0 Hora(s);4d0h53m;10/11/2023 15:35:27;;;;;;
0000355308;06/11/2023 14:11:21;" LUCAS DA SILVA ESTANISLAU";" Pagamento de crédito";" 264- AQUISIÇÃO E REEMBOLSO-MÓVEL SEM  REGISTRO";072.359.009-54;" GEOVAN DE OLIVEIRA DUTRA";050139/0621-00;;" Concluído";072677;Altamira do Paraná;207;SICREDI VALE DO PIQUIRI ABCD P;207;SUREG Vale do Piquiri PR;CENTRAL SICREDI PR/SP/RJ;103.0 Hora(s);4d0h53m;10/11/2023 14:14:46;;;;;;
0000355308;06/11/2023 14:11:21;" LUCAS DA SILVA ESTANISLAU";" Pagamento de crédito";" 264- AQUISIÇÃO E REEMBOLSO-MÓVEL SEM  REGISTRO";072.359.009-54;" GEOVAN DE OLIVEIRA DUTRA";050139/0621-00;;" Concluído";072677;Altamira do Paraná;207;SICREDI VALE DO PIQUIRI ABCD P;207;SUREG Vale do Piquiri PR;CENTRAL SICREDI PR/SP/RJ;103.0 Hora(s);4d0h53m;10/11/2023 14:14:41;;;;;;
0000355308;06/11/2023 14:11:21;" LUCAS DA SILVA ESTANISLAU";" Pagamento de crédito";" 264- AQUISIÇÃO E REEMBOLSO-MÓVEL SEM  REGISTRO";072.359.009-54;" GEOVAN DE OLIVEIRA DUTRA";050139/0621-00;;" Concluído";072677;Altamira do Paraná;207;SICREDI VALE DO PIQUIRI ABCD P;207;SUREG Vale do Piquiri PR;CENTRAL SICREDI PR/SP/RJ;103.0 Hora(s);4d0h53m;10/11/2023 14:14:19;;;;;;
0000355308;06/11/2023 14:11:21;" LUCAS DA SILVA ESTANISLAU";" Pagamento de crédito";" 264- AQUISIÇÃO E REEMBOLSO-MÓVEL SEM  REGISTRO";072.359.009-54;" GEOVAN DE OLIVEIRA DUTRA";050139/0621-00;;" Concluído";072677;Altamira do Paraná;207;SICREDI VALE DO PIQUIRI ABCD P;207;SUREG Vale do Piquiri PR;CENTRAL SICREDI PR/SP/RJ;103.0 Hora(s);4d0h53m;09/11/2023 13:39:14;;;;;;
0000355308;06/11/2023 14:11:21;" LUCAS DA SILVA ESTANISLAU";" Pagamento de crédito";" 264- AQUISIÇÃO E REEMBOLSO-MÓVEL SEM  REGISTRO";072.359.009-54;" GEOVAN DE OLIVEIRA DUTRA";050139/0621-00;;" Concluído";072677;Altamira do Paraná;207;SICREDI VALE DO PIQUIRI ABCD P;207;SUREG Vale do Piquiri PR;CENTRAL SICREDI PR/SP/RJ;103.0 Hora(s);4d0h53m;07/11/2023 15:54:33;;;;;;
0000355308;06/11/2023 14:11:21;" LUCAS DA SILVA ESTANISLAU";" Pagamento de crédito";" 264- AQUISIÇÃO E REEMBOLSO-MÓVEL SEM  REGISTRO";072.359.009-54;" GEOVAN DE OLIVEIRA DUTRA";050139/0621-00;;" Concluído";072677;Altamira do Paraná;207;SICREDI VALE DO PIQUIRI ABCD P;207;SUREG Vale do Piquiri PR;CENTRAL SICREDI PR/SP/RJ;103.0 Hora(s);4d0h53m;07/11/2023 15:54:27;;;;;;
0000355308;06/11/2023 14:11:21;" LUCAS DA SILVA ESTANISLAU";" Pagamento de crédito";" 264- AQUISIÇÃO E REEMBOLSO-MÓVEL SEM  REGISTRO";072.359.009-54;" GEOVAN DE OLIVEIRA DUTRA";050139/0621-00;;" Concluído";072677;Altamira do Paraná;207;SICREDI VALE DO PIQUIRI ABCD P;207;SUREG Vale do Piquiri PR;CENTRAL SICREDI PR/SP/RJ;103.0 Hora(s);4d0h53m;07/11/2023 15:54:13;;;;;;
0000355308;06/11/2023 14:11:21;" LUCAS DA SILVA ESTANISLAU";" Pagamento de crédito";" 264- AQUISIÇÃO E REEMBOLSO-MÓVEL SEM  REGISTRO";072.359.009-54;" GEOVAN DE OLIVEIRA DUTRA";050139/0621-00;;" Concluído";072677;Altamira do Paraná;207;SICREDI VALE DO PIQUIRI ABCD P;207;SUREG Vale do Piquiri PR;CENTRAL SICREDI PR/SP/RJ;103.0 Hora(s);4d0h53m;06/11/2023 14:47:06;;;;;;
0000355308;06/11/2023 14:11:21;" LUCAS DA SILVA ESTANISLAU";" Pagamento de crédito";" 264- AQUISIÇÃO E REEMBOLSO-MÓVEL SEM  REGISTRO";072.359.009-54;" GEOVAN DE OLIVEIRA DUTRA";050139/0621-00;;" Concluído";072677;Altamira do Paraná;207;SICREDI VALE DO PIQUIRI ABCD P;207;SUREG Vale do Piquiri PR;CENTRAL SICREDI PR/SP/RJ;103.0 Hora(s);4d0h53m;06/11/2023 14:43:50;;;;;;
