﻿ID_Processo7;DT_Solicitacao8;NM_Usuario_Solicitacao8;NM_Tipo_Processo8;NM_Processo8;CD_Inscricao_Nacional8;NM_Pessoa8;Usuário;Grupo_Cota_Outros8;ST_Status8;CD_Comissionado2;NM_Fantasia_Comissionado2;CD_Tipo_Ponto_Venda3;NM_Fantasia_Ponto_Venda2;CD_Tipo_Ponto_Venda4;NM_Tipo_Ponto_Venda2;NM_Filial_Venda2;Nivel_Servico8;Tempo_Processo8;DH_Conclusao8;NM_Atividade1;Nivel_Servico_Atividade1;DT_Inicio_Atividade1;DT_Fim_Atividade1;NM_Usuario_Atividade1;Tempo_Processo_Atividade1
0000358028;16/11/2023 10:11:08;" DANIELY MENDONCA DE FREITAS";" Pagamento de crédito";" 264- AQUISIÇÃO E REEMBOLSO-MÓVEL SEM  REGISTRO";801.071.929-34;" APARECIDA SELESTE SANCHEZ MARIOT";050126/0262-00;;" Concluído";072603;Assis Chateaubriand;207;SICREDI VALE DO PIQUIRI ABCD P;207;SUREG Vale do Piquiri PR;CENTRAL SICREDI PR/SP/RJ;103.0 Hora(s);4d1h31m;20/11/2023 11:47:25;LIBERAR PAGAMENTOS;0h00m;17/11/2023 20:12:00;20/11/2023 11:47:25;Kelen Hahn Paulo;0h00m
0000358028;16/11/2023 10:11:08;" DANIELY MENDONCA DE FREITAS";" Pagamento de crédito";" 264- AQUISIÇÃO E REEMBOLSO-MÓVEL SEM  REGISTRO";801.071.929-34;" APARECIDA SELESTE SANCHEZ MARIOT";050126/0262-00;;" Concluído";072603;Assis Chateaubriand;207;SICREDI VALE DO PIQUIRI ABCD P;207;SUREG Vale do Piquiri PR;CENTRAL SICREDI PR/SP/RJ;103.0 Hora(s);4d1h31m;17/11/2023 20:12:00;APROVAR PAGAMENTO;1h00m;17/11/2023 20:11:54;17/11/2023 20:12:00;Eliane Ribas Barcelos;0h01m
0000358028;16/11/2023 10:11:08;" DANIELY MENDONCA DE FREITAS";" Pagamento de crédito";" 264- AQUISIÇÃO E REEMBOLSO-MÓVEL SEM  REGISTRO";801.071.929-34;" APARECIDA SELESTE SANCHEZ MARIOT";050126/0262-00;;" Concluído";072603;Assis Chateaubriand;207;SICREDI VALE DO PIQUIRI ABCD P;207;SUREG Vale do Piquiri PR;CENTRAL SICREDI PR/SP/RJ;103.0 Hora(s);4d1h31m;17/11/2023 20:11:54;PROGRAMAR PAGAMENTO;1h00m;17/11/2023 20:11:12;17/11/2023 20:11:54;Eliane Ribas Barcelos;0h00m
0000358028;16/11/2023 10:11:08;" DANIELY MENDONCA DE FREITAS";" Pagamento de crédito";" 264- AQUISIÇÃO E REEMBOLSO-MÓVEL SEM  REGISTRO";801.071.929-34;" APARECIDA SELESTE SANCHEZ MARIOT";050126/0262-00;;" Concluído";072603;Assis Chateaubriand;207;SICREDI VALE DO PIQUIRI ABCD P;207;SUREG Vale do Piquiri PR;CENTRAL SICREDI PR/SP/RJ;103.0 Hora(s);4d1h31m;17/11/2023 20:11:12;ANALISAR DOCUMENTOS PARA LIBERAÇÃO 2ª ETAPA;18h00m;17/11/2023 16:50:17;17/11/2023 20:11:12;Eliane Ribas Barcelos;0h07m
0000358028;16/11/2023 10:11:08;" DANIELY MENDONCA DE FREITAS";" Pagamento de crédito";" 264- AQUISIÇÃO E REEMBOLSO-MÓVEL SEM  REGISTRO";801.071.929-34;" APARECIDA SELESTE SANCHEZ MARIOT";050126/0262-00;;" Concluído";072603;Assis Chateaubriand;207;SICREDI VALE DO PIQUIRI ABCD P;207;SUREG Vale do Piquiri PR;CENTRAL SICREDI PR/SP/RJ;103.0 Hora(s);4d1h31m;17/11/2023 16:50:16;EMITIR DOCUMENTOS PARA LIBERAÇÃO;18h00m;16/11/2023 16:10:18;17/11/2023 16:50:16;DANIELY MENDONCA DE FREITAS;0h00m
0000358028;16/11/2023 10:11:08;" DANIELY MENDONCA DE FREITAS";" Pagamento de crédito";" 264- AQUISIÇÃO E REEMBOLSO-MÓVEL SEM  REGISTRO";801.071.929-34;" APARECIDA SELESTE SANCHEZ MARIOT";050126/0262-00;;" Concluído";072603;Assis Chateaubriand;207;SICREDI VALE DO PIQUIRI ABCD P;207;SUREG Vale do Piquiri PR;CENTRAL SICREDI PR/SP/RJ;103.0 Hora(s);4d1h31m;16/11/2023 16:10:18;ALIENAÇÃO DE BENS;1h00m;16/11/2023 16:10:14;16/11/2023 16:10:18;Clara Vargas;0h00m
0000358028;16/11/2023 10:11:08;" DANIELY MENDONCA DE FREITAS";" Pagamento de crédito";" 264- AQUISIÇÃO E REEMBOLSO-MÓVEL SEM  REGISTRO";801.071.929-34;" APARECIDA SELESTE SANCHEZ MARIOT";050126/0262-00;;" Concluído";072603;Assis Chateaubriand;207;SICREDI VALE DO PIQUIRI ABCD P;207;SUREG Vale do Piquiri PR;CENTRAL SICREDI PR/SP/RJ;103.0 Hora(s);4d1h31m;16/11/2023 16:10:14;FINALIZAR CADASTRO DO BEM;1h00m;16/11/2023 16:10:09;16/11/2023 16:10:14;Clara Vargas;0h00m
0000358028;16/11/2023 10:11:08;" DANIELY MENDONCA DE FREITAS";" Pagamento de crédito";" 264- AQUISIÇÃO E REEMBOLSO-MÓVEL SEM  REGISTRO";801.071.929-34;" APARECIDA SELESTE SANCHEZ MARIOT";050126/0262-00;;" Concluído";072603;Assis Chateaubriand;207;SICREDI VALE DO PIQUIRI ABCD P;207;SUREG Vale do Piquiri PR;CENTRAL SICREDI PR/SP/RJ;103.0 Hora(s);4d1h31m;16/11/2023 16:10:08;ANÁLISE DE DOCUMENTOS 1ª ETAPA;18h00m;16/11/2023 10:18:44;16/11/2023 16:10:08;Clara Vargas;0h06m
0000358028;16/11/2023 10:11:08;" DANIELY MENDONCA DE FREITAS";" Pagamento de crédito";" 264- AQUISIÇÃO E REEMBOLSO-MÓVEL SEM  REGISTRO";801.071.929-34;" APARECIDA SELESTE SANCHEZ MARIOT";050126/0262-00;;" Concluído";072603;Assis Chateaubriand;207;SICREDI VALE DO PIQUIRI ABCD P;207;SUREG Vale do Piquiri PR;CENTRAL SICREDI PR/SP/RJ;103.0 Hora(s);4d1h31m;16/11/2023 10:18:44;ENVIAR DOCUMENTOS;1d21h00m;16/11/2023 10:17:16;16/11/2023 10:18:44;DANIELY MENDONCA DE FREITAS;0h00m
0000358028;16/11/2023 10:11:08;" DANIELY MENDONCA DE FREITAS";" Pagamento de crédito";" 264- AQUISIÇÃO E REEMBOLSO-MÓVEL SEM  REGISTRO";801.071.929-34;" APARECIDA SELESTE SANCHEZ MARIOT";050126/0262-00;;" Concluído";072603;Assis Chateaubriand;207;SICREDI VALE DO PIQUIRI ABCD P;207;SUREG Vale do Piquiri PR;CENTRAL SICREDI PR/SP/RJ;103.0 Hora(s);4d1h31m;16/11/2023 10:17:16;AUTORIZAÇÃO DE FATURAMENTO;0h00m;16/11/2023 10:16:57;16/11/2023 10:17:16;;0h00m
0000358028;16/11/2023 10:11:08;" DANIELY MENDONCA DE FREITAS";" Pagamento de crédito";" 264- AQUISIÇÃO E REEMBOLSO-MÓVEL SEM  REGISTRO";801.071.929-34;" APARECIDA SELESTE SANCHEZ MARIOT";050126/0262-00;;" Concluído";072603;Assis Chateaubriand;207;SICREDI VALE DO PIQUIRI ABCD P;207;SUREG Vale do Piquiri PR;CENTRAL SICREDI PR/SP/RJ;103.0 Hora(s);4d1h31m;20/11/2023 11:47:25;;;;;;
0000358028;16/11/2023 10:11:08;" DANIELY MENDONCA DE FREITAS";" Pagamento de crédito";" 264- AQUISIÇÃO E REEMBOLSO-MÓVEL SEM  REGISTRO";801.071.929-34;" APARECIDA SELESTE SANCHEZ MARIOT";050126/0262-00;;" Concluído";072603;Assis Chateaubriand;207;SICREDI VALE DO PIQUIRI ABCD P;207;SUREG Vale do Piquiri PR;CENTRAL SICREDI PR/SP/RJ;103.0 Hora(s);4d1h31m;17/11/2023 20:12:00;;;;;;
0000358028;16/11/2023 10:11:08;" DANIELY MENDONCA DE FREITAS";" Pagamento de crédito";" 264- AQUISIÇÃO E REEMBOLSO-MÓVEL SEM  REGISTRO";801.071.929-34;" APARECIDA SELESTE SANCHEZ MARIOT";050126/0262-00;;" Concluído";072603;Assis Chateaubriand;207;SICREDI VALE DO PIQUIRI ABCD P;207;SUREG Vale do Piquiri PR;CENTRAL SICREDI PR/SP/RJ;103.0 Hora(s);4d1h31m;17/11/2023 20:11:54;;;;;;
0000358028;16/11/2023 10:11:08;" DANIELY MENDONCA DE FREITAS";" Pagamento de crédito";" 264- AQUISIÇÃO E REEMBOLSO-MÓVEL SEM  REGISTRO";801.071.929-34;" APARECIDA SELESTE SANCHEZ MARIOT";050126/0262-00;;" Concluído";072603;Assis Chateaubriand;207;SICREDI VALE DO PIQUIRI ABCD P;207;SUREG Vale do Piquiri PR;CENTRAL SICREDI PR/SP/RJ;103.0 Hora(s);4d1h31m;17/11/2023 20:11:12;;;;;;
0000358028;16/11/2023 10:11:08;" DANIELY MENDONCA DE FREITAS";" Pagamento de crédito";" 264- AQUISIÇÃO E REEMBOLSO-MÓVEL SEM  REGISTRO";801.071.929-34;" APARECIDA SELESTE SANCHEZ MARIOT";050126/0262-00;;" Concluído";072603;Assis Chateaubriand;207;SICREDI VALE DO PIQUIRI ABCD P;207;SUREG Vale do Piquiri PR;CENTRAL SICREDI PR/SP/RJ;103.0 Hora(s);4d1h31m;17/11/2023 16:50:16;;;;;;
0000358028;16/11/2023 10:11:08;" DANIELY MENDONCA DE FREITAS";" Pagamento de crédito";" 264- AQUISIÇÃO E REEMBOLSO-MÓVEL SEM  REGISTRO";801.071.929-34;" APARECIDA SELESTE SANCHEZ MARIOT";050126/0262-00;;" Concluído";072603;Assis Chateaubriand;207;SICREDI VALE DO PIQUIRI ABCD P;207;SUREG Vale do Piquiri PR;CENTRAL SICREDI PR/SP/RJ;103.0 Hora(s);4d1h31m;16/11/2023 16:10:18;;;;;;
0000358028;16/11/2023 10:11:08;" DANIELY MENDONCA DE FREITAS";" Pagamento de crédito";" 264- AQUISIÇÃO E REEMBOLSO-MÓVEL SEM  REGISTRO";801.071.929-34;" APARECIDA SELESTE SANCHEZ MARIOT";050126/0262-00;;" Concluído";072603;Assis Chateaubriand;207;SICREDI VALE DO PIQUIRI ABCD P;207;SUREG Vale do Piquiri PR;CENTRAL SICREDI PR/SP/RJ;103.0 Hora(s);4d1h31m;16/11/2023 16:10:14;;;;;;
0000358028;16/11/2023 10:11:08;" DANIELY MENDONCA DE FREITAS";" Pagamento de crédito";" 264- AQUISIÇÃO E REEMBOLSO-MÓVEL SEM  REGISTRO";801.071.929-34;" APARECIDA SELESTE SANCHEZ MARIOT";050126/0262-00;;" Concluído";072603;Assis Chateaubriand;207;SICREDI VALE DO PIQUIRI ABCD P;207;SUREG Vale do Piquiri PR;CENTRAL SICREDI PR/SP/RJ;103.0 Hora(s);4d1h31m;16/11/2023 16:10:08;;;;;;
0000358028;16/11/2023 10:11:08;" DANIELY MENDONCA DE FREITAS";" Pagamento de crédito";" 264- AQUISIÇÃO E REEMBOLSO-MÓVEL SEM  REGISTRO";801.071.929-34;" APARECIDA SELESTE SANCHEZ MARIOT";050126/0262-00;;" Concluído";072603;Assis Chateaubriand;207;SICREDI VALE DO PIQUIRI ABCD P;207;SUREG Vale do Piquiri PR;CENTRAL SICREDI PR/SP/RJ;103.0 Hora(s);4d1h31m;16/11/2023 10:18:44;;;;;;
0000358028;16/11/2023 10:11:08;" DANIELY MENDONCA DE FREITAS";" Pagamento de crédito";" 264- AQUISIÇÃO E REEMBOLSO-MÓVEL SEM  REGISTRO";801.071.929-34;" APARECIDA SELESTE SANCHEZ MARIOT";050126/0262-00;;" Concluído";072603;Assis Chateaubriand;207;SICREDI VALE DO PIQUIRI ABCD P;207;SUREG Vale do Piquiri PR;CENTRAL SICREDI PR/SP/RJ;103.0 Hora(s);4d1h31m;16/11/2023 10:17:16;;;;;;
