﻿ID_Processo7;DT_Solicitacao8;NM_Usuario_Solicitacao8;NM_Tipo_Processo8;NM_Processo8;CD_Inscricao_Nacional8;NM_Pessoa8;Usuário;Grupo_Cota_Outros8;ST_Status8;CD_Comissionado2;NM_Fantasia_Comissionado2;CD_Tipo_Ponto_Venda3;NM_Fantasia_Ponto_Venda2;CD_Tipo_Ponto_Venda4;NM_Tipo_Ponto_Venda2;NM_Filial_Venda2;Nivel_Servico8;Tempo_Processo8;DH_Conclusao8;NM_Atividade1;Nivel_Servico_Atividade1;DT_Inicio_Atividade1;DT_Fim_Atividade1;NM_Usuario_Atividade1;Tempo_Processo_Atividade1
0000356807;13/11/2023 10:11:57;" LUCAS DA SILVA ESTANISLAU";" Pagamento de crédito";" 258- AQUISIÇÃO E REEMBOLSO-MÓVEL COM REGISTRO";37.257.057/0001-80;" J K ALVES COMERCIO DE CONFECCOES E SERVICOS DE TRANSPORTES";050104/0197-00;;" Concluído";072619;Janiópolis;207;SICREDI VALE DO PIQUIRI ABCD P;207;SUREG Vale do Piquiri PR;CENTRAL SICREDI PR/SP/RJ;105.0 Hora(s);1d1h19m;14/11/2023 11:35:55;LIBERAR PAGAMENTOS;0h00m;14/11/2023 11:17:48;14/11/2023 11:35:55;ELKIAYER FAGUNDES TRINDADE;0h00m
0000356807;13/11/2023 10:11:57;" LUCAS DA SILVA ESTANISLAU";" Pagamento de crédito";" 258- AQUISIÇÃO E REEMBOLSO-MÓVEL COM REGISTRO";37.257.057/0001-80;" J K ALVES COMERCIO DE CONFECCOES E SERVICOS DE TRANSPORTES";050104/0197-00;;" Concluído";072619;Janiópolis;207;SICREDI VALE DO PIQUIRI ABCD P;207;SUREG Vale do Piquiri PR;CENTRAL SICREDI PR/SP/RJ;105.0 Hora(s);1d1h19m;14/11/2023 11:17:48;APROVAR PAGAMENTO;1h00m;14/11/2023 11:17:42;14/11/2023 11:17:48;KELLY DA ROCHA KASPER;0h00m
0000356807;13/11/2023 10:11:57;" LUCAS DA SILVA ESTANISLAU";" Pagamento de crédito";" 258- AQUISIÇÃO E REEMBOLSO-MÓVEL COM REGISTRO";37.257.057/0001-80;" J K ALVES COMERCIO DE CONFECCOES E SERVICOS DE TRANSPORTES";050104/0197-00;;" Concluído";072619;Janiópolis;207;SICREDI VALE DO PIQUIRI ABCD P;207;SUREG Vale do Piquiri PR;CENTRAL SICREDI PR/SP/RJ;105.0 Hora(s);1d1h19m;14/11/2023 11:17:41;PROGRAMAR PAGAMENTO;1h00m;14/11/2023 11:16:02;14/11/2023 11:17:41;KELLY DA ROCHA KASPER;0h01m
0000356807;13/11/2023 10:11:57;" LUCAS DA SILVA ESTANISLAU";" Pagamento de crédito";" 258- AQUISIÇÃO E REEMBOLSO-MÓVEL COM REGISTRO";37.257.057/0001-80;" J K ALVES COMERCIO DE CONFECCOES E SERVICOS DE TRANSPORTES";050104/0197-00;;" Concluído";072619;Janiópolis;207;SICREDI VALE DO PIQUIRI ABCD P;207;SUREG Vale do Piquiri PR;CENTRAL SICREDI PR/SP/RJ;105.0 Hora(s);1d1h19m;14/11/2023 11:16:02;ANALISAR DOCUMENTOS PARA LIBERAÇÃO 2ª ETAPA;18h00m;14/11/2023 09:39:13;14/11/2023 11:16:02;KELLY DA ROCHA KASPER;0h03m
0000356807;13/11/2023 10:11:57;" LUCAS DA SILVA ESTANISLAU";" Pagamento de crédito";" 258- AQUISIÇÃO E REEMBOLSO-MÓVEL COM REGISTRO";37.257.057/0001-80;" J K ALVES COMERCIO DE CONFECCOES E SERVICOS DE TRANSPORTES";050104/0197-00;;" Concluído";072619;Janiópolis;207;SICREDI VALE DO PIQUIRI ABCD P;207;SUREG Vale do Piquiri PR;CENTRAL SICREDI PR/SP/RJ;105.0 Hora(s);1d1h19m;14/11/2023 09:39:12;EMITIR DOCUMENTOS PARA LIBERAÇÃO;18h00m;14/11/2023 08:10:35;14/11/2023 09:39:12;MARIA DE FATIMA DE LIMA KLEIN;0h00m
0000356807;13/11/2023 10:11:57;" LUCAS DA SILVA ESTANISLAU";" Pagamento de crédito";" 258- AQUISIÇÃO E REEMBOLSO-MÓVEL COM REGISTRO";37.257.057/0001-80;" J K ALVES COMERCIO DE CONFECCOES E SERVICOS DE TRANSPORTES";050104/0197-00;;" Concluído";072619;Janiópolis;207;SICREDI VALE DO PIQUIRI ABCD P;207;SUREG Vale do Piquiri PR;CENTRAL SICREDI PR/SP/RJ;105.0 Hora(s);1d1h19m;14/11/2023 08:10:35;REGISTRAR CONTRATO MANUALMENTE;1h00m;14/11/2023 08:08:38;14/11/2023 08:10:35;PAOLA MENEZES DA COSTA;0h00m
0000356807;13/11/2023 10:11:57;" LUCAS DA SILVA ESTANISLAU";" Pagamento de crédito";" 258- AQUISIÇÃO E REEMBOLSO-MÓVEL COM REGISTRO";37.257.057/0001-80;" J K ALVES COMERCIO DE CONFECCOES E SERVICOS DE TRANSPORTES";050104/0197-00;;" Concluído";072619;Janiópolis;207;SICREDI VALE DO PIQUIRI ABCD P;207;SUREG Vale do Piquiri PR;CENTRAL SICREDI PR/SP/RJ;105.0 Hora(s);1d1h19m;14/11/2023 08:08:38;ALIENAR O BEM;1h00m;14/11/2023 08:06:19;14/11/2023 08:08:38;PAOLA MENEZES DA COSTA;0h02m
0000356807;13/11/2023 10:11:57;" LUCAS DA SILVA ESTANISLAU";" Pagamento de crédito";" 258- AQUISIÇÃO E REEMBOLSO-MÓVEL COM REGISTRO";37.257.057/0001-80;" J K ALVES COMERCIO DE CONFECCOES E SERVICOS DE TRANSPORTES";050104/0197-00;;" Concluído";072619;Janiópolis;207;SICREDI VALE DO PIQUIRI ABCD P;207;SUREG Vale do Piquiri PR;CENTRAL SICREDI PR/SP/RJ;105.0 Hora(s);1d1h19m;14/11/2023 08:06:18;FINALIZAR CADASTRO DO BEM;1h00m;14/11/2023 08:05:45;14/11/2023 08:06:18;PAOLA MENEZES DA COSTA;0h00m
0000356807;13/11/2023 10:11:57;" LUCAS DA SILVA ESTANISLAU";" Pagamento de crédito";" 258- AQUISIÇÃO E REEMBOLSO-MÓVEL COM REGISTRO";37.257.057/0001-80;" J K ALVES COMERCIO DE CONFECCOES E SERVICOS DE TRANSPORTES";050104/0197-00;;" Concluído";072619;Janiópolis;207;SICREDI VALE DO PIQUIRI ABCD P;207;SUREG Vale do Piquiri PR;CENTRAL SICREDI PR/SP/RJ;105.0 Hora(s);1d1h19m;14/11/2023 08:05:45;ANÁLISE DE DOCUMENTOS 1ª ETAPA;18h00m;13/11/2023 10:27:49;14/11/2023 08:05:45;PAOLA MENEZES DA COSTA;0h13m
0000356807;13/11/2023 10:11:57;" LUCAS DA SILVA ESTANISLAU";" Pagamento de crédito";" 258- AQUISIÇÃO E REEMBOLSO-MÓVEL COM REGISTRO";37.257.057/0001-80;" J K ALVES COMERCIO DE CONFECCOES E SERVICOS DE TRANSPORTES";050104/0197-00;;" Concluído";072619;Janiópolis;207;SICREDI VALE DO PIQUIRI ABCD P;207;SUREG Vale do Piquiri PR;CENTRAL SICREDI PR/SP/RJ;105.0 Hora(s);1d1h19m;13/11/2023 10:27:48;ENVIAR DOCUMENTOS;1d21h00m;13/11/2023 10:17:37;13/11/2023 10:27:48;LUCAS DA SILVA ESTANISLAU;0h00m
0000356807;13/11/2023 10:11:57;" LUCAS DA SILVA ESTANISLAU";" Pagamento de crédito";" 258- AQUISIÇÃO E REEMBOLSO-MÓVEL COM REGISTRO";37.257.057/0001-80;" J K ALVES COMERCIO DE CONFECCOES E SERVICOS DE TRANSPORTES";050104/0197-00;;" Concluído";072619;Janiópolis;207;SICREDI VALE DO PIQUIRI ABCD P;207;SUREG Vale do Piquiri PR;CENTRAL SICREDI PR/SP/RJ;105.0 Hora(s);1d1h19m;13/11/2023 10:17:37;AUTORIZAÇÃO DE FATURAMENTO;0h00m;13/11/2023 10:16:56;13/11/2023 10:17:37;;0h00m
0000356807;13/11/2023 10:11:57;" LUCAS DA SILVA ESTANISLAU";" Pagamento de crédito";" 258- AQUISIÇÃO E REEMBOLSO-MÓVEL COM REGISTRO";37.257.057/0001-80;" J K ALVES COMERCIO DE CONFECCOES E SERVICOS DE TRANSPORTES";050104/0197-00;;" Concluído";072619;Janiópolis;207;SICREDI VALE DO PIQUIRI ABCD P;207;SUREG Vale do Piquiri PR;CENTRAL SICREDI PR/SP/RJ;105.0 Hora(s);1d1h19m;14/11/2023 11:35:55;;;;;;
0000356807;13/11/2023 10:11:57;" LUCAS DA SILVA ESTANISLAU";" Pagamento de crédito";" 258- AQUISIÇÃO E REEMBOLSO-MÓVEL COM REGISTRO";37.257.057/0001-80;" J K ALVES COMERCIO DE CONFECCOES E SERVICOS DE TRANSPORTES";050104/0197-00;;" Concluído";072619;Janiópolis;207;SICREDI VALE DO PIQUIRI ABCD P;207;SUREG Vale do Piquiri PR;CENTRAL SICREDI PR/SP/RJ;105.0 Hora(s);1d1h19m;14/11/2023 11:17:48;;;;;;
0000356807;13/11/2023 10:11:57;" LUCAS DA SILVA ESTANISLAU";" Pagamento de crédito";" 258- AQUISIÇÃO E REEMBOLSO-MÓVEL COM REGISTRO";37.257.057/0001-80;" J K ALVES COMERCIO DE CONFECCOES E SERVICOS DE TRANSPORTES";050104/0197-00;;" Concluído";072619;Janiópolis;207;SICREDI VALE DO PIQUIRI ABCD P;207;SUREG Vale do Piquiri PR;CENTRAL SICREDI PR/SP/RJ;105.0 Hora(s);1d1h19m;14/11/2023 11:17:41;;;;;;
0000356807;13/11/2023 10:11:57;" LUCAS DA SILVA ESTANISLAU";" Pagamento de crédito";" 258- AQUISIÇÃO E REEMBOLSO-MÓVEL COM REGISTRO";37.257.057/0001-80;" J K ALVES COMERCIO DE CONFECCOES E SERVICOS DE TRANSPORTES";050104/0197-00;;" Concluído";072619;Janiópolis;207;SICREDI VALE DO PIQUIRI ABCD P;207;SUREG Vale do Piquiri PR;CENTRAL SICREDI PR/SP/RJ;105.0 Hora(s);1d1h19m;14/11/2023 11:16:02;;;;;;
0000356807;13/11/2023 10:11:57;" LUCAS DA SILVA ESTANISLAU";" Pagamento de crédito";" 258- AQUISIÇÃO E REEMBOLSO-MÓVEL COM REGISTRO";37.257.057/0001-80;" J K ALVES COMERCIO DE CONFECCOES E SERVICOS DE TRANSPORTES";050104/0197-00;;" Concluído";072619;Janiópolis;207;SICREDI VALE DO PIQUIRI ABCD P;207;SUREG Vale do Piquiri PR;CENTRAL SICREDI PR/SP/RJ;105.0 Hora(s);1d1h19m;14/11/2023 09:39:12;;;;;;
0000356807;13/11/2023 10:11:57;" LUCAS DA SILVA ESTANISLAU";" Pagamento de crédito";" 258- AQUISIÇÃO E REEMBOLSO-MÓVEL COM REGISTRO";37.257.057/0001-80;" J K ALVES COMERCIO DE CONFECCOES E SERVICOS DE TRANSPORTES";050104/0197-00;;" Concluído";072619;Janiópolis;207;SICREDI VALE DO PIQUIRI ABCD P;207;SUREG Vale do Piquiri PR;CENTRAL SICREDI PR/SP/RJ;105.0 Hora(s);1d1h19m;14/11/2023 08:10:35;;;;;;
0000356807;13/11/2023 10:11:57;" LUCAS DA SILVA ESTANISLAU";" Pagamento de crédito";" 258- AQUISIÇÃO E REEMBOLSO-MÓVEL COM REGISTRO";37.257.057/0001-80;" J K ALVES COMERCIO DE CONFECCOES E SERVICOS DE TRANSPORTES";050104/0197-00;;" Concluído";072619;Janiópolis;207;SICREDI VALE DO PIQUIRI ABCD P;207;SUREG Vale do Piquiri PR;CENTRAL SICREDI PR/SP/RJ;105.0 Hora(s);1d1h19m;14/11/2023 08:08:38;;;;;;
0000356807;13/11/2023 10:11:57;" LUCAS DA SILVA ESTANISLAU";" Pagamento de crédito";" 258- AQUISIÇÃO E REEMBOLSO-MÓVEL COM REGISTRO";37.257.057/0001-80;" J K ALVES COMERCIO DE CONFECCOES E SERVICOS DE TRANSPORTES";050104/0197-00;;" Concluído";072619;Janiópolis;207;SICREDI VALE DO PIQUIRI ABCD P;207;SUREG Vale do Piquiri PR;CENTRAL SICREDI PR/SP/RJ;105.0 Hora(s);1d1h19m;14/11/2023 08:06:18;;;;;;
0000356807;13/11/2023 10:11:57;" LUCAS DA SILVA ESTANISLAU";" Pagamento de crédito";" 258- AQUISIÇÃO E REEMBOLSO-MÓVEL COM REGISTRO";37.257.057/0001-80;" J K ALVES COMERCIO DE CONFECCOES E SERVICOS DE TRANSPORTES";050104/0197-00;;" Concluído";072619;Janiópolis;207;SICREDI VALE DO PIQUIRI ABCD P;207;SUREG Vale do Piquiri PR;CENTRAL SICREDI PR/SP/RJ;105.0 Hora(s);1d1h19m;14/11/2023 08:05:45;;;;;;
0000356807;13/11/2023 10:11:57;" LUCAS DA SILVA ESTANISLAU";" Pagamento de crédito";" 258- AQUISIÇÃO E REEMBOLSO-MÓVEL COM REGISTRO";37.257.057/0001-80;" J K ALVES COMERCIO DE CONFECCOES E SERVICOS DE TRANSPORTES";050104/0197-00;;" Concluído";072619;Janiópolis;207;SICREDI VALE DO PIQUIRI ABCD P;207;SUREG Vale do Piquiri PR;CENTRAL SICREDI PR/SP/RJ;105.0 Hora(s);1d1h19m;13/11/2023 10:27:48;;;;;;
0000356807;13/11/2023 10:11:57;" LUCAS DA SILVA ESTANISLAU";" Pagamento de crédito";" 258- AQUISIÇÃO E REEMBOLSO-MÓVEL COM REGISTRO";37.257.057/0001-80;" J K ALVES COMERCIO DE CONFECCOES E SERVICOS DE TRANSPORTES";050104/0197-00;;" Concluído";072619;Janiópolis;207;SICREDI VALE DO PIQUIRI ABCD P;207;SUREG Vale do Piquiri PR;CENTRAL SICREDI PR/SP/RJ;105.0 Hora(s);1d1h19m;13/11/2023 10:17:37;;;;;;
