﻿ID_Processo7;DT_Solicitacao8;NM_Usuario_Solicitacao8;NM_Tipo_Processo8;NM_Processo8;CD_Inscricao_Nacional8;NM_Pessoa8;Usuário;Grupo_Cota_Outros8;ST_Status8;CD_Comissionado2;NM_Fantasia_Comissionado2;CD_Tipo_Ponto_Venda3;NM_Fantasia_Ponto_Venda2;CD_Tipo_Ponto_Venda4;NM_Tipo_Ponto_Venda2;NM_Filial_Venda2;Nivel_Servico8;Tempo_Processo8;DH_Conclusao8;NM_Atividade1;Nivel_Servico_Atividade1;DT_Inicio_Atividade1;DT_Fim_Atividade1;NM_Usuario_Atividade1;Tempo_Processo_Atividade1
0000364074;20/11/2023 14:11:08;" MAIARA DIAS ZANELA";" Pagamento de crédito";" 258- AQUISIÇÃO E REEMBOLSO-MÓVEL COM REGISTRO";095.394.309-76;" JOAO HENRIQUE ANTUNES ROSSETTO";050117/0293-00;;" Concluído";072625;Ubirata;207;SICREDI VALE DO PIQUIRI ABCD P;207;SUREG Vale do Piquiri PR;CENTRAL SICREDI PR/SP/RJ;105.0 Hora(s);3d21h05m;24/11/2023 11:46:10;LIBERAR PAGAMENTOS;0h00m;24/11/2023 08:25:48;24/11/2023 11:46:10;Kelen Hahn Paulo;0h00m
0000364074;20/11/2023 14:11:08;" MAIARA DIAS ZANELA";" Pagamento de crédito";" 258- AQUISIÇÃO E REEMBOLSO-MÓVEL COM REGISTRO";095.394.309-76;" JOAO HENRIQUE ANTUNES ROSSETTO";050117/0293-00;;" Concluído";072625;Ubirata;207;SICREDI VALE DO PIQUIRI ABCD P;207;SUREG Vale do Piquiri PR;CENTRAL SICREDI PR/SP/RJ;105.0 Hora(s);3d21h05m;24/11/2023 08:25:48;APROVAR PAGAMENTO;1h00m;24/11/2023 08:25:22;24/11/2023 08:25:48;Eliane Ribas Barcelos;0h00m
0000364074;20/11/2023 14:11:08;" MAIARA DIAS ZANELA";" Pagamento de crédito";" 258- AQUISIÇÃO E REEMBOLSO-MÓVEL COM REGISTRO";095.394.309-76;" JOAO HENRIQUE ANTUNES ROSSETTO";050117/0293-00;;" Concluído";072625;Ubirata;207;SICREDI VALE DO PIQUIRI ABCD P;207;SUREG Vale do Piquiri PR;CENTRAL SICREDI PR/SP/RJ;105.0 Hora(s);3d21h05m;24/11/2023 08:25:22;PROGRAMAR PAGAMENTO;1h00m;24/11/2023 08:24:44;24/11/2023 08:25:22;Eliane Ribas Barcelos;0h01m
0000364074;20/11/2023 14:11:08;" MAIARA DIAS ZANELA";" Pagamento de crédito";" 258- AQUISIÇÃO E REEMBOLSO-MÓVEL COM REGISTRO";095.394.309-76;" JOAO HENRIQUE ANTUNES ROSSETTO";050117/0293-00;;" Concluído";072625;Ubirata;207;SICREDI VALE DO PIQUIRI ABCD P;207;SUREG Vale do Piquiri PR;CENTRAL SICREDI PR/SP/RJ;105.0 Hora(s);3d21h05m;24/11/2023 08:24:44;ANALISAR DOCUMENTOS PARA LIBERAÇÃO 2ª ETAPA;18h00m;23/11/2023 16:52:57;24/11/2023 08:24:44;Eliane Ribas Barcelos;0h02m
0000364074;20/11/2023 14:11:08;" MAIARA DIAS ZANELA";" Pagamento de crédito";" 258- AQUISIÇÃO E REEMBOLSO-MÓVEL COM REGISTRO";095.394.309-76;" JOAO HENRIQUE ANTUNES ROSSETTO";050117/0293-00;;" Concluído";072625;Ubirata;207;SICREDI VALE DO PIQUIRI ABCD P;207;SUREG Vale do Piquiri PR;CENTRAL SICREDI PR/SP/RJ;105.0 Hora(s);3d21h05m;23/11/2023 16:52:57;EMITIR DOCUMENTOS PARA LIBERAÇÃO;18h00m;22/11/2023 16:47:49;23/11/2023 16:52:57;MAIARA DIAS ZANELA;0h00m
0000364074;20/11/2023 14:11:08;" MAIARA DIAS ZANELA";" Pagamento de crédito";" 258- AQUISIÇÃO E REEMBOLSO-MÓVEL COM REGISTRO";095.394.309-76;" JOAO HENRIQUE ANTUNES ROSSETTO";050117/0293-00;;" Concluído";072625;Ubirata;207;SICREDI VALE DO PIQUIRI ABCD P;207;SUREG Vale do Piquiri PR;CENTRAL SICREDI PR/SP/RJ;105.0 Hora(s);3d21h05m;22/11/2023 16:47:49;REGISTRAR CONTRATO MANUALMENTE;1h00m;22/11/2023 16:47:44;22/11/2023 16:47:49;Ana Luiza da Silva Cruz;0h00m
0000364074;20/11/2023 14:11:08;" MAIARA DIAS ZANELA";" Pagamento de crédito";" 258- AQUISIÇÃO E REEMBOLSO-MÓVEL COM REGISTRO";095.394.309-76;" JOAO HENRIQUE ANTUNES ROSSETTO";050117/0293-00;;" Concluído";072625;Ubirata;207;SICREDI VALE DO PIQUIRI ABCD P;207;SUREG Vale do Piquiri PR;CENTRAL SICREDI PR/SP/RJ;105.0 Hora(s);3d21h05m;22/11/2023 16:47:44;ALIENAR O BEM;1h02m;22/11/2023 15:39:45;22/11/2023 16:47:44;Ana Luiza da Silva Cruz;0h03m
0000364074;20/11/2023 14:11:08;" MAIARA DIAS ZANELA";" Pagamento de crédito";" 258- AQUISIÇÃO E REEMBOLSO-MÓVEL COM REGISTRO";095.394.309-76;" JOAO HENRIQUE ANTUNES ROSSETTO";050117/0293-00;;" Concluído";072625;Ubirata;207;SICREDI VALE DO PIQUIRI ABCD P;207;SUREG Vale do Piquiri PR;CENTRAL SICREDI PR/SP/RJ;105.0 Hora(s);3d21h05m;22/11/2023 15:39:45;AJUSTAR DOCUMENTOS P/ ALIENAÇÃO;0h00m;20/11/2023 15:06:05;22/11/2023 15:39:45;MAIARA DIAS ZANELA;0h00m
0000364074;20/11/2023 14:11:08;" MAIARA DIAS ZANELA";" Pagamento de crédito";" 258- AQUISIÇÃO E REEMBOLSO-MÓVEL COM REGISTRO";095.394.309-76;" JOAO HENRIQUE ANTUNES ROSSETTO";050117/0293-00;;" Concluído";072625;Ubirata;207;SICREDI VALE DO PIQUIRI ABCD P;207;SUREG Vale do Piquiri PR;CENTRAL SICREDI PR/SP/RJ;105.0 Hora(s);3d21h05m;20/11/2023 15:06:05;ALIENAR O BEM;1h02m;20/11/2023 15:04:35;20/11/2023 15:06:05;Ana Luiza da Silva Cruz;0h03m
0000364074;20/11/2023 14:11:08;" MAIARA DIAS ZANELA";" Pagamento de crédito";" 258- AQUISIÇÃO E REEMBOLSO-MÓVEL COM REGISTRO";095.394.309-76;" JOAO HENRIQUE ANTUNES ROSSETTO";050117/0293-00;;" Concluído";072625;Ubirata;207;SICREDI VALE DO PIQUIRI ABCD P;207;SUREG Vale do Piquiri PR;CENTRAL SICREDI PR/SP/RJ;105.0 Hora(s);3d21h05m;20/11/2023 15:04:34;FINALIZAR CADASTRO DO BEM;1h00m;20/11/2023 15:04:24;20/11/2023 15:04:34;Ana Luiza da Silva Cruz;0h00m
0000364074;20/11/2023 14:11:08;" MAIARA DIAS ZANELA";" Pagamento de crédito";" 258- AQUISIÇÃO E REEMBOLSO-MÓVEL COM REGISTRO";095.394.309-76;" JOAO HENRIQUE ANTUNES ROSSETTO";050117/0293-00;;" Concluído";072625;Ubirata;207;SICREDI VALE DO PIQUIRI ABCD P;207;SUREG Vale do Piquiri PR;CENTRAL SICREDI PR/SP/RJ;105.0 Hora(s);3d21h05m;20/11/2023 15:04:24;ANÁLISE DE DOCUMENTOS 1ª ETAPA;18h00m;20/11/2023 14:42:31;20/11/2023 15:04:24;Ana Luiza da Silva Cruz;0h11m
0000364074;20/11/2023 14:11:08;" MAIARA DIAS ZANELA";" Pagamento de crédito";" 258- AQUISIÇÃO E REEMBOLSO-MÓVEL COM REGISTRO";095.394.309-76;" JOAO HENRIQUE ANTUNES ROSSETTO";050117/0293-00;;" Concluído";072625;Ubirata;207;SICREDI VALE DO PIQUIRI ABCD P;207;SUREG Vale do Piquiri PR;CENTRAL SICREDI PR/SP/RJ;105.0 Hora(s);3d21h05m;20/11/2023 14:42:30;ENVIAR DOCUMENTOS;1d21h00m;20/11/2023 14:41:10;20/11/2023 14:42:30;MAIARA DIAS ZANELA;0h00m
0000364074;20/11/2023 14:11:08;" MAIARA DIAS ZANELA";" Pagamento de crédito";" 258- AQUISIÇÃO E REEMBOLSO-MÓVEL COM REGISTRO";095.394.309-76;" JOAO HENRIQUE ANTUNES ROSSETTO";050117/0293-00;;" Concluído";072625;Ubirata;207;SICREDI VALE DO PIQUIRI ABCD P;207;SUREG Vale do Piquiri PR;CENTRAL SICREDI PR/SP/RJ;105.0 Hora(s);3d21h05m;20/11/2023 14:41:10;AUTORIZAÇÃO DE FATURAMENTO;0h00m;20/11/2023 14:41:08;20/11/2023 14:41:10;;0h00m
0000364074;20/11/2023 14:11:08;" MAIARA DIAS ZANELA";" Pagamento de crédito";" 258- AQUISIÇÃO E REEMBOLSO-MÓVEL COM REGISTRO";095.394.309-76;" JOAO HENRIQUE ANTUNES ROSSETTO";050117/0293-00;;" Concluído";072625;Ubirata;207;SICREDI VALE DO PIQUIRI ABCD P;207;SUREG Vale do Piquiri PR;CENTRAL SICREDI PR/SP/RJ;105.0 Hora(s);3d21h05m;24/11/2023 11:46:10;;;;;;
0000364074;20/11/2023 14:11:08;" MAIARA DIAS ZANELA";" Pagamento de crédito";" 258- AQUISIÇÃO E REEMBOLSO-MÓVEL COM REGISTRO";095.394.309-76;" JOAO HENRIQUE ANTUNES ROSSETTO";050117/0293-00;;" Concluído";072625;Ubirata;207;SICREDI VALE DO PIQUIRI ABCD P;207;SUREG Vale do Piquiri PR;CENTRAL SICREDI PR/SP/RJ;105.0 Hora(s);3d21h05m;24/11/2023 08:25:48;;;;;;
0000364074;20/11/2023 14:11:08;" MAIARA DIAS ZANELA";" Pagamento de crédito";" 258- AQUISIÇÃO E REEMBOLSO-MÓVEL COM REGISTRO";095.394.309-76;" JOAO HENRIQUE ANTUNES ROSSETTO";050117/0293-00;;" Concluído";072625;Ubirata;207;SICREDI VALE DO PIQUIRI ABCD P;207;SUREG Vale do Piquiri PR;CENTRAL SICREDI PR/SP/RJ;105.0 Hora(s);3d21h05m;24/11/2023 08:25:22;;;;;;
0000364074;20/11/2023 14:11:08;" MAIARA DIAS ZANELA";" Pagamento de crédito";" 258- AQUISIÇÃO E REEMBOLSO-MÓVEL COM REGISTRO";095.394.309-76;" JOAO HENRIQUE ANTUNES ROSSETTO";050117/0293-00;;" Concluído";072625;Ubirata;207;SICREDI VALE DO PIQUIRI ABCD P;207;SUREG Vale do Piquiri PR;CENTRAL SICREDI PR/SP/RJ;105.0 Hora(s);3d21h05m;24/11/2023 08:24:44;;;;;;
0000364074;20/11/2023 14:11:08;" MAIARA DIAS ZANELA";" Pagamento de crédito";" 258- AQUISIÇÃO E REEMBOLSO-MÓVEL COM REGISTRO";095.394.309-76;" JOAO HENRIQUE ANTUNES ROSSETTO";050117/0293-00;;" Concluído";072625;Ubirata;207;SICREDI VALE DO PIQUIRI ABCD P;207;SUREG Vale do Piquiri PR;CENTRAL SICREDI PR/SP/RJ;105.0 Hora(s);3d21h05m;23/11/2023 16:52:57;;;;;;
0000364074;20/11/2023 14:11:08;" MAIARA DIAS ZANELA";" Pagamento de crédito";" 258- AQUISIÇÃO E REEMBOLSO-MÓVEL COM REGISTRO";095.394.309-76;" JOAO HENRIQUE ANTUNES ROSSETTO";050117/0293-00;;" Concluído";072625;Ubirata;207;SICREDI VALE DO PIQUIRI ABCD P;207;SUREG Vale do Piquiri PR;CENTRAL SICREDI PR/SP/RJ;105.0 Hora(s);3d21h05m;22/11/2023 16:47:49;;;;;;
0000364074;20/11/2023 14:11:08;" MAIARA DIAS ZANELA";" Pagamento de crédito";" 258- AQUISIÇÃO E REEMBOLSO-MÓVEL COM REGISTRO";095.394.309-76;" JOAO HENRIQUE ANTUNES ROSSETTO";050117/0293-00;;" Concluído";072625;Ubirata;207;SICREDI VALE DO PIQUIRI ABCD P;207;SUREG Vale do Piquiri PR;CENTRAL SICREDI PR/SP/RJ;105.0 Hora(s);3d21h05m;22/11/2023 16:47:44;;;;;;
0000364074;20/11/2023 14:11:08;" MAIARA DIAS ZANELA";" Pagamento de crédito";" 258- AQUISIÇÃO E REEMBOLSO-MÓVEL COM REGISTRO";095.394.309-76;" JOAO HENRIQUE ANTUNES ROSSETTO";050117/0293-00;;" Concluído";072625;Ubirata;207;SICREDI VALE DO PIQUIRI ABCD P;207;SUREG Vale do Piquiri PR;CENTRAL SICREDI PR/SP/RJ;105.0 Hora(s);3d21h05m;22/11/2023 15:39:45;;;;;;
0000364074;20/11/2023 14:11:08;" MAIARA DIAS ZANELA";" Pagamento de crédito";" 258- AQUISIÇÃO E REEMBOLSO-MÓVEL COM REGISTRO";095.394.309-76;" JOAO HENRIQUE ANTUNES ROSSETTO";050117/0293-00;;" Concluído";072625;Ubirata;207;SICREDI VALE DO PIQUIRI ABCD P;207;SUREG Vale do Piquiri PR;CENTRAL SICREDI PR/SP/RJ;105.0 Hora(s);3d21h05m;20/11/2023 15:06:05;;;;;;
0000364074;20/11/2023 14:11:08;" MAIARA DIAS ZANELA";" Pagamento de crédito";" 258- AQUISIÇÃO E REEMBOLSO-MÓVEL COM REGISTRO";095.394.309-76;" JOAO HENRIQUE ANTUNES ROSSETTO";050117/0293-00;;" Concluído";072625;Ubirata;207;SICREDI VALE DO PIQUIRI ABCD P;207;SUREG Vale do Piquiri PR;CENTRAL SICREDI PR/SP/RJ;105.0 Hora(s);3d21h05m;20/11/2023 15:04:34;;;;;;
0000364074;20/11/2023 14:11:08;" MAIARA DIAS ZANELA";" Pagamento de crédito";" 258- AQUISIÇÃO E REEMBOLSO-MÓVEL COM REGISTRO";095.394.309-76;" JOAO HENRIQUE ANTUNES ROSSETTO";050117/0293-00;;" Concluído";072625;Ubirata;207;SICREDI VALE DO PIQUIRI ABCD P;207;SUREG Vale do Piquiri PR;CENTRAL SICREDI PR/SP/RJ;105.0 Hora(s);3d21h05m;20/11/2023 15:04:24;;;;;;
0000364074;20/11/2023 14:11:08;" MAIARA DIAS ZANELA";" Pagamento de crédito";" 258- AQUISIÇÃO E REEMBOLSO-MÓVEL COM REGISTRO";095.394.309-76;" JOAO HENRIQUE ANTUNES ROSSETTO";050117/0293-00;;" Concluído";072625;Ubirata;207;SICREDI VALE DO PIQUIRI ABCD P;207;SUREG Vale do Piquiri PR;CENTRAL SICREDI PR/SP/RJ;105.0 Hora(s);3d21h05m;20/11/2023 14:42:30;;;;;;
0000364074;20/11/2023 14:11:08;" MAIARA DIAS ZANELA";" Pagamento de crédito";" 258- AQUISIÇÃO E REEMBOLSO-MÓVEL COM REGISTRO";095.394.309-76;" JOAO HENRIQUE ANTUNES ROSSETTO";050117/0293-00;;" Concluído";072625;Ubirata;207;SICREDI VALE DO PIQUIRI ABCD P;207;SUREG Vale do Piquiri PR;CENTRAL SICREDI PR/SP/RJ;105.0 Hora(s);3d21h05m;20/11/2023 14:41:10;;;;;;
