﻿ID_Processo7;DT_Solicitacao8;NM_Usuario_Solicitacao8;NM_Tipo_Processo8;NM_Processo8;CD_Inscricao_Nacional8;NM_Pessoa8;Usuário;Grupo_Cota_Outros8;ST_Status8;CD_Comissionado2;NM_Fantasia_Comissionado2;CD_Tipo_Ponto_Venda3;NM_Fantasia_Ponto_Venda2;CD_Tipo_Ponto_Venda4;NM_Tipo_Ponto_Venda2;NM_Filial_Venda2;Nivel_Servico8;Tempo_Processo8;DH_Conclusao8;NM_Atividade1;Nivel_Servico_Atividade1;DT_Inicio_Atividade1;DT_Fim_Atividade1;NM_Usuario_Atividade1;Tempo_Processo_Atividade1
0000367673;24/11/2023 08:11:46;" Rafael Antonio Rossetto";" Pagamento de crédito";" 264- AQUISIÇÃO E REEMBOLSO-MÓVEL SEM  REGISTRO";810.469.360-34;" AMAURI ALBERTI";050114/0077-00;;" Andamento";021702;Gaurama;104;SICREDI UNIESTADOS;104;SUREG Erechim RS;CENTRAL SICREDI SUL/SUDESTE;103.0 Hora(s);7h33m;"                   ";ANÁLISE DE DOCUMENTOS 1ª ETAPA;18h00m;24/11/2023 16:16:29;"                   ";;0h00m
0000367673;24/11/2023 08:11:46;" Rafael Antonio Rossetto";" Pagamento de crédito";" 264- AQUISIÇÃO E REEMBOLSO-MÓVEL SEM  REGISTRO";810.469.360-34;" AMAURI ALBERTI";050114/0077-00;;" Andamento";021702;Gaurama;104;SICREDI UNIESTADOS;104;SUREG Erechim RS;CENTRAL SICREDI SUL/SUDESTE;103.0 Hora(s);7h33m;24/11/2023 16:16:29;ENVIAR DOCUMENTOS;1d21h00m;24/11/2023 08:43:29;24/11/2023 16:16:29;Rafael Antonio Rossetto;0h00m
0000367673;24/11/2023 08:11:46;" Rafael Antonio Rossetto";" Pagamento de crédito";" 264- AQUISIÇÃO E REEMBOLSO-MÓVEL SEM  REGISTRO";810.469.360-34;" AMAURI ALBERTI";050114/0077-00;;" Andamento";021702;Gaurama;104;SICREDI UNIESTADOS;104;SUREG Erechim RS;CENTRAL SICREDI SUL/SUDESTE;103.0 Hora(s);7h33m;24/11/2023 08:43:29;AUTORIZAÇÃO DE FATURAMENTO;0h00m;24/11/2023 08:43:08;24/11/2023 08:43:29;;0h00m
0000367673;24/11/2023 08:11:46;" Rafael Antonio Rossetto";" Pagamento de crédito";" 264- AQUISIÇÃO E REEMBOLSO-MÓVEL SEM  REGISTRO";810.469.360-34;" AMAURI ALBERTI";050114/0077-00;;" Andamento";021702;Gaurama;104;SICREDI UNIESTADOS;104;SUREG Erechim RS;CENTRAL SICREDI SUL/SUDESTE;103.0 Hora(s);7h33m;"                   ";;;;;;
0000367673;24/11/2023 08:11:46;" Rafael Antonio Rossetto";" Pagamento de crédito";" 264- AQUISIÇÃO E REEMBOLSO-MÓVEL SEM  REGISTRO";810.469.360-34;" AMAURI ALBERTI";050114/0077-00;;" Andamento";021702;Gaurama;104;SICREDI UNIESTADOS;104;SUREG Erechim RS;CENTRAL SICREDI SUL/SUDESTE;103.0 Hora(s);7h33m;24/11/2023 16:16:29;;;;;;
0000367673;24/11/2023 08:11:46;" Rafael Antonio Rossetto";" Pagamento de crédito";" 264- AQUISIÇÃO E REEMBOLSO-MÓVEL SEM  REGISTRO";810.469.360-34;" AMAURI ALBERTI";050114/0077-00;;" Andamento";021702;Gaurama;104;SICREDI UNIESTADOS;104;SUREG Erechim RS;CENTRAL SICREDI SUL/SUDESTE;103.0 Hora(s);7h33m;24/11/2023 08:43:29;;;;;;
