﻿ID_Processo7;DT_Solicitacao8;NM_Usuario_Solicitacao8;NM_Tipo_Processo8;NM_Processo8;CD_Inscricao_Nacional8;NM_Pessoa8;Usuário;Grupo_Cota_Outros8;ST_Status8;CD_Comissionado2;NM_Fantasia_Comissionado2;CD_Tipo_Ponto_Venda3;NM_Fantasia_Ponto_Venda2;CD_Tipo_Ponto_Venda4;NM_Tipo_Ponto_Venda2;NM_Filial_Venda2;Nivel_Servico8;Tempo_Processo8;DH_Conclusao8;NM_Atividade1;Nivel_Servico_Atividade1;DT_Inicio_Atividade1;DT_Fim_Atividade1;NM_Usuario_Atividade1;Tempo_Processo_Atividade1
0000366682;22/11/2023 10:11:02;" MAIARA DIAS ZANELA";" Pagamento de crédito";" 264- AQUISIÇÃO E REEMBOLSO-MÓVEL SEM  REGISTRO";082.437.229-80;" CLAUDIO CAVALCANTE ROSSETTO";050124/0138-00;"050133/0252-00&#x0D;
050133/0250-00&#x0D;
050114/0290-00";" Aguardando Regularização";072625;Ubirata;207;SICREDI VALE DO PIQUIRI ABCD P;207;SUREG Vale do Piquiri PR;CENTRAL SICREDI PR/SP/RJ;103.0 Hora(s);1d1h54m;"                   ";EMITIR DOCUMENTOS PARA LIBERAÇÃO;18h00m;23/11/2023 12:18:24;"                   ";;0h00m
0000366682;22/11/2023 10:11:02;" MAIARA DIAS ZANELA";" Pagamento de crédito";" 264- AQUISIÇÃO E REEMBOLSO-MÓVEL SEM  REGISTRO";082.437.229-80;" CLAUDIO CAVALCANTE ROSSETTO";050124/0138-00;"050133/0252-00&#x0D;
050133/0250-00&#x0D;
050114/0290-00";" Aguardando Regularização";072625;Ubirata;207;SICREDI VALE DO PIQUIRI ABCD P;207;SUREG Vale do Piquiri PR;CENTRAL SICREDI PR/SP/RJ;103.0 Hora(s);1d1h54m;23/11/2023 12:18:24;ALIENAÇÃO DE BENS;1h00m;23/11/2023 12:18:19;23/11/2023 12:18:24;PAOLA MENEZES DA COSTA;0h00m
0000366682;22/11/2023 10:11:02;" MAIARA DIAS ZANELA";" Pagamento de crédito";" 264- AQUISIÇÃO E REEMBOLSO-MÓVEL SEM  REGISTRO";082.437.229-80;" CLAUDIO CAVALCANTE ROSSETTO";050124/0138-00;"050133/0252-00&#x0D;
050133/0250-00&#x0D;
050114/0290-00";" Aguardando Regularização";072625;Ubirata;207;SICREDI VALE DO PIQUIRI ABCD P;207;SUREG Vale do Piquiri PR;CENTRAL SICREDI PR/SP/RJ;103.0 Hora(s);1d1h54m;23/11/2023 12:18:18;FINALIZAR CADASTRO DO BEM;1h00m;23/11/2023 12:18:11;23/11/2023 12:18:18;PAOLA MENEZES DA COSTA;0h00m
0000366682;22/11/2023 10:11:02;" MAIARA DIAS ZANELA";" Pagamento de crédito";" 264- AQUISIÇÃO E REEMBOLSO-MÓVEL SEM  REGISTRO";082.437.229-80;" CLAUDIO CAVALCANTE ROSSETTO";050124/0138-00;"050133/0252-00&#x0D;
050133/0250-00&#x0D;
050114/0290-00";" Aguardando Regularização";072625;Ubirata;207;SICREDI VALE DO PIQUIRI ABCD P;207;SUREG Vale do Piquiri PR;CENTRAL SICREDI PR/SP/RJ;103.0 Hora(s);1d1h54m;23/11/2023 12:18:11;ANÁLISE DE DOCUMENTOS 1ª ETAPA;18h00m;22/11/2023 10:35:54;23/11/2023 12:18:11;PAOLA MENEZES DA COSTA;0h28m
0000366682;22/11/2023 10:11:02;" MAIARA DIAS ZANELA";" Pagamento de crédito";" 264- AQUISIÇÃO E REEMBOLSO-MÓVEL SEM  REGISTRO";082.437.229-80;" CLAUDIO CAVALCANTE ROSSETTO";050124/0138-00;"050133/0252-00&#x0D;
050133/0250-00&#x0D;
050114/0290-00";" Aguardando Regularização";072625;Ubirata;207;SICREDI VALE DO PIQUIRI ABCD P;207;SUREG Vale do Piquiri PR;CENTRAL SICREDI PR/SP/RJ;103.0 Hora(s);1d1h54m;22/11/2023 10:35:54;ENVIAR DOCUMENTOS;1d21h00m;22/11/2023 10:25:49;22/11/2023 10:35:54;MAIARA DIAS ZANELA;0h00m
0000366682;22/11/2023 10:11:02;" MAIARA DIAS ZANELA";" Pagamento de crédito";" 264- AQUISIÇÃO E REEMBOLSO-MÓVEL SEM  REGISTRO";082.437.229-80;" CLAUDIO CAVALCANTE ROSSETTO";050124/0138-00;"050133/0252-00&#x0D;
050133/0250-00&#x0D;
050114/0290-00";" Aguardando Regularização";072625;Ubirata;207;SICREDI VALE DO PIQUIRI ABCD P;207;SUREG Vale do Piquiri PR;CENTRAL SICREDI PR/SP/RJ;103.0 Hora(s);1d1h54m;22/11/2023 10:25:49;AUTORIZAÇÃO DE FATURAMENTO;0h00m;22/11/2023 10:24:53;22/11/2023 10:25:49;;0h00m
0000366682;22/11/2023 10:11:02;" MAIARA DIAS ZANELA";" Pagamento de crédito";" 264- AQUISIÇÃO E REEMBOLSO-MÓVEL SEM  REGISTRO";082.437.229-80;" CLAUDIO CAVALCANTE ROSSETTO";050124/0138-00;"050133/0252-00&#x0D;
050133/0250-00&#x0D;
050114/0290-00";" Aguardando Regularização";072625;Ubirata;207;SICREDI VALE DO PIQUIRI ABCD P;207;SUREG Vale do Piquiri PR;CENTRAL SICREDI PR/SP/RJ;103.0 Hora(s);1d1h54m;"                   ";;;;;;
0000366682;22/11/2023 10:11:02;" MAIARA DIAS ZANELA";" Pagamento de crédito";" 264- AQUISIÇÃO E REEMBOLSO-MÓVEL SEM  REGISTRO";082.437.229-80;" CLAUDIO CAVALCANTE ROSSETTO";050124/0138-00;"050133/0252-00&#x0D;
050133/0250-00&#x0D;
050114/0290-00";" Aguardando Regularização";072625;Ubirata;207;SICREDI VALE DO PIQUIRI ABCD P;207;SUREG Vale do Piquiri PR;CENTRAL SICREDI PR/SP/RJ;103.0 Hora(s);1d1h54m;23/11/2023 12:18:24;;;;;;
0000366682;22/11/2023 10:11:02;" MAIARA DIAS ZANELA";" Pagamento de crédito";" 264- AQUISIÇÃO E REEMBOLSO-MÓVEL SEM  REGISTRO";082.437.229-80;" CLAUDIO CAVALCANTE ROSSETTO";050124/0138-00;"050133/0252-00&#x0D;
050133/0250-00&#x0D;
050114/0290-00";" Aguardando Regularização";072625;Ubirata;207;SICREDI VALE DO PIQUIRI ABCD P;207;SUREG Vale do Piquiri PR;CENTRAL SICREDI PR/SP/RJ;103.0 Hora(s);1d1h54m;23/11/2023 12:18:18;;;;;;
0000366682;22/11/2023 10:11:02;" MAIARA DIAS ZANELA";" Pagamento de crédito";" 264- AQUISIÇÃO E REEMBOLSO-MÓVEL SEM  REGISTRO";082.437.229-80;" CLAUDIO CAVALCANTE ROSSETTO";050124/0138-00;"050133/0252-00&#x0D;
050133/0250-00&#x0D;
050114/0290-00";" Aguardando Regularização";072625;Ubirata;207;SICREDI VALE DO PIQUIRI ABCD P;207;SUREG Vale do Piquiri PR;CENTRAL SICREDI PR/SP/RJ;103.0 Hora(s);1d1h54m;23/11/2023 12:18:11;;;;;;
0000366682;22/11/2023 10:11:02;" MAIARA DIAS ZANELA";" Pagamento de crédito";" 264- AQUISIÇÃO E REEMBOLSO-MÓVEL SEM  REGISTRO";082.437.229-80;" CLAUDIO CAVALCANTE ROSSETTO";050124/0138-00;"050133/0252-00&#x0D;
050133/0250-00&#x0D;
050114/0290-00";" Aguardando Regularização";072625;Ubirata;207;SICREDI VALE DO PIQUIRI ABCD P;207;SUREG Vale do Piquiri PR;CENTRAL SICREDI PR/SP/RJ;103.0 Hora(s);1d1h54m;22/11/2023 10:35:54;;;;;;
0000366682;22/11/2023 10:11:02;" MAIARA DIAS ZANELA";" Pagamento de crédito";" 264- AQUISIÇÃO E REEMBOLSO-MÓVEL SEM  REGISTRO";082.437.229-80;" CLAUDIO CAVALCANTE ROSSETTO";050124/0138-00;"050133/0252-00&#x0D;
050133/0250-00&#x0D;
050114/0290-00";" Aguardando Regularização";072625;Ubirata;207;SICREDI VALE DO PIQUIRI ABCD P;207;SUREG Vale do Piquiri PR;CENTRAL SICREDI PR/SP/RJ;103.0 Hora(s);1d1h54m;22/11/2023 10:25:49;;;;;;
