﻿ID_Processo7;DT_Solicitacao8;NM_Usuario_Solicitacao8;NM_Tipo_Processo8;NM_Processo8;CD_Inscricao_Nacional8;NM_Pessoa8;Usuário;Grupo_Cota_Outros8;ST_Status8;CD_Comissionado2;NM_Fantasia_Comissionado2;CD_Tipo_Ponto_Venda3;NM_Fantasia_Ponto_Venda2;CD_Tipo_Ponto_Venda4;NM_Tipo_Ponto_Venda2;NM_Filial_Venda2;Nivel_Servico8;Tempo_Processo8;DH_Conclusao8;NM_Atividade1;Nivel_Servico_Atividade1;DT_Inicio_Atividade1;DT_Fim_Atividade1;NM_Usuario_Atividade1;Tempo_Processo_Atividade1
0000363904;20/11/2023 09:11:31;" Camila Rafaelli";" Pagamento de crédito";" 258- AQUISIÇÃO E REEMBOLSO-MÓVEL COM REGISTRO";06.105.303/0001-55;" EXPRESSO VISION LTDA ";050138/0689-00;;" Concluído";021750;Irani;104;SICREDI UNIESTADOS;104;SUREG Erechim RS;CENTRAL SICREDI SUL/SUDESTE;105.0 Hora(s);1d2h13m;21/11/2023 11:40:31;LIBERAR PAGAMENTOS;0h00m;21/11/2023 10:05:58;21/11/2023 11:40:31;ELKIAYER FAGUNDES TRINDADE;0h00m
0000363904;20/11/2023 09:11:31;" Camila Rafaelli";" Pagamento de crédito";" 258- AQUISIÇÃO E REEMBOLSO-MÓVEL COM REGISTRO";06.105.303/0001-55;" EXPRESSO VISION LTDA ";050138/0689-00;;" Concluído";021750;Irani;104;SICREDI UNIESTADOS;104;SUREG Erechim RS;CENTRAL SICREDI SUL/SUDESTE;105.0 Hora(s);1d2h13m;21/11/2023 10:05:58;APROVAR PAGAMENTO;1h00m;21/11/2023 10:04:54;21/11/2023 10:05:58;LARISSA JAENISCH DUTRA PINTO;0h00m
0000363904;20/11/2023 09:11:31;" Camila Rafaelli";" Pagamento de crédito";" 258- AQUISIÇÃO E REEMBOLSO-MÓVEL COM REGISTRO";06.105.303/0001-55;" EXPRESSO VISION LTDA ";050138/0689-00;;" Concluído";021750;Irani;104;SICREDI UNIESTADOS;104;SUREG Erechim RS;CENTRAL SICREDI SUL/SUDESTE;105.0 Hora(s);1d2h13m;21/11/2023 10:04:54;PROGRAMAR PAGAMENTO;1h00m;21/11/2023 10:04:17;21/11/2023 10:04:54;LARISSA JAENISCH DUTRA PINTO;0h00m
0000363904;20/11/2023 09:11:31;" Camila Rafaelli";" Pagamento de crédito";" 258- AQUISIÇÃO E REEMBOLSO-MÓVEL COM REGISTRO";06.105.303/0001-55;" EXPRESSO VISION LTDA ";050138/0689-00;;" Concluído";021750;Irani;104;SICREDI UNIESTADOS;104;SUREG Erechim RS;CENTRAL SICREDI SUL/SUDESTE;105.0 Hora(s);1d2h13m;21/11/2023 10:04:17;ANALISAR DOCUMENTOS PARA LIBERAÇÃO 2ª ETAPA;18h00m;21/11/2023 08:55:23;21/11/2023 10:04:17;LARISSA JAENISCH DUTRA PINTO;0h03m
0000363904;20/11/2023 09:11:31;" Camila Rafaelli";" Pagamento de crédito";" 258- AQUISIÇÃO E REEMBOLSO-MÓVEL COM REGISTRO";06.105.303/0001-55;" EXPRESSO VISION LTDA ";050138/0689-00;;" Concluído";021750;Irani;104;SICREDI UNIESTADOS;104;SUREG Erechim RS;CENTRAL SICREDI SUL/SUDESTE;105.0 Hora(s);1d2h13m;21/11/2023 08:55:22;EMITIR DOCUMENTOS PARA LIBERAÇÃO;18h00m;20/11/2023 10:59:51;21/11/2023 08:55:22;Camila Rafaelli;0h00m
0000363904;20/11/2023 09:11:31;" Camila Rafaelli";" Pagamento de crédito";" 258- AQUISIÇÃO E REEMBOLSO-MÓVEL COM REGISTRO";06.105.303/0001-55;" EXPRESSO VISION LTDA ";050138/0689-00;;" Concluído";021750;Irani;104;SICREDI UNIESTADOS;104;SUREG Erechim RS;CENTRAL SICREDI SUL/SUDESTE;105.0 Hora(s);1d2h13m;20/11/2023 10:59:50;REGISTRAR CONTRATO MANUALMENTE;1h00m;20/11/2023 10:59:47;20/11/2023 10:59:50;NICOLAS PAULO DE SOUSA CUNHA;0h00m
0000363904;20/11/2023 09:11:31;" Camila Rafaelli";" Pagamento de crédito";" 258- AQUISIÇÃO E REEMBOLSO-MÓVEL COM REGISTRO";06.105.303/0001-55;" EXPRESSO VISION LTDA ";050138/0689-00;;" Concluído";021750;Irani;104;SICREDI UNIESTADOS;104;SUREG Erechim RS;CENTRAL SICREDI SUL/SUDESTE;105.0 Hora(s);1d2h13m;20/11/2023 10:59:47;ALIENAR O BEM;1h00m;20/11/2023 10:58:53;20/11/2023 10:59:47;NICOLAS PAULO DE SOUSA CUNHA;0h01m
0000363904;20/11/2023 09:11:31;" Camila Rafaelli";" Pagamento de crédito";" 258- AQUISIÇÃO E REEMBOLSO-MÓVEL COM REGISTRO";06.105.303/0001-55;" EXPRESSO VISION LTDA ";050138/0689-00;;" Concluído";021750;Irani;104;SICREDI UNIESTADOS;104;SUREG Erechim RS;CENTRAL SICREDI SUL/SUDESTE;105.0 Hora(s);1d2h13m;20/11/2023 10:58:53;FINALIZAR CADASTRO DO BEM;1h00m;20/11/2023 10:58:24;20/11/2023 10:58:53;NICOLAS PAULO DE SOUSA CUNHA;0h00m
0000363904;20/11/2023 09:11:31;" Camila Rafaelli";" Pagamento de crédito";" 258- AQUISIÇÃO E REEMBOLSO-MÓVEL COM REGISTRO";06.105.303/0001-55;" EXPRESSO VISION LTDA ";050138/0689-00;;" Concluído";021750;Irani;104;SICREDI UNIESTADOS;104;SUREG Erechim RS;CENTRAL SICREDI SUL/SUDESTE;105.0 Hora(s);1d2h13m;20/11/2023 10:58:24;ANÁLISE DE DOCUMENTOS 1ª ETAPA;18h00m;20/11/2023 09:33:26;20/11/2023 10:58:24;NICOLAS PAULO DE SOUSA CUNHA;0h08m
0000363904;20/11/2023 09:11:31;" Camila Rafaelli";" Pagamento de crédito";" 258- AQUISIÇÃO E REEMBOLSO-MÓVEL COM REGISTRO";06.105.303/0001-55;" EXPRESSO VISION LTDA ";050138/0689-00;;" Concluído";021750;Irani;104;SICREDI UNIESTADOS;104;SUREG Erechim RS;CENTRAL SICREDI SUL/SUDESTE;105.0 Hora(s);1d2h13m;20/11/2023 09:33:26;ENVIAR DOCUMENTOS;1d21h00m;20/11/2023 09:27:46;20/11/2023 09:33:26;Camila Rafaelli;0h00m
0000363904;20/11/2023 09:11:31;" Camila Rafaelli";" Pagamento de crédito";" 258- AQUISIÇÃO E REEMBOLSO-MÓVEL COM REGISTRO";06.105.303/0001-55;" EXPRESSO VISION LTDA ";050138/0689-00;;" Concluído";021750;Irani;104;SICREDI UNIESTADOS;104;SUREG Erechim RS;CENTRAL SICREDI SUL/SUDESTE;105.0 Hora(s);1d2h13m;20/11/2023 09:27:46;AUTORIZAÇÃO DE FATURAMENTO;0h00m;20/11/2023 09:27:38;20/11/2023 09:27:46;;0h00m
0000363904;20/11/2023 09:11:31;" Camila Rafaelli";" Pagamento de crédito";" 258- AQUISIÇÃO E REEMBOLSO-MÓVEL COM REGISTRO";06.105.303/0001-55;" EXPRESSO VISION LTDA ";050138/0689-00;;" Concluído";021750;Irani;104;SICREDI UNIESTADOS;104;SUREG Erechim RS;CENTRAL SICREDI SUL/SUDESTE;105.0 Hora(s);1d2h13m;21/11/2023 11:40:31;;;;;;
0000363904;20/11/2023 09:11:31;" Camila Rafaelli";" Pagamento de crédito";" 258- AQUISIÇÃO E REEMBOLSO-MÓVEL COM REGISTRO";06.105.303/0001-55;" EXPRESSO VISION LTDA ";050138/0689-00;;" Concluído";021750;Irani;104;SICREDI UNIESTADOS;104;SUREG Erechim RS;CENTRAL SICREDI SUL/SUDESTE;105.0 Hora(s);1d2h13m;21/11/2023 10:05:58;;;;;;
0000363904;20/11/2023 09:11:31;" Camila Rafaelli";" Pagamento de crédito";" 258- AQUISIÇÃO E REEMBOLSO-MÓVEL COM REGISTRO";06.105.303/0001-55;" EXPRESSO VISION LTDA ";050138/0689-00;;" Concluído";021750;Irani;104;SICREDI UNIESTADOS;104;SUREG Erechim RS;CENTRAL SICREDI SUL/SUDESTE;105.0 Hora(s);1d2h13m;21/11/2023 10:04:54;;;;;;
0000363904;20/11/2023 09:11:31;" Camila Rafaelli";" Pagamento de crédito";" 258- AQUISIÇÃO E REEMBOLSO-MÓVEL COM REGISTRO";06.105.303/0001-55;" EXPRESSO VISION LTDA ";050138/0689-00;;" Concluído";021750;Irani;104;SICREDI UNIESTADOS;104;SUREG Erechim RS;CENTRAL SICREDI SUL/SUDESTE;105.0 Hora(s);1d2h13m;21/11/2023 10:04:17;;;;;;
0000363904;20/11/2023 09:11:31;" Camila Rafaelli";" Pagamento de crédito";" 258- AQUISIÇÃO E REEMBOLSO-MÓVEL COM REGISTRO";06.105.303/0001-55;" EXPRESSO VISION LTDA ";050138/0689-00;;" Concluído";021750;Irani;104;SICREDI UNIESTADOS;104;SUREG Erechim RS;CENTRAL SICREDI SUL/SUDESTE;105.0 Hora(s);1d2h13m;21/11/2023 08:55:22;;;;;;
0000363904;20/11/2023 09:11:31;" Camila Rafaelli";" Pagamento de crédito";" 258- AQUISIÇÃO E REEMBOLSO-MÓVEL COM REGISTRO";06.105.303/0001-55;" EXPRESSO VISION LTDA ";050138/0689-00;;" Concluído";021750;Irani;104;SICREDI UNIESTADOS;104;SUREG Erechim RS;CENTRAL SICREDI SUL/SUDESTE;105.0 Hora(s);1d2h13m;20/11/2023 10:59:50;;;;;;
0000363904;20/11/2023 09:11:31;" Camila Rafaelli";" Pagamento de crédito";" 258- AQUISIÇÃO E REEMBOLSO-MÓVEL COM REGISTRO";06.105.303/0001-55;" EXPRESSO VISION LTDA ";050138/0689-00;;" Concluído";021750;Irani;104;SICREDI UNIESTADOS;104;SUREG Erechim RS;CENTRAL SICREDI SUL/SUDESTE;105.0 Hora(s);1d2h13m;20/11/2023 10:59:47;;;;;;
0000363904;20/11/2023 09:11:31;" Camila Rafaelli";" Pagamento de crédito";" 258- AQUISIÇÃO E REEMBOLSO-MÓVEL COM REGISTRO";06.105.303/0001-55;" EXPRESSO VISION LTDA ";050138/0689-00;;" Concluído";021750;Irani;104;SICREDI UNIESTADOS;104;SUREG Erechim RS;CENTRAL SICREDI SUL/SUDESTE;105.0 Hora(s);1d2h13m;20/11/2023 10:58:53;;;;;;
0000363904;20/11/2023 09:11:31;" Camila Rafaelli";" Pagamento de crédito";" 258- AQUISIÇÃO E REEMBOLSO-MÓVEL COM REGISTRO";06.105.303/0001-55;" EXPRESSO VISION LTDA ";050138/0689-00;;" Concluído";021750;Irani;104;SICREDI UNIESTADOS;104;SUREG Erechim RS;CENTRAL SICREDI SUL/SUDESTE;105.0 Hora(s);1d2h13m;20/11/2023 10:58:24;;;;;;
0000363904;20/11/2023 09:11:31;" Camila Rafaelli";" Pagamento de crédito";" 258- AQUISIÇÃO E REEMBOLSO-MÓVEL COM REGISTRO";06.105.303/0001-55;" EXPRESSO VISION LTDA ";050138/0689-00;;" Concluído";021750;Irani;104;SICREDI UNIESTADOS;104;SUREG Erechim RS;CENTRAL SICREDI SUL/SUDESTE;105.0 Hora(s);1d2h13m;20/11/2023 09:33:26;;;;;;
0000363904;20/11/2023 09:11:31;" Camila Rafaelli";" Pagamento de crédito";" 258- AQUISIÇÃO E REEMBOLSO-MÓVEL COM REGISTRO";06.105.303/0001-55;" EXPRESSO VISION LTDA ";050138/0689-00;;" Concluído";021750;Irani;104;SICREDI UNIESTADOS;104;SUREG Erechim RS;CENTRAL SICREDI SUL/SUDESTE;105.0 Hora(s);1d2h13m;20/11/2023 09:27:46;;;;;;
