﻿ID_Processo7;DT_Solicitacao8;NM_Usuario_Solicitacao8;NM_Tipo_Processo8;NM_Processo8;CD_Inscricao_Nacional8;NM_Pessoa8;Usuário;Grupo_Cota_Outros8;ST_Status8;CD_Comissionado2;NM_Fantasia_Comissionado2;CD_Tipo_Ponto_Venda3;NM_Fantasia_Ponto_Venda2;CD_Tipo_Ponto_Venda4;NM_Tipo_Ponto_Venda2;NM_Filial_Venda2;Nivel_Servico8;Tempo_Processo8;DH_Conclusao8;NM_Atividade1;Nivel_Servico_Atividade1;DT_Inicio_Atividade1;DT_Fim_Atividade1;NM_Usuario_Atividade1;Tempo_Processo_Atividade1
0000355852;08/11/2023 10:11:08;" Jessica Graciela Da Silva";" Pagamento de crédito";" 258- AQUISIÇÃO E REEMBOLSO-MÓVEL COM REGISTRO";27.662.805/0001-57;" MUNARETTO ELETRIFICACOES EIRELI";050107/0471-00;;" Concluído";021754;Unidade de Atendimento Concórd;104;SICREDI UNIESTADOS;104;SUREG Erechim RS;CENTRAL SICREDI SUL/SUDESTE;105.0 Hora(s);8d1h21m;16/11/2023 11:38:08;LIBERAR PAGAMENTOS;0h00m;14/11/2023 17:08:46;16/11/2023 11:38:08;Kelen Hahn Paulo;0h00m
0000355852;08/11/2023 10:11:08;" Jessica Graciela Da Silva";" Pagamento de crédito";" 258- AQUISIÇÃO E REEMBOLSO-MÓVEL COM REGISTRO";27.662.805/0001-57;" MUNARETTO ELETRIFICACOES EIRELI";050107/0471-00;;" Concluído";021754;Unidade de Atendimento Concórd;104;SICREDI UNIESTADOS;104;SUREG Erechim RS;CENTRAL SICREDI SUL/SUDESTE;105.0 Hora(s);8d1h21m;14/11/2023 17:08:46;APROVAR PAGAMENTO;1h00m;14/11/2023 17:08:41;14/11/2023 17:08:46;LARISSA JAENISCH DUTRA PINTO;0h00m
0000355852;08/11/2023 10:11:08;" Jessica Graciela Da Silva";" Pagamento de crédito";" 258- AQUISIÇÃO E REEMBOLSO-MÓVEL COM REGISTRO";27.662.805/0001-57;" MUNARETTO ELETRIFICACOES EIRELI";050107/0471-00;;" Concluído";021754;Unidade de Atendimento Concórd;104;SICREDI UNIESTADOS;104;SUREG Erechim RS;CENTRAL SICREDI SUL/SUDESTE;105.0 Hora(s);8d1h21m;14/11/2023 17:08:40;PROGRAMAR PAGAMENTO;1h00m;14/11/2023 17:07:27;14/11/2023 17:08:40;LARISSA JAENISCH DUTRA PINTO;0h01m
0000355852;08/11/2023 10:11:08;" Jessica Graciela Da Silva";" Pagamento de crédito";" 258- AQUISIÇÃO E REEMBOLSO-MÓVEL COM REGISTRO";27.662.805/0001-57;" MUNARETTO ELETRIFICACOES EIRELI";050107/0471-00;;" Concluído";021754;Unidade de Atendimento Concórd;104;SICREDI UNIESTADOS;104;SUREG Erechim RS;CENTRAL SICREDI SUL/SUDESTE;105.0 Hora(s);8d1h21m;14/11/2023 17:07:27;ANALISAR DOCUMENTOS PARA LIBERAÇÃO 2ª ETAPA;18h00m;14/11/2023 09:21:48;14/11/2023 17:07:27;LARISSA JAENISCH DUTRA PINTO;0h05m
0000355852;08/11/2023 10:11:08;" Jessica Graciela Da Silva";" Pagamento de crédito";" 258- AQUISIÇÃO E REEMBOLSO-MÓVEL COM REGISTRO";27.662.805/0001-57;" MUNARETTO ELETRIFICACOES EIRELI";050107/0471-00;;" Concluído";021754;Unidade de Atendimento Concórd;104;SICREDI UNIESTADOS;104;SUREG Erechim RS;CENTRAL SICREDI SUL/SUDESTE;105.0 Hora(s);8d1h21m;14/11/2023 09:21:48;EMITIR DOCUMENTOS PARA LIBERAÇÃO;18h00m;10/11/2023 08:45:52;14/11/2023 09:21:48;Jessica Graciela Da Silva;0h00m
0000355852;08/11/2023 10:11:08;" Jessica Graciela Da Silva";" Pagamento de crédito";" 258- AQUISIÇÃO E REEMBOLSO-MÓVEL COM REGISTRO";27.662.805/0001-57;" MUNARETTO ELETRIFICACOES EIRELI";050107/0471-00;;" Concluído";021754;Unidade de Atendimento Concórd;104;SICREDI UNIESTADOS;104;SUREG Erechim RS;CENTRAL SICREDI SUL/SUDESTE;105.0 Hora(s);8d1h21m;10/11/2023 08:45:51;REGISTRAR CONTRATO MANUALMENTE;1h00m;10/11/2023 08:45:45;10/11/2023 08:45:51;João Pedro Pieluhowski Silva;0h00m
0000355852;08/11/2023 10:11:08;" Jessica Graciela Da Silva";" Pagamento de crédito";" 258- AQUISIÇÃO E REEMBOLSO-MÓVEL COM REGISTRO";27.662.805/0001-57;" MUNARETTO ELETRIFICACOES EIRELI";050107/0471-00;;" Concluído";021754;Unidade de Atendimento Concórd;104;SICREDI UNIESTADOS;104;SUREG Erechim RS;CENTRAL SICREDI SUL/SUDESTE;105.0 Hora(s);8d1h21m;10/11/2023 08:45:45;ALIENAR O BEM;1h00m;10/11/2023 08:40:38;10/11/2023 08:45:45;João Pedro Pieluhowski Silva;0h05m
0000355852;08/11/2023 10:11:08;" Jessica Graciela Da Silva";" Pagamento de crédito";" 258- AQUISIÇÃO E REEMBOLSO-MÓVEL COM REGISTRO";27.662.805/0001-57;" MUNARETTO ELETRIFICACOES EIRELI";050107/0471-00;;" Concluído";021754;Unidade de Atendimento Concórd;104;SICREDI UNIESTADOS;104;SUREG Erechim RS;CENTRAL SICREDI SUL/SUDESTE;105.0 Hora(s);8d1h21m;10/11/2023 08:40:38;FINALIZAR CADASTRO DO BEM;1h00m;10/11/2023 08:40:34;10/11/2023 08:40:38;João Pedro Pieluhowski Silva;0h00m
0000355852;08/11/2023 10:11:08;" Jessica Graciela Da Silva";" Pagamento de crédito";" 258- AQUISIÇÃO E REEMBOLSO-MÓVEL COM REGISTRO";27.662.805/0001-57;" MUNARETTO ELETRIFICACOES EIRELI";050107/0471-00;;" Concluído";021754;Unidade de Atendimento Concórd;104;SICREDI UNIESTADOS;104;SUREG Erechim RS;CENTRAL SICREDI SUL/SUDESTE;105.0 Hora(s);8d1h21m;10/11/2023 08:40:34;ANÁLISE DE DOCUMENTOS 1ª ETAPA;18h12m;10/11/2023 08:11:35;10/11/2023 08:40:34;João Pedro Pieluhowski Silva;0h36m
0000355852;08/11/2023 10:11:08;" Jessica Graciela Da Silva";" Pagamento de crédito";" 258- AQUISIÇÃO E REEMBOLSO-MÓVEL COM REGISTRO";27.662.805/0001-57;" MUNARETTO ELETRIFICACOES EIRELI";050107/0471-00;;" Concluído";021754;Unidade de Atendimento Concórd;104;SICREDI UNIESTADOS;104;SUREG Erechim RS;CENTRAL SICREDI SUL/SUDESTE;105.0 Hora(s);8d1h21m;10/11/2023 08:11:35;REGULARIZAR DOCUMENTOS INICIAIS;0h00m;09/11/2023 16:02:20;10/11/2023 08:11:35;Jessica Graciela Da Silva;0h00m
0000355852;08/11/2023 10:11:08;" Jessica Graciela Da Silva";" Pagamento de crédito";" 258- AQUISIÇÃO E REEMBOLSO-MÓVEL COM REGISTRO";27.662.805/0001-57;" MUNARETTO ELETRIFICACOES EIRELI";050107/0471-00;;" Concluído";021754;Unidade de Atendimento Concórd;104;SICREDI UNIESTADOS;104;SUREG Erechim RS;CENTRAL SICREDI SUL/SUDESTE;105.0 Hora(s);8d1h21m;09/11/2023 16:02:20;ANÁLISE DE DOCUMENTOS 1ª ETAPA;18h12m;08/11/2023 10:26:03;09/11/2023 16:02:20;João Pedro Pieluhowski Silva;0h36m
0000355852;08/11/2023 10:11:08;" Jessica Graciela Da Silva";" Pagamento de crédito";" 258- AQUISIÇÃO E REEMBOLSO-MÓVEL COM REGISTRO";27.662.805/0001-57;" MUNARETTO ELETRIFICACOES EIRELI";050107/0471-00;;" Concluído";021754;Unidade de Atendimento Concórd;104;SICREDI UNIESTADOS;104;SUREG Erechim RS;CENTRAL SICREDI SUL/SUDESTE;105.0 Hora(s);8d1h21m;08/11/2023 10:26:03;ENVIAR DOCUMENTOS;1d21h00m;08/11/2023 10:17:30;08/11/2023 10:26:03;Jessica Graciela Da Silva;0h00m
0000355852;08/11/2023 10:11:08;" Jessica Graciela Da Silva";" Pagamento de crédito";" 258- AQUISIÇÃO E REEMBOLSO-MÓVEL COM REGISTRO";27.662.805/0001-57;" MUNARETTO ELETRIFICACOES EIRELI";050107/0471-00;;" Concluído";021754;Unidade de Atendimento Concórd;104;SICREDI UNIESTADOS;104;SUREG Erechim RS;CENTRAL SICREDI SUL/SUDESTE;105.0 Hora(s);8d1h21m;08/11/2023 10:17:29;AUTORIZAÇÃO DE FATURAMENTO;0h00m;08/11/2023 10:17:03;08/11/2023 10:17:29;;0h00m
0000355611;07/11/2023 12:11:34;" Jessica Graciela Da Silva";" Pagamento de crédito";" 258- AQUISIÇÃO E REEMBOLSO-MÓVEL COM REGISTRO";27.662.805/0001-57;" MUNARETTO ELETRIFICACOES EIRELI";050107/0471-00;;" Reprovado";021754;Unidade de Atendimento Concórd;104;SICREDI UNIESTADOS;104;SUREG Erechim RS;CENTRAL SICREDI SUL/SUDESTE;105.0 Hora(s);21h51m;08/11/2023 10:03:15;ENVIAR DOCUMENTOS;1d21h00m;07/11/2023 12:12:59;08/11/2023 10:03:15;Jessica Graciela Da Silva;0h00m
0000355611;07/11/2023 12:11:34;" Jessica Graciela Da Silva";" Pagamento de crédito";" 258- AQUISIÇÃO E REEMBOLSO-MÓVEL COM REGISTRO";27.662.805/0001-57;" MUNARETTO ELETRIFICACOES EIRELI";050107/0471-00;;" Reprovado";021754;Unidade de Atendimento Concórd;104;SICREDI UNIESTADOS;104;SUREG Erechim RS;CENTRAL SICREDI SUL/SUDESTE;105.0 Hora(s);21h51m;07/11/2023 12:12:59;AUTORIZAÇÃO DE FATURAMENTO;0h00m;07/11/2023 12:12:56;07/11/2023 12:12:59;;0h00m
0000355611;07/11/2023 12:11:34;" Jessica Graciela Da Silva";" Pagamento de crédito";" 258- AQUISIÇÃO E REEMBOLSO-MÓVEL COM REGISTRO";27.662.805/0001-57;" MUNARETTO ELETRIFICACOES EIRELI";050107/0471-00;;" Reprovado";021754;Unidade de Atendimento Concórd;104;SICREDI UNIESTADOS;104;SUREG Erechim RS;CENTRAL SICREDI SUL/SUDESTE;105.0 Hora(s);21h51m;08/11/2023 10:03:15;;;;;;
0000355611;07/11/2023 12:11:34;" Jessica Graciela Da Silva";" Pagamento de crédito";" 258- AQUISIÇÃO E REEMBOLSO-MÓVEL COM REGISTRO";27.662.805/0001-57;" MUNARETTO ELETRIFICACOES EIRELI";050107/0471-00;;" Reprovado";021754;Unidade de Atendimento Concórd;104;SICREDI UNIESTADOS;104;SUREG Erechim RS;CENTRAL SICREDI SUL/SUDESTE;105.0 Hora(s);21h51m;07/11/2023 12:12:59;;;;;;
0000355852;08/11/2023 10:11:08;" Jessica Graciela Da Silva";" Pagamento de crédito";" 258- AQUISIÇÃO E REEMBOLSO-MÓVEL COM REGISTRO";27.662.805/0001-57;" MUNARETTO ELETRIFICACOES EIRELI";050107/0471-00;;" Concluído";021754;Unidade de Atendimento Concórd;104;SICREDI UNIESTADOS;104;SUREG Erechim RS;CENTRAL SICREDI SUL/SUDESTE;105.0 Hora(s);8d1h21m;16/11/2023 11:38:08;;;;;;
0000355852;08/11/2023 10:11:08;" Jessica Graciela Da Silva";" Pagamento de crédito";" 258- AQUISIÇÃO E REEMBOLSO-MÓVEL COM REGISTRO";27.662.805/0001-57;" MUNARETTO ELETRIFICACOES EIRELI";050107/0471-00;;" Concluído";021754;Unidade de Atendimento Concórd;104;SICREDI UNIESTADOS;104;SUREG Erechim RS;CENTRAL SICREDI SUL/SUDESTE;105.0 Hora(s);8d1h21m;14/11/2023 17:08:46;;;;;;
0000355852;08/11/2023 10:11:08;" Jessica Graciela Da Silva";" Pagamento de crédito";" 258- AQUISIÇÃO E REEMBOLSO-MÓVEL COM REGISTRO";27.662.805/0001-57;" MUNARETTO ELETRIFICACOES EIRELI";050107/0471-00;;" Concluído";021754;Unidade de Atendimento Concórd;104;SICREDI UNIESTADOS;104;SUREG Erechim RS;CENTRAL SICREDI SUL/SUDESTE;105.0 Hora(s);8d1h21m;14/11/2023 17:08:40;;;;;;
0000355852;08/11/2023 10:11:08;" Jessica Graciela Da Silva";" Pagamento de crédito";" 258- AQUISIÇÃO E REEMBOLSO-MÓVEL COM REGISTRO";27.662.805/0001-57;" MUNARETTO ELETRIFICACOES EIRELI";050107/0471-00;;" Concluído";021754;Unidade de Atendimento Concórd;104;SICREDI UNIESTADOS;104;SUREG Erechim RS;CENTRAL SICREDI SUL/SUDESTE;105.0 Hora(s);8d1h21m;14/11/2023 17:07:27;;;;;;
0000355852;08/11/2023 10:11:08;" Jessica Graciela Da Silva";" Pagamento de crédito";" 258- AQUISIÇÃO E REEMBOLSO-MÓVEL COM REGISTRO";27.662.805/0001-57;" MUNARETTO ELETRIFICACOES EIRELI";050107/0471-00;;" Concluído";021754;Unidade de Atendimento Concórd;104;SICREDI UNIESTADOS;104;SUREG Erechim RS;CENTRAL SICREDI SUL/SUDESTE;105.0 Hora(s);8d1h21m;14/11/2023 09:21:48;;;;;;
0000355852;08/11/2023 10:11:08;" Jessica Graciela Da Silva";" Pagamento de crédito";" 258- AQUISIÇÃO E REEMBOLSO-MÓVEL COM REGISTRO";27.662.805/0001-57;" MUNARETTO ELETRIFICACOES EIRELI";050107/0471-00;;" Concluído";021754;Unidade de Atendimento Concórd;104;SICREDI UNIESTADOS;104;SUREG Erechim RS;CENTRAL SICREDI SUL/SUDESTE;105.0 Hora(s);8d1h21m;10/11/2023 08:45:51;;;;;;
0000355852;08/11/2023 10:11:08;" Jessica Graciela Da Silva";" Pagamento de crédito";" 258- AQUISIÇÃO E REEMBOLSO-MÓVEL COM REGISTRO";27.662.805/0001-57;" MUNARETTO ELETRIFICACOES EIRELI";050107/0471-00;;" Concluído";021754;Unidade de Atendimento Concórd;104;SICREDI UNIESTADOS;104;SUREG Erechim RS;CENTRAL SICREDI SUL/SUDESTE;105.0 Hora(s);8d1h21m;10/11/2023 08:45:45;;;;;;
0000355852;08/11/2023 10:11:08;" Jessica Graciela Da Silva";" Pagamento de crédito";" 258- AQUISIÇÃO E REEMBOLSO-MÓVEL COM REGISTRO";27.662.805/0001-57;" MUNARETTO ELETRIFICACOES EIRELI";050107/0471-00;;" Concluído";021754;Unidade de Atendimento Concórd;104;SICREDI UNIESTADOS;104;SUREG Erechim RS;CENTRAL SICREDI SUL/SUDESTE;105.0 Hora(s);8d1h21m;10/11/2023 08:40:38;;;;;;
0000355852;08/11/2023 10:11:08;" Jessica Graciela Da Silva";" Pagamento de crédito";" 258- AQUISIÇÃO E REEMBOLSO-MÓVEL COM REGISTRO";27.662.805/0001-57;" MUNARETTO ELETRIFICACOES EIRELI";050107/0471-00;;" Concluído";021754;Unidade de Atendimento Concórd;104;SICREDI UNIESTADOS;104;SUREG Erechim RS;CENTRAL SICREDI SUL/SUDESTE;105.0 Hora(s);8d1h21m;10/11/2023 08:40:34;;;;;;
0000355852;08/11/2023 10:11:08;" Jessica Graciela Da Silva";" Pagamento de crédito";" 258- AQUISIÇÃO E REEMBOLSO-MÓVEL COM REGISTRO";27.662.805/0001-57;" MUNARETTO ELETRIFICACOES EIRELI";050107/0471-00;;" Concluído";021754;Unidade de Atendimento Concórd;104;SICREDI UNIESTADOS;104;SUREG Erechim RS;CENTRAL SICREDI SUL/SUDESTE;105.0 Hora(s);8d1h21m;10/11/2023 08:11:35;;;;;;
0000355852;08/11/2023 10:11:08;" Jessica Graciela Da Silva";" Pagamento de crédito";" 258- AQUISIÇÃO E REEMBOLSO-MÓVEL COM REGISTRO";27.662.805/0001-57;" MUNARETTO ELETRIFICACOES EIRELI";050107/0471-00;;" Concluído";021754;Unidade de Atendimento Concórd;104;SICREDI UNIESTADOS;104;SUREG Erechim RS;CENTRAL SICREDI SUL/SUDESTE;105.0 Hora(s);8d1h21m;09/11/2023 16:02:20;;;;;;
0000355852;08/11/2023 10:11:08;" Jessica Graciela Da Silva";" Pagamento de crédito";" 258- AQUISIÇÃO E REEMBOLSO-MÓVEL COM REGISTRO";27.662.805/0001-57;" MUNARETTO ELETRIFICACOES EIRELI";050107/0471-00;;" Concluído";021754;Unidade de Atendimento Concórd;104;SICREDI UNIESTADOS;104;SUREG Erechim RS;CENTRAL SICREDI SUL/SUDESTE;105.0 Hora(s);8d1h21m;08/11/2023 10:26:03;;;;;;
0000355852;08/11/2023 10:11:08;" Jessica Graciela Da Silva";" Pagamento de crédito";" 258- AQUISIÇÃO E REEMBOLSO-MÓVEL COM REGISTRO";27.662.805/0001-57;" MUNARETTO ELETRIFICACOES EIRELI";050107/0471-00;;" Concluído";021754;Unidade de Atendimento Concórd;104;SICREDI UNIESTADOS;104;SUREG Erechim RS;CENTRAL SICREDI SUL/SUDESTE;105.0 Hora(s);8d1h21m;08/11/2023 10:17:29;;;;;;
