﻿ID_Processo7;DT_Solicitacao8;NM_Usuario_Solicitacao8;NM_Tipo_Processo8;NM_Processo8;CD_Inscricao_Nacional8;NM_Pessoa8;Usuário;Grupo_Cota_Outros8;ST_Status8;CD_Comissionado2;NM_Fantasia_Comissionado2;CD_Tipo_Ponto_Venda3;NM_Fantasia_Ponto_Venda2;CD_Tipo_Ponto_Venda4;NM_Tipo_Ponto_Venda2;NM_Filial_Venda2;Nivel_Servico8;Tempo_Processo8;DH_Conclusao8;NM_Atividade1;Nivel_Servico_Atividade1;DT_Inicio_Atividade1;DT_Fim_Atividade1;NM_Usuario_Atividade1;Tempo_Processo_Atividade1
0000365875;21/11/2023 15:11:59;" DANIELY MENDONCA DE FREITAS";" Pagamento de crédito";" 258- AQUISIÇÃO E REEMBOLSO-MÓVEL COM REGISTRO";22.812.332/0001-03;" DMC PAISAGISMO LTDA";050126/0531-00;;" Concluído";072606;Umuarama;207;SICREDI VALE DO PIQUIRI ABCD P;207;SUREG Vale do Piquiri PR;CENTRAL SICREDI PR/SP/RJ;105.0 Hora(s);1d20h29m;23/11/2023 11:52:35;LIBERAR PAGAMENTOS;0h00m;22/11/2023 17:49:00;23/11/2023 11:52:35;Kelen Hahn Paulo;0h00m
0000365875;21/11/2023 15:11:59;" DANIELY MENDONCA DE FREITAS";" Pagamento de crédito";" 258- AQUISIÇÃO E REEMBOLSO-MÓVEL COM REGISTRO";22.812.332/0001-03;" DMC PAISAGISMO LTDA";050126/0531-00;;" Concluído";072606;Umuarama;207;SICREDI VALE DO PIQUIRI ABCD P;207;SUREG Vale do Piquiri PR;CENTRAL SICREDI PR/SP/RJ;105.0 Hora(s);1d20h29m;22/11/2023 17:49:00;APROVAR PAGAMENTO;1h00m;22/11/2023 17:48:54;22/11/2023 17:49:00;LARISSA JAENISCH DUTRA PINTO;0h01m
0000365875;21/11/2023 15:11:59;" DANIELY MENDONCA DE FREITAS";" Pagamento de crédito";" 258- AQUISIÇÃO E REEMBOLSO-MÓVEL COM REGISTRO";22.812.332/0001-03;" DMC PAISAGISMO LTDA";050126/0531-00;;" Concluído";072606;Umuarama;207;SICREDI VALE DO PIQUIRI ABCD P;207;SUREG Vale do Piquiri PR;CENTRAL SICREDI PR/SP/RJ;105.0 Hora(s);1d20h29m;22/11/2023 17:48:54;PROGRAMAR PAGAMENTO;1h00m;22/11/2023 17:48:25;22/11/2023 17:48:54;LARISSA JAENISCH DUTRA PINTO;0h00m
0000365875;21/11/2023 15:11:59;" DANIELY MENDONCA DE FREITAS";" Pagamento de crédito";" 258- AQUISIÇÃO E REEMBOLSO-MÓVEL COM REGISTRO";22.812.332/0001-03;" DMC PAISAGISMO LTDA";050126/0531-00;;" Concluído";072606;Umuarama;207;SICREDI VALE DO PIQUIRI ABCD P;207;SUREG Vale do Piquiri PR;CENTRAL SICREDI PR/SP/RJ;105.0 Hora(s);1d20h29m;22/11/2023 17:48:25;ANALISAR DOCUMENTOS PARA LIBERAÇÃO 2ª ETAPA;18h00m;22/11/2023 16:51:53;22/11/2023 17:48:25;LARISSA JAENISCH DUTRA PINTO;0h09m
0000365875;21/11/2023 15:11:59;" DANIELY MENDONCA DE FREITAS";" Pagamento de crédito";" 258- AQUISIÇÃO E REEMBOLSO-MÓVEL COM REGISTRO";22.812.332/0001-03;" DMC PAISAGISMO LTDA";050126/0531-00;;" Concluído";072606;Umuarama;207;SICREDI VALE DO PIQUIRI ABCD P;207;SUREG Vale do Piquiri PR;CENTRAL SICREDI PR/SP/RJ;105.0 Hora(s);1d20h29m;22/11/2023 16:51:53;EMITIR DOCUMENTOS PARA LIBERAÇÃO;18h00m;22/11/2023 11:43:13;22/11/2023 16:51:53;DANIELY MENDONCA DE FREITAS;0h00m
0000365875;21/11/2023 15:11:59;" DANIELY MENDONCA DE FREITAS";" Pagamento de crédito";" 258- AQUISIÇÃO E REEMBOLSO-MÓVEL COM REGISTRO";22.812.332/0001-03;" DMC PAISAGISMO LTDA";050126/0531-00;;" Concluído";072606;Umuarama;207;SICREDI VALE DO PIQUIRI ABCD P;207;SUREG Vale do Piquiri PR;CENTRAL SICREDI PR/SP/RJ;105.0 Hora(s);1d20h29m;22/11/2023 11:43:13;REGISTRAR CONTRATO MANUALMENTE;1h00m;22/11/2023 11:42:54;22/11/2023 11:43:13;Clara Vargas;0h00m
0000365875;21/11/2023 15:11:59;" DANIELY MENDONCA DE FREITAS";" Pagamento de crédito";" 258- AQUISIÇÃO E REEMBOLSO-MÓVEL COM REGISTRO";22.812.332/0001-03;" DMC PAISAGISMO LTDA";050126/0531-00;;" Concluído";072606;Umuarama;207;SICREDI VALE DO PIQUIRI ABCD P;207;SUREG Vale do Piquiri PR;CENTRAL SICREDI PR/SP/RJ;105.0 Hora(s);1d20h29m;22/11/2023 11:42:54;ALIENAR O BEM;1h00m;22/11/2023 11:41:54;22/11/2023 11:42:54;Clara Vargas;0h01m
0000365875;21/11/2023 15:11:59;" DANIELY MENDONCA DE FREITAS";" Pagamento de crédito";" 258- AQUISIÇÃO E REEMBOLSO-MÓVEL COM REGISTRO";22.812.332/0001-03;" DMC PAISAGISMO LTDA";050126/0531-00;;" Concluído";072606;Umuarama;207;SICREDI VALE DO PIQUIRI ABCD P;207;SUREG Vale do Piquiri PR;CENTRAL SICREDI PR/SP/RJ;105.0 Hora(s);1d20h29m;22/11/2023 11:41:54;FINALIZAR CADASTRO DO BEM;1h00m;22/11/2023 11:41:49;22/11/2023 11:41:54;Clara Vargas;0h00m
0000365875;21/11/2023 15:11:59;" DANIELY MENDONCA DE FREITAS";" Pagamento de crédito";" 258- AQUISIÇÃO E REEMBOLSO-MÓVEL COM REGISTRO";22.812.332/0001-03;" DMC PAISAGISMO LTDA";050126/0531-00;;" Concluído";072606;Umuarama;207;SICREDI VALE DO PIQUIRI ABCD P;207;SUREG Vale do Piquiri PR;CENTRAL SICREDI PR/SP/RJ;105.0 Hora(s);1d20h29m;22/11/2023 11:41:49;ANÁLISE DE DOCUMENTOS 1ª ETAPA;18h00m;21/11/2023 16:58:39;22/11/2023 11:41:49;Clara Vargas;0h11m
0000365875;21/11/2023 15:11:59;" DANIELY MENDONCA DE FREITAS";" Pagamento de crédito";" 258- AQUISIÇÃO E REEMBOLSO-MÓVEL COM REGISTRO";22.812.332/0001-03;" DMC PAISAGISMO LTDA";050126/0531-00;;" Concluído";072606;Umuarama;207;SICREDI VALE DO PIQUIRI ABCD P;207;SUREG Vale do Piquiri PR;CENTRAL SICREDI PR/SP/RJ;105.0 Hora(s);1d20h29m;21/11/2023 16:58:39;ENVIAR DOCUMENTOS;1d21h00m;21/11/2023 15:24:22;21/11/2023 16:58:39;DANIELY MENDONCA DE FREITAS;0h00m
0000365875;21/11/2023 15:11:59;" DANIELY MENDONCA DE FREITAS";" Pagamento de crédito";" 258- AQUISIÇÃO E REEMBOLSO-MÓVEL COM REGISTRO";22.812.332/0001-03;" DMC PAISAGISMO LTDA";050126/0531-00;;" Concluído";072606;Umuarama;207;SICREDI VALE DO PIQUIRI ABCD P;207;SUREG Vale do Piquiri PR;CENTRAL SICREDI PR/SP/RJ;105.0 Hora(s);1d20h29m;21/11/2023 15:24:22;AUTORIZAÇÃO DE FATURAMENTO;0h00m;21/11/2023 15:23:54;21/11/2023 15:24:22;;0h00m
0000365875;21/11/2023 15:11:59;" DANIELY MENDONCA DE FREITAS";" Pagamento de crédito";" 258- AQUISIÇÃO E REEMBOLSO-MÓVEL COM REGISTRO";22.812.332/0001-03;" DMC PAISAGISMO LTDA";050126/0531-00;;" Concluído";072606;Umuarama;207;SICREDI VALE DO PIQUIRI ABCD P;207;SUREG Vale do Piquiri PR;CENTRAL SICREDI PR/SP/RJ;105.0 Hora(s);1d20h29m;23/11/2023 11:52:35;;;;;;
0000365875;21/11/2023 15:11:59;" DANIELY MENDONCA DE FREITAS";" Pagamento de crédito";" 258- AQUISIÇÃO E REEMBOLSO-MÓVEL COM REGISTRO";22.812.332/0001-03;" DMC PAISAGISMO LTDA";050126/0531-00;;" Concluído";072606;Umuarama;207;SICREDI VALE DO PIQUIRI ABCD P;207;SUREG Vale do Piquiri PR;CENTRAL SICREDI PR/SP/RJ;105.0 Hora(s);1d20h29m;22/11/2023 17:49:00;;;;;;
0000365875;21/11/2023 15:11:59;" DANIELY MENDONCA DE FREITAS";" Pagamento de crédito";" 258- AQUISIÇÃO E REEMBOLSO-MÓVEL COM REGISTRO";22.812.332/0001-03;" DMC PAISAGISMO LTDA";050126/0531-00;;" Concluído";072606;Umuarama;207;SICREDI VALE DO PIQUIRI ABCD P;207;SUREG Vale do Piquiri PR;CENTRAL SICREDI PR/SP/RJ;105.0 Hora(s);1d20h29m;22/11/2023 17:48:54;;;;;;
0000365875;21/11/2023 15:11:59;" DANIELY MENDONCA DE FREITAS";" Pagamento de crédito";" 258- AQUISIÇÃO E REEMBOLSO-MÓVEL COM REGISTRO";22.812.332/0001-03;" DMC PAISAGISMO LTDA";050126/0531-00;;" Concluído";072606;Umuarama;207;SICREDI VALE DO PIQUIRI ABCD P;207;SUREG Vale do Piquiri PR;CENTRAL SICREDI PR/SP/RJ;105.0 Hora(s);1d20h29m;22/11/2023 17:48:25;;;;;;
0000365875;21/11/2023 15:11:59;" DANIELY MENDONCA DE FREITAS";" Pagamento de crédito";" 258- AQUISIÇÃO E REEMBOLSO-MÓVEL COM REGISTRO";22.812.332/0001-03;" DMC PAISAGISMO LTDA";050126/0531-00;;" Concluído";072606;Umuarama;207;SICREDI VALE DO PIQUIRI ABCD P;207;SUREG Vale do Piquiri PR;CENTRAL SICREDI PR/SP/RJ;105.0 Hora(s);1d20h29m;22/11/2023 16:51:53;;;;;;
0000365875;21/11/2023 15:11:59;" DANIELY MENDONCA DE FREITAS";" Pagamento de crédito";" 258- AQUISIÇÃO E REEMBOLSO-MÓVEL COM REGISTRO";22.812.332/0001-03;" DMC PAISAGISMO LTDA";050126/0531-00;;" Concluído";072606;Umuarama;207;SICREDI VALE DO PIQUIRI ABCD P;207;SUREG Vale do Piquiri PR;CENTRAL SICREDI PR/SP/RJ;105.0 Hora(s);1d20h29m;22/11/2023 11:43:13;;;;;;
0000365875;21/11/2023 15:11:59;" DANIELY MENDONCA DE FREITAS";" Pagamento de crédito";" 258- AQUISIÇÃO E REEMBOLSO-MÓVEL COM REGISTRO";22.812.332/0001-03;" DMC PAISAGISMO LTDA";050126/0531-00;;" Concluído";072606;Umuarama;207;SICREDI VALE DO PIQUIRI ABCD P;207;SUREG Vale do Piquiri PR;CENTRAL SICREDI PR/SP/RJ;105.0 Hora(s);1d20h29m;22/11/2023 11:42:54;;;;;;
0000365875;21/11/2023 15:11:59;" DANIELY MENDONCA DE FREITAS";" Pagamento de crédito";" 258- AQUISIÇÃO E REEMBOLSO-MÓVEL COM REGISTRO";22.812.332/0001-03;" DMC PAISAGISMO LTDA";050126/0531-00;;" Concluído";072606;Umuarama;207;SICREDI VALE DO PIQUIRI ABCD P;207;SUREG Vale do Piquiri PR;CENTRAL SICREDI PR/SP/RJ;105.0 Hora(s);1d20h29m;22/11/2023 11:41:54;;;;;;
0000365875;21/11/2023 15:11:59;" DANIELY MENDONCA DE FREITAS";" Pagamento de crédito";" 258- AQUISIÇÃO E REEMBOLSO-MÓVEL COM REGISTRO";22.812.332/0001-03;" DMC PAISAGISMO LTDA";050126/0531-00;;" Concluído";072606;Umuarama;207;SICREDI VALE DO PIQUIRI ABCD P;207;SUREG Vale do Piquiri PR;CENTRAL SICREDI PR/SP/RJ;105.0 Hora(s);1d20h29m;22/11/2023 11:41:49;;;;;;
0000365875;21/11/2023 15:11:59;" DANIELY MENDONCA DE FREITAS";" Pagamento de crédito";" 258- AQUISIÇÃO E REEMBOLSO-MÓVEL COM REGISTRO";22.812.332/0001-03;" DMC PAISAGISMO LTDA";050126/0531-00;;" Concluído";072606;Umuarama;207;SICREDI VALE DO PIQUIRI ABCD P;207;SUREG Vale do Piquiri PR;CENTRAL SICREDI PR/SP/RJ;105.0 Hora(s);1d20h29m;21/11/2023 16:58:39;;;;;;
0000365875;21/11/2023 15:11:59;" DANIELY MENDONCA DE FREITAS";" Pagamento de crédito";" 258- AQUISIÇÃO E REEMBOLSO-MÓVEL COM REGISTRO";22.812.332/0001-03;" DMC PAISAGISMO LTDA";050126/0531-00;;" Concluído";072606;Umuarama;207;SICREDI VALE DO PIQUIRI ABCD P;207;SUREG Vale do Piquiri PR;CENTRAL SICREDI PR/SP/RJ;105.0 Hora(s);1d20h29m;21/11/2023 15:24:22;;;;;;
