﻿ID_Processo7;DT_Solicitacao8;NM_Usuario_Solicitacao8;NM_Tipo_Processo8;NM_Processo8;CD_Inscricao_Nacional8;NM_Pessoa8;Usuário;Grupo_Cota_Outros8;ST_Status8;CD_Comissionado2;NM_Fantasia_Comissionado2;CD_Tipo_Ponto_Venda3;NM_Fantasia_Ponto_Venda2;CD_Tipo_Ponto_Venda4;NM_Tipo_Ponto_Venda2;NM_Filial_Venda2;Nivel_Servico8;Tempo_Processo8;DH_Conclusao8;NM_Atividade1;Nivel_Servico_Atividade1;DT_Inicio_Atividade1;DT_Fim_Atividade1;NM_Usuario_Atividade1;Tempo_Processo_Atividade1
0000369354;24/11/2023 15:11:34;" ANGELICA PARIZOTTO NORA";" Pagamento de crédito";" 258- AQUISIÇÃO E REEMBOLSO-MÓVEL COM REGISTRO";295.467.969-72;" VALERIO LINO COMASSETTO";050132/0281-00;;" Andamento";021735;Catanduvas;104;SICREDI UNIESTADOS;104;SUREG Erechim RS;CENTRAL SICREDI SUL/SUDESTE;105.0 Hora(s);0h11m;"                   ";ANÁLISE DE DOCUMENTOS 1ª ETAPA;18h00m;24/11/2023 15:34:19;"                   ";;0h00m
0000369354;24/11/2023 15:11:34;" ANGELICA PARIZOTTO NORA";" Pagamento de crédito";" 258- AQUISIÇÃO E REEMBOLSO-MÓVEL COM REGISTRO";295.467.969-72;" VALERIO LINO COMASSETTO";050132/0281-00;;" Andamento";021735;Catanduvas;104;SICREDI UNIESTADOS;104;SUREG Erechim RS;CENTRAL SICREDI SUL/SUDESTE;105.0 Hora(s);0h11m;24/11/2023 15:34:19;ENVIAR DOCUMENTOS;1d21h00m;24/11/2023 15:23:49;24/11/2023 15:34:19;ANGELICA PARIZOTTO NORA;0h00m
0000369354;24/11/2023 15:11:34;" ANGELICA PARIZOTTO NORA";" Pagamento de crédito";" 258- AQUISIÇÃO E REEMBOLSO-MÓVEL COM REGISTRO";295.467.969-72;" VALERIO LINO COMASSETTO";050132/0281-00;;" Andamento";021735;Catanduvas;104;SICREDI UNIESTADOS;104;SUREG Erechim RS;CENTRAL SICREDI SUL/SUDESTE;105.0 Hora(s);0h11m;24/11/2023 15:23:49;AUTORIZAÇÃO DE FATURAMENTO;0h00m;24/11/2023 15:23:40;24/11/2023 15:23:49;;0h00m
0000369354;24/11/2023 15:11:34;" ANGELICA PARIZOTTO NORA";" Pagamento de crédito";" 258- AQUISIÇÃO E REEMBOLSO-MÓVEL COM REGISTRO";295.467.969-72;" VALERIO LINO COMASSETTO";050132/0281-00;;" Andamento";021735;Catanduvas;104;SICREDI UNIESTADOS;104;SUREG Erechim RS;CENTRAL SICREDI SUL/SUDESTE;105.0 Hora(s);0h11m;"                   ";;;;;;
0000369354;24/11/2023 15:11:34;" ANGELICA PARIZOTTO NORA";" Pagamento de crédito";" 258- AQUISIÇÃO E REEMBOLSO-MÓVEL COM REGISTRO";295.467.969-72;" VALERIO LINO COMASSETTO";050132/0281-00;;" Andamento";021735;Catanduvas;104;SICREDI UNIESTADOS;104;SUREG Erechim RS;CENTRAL SICREDI SUL/SUDESTE;105.0 Hora(s);0h11m;24/11/2023 15:34:19;;;;;;
0000369354;24/11/2023 15:11:34;" ANGELICA PARIZOTTO NORA";" Pagamento de crédito";" 258- AQUISIÇÃO E REEMBOLSO-MÓVEL COM REGISTRO";295.467.969-72;" VALERIO LINO COMASSETTO";050132/0281-00;;" Andamento";021735;Catanduvas;104;SICREDI UNIESTADOS;104;SUREG Erechim RS;CENTRAL SICREDI SUL/SUDESTE;105.0 Hora(s);0h11m;24/11/2023 15:23:49;;;;;;
