﻿ID_Processo7;DT_Solicitacao8;NM_Usuario_Solicitacao8;NM_Tipo_Processo8;NM_Processo8;CD_Inscricao_Nacional8;NM_Pessoa8;Usuário;Grupo_Cota_Outros8;ST_Status8;CD_Comissionado2;NM_Fantasia_Comissionado2;CD_Tipo_Ponto_Venda3;NM_Fantasia_Ponto_Venda2;CD_Tipo_Ponto_Venda4;NM_Tipo_Ponto_Venda2;NM_Filial_Venda2;Nivel_Servico8;Tempo_Processo8;DH_Conclusao8;NM_Atividade1;Nivel_Servico_Atividade1;DT_Inicio_Atividade1;DT_Fim_Atividade1;NM_Usuario_Atividade1;Tempo_Processo_Atividade1
0000357712;14/11/2023 08:11:25;" Andressa Boiani";" Pagamento de crédito";" 264- AQUISIÇÃO E REEMBOLSO-MÓVEL SEM  REGISTRO";43.863.853/0001-60;" AP ALIMENTOS LTDA";050137/0896-00;;" Concluído";021740;Concordia Doutor Maruri;104;SICREDI UNIESTADOS;104;SUREG Erechim RS;CENTRAL SICREDI SUL/SUDESTE;103.0 Hora(s);6d3h21m;20/11/2023 11:47:16;LIBERAR PAGAMENTOS;0h00m;17/11/2023 16:26:07;20/11/2023 11:47:16;Kelen Hahn Paulo;0h00m
0000357712;14/11/2023 08:11:25;" Andressa Boiani";" Pagamento de crédito";" 264- AQUISIÇÃO E REEMBOLSO-MÓVEL SEM  REGISTRO";43.863.853/0001-60;" AP ALIMENTOS LTDA";050137/0896-00;;" Concluído";021740;Concordia Doutor Maruri;104;SICREDI UNIESTADOS;104;SUREG Erechim RS;CENTRAL SICREDI SUL/SUDESTE;103.0 Hora(s);6d3h21m;17/11/2023 16:26:07;APROVAR PAGAMENTO;1h00m;17/11/2023 16:26:02;17/11/2023 16:26:07;Paola dos Santos Lima;0h00m
0000357712;14/11/2023 08:11:25;" Andressa Boiani";" Pagamento de crédito";" 264- AQUISIÇÃO E REEMBOLSO-MÓVEL SEM  REGISTRO";43.863.853/0001-60;" AP ALIMENTOS LTDA";050137/0896-00;;" Concluído";021740;Concordia Doutor Maruri;104;SICREDI UNIESTADOS;104;SUREG Erechim RS;CENTRAL SICREDI SUL/SUDESTE;103.0 Hora(s);6d3h21m;17/11/2023 16:26:02;PROGRAMAR PAGAMENTO;1h00m;17/11/2023 16:25:16;17/11/2023 16:26:02;Paola dos Santos Lima;0h01m
0000357712;14/11/2023 08:11:25;" Andressa Boiani";" Pagamento de crédito";" 264- AQUISIÇÃO E REEMBOLSO-MÓVEL SEM  REGISTRO";43.863.853/0001-60;" AP ALIMENTOS LTDA";050137/0896-00;;" Concluído";021740;Concordia Doutor Maruri;104;SICREDI UNIESTADOS;104;SUREG Erechim RS;CENTRAL SICREDI SUL/SUDESTE;103.0 Hora(s);6d3h21m;17/11/2023 16:25:16;ANALISAR DOCUMENTOS PARA LIBERAÇÃO 2ª ETAPA;18h00m;17/11/2023 14:14:59;17/11/2023 16:25:16;Paola dos Santos Lima;0h04m
0000357712;14/11/2023 08:11:25;" Andressa Boiani";" Pagamento de crédito";" 264- AQUISIÇÃO E REEMBOLSO-MÓVEL SEM  REGISTRO";43.863.853/0001-60;" AP ALIMENTOS LTDA";050137/0896-00;;" Concluído";021740;Concordia Doutor Maruri;104;SICREDI UNIESTADOS;104;SUREG Erechim RS;CENTRAL SICREDI SUL/SUDESTE;103.0 Hora(s);6d3h21m;17/11/2023 14:14:59;EMITIR DOCUMENTOS PARA LIBERAÇÃO;18h00m;16/11/2023 13:29:54;17/11/2023 14:14:59;Andressa Boiani;0h00m
0000357712;14/11/2023 08:11:25;" Andressa Boiani";" Pagamento de crédito";" 264- AQUISIÇÃO E REEMBOLSO-MÓVEL SEM  REGISTRO";43.863.853/0001-60;" AP ALIMENTOS LTDA";050137/0896-00;;" Concluído";021740;Concordia Doutor Maruri;104;SICREDI UNIESTADOS;104;SUREG Erechim RS;CENTRAL SICREDI SUL/SUDESTE;103.0 Hora(s);6d3h21m;16/11/2023 13:29:54;ALIENAÇÃO DE BENS;1h00m;16/11/2023 13:29:49;16/11/2023 13:29:54;Paola dos Santos Lima;0h00m
0000357712;14/11/2023 08:11:25;" Andressa Boiani";" Pagamento de crédito";" 264- AQUISIÇÃO E REEMBOLSO-MÓVEL SEM  REGISTRO";43.863.853/0001-60;" AP ALIMENTOS LTDA";050137/0896-00;;" Concluído";021740;Concordia Doutor Maruri;104;SICREDI UNIESTADOS;104;SUREG Erechim RS;CENTRAL SICREDI SUL/SUDESTE;103.0 Hora(s);6d3h21m;16/11/2023 13:29:49;FINALIZAR CADASTRO DO BEM;1h00m;16/11/2023 13:29:41;16/11/2023 13:29:49;Paola dos Santos Lima;0h00m
0000357712;14/11/2023 08:11:25;" Andressa Boiani";" Pagamento de crédito";" 264- AQUISIÇÃO E REEMBOLSO-MÓVEL SEM  REGISTRO";43.863.853/0001-60;" AP ALIMENTOS LTDA";050137/0896-00;;" Concluído";021740;Concordia Doutor Maruri;104;SICREDI UNIESTADOS;104;SUREG Erechim RS;CENTRAL SICREDI SUL/SUDESTE;103.0 Hora(s);6d3h21m;16/11/2023 13:29:41;ANÁLISE DE DOCUMENTOS 1ª ETAPA;18h00m;14/11/2023 08:29:38;16/11/2023 13:29:41;Paola dos Santos Lima;0h10m
0000357712;14/11/2023 08:11:25;" Andressa Boiani";" Pagamento de crédito";" 264- AQUISIÇÃO E REEMBOLSO-MÓVEL SEM  REGISTRO";43.863.853/0001-60;" AP ALIMENTOS LTDA";050137/0896-00;;" Concluído";021740;Concordia Doutor Maruri;104;SICREDI UNIESTADOS;104;SUREG Erechim RS;CENTRAL SICREDI SUL/SUDESTE;103.0 Hora(s);6d3h21m;14/11/2023 08:29:38;ENVIAR DOCUMENTOS;1d21h00m;14/11/2023 08:26:42;14/11/2023 08:29:38;Andressa Boiani;0h00m
0000357712;14/11/2023 08:11:25;" Andressa Boiani";" Pagamento de crédito";" 264- AQUISIÇÃO E REEMBOLSO-MÓVEL SEM  REGISTRO";43.863.853/0001-60;" AP ALIMENTOS LTDA";050137/0896-00;;" Concluído";021740;Concordia Doutor Maruri;104;SICREDI UNIESTADOS;104;SUREG Erechim RS;CENTRAL SICREDI SUL/SUDESTE;103.0 Hora(s);6d3h21m;14/11/2023 08:26:42;AUTORIZAÇÃO DE FATURAMENTO;0h00m;14/11/2023 08:26:39;14/11/2023 08:26:42;;0h00m
0000357712;14/11/2023 08:11:25;" Andressa Boiani";" Pagamento de crédito";" 264- AQUISIÇÃO E REEMBOLSO-MÓVEL SEM  REGISTRO";43.863.853/0001-60;" AP ALIMENTOS LTDA";050137/0896-00;;" Concluído";021740;Concordia Doutor Maruri;104;SICREDI UNIESTADOS;104;SUREG Erechim RS;CENTRAL SICREDI SUL/SUDESTE;103.0 Hora(s);6d3h21m;20/11/2023 11:47:16;;;;;;
0000357712;14/11/2023 08:11:25;" Andressa Boiani";" Pagamento de crédito";" 264- AQUISIÇÃO E REEMBOLSO-MÓVEL SEM  REGISTRO";43.863.853/0001-60;" AP ALIMENTOS LTDA";050137/0896-00;;" Concluído";021740;Concordia Doutor Maruri;104;SICREDI UNIESTADOS;104;SUREG Erechim RS;CENTRAL SICREDI SUL/SUDESTE;103.0 Hora(s);6d3h21m;17/11/2023 16:26:07;;;;;;
0000357712;14/11/2023 08:11:25;" Andressa Boiani";" Pagamento de crédito";" 264- AQUISIÇÃO E REEMBOLSO-MÓVEL SEM  REGISTRO";43.863.853/0001-60;" AP ALIMENTOS LTDA";050137/0896-00;;" Concluído";021740;Concordia Doutor Maruri;104;SICREDI UNIESTADOS;104;SUREG Erechim RS;CENTRAL SICREDI SUL/SUDESTE;103.0 Hora(s);6d3h21m;17/11/2023 16:26:02;;;;;;
0000357712;14/11/2023 08:11:25;" Andressa Boiani";" Pagamento de crédito";" 264- AQUISIÇÃO E REEMBOLSO-MÓVEL SEM  REGISTRO";43.863.853/0001-60;" AP ALIMENTOS LTDA";050137/0896-00;;" Concluído";021740;Concordia Doutor Maruri;104;SICREDI UNIESTADOS;104;SUREG Erechim RS;CENTRAL SICREDI SUL/SUDESTE;103.0 Hora(s);6d3h21m;17/11/2023 16:25:16;;;;;;
0000357712;14/11/2023 08:11:25;" Andressa Boiani";" Pagamento de crédito";" 264- AQUISIÇÃO E REEMBOLSO-MÓVEL SEM  REGISTRO";43.863.853/0001-60;" AP ALIMENTOS LTDA";050137/0896-00;;" Concluído";021740;Concordia Doutor Maruri;104;SICREDI UNIESTADOS;104;SUREG Erechim RS;CENTRAL SICREDI SUL/SUDESTE;103.0 Hora(s);6d3h21m;17/11/2023 14:14:59;;;;;;
0000357712;14/11/2023 08:11:25;" Andressa Boiani";" Pagamento de crédito";" 264- AQUISIÇÃO E REEMBOLSO-MÓVEL SEM  REGISTRO";43.863.853/0001-60;" AP ALIMENTOS LTDA";050137/0896-00;;" Concluído";021740;Concordia Doutor Maruri;104;SICREDI UNIESTADOS;104;SUREG Erechim RS;CENTRAL SICREDI SUL/SUDESTE;103.0 Hora(s);6d3h21m;16/11/2023 13:29:54;;;;;;
0000357712;14/11/2023 08:11:25;" Andressa Boiani";" Pagamento de crédito";" 264- AQUISIÇÃO E REEMBOLSO-MÓVEL SEM  REGISTRO";43.863.853/0001-60;" AP ALIMENTOS LTDA";050137/0896-00;;" Concluído";021740;Concordia Doutor Maruri;104;SICREDI UNIESTADOS;104;SUREG Erechim RS;CENTRAL SICREDI SUL/SUDESTE;103.0 Hora(s);6d3h21m;16/11/2023 13:29:49;;;;;;
0000357712;14/11/2023 08:11:25;" Andressa Boiani";" Pagamento de crédito";" 264- AQUISIÇÃO E REEMBOLSO-MÓVEL SEM  REGISTRO";43.863.853/0001-60;" AP ALIMENTOS LTDA";050137/0896-00;;" Concluído";021740;Concordia Doutor Maruri;104;SICREDI UNIESTADOS;104;SUREG Erechim RS;CENTRAL SICREDI SUL/SUDESTE;103.0 Hora(s);6d3h21m;16/11/2023 13:29:41;;;;;;
0000357712;14/11/2023 08:11:25;" Andressa Boiani";" Pagamento de crédito";" 264- AQUISIÇÃO E REEMBOLSO-MÓVEL SEM  REGISTRO";43.863.853/0001-60;" AP ALIMENTOS LTDA";050137/0896-00;;" Concluído";021740;Concordia Doutor Maruri;104;SICREDI UNIESTADOS;104;SUREG Erechim RS;CENTRAL SICREDI SUL/SUDESTE;103.0 Hora(s);6d3h21m;14/11/2023 08:29:38;;;;;;
0000357712;14/11/2023 08:11:25;" Andressa Boiani";" Pagamento de crédito";" 264- AQUISIÇÃO E REEMBOLSO-MÓVEL SEM  REGISTRO";43.863.853/0001-60;" AP ALIMENTOS LTDA";050137/0896-00;;" Concluído";021740;Concordia Doutor Maruri;104;SICREDI UNIESTADOS;104;SUREG Erechim RS;CENTRAL SICREDI SUL/SUDESTE;103.0 Hora(s);6d3h21m;14/11/2023 08:26:42;;;;;;
